run,kind,step,elapsed_s,step_s,reward_mean,reward_std,advantage_rms,policy_loss,ce_loss,loss,accuracy,grad_norm,lr,memory_allocated_gib,memory_reserved_gib,memory_peak_allocated_gib,memory_peak_reserved_gib,memory_device_free_gib,memory_device_total_gib
seed-42,train,1,5.525542051997036,5.515686864964664,-2.1190388202667236,0.5956151485443115,0.9842469096183777,-0.3545415997505188,2.299471855163574,1.9449303150177002,0.28125,136.2594757080078,1.388888888888889e-06,4.57241153717041,18.9921875,17.01319932937622,18.9921875,3.519287109375,23.5164794921875
seed-42,train,10,28.229231151053682,1.5765128249768168,-1.2605518102645874,0.36563950777053833,0.9842468500137329,-0.044853731989860535,1.6249654293060303,1.5801116228103638,0.625,176.63235473632812,1.388888888888889e-05,4.436572074890137,19.064453125,17.01319932937622,19.064453125,3.443115234375,23.5164794921875
seed-42,train,20,133.63890890101902,13.806179160019383,-0.7193260788917542,0.9196221232414246,0.9842467904090881,0.20409736037254333,1.1302661895751953,1.334363579750061,0.4375,53.82096862792969,2.777777777777778e-05,4.42992639541626,19.064453125,17.01319932937622,19.064453125,2.989990234375,23.5164794921875
seed-42,train,30,225.2061746539548,2.708211131975986,-0.6641799211502075,0.6439218521118164,0.9842473864555359,0.09276317059993744,1.1251862049102783,1.217949390411377,0.59375,76.97067260742188,4.166666666666667e-05,4.465591907501221,19.064453125,17.01319932937622,19.064453125,2.980224609375,23.5164794921875
seed-42,train,40,316.39806741604116,3.5684331340016797,-0.5718717575073242,0.9003657698631287,0.9842455387115479,-0.13282479345798492,1.0350327491760254,0.9022079706192017,0.53125,60.9029655456543,5.555555555555556e-05,4.398911476135254,19.064453125,17.01319932937622,19.064453125,2.964599609375,23.5164794921875
seed-42,train,50,380.6739918580279,4.574119963101111,-1.014238715171814,1.1805663108825684,0.9842451810836792,0.07758459448814392,1.419929027557373,1.4975136518478394,0.53125,61.79112243652344,6.944444444444444e-05,4.569199085235596,19.064453125,17.01319932937622,19.064453125,2.962646484375,23.5164794921875
seed-42,train,60,446.8293363590492,14.465672238031402,-1.018946647644043,2.2137978076934814,0.968720555305481,-0.168701633810997,1.6450272798538208,1.4763257503509521,0.625,93.855224609375,8.333333333333334e-05,4.442115783691406,19.064453125,17.01319932937622,19.064453125,2.960693359375,23.5164794921875
seed-42,train,70,502.17849107505754,3.706750174984336,-0.10398659110069275,0.7543901205062866,0.9841955304145813,0.12743207812309265,0.6754178404808044,0.8028499484062195,0.71875,107.66188049316406,9.722222222222223e-05,4.432971000671387,19.064453125,17.01319932937622,19.064453125,2.960693359375,23.5164794921875
seed-42,train,80,547.2017694590613,1.745954037993215,0.6369538307189941,0.21704450249671936,0.984229564666748,-0.14359799027442932,0.09461487829685211,-0.04898311197757721,0.96875,90.29216766357422,9.999799225218435e-05,4.44518518447876,19.064453125,17.01319932937622,19.064453125,2.960693359375,23.5164794921875
seed-42,train,90,601.7218181319768,12.572078828001395,0.12805220484733582,1.0206148624420166,0.9841868281364441,-0.13452088832855225,0.4995110034942627,0.36499011516571045,0.875,69.62979125976562,9.998815881662174e-05,4.433279037475586,19.064453125,17.01319932937622,19.064453125,2.958740234375,23.5164794921875
seed-42,train,100,692.7376786080422,2.776847137021832,0.04236142337322235,0.8953460454940796,0.9842368364334106,-0.20177116990089417,0.5550742149353027,0.35330304503440857,0.8125,67.49382019042969,9.997013271180644e-05,4.466439247131348,19.064453125,17.01319932937622,19.064453125,2.956787109375,23.5164794921875
seed-42,train,110,746.8684095609933,4.457315727020614,-0.8898907899856567,1.1829806566238403,0.9842462539672852,0.24870070815086365,1.326366662979126,1.5750672817230225,0.5625,97.44245910644531,9.99439172204226e-05,4.42860746383667,19.064453125,17.01319932937622,19.064453125,2.954833984375,23.5164794921875
seed-42,train,120,782.3396208160557,3.9292683680541813,-1.0122307538986206,1.8959224224090576,0.9842271208763123,-0.3473043143749237,1.643099308013916,1.29579496383667,0.59375,115.4447021484375,9.990951711650083e-05,4.444248199462891,19.064453125,17.01319932937622,19.064453125,2.954833984375,23.5164794921875
seed-42,train,130,813.8853951150086,2.150271564954892,-0.4442446827888489,1.1420930624008179,0.9842431545257568,0.001984834671020508,0.9542798399925232,0.9562646746635437,0.625,291.1487121582031,9.986693866454904e-05,4.428558349609375,19.06640625,17.01319932937622,19.06640625,2.952880859375,23.5164794921875
seed-42,train,140,858.3542327829637,2.488877850002609,-0.5585206151008606,0.944537878036499,0.9842464923858643,-0.07752250134944916,1.0022828578948975,0.9247604608535767,0.53125,52.48801803588867,9.981618961841137e-05,4.458099842071533,19.06640625,17.01319932937622,19.06640625,2.950927734375,23.5164794921875
seed-42,train,150,900.3006520570489,1.8648145189508796,-0.3284950256347656,0.7498201131820679,0.9842432737350464,-0.013475008308887482,0.8422620892524719,0.828787088394165,0.5625,40.44877243041992,9.975727921985638e-05,4.416768550872803,19.06640625,17.01319932937622,19.06640625,2.950927734375,23.5164794921875
seed-42,train,160,965.9919572350336,4.772281066980213,-1.0115923881530762,1.0079095363616943,0.9842436909675598,0.24518802762031555,1.4401118755340576,1.6852998733520508,0.4375,58.03751754760742,9.96902181968939e-05,4.538740158081055,19.06640625,17.01319932937622,19.06640625,2.948974609375,23.5164794921875
seed-42,train,170,996.9683433109894,1.6258841840317473,-0.40048113465309143,0.8344231843948364,0.9835320711135864,-0.0367002934217453,0.8827410340309143,0.8460407257080078,0.5625,74.6554946899414,9.961501876182148e-05,4.401883602142334,19.06640625,17.01319932937622,19.06640625,2.948974609375,23.5164794921875
seed-42,train,180,1043.8686844400363,2.6821371709229425,0.04042904078960419,0.8954430222511292,0.980140209197998,0.2830134630203247,0.5769333839416504,0.8599469661712646,0.75,112.4378662109375,9.953169460900036e-05,4.475275039672852,19.06640625,17.01319932937622,19.06640625,2.948974609375,23.5164794921875
seed-42,train,190,1080.7711991510587,3.794542680028826,-0.5805590152740479,1.0771660804748535,0.984246015548706,0.107273630797863,1.1242530345916748,1.2315266132354736,0.75,110.85768127441406,9.94402609123617e-05,4.450748920440674,19.06640625,17.01319932937622,19.06640625,2.948974609375,23.5164794921875
seed-42,train,200,1107.805116891046,2.44504749099724,-0.7318220138549805,1.7777472734451294,0.984241247177124,0.1152200773358345,1.4225983619689941,1.5378185510635376,0.71875,225.86541748046875,9.934073432264331e-05,4.431600093841553,19.06640625,17.01319932937622,19.06640625,2.948974609375,23.5164794921875
seed-42,train,210,1131.7486945999553,2.0905794259160757,0.017337098717689514,0.6333485841751099,0.492123544216156,0.13207565248012543,0.5558876991271973,0.6879633665084839,0.78125,52.28190994262695,9.92331329643573e-05,4.431468963623047,19.06640625,17.01319932937622,19.06640625,2.948974609375,23.5164794921875
seed-42,train,220,1177.1676258749794,12.634685786091723,-0.23691651225090027,1.1230714321136475,0.4921223223209381,0.3927372097969055,0.9136355519294739,1.3063727617263794,0.84375,190.2315673828125,9.911747643248962e-05,4.422497272491455,19.06640625,17.01319932937622,19.06640625,2.947021484375,23.5164794921875
seed-42,train,230,1210.8686515219742,2.353632493992336,-0.33836793899536133,1.2385488748550415,0.9842357039451599,-0.46117302775382996,0.9059882164001465,0.44481518864631653,0.75,181.06446838378906,9.899378578893162e-05,4.4239044189453125,19.06640625,17.01319932937622,19.06640625,2.947021484375,23.5164794921875
seed-42,train,240,1237.7190469549969,2.323145378031768,-0.47436627745628357,1.3442202806472778,0.9232255220413208,0.18066838383674622,1.229515790939331,1.4101842641830444,0.84375,264.925537109375,9.886208355864453e-05,4.444482803344727,19.06640625,17.01319932937622,19.06640625,2.947021484375,23.5164794921875
seed-42,train,250,1268.9555163310142,2.3722251269500703,-0.6608926057815552,1.0549877882003784,0.9842463731765747,0.020445004105567932,1.1286420822143555,1.1490871906280518,0.53125,29.49432373046875,9.872239372555743e-05,4.455758571624756,19.06640625,17.01319932937622,19.06640625,2.947021484375,23.5164794921875
seed-42,train,260,1297.82067688799,4.177806287072599,-0.5730026364326477,1.3966026306152344,0.984244704246521,-0.00748705118894577,1.03853178024292,1.0310447216033936,0.59375,80.99774169921875,9.857474172819974e-05,4.43378210067749,19.06640625,17.01319932937622,19.06640625,2.947021484375,23.5164794921875
seed-42,train,270,1332.7263687880477,2.6273447870044038,-0.6757528185844421,1.9285720586776733,0.7454137802124023,-0.16895924508571625,1.70432710647583,1.5353678464889526,0.75,49.400901794433594,9.84191544550686e-05,4.436811447143555,19.06640625,17.01319932937622,19.06640625,2.947021484375,23.5164794921875
seed-42,train,280,1375.9431839559693,3.740812400006689,-0.4095711410045624,0.6671369075775146,0.7485878467559814,0.37620049715042114,0.9512951374053955,1.3274956941604614,0.625,36.9246826171875,9.825566023973223e-05,4.472042083740234,19.06640625,17.01319932937622,19.06640625,2.945068359375,23.5164794921875
seed-42,train,290,1408.2139159319922,2.9127145659876987,0.07273021340370178,0.8860089778900146,0.4921228885650635,-0.010475199669599533,0.6263929605484009,0.6159176826477051,0.78125,47.00187683105469,9.80842888556703e-05,4.475553035736084,19.06640625,17.01319932937622,19.06640625,2.945068359375,23.5164794921875
seed-42,train,300,1435.5114092569565,2.425471813068725,0.3896596431732178,0.3423740267753601,0.7381742000579834,0.07336343079805374,0.2886517643928528,0.3620151877403259,0.78125,149.51919555664062,9.790507151085189e-05,4.437160968780518,19.06640625,17.01319932937622,19.06640625,2.945068359375,23.5164794921875
seed-42,train,310,1459.9164106430253,2.068777848035097,-0.025778423994779587,0.7532098293304443,0.9842323660850525,-0.13599522411823273,0.6474505066871643,0.5114552974700928,0.875,49.70771026611328,9.77180408420523e-05,4.421474456787109,19.06640625,17.01319932937622,19.06640625,2.945068359375,23.5164794921875
seed-42,train,320,1491.1198445899645,1.437740201014094,-0.11817732453346252,0.8560413122177124,0.7454174160957336,0.03395175188779831,0.6477365493774414,0.6816883087158203,0.6875,32.712284088134766,9.752323090890965e-05,4.425036430358887,19.06640625,17.01319932937622,19.06640625,2.945068359375,23.5164794921875
seed-42,train,330,1528.9189305499895,5.733989238971844,-1.306548833847046,0.9242991805076599,0.7381837964057922,-0.1589340716600418,1.6888986825942993,1.529964566230774,0.46875,117.25848388671875,9.732067718772238e-05,4.55702018737793,19.06640625,17.01319932937622,19.06640625,2.945068359375,23.5164794921875
seed-42,train,340,1561.5717231930466,3.360073240008205,-0.016771025955677032,0.6471949219703674,0.9842449426651001,-0.0578562468290329,0.5696233510971069,0.5117671489715576,0.6875,19.821231842041016,9.711041656498885e-05,4.499276638031006,19.06640625,17.01319932937622,19.06640625,2.945068359375,23.5164794921875
seed-42,train,350,1595.7207640049746,3.5258840400492772,-0.1893959939479828,1.753941297531128,0.7433421611785889,-0.14074678719043732,0.9914852380752563,0.850738525390625,0.84375,59.01948928833008,9.689248733068985e-05,4.4052958488464355,19.06640625,17.01319932937622,19.06640625,2.945068359375,23.5164794921875
seed-42,train,360,1630.082534132991,3.402012938982807,-1.2165416479110718,1.9669904708862305,0.9842138290405273,0.3712690472602844,1.7195792198181152,2.090848445892334,0.59375,135.95509338378906,9.666692917131588e-05,4.45134973526001,19.06640625,17.01319932937622,19.06640625,2.945068359375,23.5164794921875
seed-42,train,370,1669.016468642978,4.557907483074814,-0.6673518419265747,1.4968681335449219,0.7381848692893982,0.33422228693962097,1.6123600006103516,1.9465824365615845,0.6875,55.49313735961914,9.643378316263989e-05,4.41998815536499,19.06640625,17.01319932937622,19.06640625,2.945068359375,23.5164794921875
seed-42,train,380,1706.2679471230367,2.84204223100096,-0.1616356074810028,0.9592992067337036,0.9842427968978882,-0.18559645116329193,0.741059422492981,0.5554629564285278,0.78125,85.73089599609375,9.619309176223707e-05,4.427141189575195,19.06640625,17.01319932937622,19.06640625,2.943115234375,23.5164794921875
seed-42,train,390,1733.1833479820052,1.7172182470094413,-0.4836329519748688,1.205609917640686,0.9842463731765747,-0.35530662536621094,0.9291128516197205,0.5738062262535095,0.5625,84.93748474121094,9.594489880175312e-05,4.4171319007873535,19.06640625,17.01319932937622,19.06640625,2.943115234375,23.5164794921875
seed-42,train,400,1762.388528276002,3.7432112600654364,0.1605340540409088,0.5641935467720032,0.7381846904754639,-0.0863005518913269,0.468600869178772,0.38230034708976746,0.875,37.580047607421875,9.5689249478922e-05,4.484340667724609,19.06640625,17.01319932937622,19.06640625,2.943115234375,23.5164794921875
seed-42,train,410,1957.8354942060541,1.4265207449207082,-0.1196717917919159,0.7864567637443542,0.9842462539672852,-0.15759921073913574,0.6617696285247803,0.5041704177856445,0.6875,38.65461730957031,9.54261903493353e-05,4.43596076965332,19.294921875,17.202317237854004,20.16796875,2.714599609375,23.5164794921875
seed-42,train,420,1987.9629000240238,5.746819030027837,-0.4242177903652191,0.6029884815216064,0.7774728536605835,0.11300893127918243,0.9610658884048462,1.0740747451782227,0.5625,33.22584533691406,9.5155769317964e-05,4.464672565460205,19.31640625,17.202317237854004,20.16796875,2.693115234375,23.5164794921875
seed-42,train,430,2019.09103625,2.032139340066351,-0.30011358857154846,1.4028651714324951,0.9842454195022583,0.019797224551439285,0.8523240089416504,0.872121274471283,0.6875,58.813438415527344,9.487803563043465e-05,4.409359931945801,19.31640625,17.202317237854004,20.16796875,2.693115234375,23.5164794921875
seed-42,train,440,2041.4309019360226,3.3749494610819966,-0.12002909183502197,1.0852887630462646,0.984245240688324,0.10566963255405426,0.6959225535392761,0.801592230796814,0.71875,67.40434265136719,9.45930398640614e-05,4.443982124328613,19.31640625,17.202317237854004,20.16796875,2.693115234375,23.5164794921875
seed-42,train,450,2069.978490128997,1.7773042799672112,0.49079471826553345,0.3437172472476959,0.984239935874939,-0.19284144043922424,0.19133073091506958,-0.001510709524154663,0.96875,35.19197082519531,9.430083391863558e-05,4.446124076843262,19.31640625,17.202317237854004,20.16796875,2.693115234375,23.5164794921875
seed-42,train,460,2094.0767844410148,3.4955038789194077,0.30463579297065735,0.5264845490455627,0.4921230673789978,-0.016853615641593933,0.36738333106040955,0.3505297303199768,0.875,90.39620971679688,9.40014710069742e-05,4.423662185668945,19.31640625,17.202317237854004,20.16796875,2.693115234375,23.5164794921875
seed-42,train,470,2125.032496153959,2.2642401710618287,-0.4500713050365448,1.3218146562576294,0.9842399954795837,-0.024019919335842133,1.0156059265136719,0.9915859699249268,0.65625,131.54257202148438,9.369500564522965e-05,4.4213995933532715,19.318359375,17.202317237854004,20.16796875,2.691162109375,23.5164794921875
seed-42,train,480,2155.1456311700167,5.138628287939355,-0.7891683578491211,0.90474534034729,0.9842449426651001,-0.1488894820213318,1.227690577507019,1.078801155090332,0.5625,37.35627365112305,9.338149364296187e-05,4.532527446746826,19.318359375,17.202317237854004,20.16796875,2.691162109375,23.5164794921875
seed-42,train,490,2183.246517278021,1.5081064560217783,0.19023218750953674,1.062019944190979,0.4921213388442993,0.0520659014582634,0.7498347163200378,0.8019006252288818,0.9375,81.14009094238281,9.306099209297505e-05,4.478560924530029,19.318359375,17.202317237854004,20.16796875,2.691162109375,23.5164794921875
seed-42,train,500,2215.6068885750137,4.921223490964621,-0.7023108005523682,2.1744184494018555,0.7381834983825684,-0.0082387775182724,1.4906864166259766,1.482447624206543,0.65625,150.27310180664062,9.273355936092056e-05,4.474705696105957,19.318359375,17.202317237854004,20.16796875,2.691162109375,23.5164794921875
seed-42,train,510,2244.1217934070155,3.561665942892432,-0.39143234491348267,0.7095694541931152,0.9842416048049927,-0.07631043344736099,0.9143260717391968,0.8380156755447388,0.71875,42.93408203125,9.239925507466821e-05,4.534552097320557,19.3203125,17.202317237854004,20.16796875,2.689208984375,23.5164794921875
seed-42,train,520,2268.537508570007,2.3782250969670713,-0.021903932094573975,0.5275940299034119,0.7522348761558533,0.12043522298336029,0.6127678751945496,0.733203113079071,0.71875,19.632169723510742,9.205814011344752e-05,4.438879489898682,19.3203125,17.202317237854004,20.16796875,2.689208984375,23.5164794921875
seed-42,train,530,2293.032039938029,3.610500845941715,-0.17836490273475647,0.9271284937858582,0.7381837368011475,-0.09387262165546417,0.7398951053619385,0.6460224986076355,0.6875,51.70643615722656,9.171027659676123e-05,4.428496360778809,19.3203125,17.202317237854004,20.16796875,2.689208984375,23.5164794921875
seed-42,train,540,2318.208911570022,3.410680075059645,-0.04969701170921326,0.6249904632568359,0.782715916633606,0.4966006278991699,0.6211541891098022,1.1177548170089722,0.78125,56.22657775878906,9.135572787307284e-05,4.479643821716309,19.3203125,17.202317237854004,20.16796875,2.689208984375,23.5164794921875
seed-42,train,550,2350.4086414510384,3.357927196077071,0.3807465732097626,0.2802904546260834,0.9839121103286743,-0.0019516274333000183,0.2526915371417999,0.2507398724555969,0.78125,403.35040283203125,9.099455850827046e-05,4.423092365264893,19.3203125,17.202317237854004,20.16796875,2.689208984375,23.5164794921875
seed-42,train,560,2379.9182774330257,2.9852763779927045,-0.34690386056900024,1.8408135175704956,0.9842386245727539,-0.002315901219844818,1.059051752090454,1.0567357540130615,0.84375,94.3863525390625,9.06268342739088e-05,4.432953357696533,19.3203125,17.202317237854004,20.16796875,2.687255859375,23.5164794921875
seed-42,train,570,2404.263405279955,2.2030986150493845,0.009420707821846008,1.0479449033737183,0.984241783618927,-0.11923399567604065,0.6080280542373657,0.48879408836364746,0.78125,56.25010299682617,9.025262213523176e-05,4.441945552825928,19.3203125,17.202317237854004,20.16796875,2.687255859375,23.5164794921875
seed-42,train,580,2433.081997337984,1.8389445380307734,0.33661800622940063,0.25292226672172546,0.7381691336631775,-0.19045987725257874,0.28785690665245056,0.09739702939987183,0.78125,20.19468879699707,8.987199023897762e-05,4.458759784698486,19.3203125,17.202317237854004,20.16796875,2.687255859375,23.5164794921875
seed-42,train,590,2460.208652624977,3.523125404957682,0.20722804963588715,0.8559330105781555,0.4921194314956665,-0.020536264404654503,0.47180065512657166,0.4512644112110138,0.90625,35.134952545166016,8.948500790096889e-05,4.466143608093262,19.3203125,17.202317237854004,20.16796875,2.687255859375,23.5164794921875
seed-42,train,600,2490.8547404559795,1.9507639550138265,0.5161091685295105,0.42801526188850403,0.7381762862205505,0.37081894278526306,0.20011214911937714,0.570931077003479,0.96875,64.66755676269531,8.909174559348949e-05,4.427031517028809,19.3203125,17.202317237854004,20.16796875,2.687255859375,23.5164794921875
seed-42,train,610,2521.129237959045,3.8342410339973867,-0.9399964809417725,1.3984484672546387,0.7381859421730042,0.31004756689071655,1.4088866710662842,1.7189342975616455,0.53125,117.17420959472656,8.869227493245129e-05,4.42377233505249,19.3203125,17.202317237854004,20.16796875,2.687255859375,23.5164794921875
seed-42,train,620,2555.539628289989,4.416725895949639,-0.8247782588005066,1.2258960008621216,0.9842454195022583,-0.21693895757198334,1.273484706878662,1.056545615196228,0.59375,69.95002746582031,8.828666866435216e-05,4.563086032867432,19.3203125,17.202317237854004,20.16796875,2.687255859375,23.5164794921875
seed-42,train,630,2587.084767302964,2.20014553994406,-0.14745184779167175,1.3836357593536377,0.9842397570610046,-0.624397337436676,0.7308753728866577,0.10647802799940109,0.75,106.04792785644531,8.78750006530285e-05,4.424458026885986,19.3203125,17.202317237854004,20.16796875,2.687255859375,23.5164794921875
seed-42,train,640,2612.253133628983,2.2176492440048605,0.03392920643091202,0.643030047416687,0.9842426180839539,-0.07711084187030792,0.5520385503768921,0.4749276638031006,0.6875,54.1990966796875,8.7457345866204e-05,4.432275772094727,19.3203125,17.202317237854004,20.16796875,2.687255859375,23.5164794921875
seed-42,train,650,2640.7950171619887,1.6491275009466335,0.42517298460006714,0.7409098148345947,0.7347838282585144,0.04976062849164009,0.28785255551338196,0.33761319518089294,0.9375,60.575252532958984,8.703378036183744e-05,4.444897174835205,19.3203125,17.202317237854004,20.16796875,2.687255859375,23.5164794921875
seed-42,train,660,2667.1156553330366,2.8507096159737557,0.33088594675064087,0.7183406949043274,0.49212247133255005,0.10150577127933502,0.3288782835006714,0.4303840398788452,0.875,39.942901611328125,8.660438127427207e-05,4.477502822875977,19.3203125,17.202317237854004,20.16796875,2.687255859375,23.5164794921875
seed-42,train,670,2696.656672518002,5.6253463180037215,-0.7949816584587097,1.578056812286377,0.9842430949211121,0.04425428807735443,1.2713261842727661,1.3155803680419922,0.6875,399.96624755859375,8.616922680018885e-05,4.528770446777344,19.3203125,17.202317237854004,20.16796875,2.687255859375,23.5164794921875
seed-42,train,680,2727.4072228570003,2.0737708039814606,-0.2783082127571106,1.6114559173583984,0.9842017889022827,-0.048789095133543015,0.9595531225204468,0.9107640981674194,0.84375,62.18217086791992,8.572839618436627e-05,4.440867900848389,19.3203125,17.202317237854004,20.16796875,2.687255859375,23.5164794921875
seed-42,train,690,2753.527369400952,2.017666487954557,-0.23657682538032532,1.1804161071777344,0.7381840944290161,0.2913786470890045,0.8049856424331665,1.0963643789291382,0.75,254.42935180664062,8.52819697052493e-05,4.4086384773254395,19.3203125,17.202317237854004,20.16796875,2.687255859375,23.5164794921875
seed-42,train,700,2781.8885879470035,5.474774851929396,0.07132050395011902,0.8778613209724426,0.73818439245224,0.16803669929504395,0.5421116948127747,0.7101483941078186,0.75,321.9938659667969,8.48300286603301e-05,4.464913368225098,19.3203125,17.202317237854004,20.16796875,2.687255859375,23.5164794921875
seed-42,train,710,2812.9950463060522,1.9869060670025647,0.1692652553319931,1.1958380937576294,0.7381820678710938,0.17397743463516235,0.603275716304779,0.7772531509399414,0.84375,70.48402404785156,8.437265535134319e-05,4.445244312286377,19.3203125,17.202317237854004,20.16796875,2.687255859375,23.5164794921875
seed-42,train,720,2842.1726024929667,5.590538996970281,0.3274237811565399,0.6333170533180237,0.49935439229011536,0.021239900961518288,0.32413429021835327,0.345374196767807,0.84375,36.99127197265625,8.390993306927767e-05,4.5067338943481445,19.3203125,17.202317237854004,20.16796875,2.687255859375,23.5164794921875
seed-42,train,730,2866.9587071370333,1.9584430230315775,-0.4841972589492798,0.933265745639801,0.9842466115951538,0.28080782294273376,0.9695591330528259,1.2503669261932373,0.5625,104.8577651977539,8.344194607920932e-05,4.45647668838501,19.3203125,17.202317237854004,20.16796875,2.687255859375,23.5164794921875
seed-42,train,740,2896.059022394009,4.7410966489696875,-1.0329328775405884,1.46746826171875,0.7381850481033325,0.08561189472675323,1.5866767168045044,1.6722886562347412,0.625,137.60682678222656,8.296877960495538e-05,4.518793106079102,19.3203125,17.202317237854004,20.16796875,2.687255859375,23.5164794921875
seed-42,train,750,2924.269968618988,5.581325893988833,-0.25945034623146057,0.902583122253418,0.9839515686035156,-0.04579286277294159,0.8280749320983887,0.7822820544242859,0.6875,62.73169708251953,8.24905198135546e-05,4.436202526092529,19.3203125,17.202317237854004,20.16796875,2.687255859375,23.5164794921875
seed-42,train,760,2960.613745072973,4.62496155698318,0.1470484435558319,0.6438988447189331,0.7381817698478699,-0.11354483664035797,0.46879643201828003,0.3552515506744385,0.8125,33.532127380371094,8.200725379957569e-05,4.425470352172852,19.3203125,17.202317237854004,20.16796875,2.687255859375,23.5164794921875
seed-42,train,770,2988.4180454950547,2.199896372971125,-0.20775611698627472,0.7628798484802246,0.9842449426651001,0.015097882598638535,0.7499833106994629,0.7650811672210693,0.6875,37.15252685546875,8.151906956925666e-05,4.44849157333374,19.3203125,17.202317237854004,20.16796875,2.687255859375,23.5164794921875
seed-42,train,780,3013.64468874305,2.5533329730387777,-0.6686633825302124,1.597985029220581,0.7381850481033325,-0.17767994105815887,1.3008463382720947,1.1231664419174194,0.6875,203.33224487304688,8.102605602447833e-05,4.443910121917725,19.3203125,17.202317237854004,20.16796875,2.687255859375,23.5164794921875
seed-42,train,790,3048.779354272061,4.6465146279660985,-0.5423974990844727,0.9642255902290344,0.9842422008514404,-0.03333664312958717,1.0309122800827026,0.9975756406784058,0.65625,45.628517150878906,8.052830294657466e-05,4.441184997558594,19.3203125,17.202317237854004,20.16796875,2.687255859375,23.5164794921875
seed-42,train,800,3085.051119282027,4.292459649965167,-1.0059235095977783,1.4431298971176147,0.7381852865219116,0.16325590014457703,1.7153178453445435,1.8785738945007324,0.53125,31.012182235717773,8.002590097998282e-05,4.519101619720459,19.3203125,17.202317237854004,20.16796875,2.685302734375,23.5164794921875
seed-42,train,810,3286.259276467026,1.840450079063885,-0.14305314421653748,1.4850242137908936,0.7381834387779236,0.030213473364710808,1.0362141132354736,1.0664275884628296,0.71875,29.564922332763672,7.951894161573629e-05,4.491198539733887,19.8046875,17.23620080947876,20.421875,2.200927734375,23.5164794921875
seed-42,train,820,3319.694370807032,3.992193312966265,-0.8447588086128235,1.8103259801864624,0.9841488003730774,0.5092355012893677,1.638476848602295,2.147712469100952,0.625,396.9158630371094,7.900751717480363e-05,4.473151683807373,19.8046875,17.23620080947876,20.421875,2.200927734375,23.5164794921875
seed-42,train,830,3349.2719036469935,3.0044333830010146,-0.14127317070960999,0.7654036283493042,0.9842436909675598,-0.11430642753839493,0.6849923133850098,0.570685863494873,0.78125,29.409116744995117,7.849172079127618e-05,4.435344696044922,19.8046875,17.23620080947876,20.421875,2.200927734375,23.5164794921875
seed-42,train,840,3378.283631002065,4.030226105009206,-0.36404168605804443,0.5667534470558167,0.9842408895492554,-0.232991024851799,0.8918834924697876,0.6588924527168274,0.71875,41.382930755615234,7.797164639540767e-05,4.440748691558838,19.8046875,17.23620080947876,20.421875,2.200927734375,23.5164794921875
seed-42,train,850,3403.4527706480585,2.3683835129486397,0.41687512397766113,0.4886604845523834,0.7381791472434998,-0.6548957824707031,0.26722267270088196,-0.38767310976982117,0.90625,333.5574035644531,7.744738869650881e-05,4.414199352264404,19.8046875,17.23620080947876,20.421875,2.200927734375,23.5164794921875
seed-42,train,860,3436.4659508770565,3.723475245060399,0.33051609992980957,0.2043183445930481,0.7307338714599609,-0.16536960005760193,0.30898517370224,0.14361558854579926,0.8125,68.37985229492188,7.691904316570007e-05,4.468232154846191,19.8046875,17.23620080947876,20.421875,2.200927734375,23.5164794921875
seed-42,train,870,3460.300147300004,2.028731608064845,-0.0632631704211235,0.7352004051208496,0.9842422008514404,-0.09612621366977692,0.6252719759941101,0.5291457176208496,0.8125,346.8212890625,7.638670601852572e-05,4.420873165130615,19.8046875,17.23620080947876,20.421875,2.200927734375,23.5164794921875
seed-42,train,880,3490.2019895999692,5.04708985099569,-0.5069472193717957,0.9469839334487915,0.7917931079864502,0.16669006645679474,0.9812616109848022,1.147951602935791,0.5625,128.75086975097656,7.58504741974322e-05,4.478476047515869,19.82421875,17.23620080947876,20.421875,2.181396484375,23.5164794921875
seed-42,train,890,3514.921961804037,4.166733931051567,-0.5995197296142578,0.8749219179153442,0.7381813526153564,0.3019196391105652,1.1063547134399414,1.4082742929458618,0.6875,206.93125915527344,7.531044535411427e-05,4.432709217071533,19.82421875,17.23620080947876,20.421875,2.181396484375,23.5164794921875
seed-42,train,900,3551.1865221810294,3.3371742800809443,-0.44795989990234375,1.1844617128372192,0.9842459559440613,-0.10478728264570236,0.9474390745162964,0.8426517844200134,0.625,96.66146850585938,7.476671783173196e-05,4.4624176025390625,19.82421875,17.23620080947876,20.421875,2.181396484375,23.5164794921875
seed-42,train,910,3585.537098373985,3.2758328929776326,0.7499998807907104,4.578054415560473e-07,0.10424727946519852,-0.03380224108695984,1.0803323391428421e-07,-0.033802133053541183,1.0,16.516773223876953,7.421939064700144e-05,4.432286739349365,19.826171875,17.23620080947876,20.421875,2.179443359375,23.5164794921875
seed-42,train,920,3614.335737115005,3.3903462550370023,-0.2621115446090698,0.5633583664894104,0.9840478897094727,-0.36691024899482727,0.7772330045700073,0.41032278537750244,0.6875,36.87586975097656,7.366856347216351e-05,4.410750865936279,19.826171875,17.23620080947876,20.421875,2.179443359375,23.5164794921875
seed-42,train,930,3639.2460537749575,1.760975035955198,0.1401851773262024,0.656301736831665,0.7433439493179321,-0.09732174873352051,0.5301021337509155,0.43278032541275024,0.84375,64.18092346191406,7.311433661683245e-05,4.396723747253418,19.826171875,17.23620080947876,20.421875,2.179443359375,23.5164794921875
seed-42,train,940,3666.316655323957,1.8057115949923173,0.23399581015110016,0.7754053473472595,0.9841077327728271,-0.2697719931602478,0.4132767617702484,0.1435047686100006,0.875,126.1117172241211,7.255681100972899e-05,4.470058441162109,19.826171875,17.23620080947876,20.421875,2.179443359375,23.5164794921875
seed-42,train,950,3697.9247166550485,3.0767682349542156,-0.31083840131759644,1.1671254634857178,0.7381840348243713,0.29756438732147217,0.892473578453064,1.1900379657745361,0.71875,89.5303955078125,7.19960881803004e-05,4.474737644195557,19.826171875,17.23620080947876,20.421875,2.179443359375,23.5164794921875
seed-42,train,960,3724.5488777830033,4.124947492033243,-0.44346970319747925,1.767837643623352,0.8505870699882507,0.09598556160926819,1.071081519126892,1.167067050933838,0.6875,46.72892761230469,7.143227024023132e-05,4.429516792297363,19.826171875,17.23620080947876,20.421875,2.179443359375,23.5164794921875
seed-42,train,970,3756.5939227519557,3.8410894410917535,0.3531126379966736,0.5979682207107544,0.8028301000595093,-0.0332762710750103,0.3241145610809326,0.2908383011817932,0.9375,62.303627014160156,7.086545986484833e-05,4.46334171295166,19.826171875,17.23620080947876,20.421875,2.179443359375,23.5164794921875
seed-42,train,980,3789.4347735269694,3.4765636859228835,-0.07394099235534668,0.27310165762901306,0.6069141626358032,-0.2826797366142273,0.6689156889915466,0.3862360119819641,0.75,70.62406158447266,7.029576027442224e-05,4.400341987609863,19.826171875,17.23620080947876,20.421875,2.179443359375,23.5164794921875
seed-42,train,990,3818.646248048055,3.6715552649693564,0.17564916610717773,0.5808427333831787,0.9563851356506348,-0.08123598992824554,0.4464908242225647,0.36525481939315796,0.90625,31.797264099121094,6.972327521537081e-05,4.452644348144531,19.826171875,17.23620080947876,20.421875,2.179443359375,23.5164794921875
seed-42,train,1000,3841.835880986997,3.0608705920167267,-0.5186517238616943,1.6536476612091064,0.984245777130127,-0.6938934326171875,1.0131546258926392,0.31926122307777405,0.5625,116.2385482788086,6.91481089413657e-05,4.452717304229736,19.826171875,17.23620080947876,20.421875,2.179443359375,23.5164794921875
seed-42,train,1010,3869.1530074760085,2.452148625976406,-0.5456078052520752,1.0759357213974,0.9842442274093628,-1.0332376956939697,0.9939078092575073,-0.03932994604110718,0.53125,87.0834732055664,6.857036619434735e-05,4.461601734161377,19.826171875,17.23620080947876,20.421875,2.179443359375,23.5164794921875
seed-42,train,1020,3898.427480933955,2.3097919980064034,-0.08062750101089478,0.7502023577690125,0.7381829619407654,-0.15650783479213715,0.6410151720046997,0.48450735211372375,0.8125,64.41575622558594,6.799015218545047e-05,4.440329551696777,19.826171875,17.23620080947876,20.421875,2.179443359375,23.5164794921875
seed-42,train,1030,3927.843088533031,3.8267396399751306,-0.048613861203193665,0.6119593381881714,0.7469832301139832,0.12927435338497162,0.6265908479690552,0.755865216255188,0.78125,63.7110710144043,6.74075725758445e-05,4.418087482452393,19.826171875,17.23620080947876,20.421875,2.179443359375,23.5164794921875
seed-42,train,1040,3953.6137719840044,2.1806282670004293,0.01880074292421341,1.3622570037841797,0.49212273955345154,0.05244605243206024,1.9131622314453125,1.9656082391738892,0.84375,81.56118774414062,6.682273345749188e-05,4.451176166534424,19.826171875,17.23620080947876,20.421875,2.179443359375,23.5164794921875
seed-42,train,1050,3986.0697116840165,2.9140795790590346,-0.054907187819480896,1.1824045181274414,0.42488521337509155,-0.0030048382468521595,0.9384069442749023,0.9354020357131958,0.875,178.89344787597656,6.623574133382788e-05,4.419278621673584,19.826171875,17.23620080947876,20.421875,2.179443359375,23.5164794921875
seed-42,train,1060,4014.2922257740283,4.8781442020554096,-0.3596021234989166,0.46039319038391113,0.49212348461151123,-0.04236213117837906,0.8802169561386108,0.8378548622131348,0.6875,36.79775619506836,6.564670310036572e-05,4.565523147583008,19.826171875,17.23620080947876,20.421875,2.179443359375,23.5164794921875
seed-42,train,1070,4047.688808472012,3.7892964700004086,-0.07418255507946014,0.2956947684288025,0.7381578683853149,0.0002440623939037323,0.6663174629211426,0.6665615439414978,0.8125,79.42815399169922,6.505572602522993e-05,4.397818565368652,19.826171875,17.23620080947876,20.421875,2.179443359375,23.5164794921875
seed-42,train,1080,4073.661499585025,3.659104199963622,-0.10072679817676544,0.7612375020980835,0.7381842732429504,-0.45206329226493835,0.6676617860794067,0.21559849381446838,0.78125,83.03572845458984,6.44629177296222e-05,4.417727470397949,19.826171875,17.23620080947876,20.421875,2.179443359375,23.5164794921875
seed-42,train,1090,4103.888209454017,3.7160409960197285,0.559057891368866,0.41936084628105164,0.9842116236686707,0.1898641139268875,0.15175661444664001,0.34162071347236633,0.96875,100.87700653076172,6.386838616822268e-05,4.514902591705322,19.826171875,17.23620080947876,20.421875,2.179443359375,23.5164794921875
seed-42,train,1100,4128.081982005038,1.6657784840790555,-0.021770384162664413,1.3170723915100098,0.9842450618743896,0.002955138683319092,0.630171000957489,0.6331260800361633,0.84375,73.91358947753906,6.32722396095307e-05,4.4215216636657715,19.826171875,17.23620080947876,20.421875,2.179443359375,23.5164794921875
seed-42,train,1110,4158.272149382043,4.394996409071609,0.06983810663223267,0.3052726089954376,0.3903568983078003,-0.15400463342666626,0.5097628235816956,0.3557581603527069,0.84375,514.1456298828125,6.267458661614829e-05,4.5384321212768555,19.826171875,17.23620080947876,20.421875,2.179443359375,23.5164794921875
seed-42,train,1120,4189.713330144994,2.2943756619933993,-0.19517545402050018,1.486191987991333,0.9842365384101868,-0.05648999661207199,0.795407772064209,0.7389178276062012,0.75,54.820648193359375,6.207553602501015e-05,4.424026012420654,19.826171875,17.23620080947876,20.421875,2.179443359375,23.5164794921875
seed-42,train,1130,4213.75003009697,2.625251699006185,0.5950059294700623,0.21787360310554504,0.492120623588562,0.00033141113817691803,0.1226121336221695,0.12294354289770126,0.90625,20.561908721923828,6.14751969275636e-05,4.447507858276367,19.826171875,17.23620080947876,20.421875,2.179443359375,23.5164794921875
seed-42,train,1140,4244.742709590006,3.7160889470251277,-0.24036404490470886,1.659224271774292,0.9842406511306763,-0.2704070806503296,1.339938998222351,1.0695319175720215,0.84375,298.5646667480469,6.087367864990233e-05,4.450945854187012,19.826171875,17.23620080947876,20.421875,2.179443359375,23.5164794921875
seed-42,train,1150,4277.027921405039,5.706042425008491,-0.8574249744415283,1.1483451128005981,0.9842424988746643,0.022608451545238495,1.3643678426742554,1.3869763612747192,0.65625,57.986602783203125,6.0271090732857235e-05,4.53355073928833,19.826171875,17.23620080947876,20.421875,2.177490234375,23.5164794921875
seed-42,train,1160,4303.308683068026,1.593769883038476,-0.13466955721378326,1.684077262878418,0.7381817102432251,-0.06035777926445007,0.9961989521980286,0.9358412027359009,0.78125,42.521270751953125,5.966754291204835e-05,4.418558597564697,19.826171875,17.23620080947876,20.421875,2.177490234375,23.5164794921875
seed-42,train,1170,4335.371069866,3.69893494900316,0.029933109879493713,0.7119311094284058,0.7381834983825684,-0.1309138834476471,0.5414228439331055,0.410508930683136,0.75,35.03269958496094,5.9063145097901054e-05,4.544241905212402,19.826171875,17.23620080947876,20.421875,2.177490234375,23.5164794921875
seed-42,train,1180,4365.981952682021,2.430776232969947,-0.07690058648586273,0.6234065890312195,0.9842382669448853,0.36252039670944214,0.6754445433616638,1.0379648208618164,0.8125,105.84883117675781,5.845800735563071e-05,4.423888206481934,19.826171875,17.23620080947876,20.421875,2.177490234375,23.5164794921875
seed-42,train,1190,4398.857426019036,3.9874312239699066,-0.4131317436695099,1.5834952592849731,0.9842456579208374,-0.2473815232515335,1.114737629890442,0.8673561215400696,0.78125,187.2303924560547,5.78522398851989e-05,4.412413597106934,19.826171875,17.23620080947876,20.421875,2.177490234375,23.5164794921875
seed-42,train,1200,4428.575127230026,2.2730877810390666,-0.13180126249790192,0.8190246820449829,0.9841793775558472,-0.17352381348609924,0.7131391763687134,0.5396153926849365,0.75,128.52635192871094,5.724595300124535e-05,4.444734573364258,19.826171875,17.23620080947876,20.421875,2.177490234375,23.5164794921875
seed-42,train,1210,4626.784249218064,3.016099361004308,-0.2851135730743408,0.9255776405334473,0.7381847500801086,-0.5453483462333679,0.7850977182388306,0.23974941670894623,0.65625,129.55194091796875,5.6639257112998655e-05,4.590246677398682,21.005859375,17.23620080947876,21.005859375,0.997802734375,23.5164794921875
seed-42,train,1220,4660.545110899024,3.6237507939804345,-0.5354439616203308,1.0141054391860962,0.9842454195022583,-0.07058990746736526,1.0028855800628662,0.9322956204414368,0.59375,59.0806884765625,5.603226270417009e-05,4.558140754699707,21.005859375,17.23620080947876,21.005859375,0.997802734375,23.5164794921875
seed-42,train,1230,4686.63765961898,3.5973423249088228,-0.8455097675323486,1.089505910873413,0.7381848096847534,-0.2730949819087982,1.2584202289581299,0.9853253364562988,0.59375,38.133514404296875,5.54250803128337e-05,4.4141459465026855,21.005859375,17.23620080947876,21.005859375,0.997802734375,23.5164794921875
seed-42,train,1240,4714.823499319027,2.3490472600096837,-0.0667913407087326,1.1042720079421997,0.9842448234558105,0.05199047923088074,0.6516655087471008,0.7036559581756592,0.78125,40.324928283691406,5.481782051129648e-05,4.467469692230225,21.0078125,17.23620080947876,21.0078125,0.995849609375,23.5164794921875
seed-42,train,1250,4737.790367512032,1.5706807110691443,0.18485651910305023,1.0294885635375977,0.9836372137069702,-0.04271811246871948,0.4943721294403076,0.4516540467739105,0.90625,262.7857971191406,5.421059388596239e-05,4.423084259033203,21.0078125,17.23620080947876,21.0078125,0.995849609375,23.5164794921875
seed-42,train,1260,4762.319793730043,1.8306627019774169,0.23448285460472107,1.0147345066070557,0.7381796836853027,-0.1495535522699356,1.1964137554168701,1.0468602180480957,0.90625,272.5713195800781,5.360351101719377e-05,4.424607276916504,21.0078125,17.23620080947876,21.0078125,0.995849609375,23.5164794921875
seed-42,train,1270,4789.961544460966,3.534091089037247,-0.3437119722366333,1.4136301279067993,0.9842462539672852,-0.33648255467414856,0.9023137092590332,0.5658311247825623,0.75,94.76207733154297,5.299668245917386e-05,4.532378196716309,21.0078125,17.23620080947876,21.0078125,0.995849609375,23.5164794921875
seed-42,train,1280,4826.784242302994,1.7381252240156755,-0.286102294921875,0.6794300079345703,0.7381837368011475,0.12035144120454788,0.8172116279602051,0.9375631213188171,0.71875,52.92417907714844,5.239021871977404e-05,4.435942649841309,21.0078125,17.23620080947876,21.0078125,0.995849609375,23.5164794921875
seed-42,train,1290,4849.19852587604,2.1566940021002665,-0.17304778099060059,1.5828711986541748,0.984245240688324,0.046805694699287415,0.775942325592041,0.8227480053901672,0.78125,64.801025390625,5.17842302404296e-05,4.435715675354004,21.0078125,17.23620080947876,21.0078125,0.995849609375,23.5164794921875
seed-42,train,1300,4875.084798422991,2.9938342049717903,-0.3155983090400696,0.613345742225647,0.9842455387115479,0.003405999392271042,0.8608755469322205,0.8642815351486206,0.625,32.49934387207031,5.117882737602754e-05,4.4033331871032715,21.0078125,17.23620080947876,21.0078125,0.995849609375,23.5164794921875
seed-42,train,1310,4900.791690021986,2.5071533920709044,0.22572839260101318,0.8409178256988525,0.7381815910339355,-0.057312436401844025,0.4047265648841858,0.34741413593292236,0.84375,29.530420303344727,5.057412037481013e-05,4.410808563232422,21.0078125,17.23620080947876,21.0078125,0.995849609375,23.5164794921875
seed-42,train,1320,4930.242772702011,3.9915487179532647,-0.5044888257980347,0.7328667044639587,0.7381810545921326,-0.5804417133331299,1.0198155641555786,0.43937379121780396,0.625,99.10367584228516,4.997021935829792e-05,4.426342010498047,21.0078125,17.23620080947876,21.0078125,0.995849609375,23.5164794921875
seed-42,train,1330,4958.017959628021,3.1661755009554327,-0.17691263556480408,0.7900385856628418,0.9842448830604553,0.0983099639415741,0.747652530670166,0.8459624648094177,0.75,101.29634094238281,4.936723430123581e-05,4.4315056800842285,21.0078125,17.23620080947876,21.0078125,0.995849609375,23.5164794921875
seed-42,train,1340,4985.059888549033,1.4213578519411385,0.5775036811828613,0.36640653014183044,0.9768983721733093,-0.09385383129119873,0.13439171016216278,0.04053788632154465,0.9375,63.74915313720703,4.876527501156588e-05,4.399141311645508,21.0078125,17.23620080947876,21.0078125,0.995849609375,23.5164794921875
seed-42,train,1350,5013.576495617046,1.8249842340592295,0.37850749492645264,0.6564726829528809,0.7381810545921326,0.039874207228422165,0.31011343002319336,0.34998762607574463,0.90625,125.48136138916016,4.8164451110430506e-05,4.463545799255371,21.0078125,17.23620080947876,21.0078125,0.995849609375,23.5164794921875
seed-42,train,1360,5041.59302410204,3.4563035829924047,-0.23423495888710022,1.420665979385376,0.9842431545257568,0.13922876119613647,0.8283064961433411,0.9675352573394775,0.75,187.5200958251953,4.756487201220964e-05,4.426703929901123,21.0078125,17.23620080947876,21.0078125,0.995849609375,23.5164794921875
seed-42,train,1370,5071.296893020044,4.371871068957262,-0.504268229007721,1.988124132156372,0.984244167804718,-0.14168603718280792,1.2389631271362305,1.0972771644592285,0.6875,157.3375244140625,4.696664690459559e-05,4.517002582550049,21.0078125,17.23620080947876,21.0078125,0.995849609375,23.5164794921875
seed-42,train,1380,5102.24638888496,2.1753740760032088,0.008426673710346222,0.8763413429260254,0.7381750345230103,-0.06916946172714233,0.6304169297218323,0.5612474679946899,0.78125,37.4891357421875,4.636988472870917e-05,4.449408054351807,21.0078125,17.23620080947876,21.0078125,0.995849609375,23.5164794921875
seed-42,train,1390,5129.933776777005,3.9115761410212144,-1.0728905200958252,1.4924017190933228,0.9842458367347717,-0.05161062255501747,1.5056941509246826,1.4540835618972778,0.53125,39.4892692565918,4.577469415926076e-05,4.428915023803711,21.0078125,17.23620080947876,21.0078125,0.995849609375,23.5164794921875
seed-42,train,1400,5154.458178344066,1.6236721600871533,0.320636510848999,0.3089824318885803,0.49212080240249634,-0.020514555275440216,0.32457587122917175,0.30406132340431213,0.84375,17.931434631347656,4.5181183584759814e-05,4.434916019439697,21.0078125,17.23620080947876,21.0078125,0.995849609375,23.5164794921875
seed-42,train,1410,5186.831496656057,3.7892588479444385,-0.17803668975830078,0.5246604681015015,0.4921227693557739,0.002843555063009262,0.7532601356506348,0.7561036348342896,0.78125,22.792036056518555,4.4589461087776585e-05,4.536434173583984,21.0078125,17.23620080947876,21.0078125,0.995849609375,23.5164794921875
seed-42,train,1420,5219.628256561002,3.8563745509600267,-0.4970364570617676,1.1312620639801025,0.7381837368011475,0.10448817163705826,1.0321826934814453,1.1366708278656006,0.65625,131.49920654296875,4.3999634425259414e-05,4.526520252227783,21.0078125,17.23620080947876,21.0078125,0.995849609375,23.5164794921875
seed-42,train,1430,5247.965885746991,1.8531364559894428,-0.08413580060005188,1.7121832370758057,0.7381836175918579,0.12627893686294556,0.9321087002754211,1.0583876371383667,0.875,97.18755340576172,4.341181100891154e-05,4.447807312011719,21.0078125,17.23620080947876,21.0078125,0.995849609375,23.5164794921875
seed-42,train,1440,5275.434012286016,5.072744901990518,-0.1249457597732544,1.5895084142684937,0.7381788492202759,-0.2239239662885666,0.9163942337036133,0.6924702525138855,0.875,88.6126937866211,4.2826097885630536e-05,4.42328405380249,21.0078125,17.23620080947876,21.0078125,0.995849609375,23.5164794921875
seed-42,train,1450,5304.086518477998,3.5178117199102417,0.3069969713687897,0.8970656394958496,0.24606117606163025,0.017222240567207336,0.6910482048988342,0.7082704305648804,0.96875,25.49277114868164,4.224260171801434e-05,4.4441657066345215,21.0078125,17.23620080947876,21.0078125,0.995849609375,23.5164794921875
seed-42,train,1460,5334.398209157051,2.9837518219137564,-0.09370855987071991,0.945912778377533,0.9842417240142822,0.09210766106843948,0.6646152138710022,0.7567228674888611,0.71875,28.300216674804688,4.1661428764937224e-05,4.438565254211426,21.0078125,17.23620080947876,21.0078125,0.995849609375,23.5164794921875
seed-42,train,1470,5365.813393526012,1.811889832955785,0.16030347347259521,1.0041980743408203,0.7381815314292908,-0.001847725361585617,0.4688418507575989,0.46699416637420654,0.84375,147.99609375,4.108268486219927e-05,4.465967178344727,21.0078125,17.23620080947876,21.0078125,0.995849609375,23.5164794921875
seed-42,train,1480,5387.181845546002,1.4262913579586893,0.42401906847953796,0.7906773686408997,0.49211519956588745,-0.013175249099731445,0.298572838306427,0.28539758920669556,0.96875,31.538944244384766,4.050647540325294e-05,4.434576034545898,21.0078125,17.23620080947876,21.0078125,0.995849609375,23.5164794921875
seed-42,train,1490,5417.139253983973,4.346293000038713,0.3409285247325897,0.5462856888771057,0.4921201467514038,-0.8061511516571045,0.3485352396965027,-0.4576159119606018,0.9375,149.5020751953125,3.993290532001014e-05,4.428781032562256,21.0078125,17.23620080947876,21.0078125,0.995849609375,23.5164794921875
seed-42,train,1500,5446.2720992290415,3.3296199759934098,0.6020057201385498,0.2552921175956726,0.7381796836853027,0.004956519231200218,0.11611918359994888,0.12107570469379425,1.0,144.7322235107422,3.936207906373335e-05,4.489498615264893,21.0078125,17.23620080947876,21.0078125,0.995849609375,23.5164794921875
seed-42,train,1510,5477.146029989002,1.8372899369569495,-0.8066538572311401,1.772994041442871,0.9842456579208374,0.2813114523887634,1.2760237455368042,1.5573351383209229,0.5625,146.79322814941406,3.8794100586014305e-05,4.438148498535156,21.0078125,17.23620080947876,21.0078125,0.995849609375,23.5164794921875
seed-42,train,1520,5499.724991103052,1.5047394579742104,0.05104488879442215,1.031538486480713,0.9841609597206116,0.1103045642375946,0.5547972917556763,0.6651018261909485,0.8125,42.674285888671875,3.8229073319843655e-05,4.413882732391357,21.0078125,17.23620080947876,21.0078125,0.995849609375,23.5164794921875
seed-42,train,1530,5522.3876507979585,1.7279545339988545,0.1937784105539322,1.0803351402282715,0.9840758442878723,0.02064187452197075,0.46691614389419556,0.4875580072402954,0.875,74.88348388671875,3.7667100160775104e-05,4.476364612579346,21.0078125,17.23620080947876,21.0078125,0.995849609375,23.5164794921875
seed-42,train,1540,5556.257770561031,2.2504944020183757,0.05696918070316315,0.8242874145507812,0.7381826639175415,-0.006008457392454147,0.5500544309616089,0.5440460443496704,0.75,27.118953704833984,3.710828344818733e-05,4.482176303863525,21.0078125,17.23620080947876,21.0078125,0.995849609375,23.5164794921875
seed-42,train,1550,5588.600958248018,2.659035251941532,0.0845690369606018,0.5479307174682617,0.7941641211509705,0.1145859956741333,0.5299484729766846,0.6445344686508179,0.78125,25.33046531677246,3.655272494664723e-05,4.484245777130127,21.0078125,17.23620080947876,21.0078125,0.995849609375,23.5164794921875
seed-42,train,1560,5616.547022316954,1.6650194539688528,0.3323974013328552,0.9260839819908142,0.7575911283493042,-0.245115727186203,0.34201401472091675,0.09689828753471375,0.90625,112.80609130859375,3.600052582737797e-05,4.449423789978027,21.0078125,17.23620080947876,21.0078125,0.995849609375,23.5164794921875
seed-42,train,1570,5645.163247180055,2.597576939035207,0.5861551761627197,0.23427455127239227,0.7452585697174072,0.04478831589221954,0.13083887100219727,0.17562717199325562,0.96875,26.3479061126709,3.545178664983482e-05,4.43896484375,21.0078125,17.23620080947876,21.0078125,0.995849609375,23.5164794921875
seed-42,train,1580,5669.138281740015,1.5106190380174667,0.24379391968250275,0.5021555423736572,0.5063755512237549,-0.1468380093574524,0.39823079109191895,0.25139278173446655,0.875,45.9983024597168,3.4906607343392694e-05,4.4462103843688965,21.0078125,17.23620080947876,21.0078125,0.995849609375,23.5164794921875
seed-42,train,1590,5705.692620491958,4.8488091439940035,-0.6250665783882141,1.00782310962677,0.9842442274093628,-0.1753631830215454,1.0881891250610352,0.912825882434845,0.625,28.786083221435547,3.436508718914817e-05,4.426581382751465,21.0078125,17.23620080947876,21.0078125,0.995849609375,23.5164794921875
seed-42,train,1600,5730.312498216052,2.233172038104385,-0.28586193919181824,1.5069249868392944,0.9842449426651001,-0.11501302570104599,0.8313695788383484,0.7163565754890442,0.6875,57.93642807006836,3.3827324801839755e-05,4.39910888671875,21.0078125,17.23620080947876,21.0078125,0.995849609375,23.5164794921875
seed-42,train,1610,5929.24709095899,1.942309633945115,0.03499600663781166,1.715616226196289,0.7220557332038879,-0.019469954073429108,0.9110259413719177,0.8915559649467468,0.875,104.1487808227539,3.32934181118894e-05,4.558464050292969,19.041015625,17.23620080947876,21.908203125,2.962646484375,23.5164794921875
seed-42,train,1620,5954.170724150026,1.7628235960146412,0.01620440185070038,0.8414748311042786,0.9842409491539001,0.1776217222213745,0.5703046321868896,0.7479263544082642,0.75,93.58210754394531,3.276346434756866e-05,4.404697418212891,19.041015625,17.23620080947876,21.908203125,2.962646484375,23.5164794921875
seed-42,train,1630,5987.399647744023,5.809240374946967,0.3721359372138977,0.4521031081676483,0.9842312335968018,-0.0645584911108017,0.27711236476898193,0.21255388855934143,0.84375,47.72905349731445,3.223756001729274e-05,4.406027793884277,19.046875,17.23620080947876,21.908203125,2.956787109375,23.5164794921875
seed-42,train,1640,6012.063619429013,2.0419512749649584,0.08896389603614807,0.626289963722229,0.984139084815979,-0.049806609749794006,0.510339617729187,0.4605330526828766,0.71875,215.78628540039062,3.17158008920456e-05,4.457320690155029,19.046875,17.23620080947876,21.908203125,2.956787109375,23.5164794921875
seed-42,train,1650,6037.766982335015,2.374897014000453,-0.5477318167686462,1.3991457223892212,0.7381831407546997,-0.16248907148838043,1.1016737222671509,0.9391846656799316,0.71875,177.32345581054688,3.11982819879394e-05,4.4403767585754395,19.046875,17.23620080947876,21.908203125,2.956787109375,23.5164794921875
seed-42,train,1660,6070.548129603034,3.5899641580181196,0.22069339454174042,0.7650249600410461,0.9836982488632202,0.09344880282878876,0.4030211567878723,0.49646997451782227,0.8125,39.18101501464844,3.068509754891129e-05,4.425185680389404,19.046875,17.23620080947876,21.908203125,2.956787109375,23.5164794921875
seed-42,train,1670,6105.277602746966,2.706704671960324,-0.4455856680870056,2.270550489425659,0.8414786458015442,0.07637219876050949,1.2366371154785156,1.313009262084961,0.71875,222.01351928710938,3.0176341029561013e-05,4.472727298736572,19.046875,17.23620080947876,21.908203125,2.956787109375,23.5164794921875
seed-42,train,1680,6138.029125703964,2.78376548003871,-0.25814303755760193,1.296845555305481,0.7381839752197266,-0.20633873343467712,0.987176775932312,0.7808380126953125,0.75,306.05908203125,2.9672105078132068e-05,4.430245399475098,19.06640625,17.23620080947876,21.908203125,2.937255859375,23.5164794921875
seed-42,train,1690,6169.179414581042,2.64412606600672,-0.009460672736167908,1.0443191528320312,0.9842451810836792,-0.0968642458319664,0.5930884480476379,0.49622422456741333,0.78125,157.78753662109375,2.9172481519639833e-05,4.427382469177246,19.06640625,17.23620080947876,21.908203125,2.937255859375,23.5164794921875
seed-42,train,1700,6203.640988852014,2.1375648309476674,-0.5724607706069946,1.9657926559448242,0.984237790107727,-0.058609988540410995,1.4965026378631592,1.4378926753997803,0.75,180.6241912841797,2.8677561339149584e-05,4.434484004974365,19.06640625,17.23620080947876,21.908203125,2.937255859375,23.5164794921875
seed-42,train,1710,6240.546783096041,4.269390135072172,-0.7560594081878662,1.524169921875,0.9842425584793091,-0.14356082677841187,1.357947826385498,1.214387059211731,0.65625,129.6939239501953,2.8187434665207368e-05,4.448514938354492,19.06640625,17.23620080947876,21.908203125,2.937255859375,23.5164794921875
seed-42,train,1720,6266.909950925037,1.6482767050620168,0.6011875867843628,0.3941451907157898,0.26547756791114807,0.001520041492767632,0.11894723027944565,0.12046727538108826,0.96875,83.20568084716797,2.7702190753427082e-05,4.44368839263916,19.06640625,17.23620080947876,21.908203125,2.937255859375,23.5164794921875
seed-42,train,1730,6293.007556703058,3.4632945109624416,-0.34562307596206665,1.16946542263031,0.9842433333396912,-0.2895244061946869,0.8606908917427063,0.5711665153503418,0.78125,25.326457977294922,2.7221917970236255e-05,4.434175491333008,19.06640625,17.23620080947876,21.908203125,2.937255859375,23.5164794921875
seed-42,train,1740,6324.124244853971,2.3648972840746865,0.5150565505027771,0.37869587540626526,0.7728747129440308,-0.20798653364181519,0.18749648332595825,-0.020490042865276337,0.90625,88.50823974609375,2.6746703776783932e-05,4.441911697387695,19.06640625,17.23620080947876,21.908203125,2.937255859375,23.5164794921875
seed-42,train,1750,6352.671625390998,1.6768362439470366,0.1754709780216217,1.165632724761963,0.7381769418716431,-0.24577051401138306,0.4756922125816345,0.22992172837257385,0.875,108.24189758300781,2.627663471301337e-05,4.434287071228027,19.06640625,17.23620080947876,21.908203125,2.937255859375,23.5164794921875
seed-42,train,1760,6376.481094846968,3.344885761034675,0.3782707452774048,0.3877407908439636,0.4921230971813202,-0.15117986500263214,0.2703731060028076,0.11919325590133667,0.84375,57.122840881347656,2.581179638190247e-05,4.470382213592529,19.06640625,17.23620080947876,21.908203125,2.937255859375,23.5164794921875
seed-42,train,1770,6405.992638394004,3.189137344015762,-0.13623493909835815,1.126441240310669,0.984217643737793,-0.02987959235906601,0.7720633745193481,0.7421838045120239,0.8125,75.6663589477539,2.5352273433874884e-05,4.444472312927246,19.06640625,17.23620080947876,21.908203125,2.937255859375,23.5164794921875
seed-42,train,1780,6432.571175951045,2.031181522994302,0.4769969582557678,0.28067001700401306,0.7381779551506042,-0.004321027547121048,0.21251361072063446,0.2081925868988037,0.9375,234.362548828125,2.4898149551384536e-05,4.438216209411621,19.06640625,17.23620080947876,21.908203125,2.937255859375,23.5164794921875
seed-42,train,1790,6454.903514598031,1.6365759449545294,0.31743451952934265,0.532066822052002,0.9716098308563232,0.10641678422689438,0.34600144624710083,0.4524182677268982,0.84375,59.51603698730469,2.444950743367643e-05,4.436648368835449,19.06640625,17.23620080947876,21.908203125,2.937255859375,23.5164794921875
seed-42,train,1800,6481.533250826062,2.366702522034757,-0.3389033377170563,1.4658831357955933,0.984246551990509,0.21399211883544922,0.8952202796936035,1.1092123985290527,0.75,185.6761932373047,2.4006428781726576e-05,4.435111999511719,19.06640625,17.23620080947876,21.908203125,2.937255859375,23.5164794921875
seed-42,train,1810,6509.210973075009,6.146135307964869,-1.2635788917541504,1.0875966548919678,0.9842469692230225,-0.18335361778736115,1.6269128322601318,1.443559169769287,0.40625,116.89351654052734,2.356899428336358e-05,4.540388584136963,19.06640625,17.23620080947876,21.908203125,2.937255859375,23.5164794921875
seed-42,train,1820,6536.0597697109915,4.375753785017878,0.192490816116333,0.7553164958953857,0.7381790280342102,0.027008868753910065,0.47208303213119507,0.4990919232368469,0.90625,36.06936264038086,2.3137283598574853e-05,4.539675235748291,19.06640625,17.23620080947876,21.908203125,2.937255859375,23.5164794921875
seed-42,train,1830,6563.296650442062,1.738892153953202,0.1688062846660614,0.6608516573905945,0.9842433929443359,-0.04357881098985672,0.44199347496032715,0.398414671421051,0.78125,27.029279708862305,2.2711375344999934e-05,4.42790412902832,19.06640625,17.23620080947876,21.908203125,2.937255859375,23.5164794921875
seed-42,train,1840,6594.899246545974,1.9789011790417135,0.2922734320163727,1.1018853187561035,0.49675071239471436,-0.09103722870349884,0.7573713660240173,0.6663341522216797,0.9375,35.91034698486328,2.2291347083613627e-05,4.4142022132873535,19.06640625,17.23620080947876,21.908203125,2.935302734375,23.5164794921875
seed-42,train,1850,6621.987218283,1.9147003720281646,0.49187782406806946,0.5286082029342651,0.738161027431488,-0.20160114765167236,0.20574896037578583,0.004147812724113464,0.90625,105.55915832519531,2.187727530460167e-05,4.406233787536621,19.06640625,17.23620080947876,21.908203125,2.935302734375,23.5164794921875
seed-42,train,1860,6649.073781740968,1.5448597789509222,-0.22944486141204834,0.9600018262863159,0.8873091340065002,-0.09058889746665955,0.7841698527336121,0.6935809254646301,0.71875,65.83797454833984,2.1469235413431205e-05,4.425123691558838,19.06640625,17.23620080947876,21.908203125,2.935302734375,23.5164794921875
seed-42,train,1870,6687.273824878968,3.5386217050254345,-0.6107087135314941,1.0403411388397217,0.9842473268508911,-0.11432401835918427,1.0010958909988403,0.8867719173431396,0.4375,34.273643493652344,2.1067301717118988e-05,4.445413589477539,19.06640625,17.23620080947876,21.908203125,2.935302734375,23.5164794921875
seed-42,train,1880,6716.875404119957,3.5414923049975187,0.42703256011009216,0.27112123370170593,0.8845140337944031,-0.022901657968759537,0.25965914130210876,0.23675750195980072,0.875,60.593231201171875,2.067154741069947e-05,4.426028728485107,19.06640625,17.23620080947876,21.908203125,2.935302734375,23.5164794921875
seed-42,train,1890,6750.493018470006,3.0828491350403056,-0.3530915677547455,1.706671118736267,0.8464404344558716,-0.17616122961044312,0.9962958693504333,0.8201346397399902,0.75,125.11493682861328,2.0282044563895502e-05,4.396083354949951,19.06640625,17.23620080947876,21.908203125,2.935302734375,23.5164794921875
seed-42,train,1900,6782.17713395902,2.5582426220644265,0.2347903549671173,0.7515628337860107,0.492123007774353,-0.12865257263183594,0.3978152275085449,0.269162654876709,0.84375,40.673274993896484,1.9898864107993955e-05,4.459502220153809,19.06640625,17.23620080947876,21.908203125,2.935302734375,23.5164794921875
seed-42,train,1910,6811.465187086025,2.9143843420315534,-0.3801828622817993,1.563244342803955,0.9842450618743896,0.04533727467060089,0.9372004270553589,0.9825376868247986,0.75,130.3925323486328,1.9522075822928482e-05,4.443417072296143,19.06640625,17.23620080947876,21.908203125,2.935302734375,23.5164794921875
seed-42,train,1920,6834.576361009036,1.6398001719499007,0.20038403570652008,0.5262827277183533,0.98423832654953,-0.08180619776248932,0.416686475276947,0.3348802924156189,0.8125,36.10670471191406,1.9151748324572234e-05,4.409728527069092,19.06640625,17.23620080947876,21.908203125,2.935302734375,23.5164794921875
seed-42,train,1930,6861.262172405026,2.0840345170581713,-0.025125786662101746,1.1864535808563232,0.49209028482437134,0.02688053622841835,0.8512618541717529,0.8781423568725586,0.8125,42.91009521484375,1.8787949052242316e-05,4.45937442779541,19.06640625,17.23620080947876,21.908203125,2.935302734375,23.5164794921875
seed-42,train,1940,6885.8829765249975,2.000706327962689,0.2238658368587494,0.963341474533081,0.9842416644096375,0.15373903512954712,0.4165681302547455,0.570307195186615,0.875,93.33078002929688,1.8430744256418686e-05,4.452663421630859,19.06640625,17.23620080947876,21.908203125,2.935302734375,23.5164794921875
seed-42,train,1950,6913.758960898034,3.1321546440012753,-0.921937108039856,2.147322654724121,0.8478922247886658,0.20761637389659882,1.6524033546447754,1.8600196838378906,0.625,50.3635139465332,1.8080198986679357e-05,4.410099506378174,19.06640625,17.23620080947876,21.908203125,2.935302734375,23.5164794921875
seed-42,train,1960,6945.586939524044,1.5307676939992234,0.3085552453994751,0.6484763026237488,0.7381676435470581,-0.2660291790962219,0.3410198986530304,0.07499070465564728,0.875,36.29298400878906,1.7736377079854487e-05,4.4226555824279785,19.06640625,17.23620080947876,21.908203125,2.935302734375,23.5164794921875
seed-42,train,1970,6974.673573659966,3.509448157972656,-0.03865119814872742,0.34564775228500366,0.7304383516311646,0.16979683935642242,0.6266679763793945,0.7964648008346558,0.8125,65.62256622314453,1.7399341148401182e-05,4.453894138336182,19.06640625,17.23620080947876,21.908203125,2.935302734375,23.5164794921875
seed-42,train,1980,7002.30652767804,3.487738120020367,0.4813380241394043,0.32372820377349854,0.7381818890571594,0.04306313022971153,0.20706208050251007,0.2501251995563507,0.90625,46.28720474243164,1.7069152569001333e-05,4.50940465927124,19.06640625,17.23620080947876,21.908203125,2.935302734375,23.5164794921875
seed-42,train,1990,7027.519647435052,2.6487031880533323,-0.15788370370864868,0.9893399477005005,0.9842441082000732,0.06928613036870956,0.7581537961959839,0.8274399042129517,0.71875,84.47850799560547,1.6745871471384486e-05,4.429320335388184,19.06640625,17.23620080947876,21.908203125,2.935302734375,23.5164794921875
seed-42,train,2000,7053.116227337974,1.4769468320300803,0.07310028374195099,1.069568395614624,0.9842407703399658,-0.1582532823085785,0.5270606279373169,0.3688073754310608,0.8125,49.54673767089844,1.6429556727377755e-05,4.4234418869018555,19.06640625,17.23620080947876,21.908203125,2.935302734375,23.5164794921875
seed-42,train,2010,7251.316526743001,1.8707233130699024,-0.0993238240480423,1.0723421573638916,0.7381826043128967,0.3028881847858429,0.7480652332305908,1.0509533882141113,0.75,61.23538589477539,1.6120265940184857e-05,4.595621585845947,20.24609375,17.23620080947876,21.908203125,1.755615234375,23.5164794921875
seed-42,train,2020,7278.857125950977,2.132072087028064,0.5831283330917358,0.31431084871292114,0.7381564974784851,0.10130468010902405,0.12603752315044403,0.22734220325946808,0.9375,37.04191970825195,1.5818055433896175e-05,4.443938732147217,20.24609375,17.23620080947876,21.908203125,1.755615234375,23.5164794921875
seed-42,train,2030,7305.289801880019,1.510187366977334,0.6405482292175293,0.23914869129657745,0.6833083629608154,-0.06272856146097183,0.0852566510438919,0.02252809703350067,0.96875,58.09919357299805,1.5522980243231673e-05,4.400480270385742,20.24609375,17.23620080947876,21.908203125,1.755615234375,23.5164794921875
seed-42,train,2040,7337.517303789966,3.1856213810388,-0.1480332463979721,1.2939376831054688,0.9842450618743896,0.13682973384857178,0.7420639395713806,0.8788936138153076,0.75,188.0550537109375,1.5235094103518715e-05,4.47060489654541,20.24609375,17.23620080947876,21.908203125,1.755615234375,23.5164794921875
seed-42,train,2050,7367.3267568340525,3.0547385109821334,0.6704874038696289,0.07415638118982315,0.4972708821296692,0.03124586120247841,0.06700214743614197,0.09824800491333008,1.0,38.6983642578125,1.4954449440906488e-05,4.499511241912842,20.24609375,17.23620080947876,21.908203125,1.755615234375,23.5164794921875
seed-42,train,2060,7399.048904119991,2.303783411043696,0.31145814061164856,0.4729626178741455,0.9841471910476685,-0.10041232407093048,0.33201146125793457,0.23159915208816528,0.875,133.9166259765625,1.468109736281877e-05,4.462437152862549,20.24609375,17.23620080947876,21.908203125,1.755615234375,23.5164794921875
seed-42,train,2070,7428.556787763955,2.189726255950518,0.2849273383617401,1.2244014739990234,0.7381770014762878,0.018275262787938118,0.4037519693374634,0.42202723026275635,0.90625,177.46835327148438,1.4415087648646951e-05,4.444948673248291,20.24609375,17.23620080947876,21.908203125,1.755615234375,23.5164794921875
seed-42,train,2080,7458.089471710031,1.4919806929538026,0.31215766072273254,0.6172261238098145,0.7381766438484192,-0.17299601435661316,0.33973872661590576,0.1667427122592926,0.90625,63.476707458496094,1.4156468740684808e-05,4.420918941497803,20.24609375,17.23620080947876,21.908203125,1.755615234375,23.5164794921875
seed-42,train,2090,7488.269312205957,3.5107951250392944,0.48485130071640015,0.5002505779266357,0.7957491278648376,-0.07927206158638,0.19315549731254578,0.11388343572616577,0.90625,41.827430725097656,1.3905287735306847e-05,4.4251532554626465,20.24609375,17.23620080947876,21.908203125,1.755615234375,23.5164794921875
seed-42,train,2100,7515.248924565967,2.768591206986457,0.26512202620506287,0.40414196252822876,0.984232485294342,0.0028193220496177673,0.36868512630462646,0.37150445580482483,0.875,57.08485412597656,1.3661590374391677e-05,4.461071491241455,20.24609375,17.23620080947876,21.908203125,1.755615234375,23.5164794921875
seed-42,train,2110,7540.579985314049,1.7913567420328036,0.49741730093955994,0.3786434829235077,0.7381721138954163,-0.02329332008957863,0.1892511546611786,0.16595780849456787,0.9375,73.87947082519531,1.3425421036992098e-05,4.4323039054870605,20.24609375,17.23620080947876,21.908203125,1.755615234375,23.5164794921875
seed-42,train,2120,7568.483339564991,2.2428126609884202,0.07505559921264648,0.7916640639305115,0.7381749749183655,-0.020670246332883835,0.5462093949317932,0.5255391001701355,0.8125,40.2947998046875,1.3196822731253366e-05,4.468897819519043,20.24609375,17.23620080947876,21.908203125,1.755615234375,23.5164794921875
seed-42,train,2130,7599.42325693497,2.8775874769780785,0.4522329568862915,0.6726740598678589,0.6543332934379578,-0.12202294170856476,0.229082852602005,0.10705991089344025,0.90625,115.10860443115234,1.2975837086581084e-05,4.429720878601074,20.24609375,17.23620080947876,21.908203125,1.755615234375,23.5164794921875
seed-42,train,2140,7625.552535532974,1.6069827119354159,0.20494508743286133,0.8411319851875305,0.7381800413131714,-0.04682973399758339,0.4622963070869446,0.4154665470123291,0.84375,38.54737854003906,1.276250434606018e-05,4.460240364074707,20.24609375,17.23620080947876,21.908203125,1.755615234375,23.5164794921875
seed-42,train,2150,7651.058636559988,1.704958235961385,0.3050430119037628,0.3020331561565399,0.9841823577880859,0.07835258543491364,0.3629712760448456,0.44132381677627563,0.8125,61.53873825073242,1.2556863359126364e-05,4.431779384613037,20.24609375,17.23620080947876,21.908203125,1.755615234375,23.5164794921875
seed-42,train,2160,7679.413223059964,2.0343500629533082,-0.1177983283996582,0.7952030301094055,0.7381843328475952,-0.45623451471328735,0.6930280327796936,0.23679354786872864,0.6875,94.1681900024414,1.235895157449139e-05,4.4716410636901855,20.24609375,17.23620080947876,21.908203125,1.755615234375,23.5164794921875
seed-42,train,2170,7703.056138994987,1.634432747028768,0.5668977499008179,0.23614948987960815,0.7101119160652161,0.02081526443362236,0.15688972175121307,0.17770498991012573,0.96875,54.83055114746094,1.2168805033323299e-05,4.399383068084717,20.24609375,17.23620080947876,21.908203125,1.755615234375,23.5164794921875
seed-42,train,2180,7732.316773600061,3.9714399110525846,0.16442833840847015,0.5566489100456238,0.9837247729301453,-0.042806632816791534,0.44368624687194824,0.4008795917034149,0.78125,37.10807800292969,1.1986458362683136e-05,4.44269323348999,20.24609375,17.23620080947876,21.908203125,1.755615234375,23.5164794921875
seed-42,train,2190,7763.56335950701,4.735053431009874,-0.15877656638622284,0.7323066592216492,0.7433381080627441,-0.32955077290534973,0.7260318398475647,0.39648109674453735,0.78125,62.9764518737793,1.1811944769219073e-05,4.409363746643066,20.24609375,17.23620080947876,21.908203125,1.755615234375,23.5164794921875
seed-42,train,2200,7788.746393807,3.0468058850383386,-0.6849259734153748,1.3158841133117676,0.9842440485954285,-0.07910522073507309,1.2035585641860962,1.1244533061981201,0.6875,40.19223403930664,1.164529603311926e-05,4.435001373291016,20.24609375,17.23620080947876,21.908203125,1.755615234375,23.5164794921875
seed-42,train,2210,7816.497298351023,1.3854623320512474,0.3238598108291626,0.5625428557395935,0.984244704246521,0.03765976428985596,0.329315185546875,0.36697494983673096,0.875,41.970176696777344,1.1486542502324393e-05,4.403170108795166,20.24609375,17.23620080947876,21.908203125,1.755615234375,23.5164794921875
seed-42,train,2220,7844.853779006982,3.7413944370346144,0.14600016176700592,0.9157770872116089,0.9842417240142822,0.13908173143863678,0.5070458054542542,0.6461275219917297,0.875,98.15653228759766,1.133571308700116e-05,4.415591239929199,20.24609375,17.23620080947876,21.908203125,1.755615234375,23.5164794921875
seed-42,train,2230,7872.650133769959,1.6450809789821506,0.3026968836784363,0.5380335450172424,0.7381824254989624,-0.18173867464065552,0.3336503803730011,0.15191170573234558,0.84375,30.70292091369629,1.1192835254277503e-05,4.475551605224609,20.24609375,17.23620080947876,21.908203125,1.755615234375,23.5164794921875
seed-42,train,2240,7903.729974196991,1.8954925559228286,0.16217713057994843,1.0275322198867798,0.7381839156150818,-0.17501886188983917,0.4768970012664795,0.3018781542778015,0.875,141.19871520996094,1.1057935023240606e-05,4.427465915679932,20.24609375,17.23620080947876,21.908203125,1.755615234375,23.5164794921875
seed-42,train,2250,7940.0712937540375,2.676090780994855,0.25225719809532166,0.33307796716690063,0.4993548095226288,-0.0020933574996888638,0.38194191455841064,0.37984853982925415,0.875,22.370512008666992,1.0931036960198673e-05,4.466423034667969,20.24609375,17.23620080947876,21.908203125,1.755615234375,23.5164794921875
seed-42,train,2260,7969.956454267027,1.832101886975579,0.5297004580497742,0.14124707877635956,0.6602623462677002,-0.11270049214363098,0.1689499318599701,0.056249428540468216,1.0,72.06925964355469,1.0812164174207214e-05,4.427303314208984,20.24609375,17.23620080947876,21.908203125,1.755615234375,23.5164794921875
seed-42,train,2270,7991.498009967967,1.8817610209807754,0.07079678773880005,0.8745390176773071,0.7265900373458862,-0.1300305873155594,0.5695867538452148,0.43955618143081665,0.875,47.09151077270508,1.0701338312860717e-05,4.438442230224609,20.24609375,17.23620080947876,21.908203125,1.755615234375,23.5164794921875
seed-42,train,2280,8016.989191045985,3.757959089940414,0.08748741447925568,1.2716591358184814,0.4921231269836426,0.01864735037088394,0.8632860779762268,0.8819335103034973,0.875,51.722694396972656,1.0598579558350463e-05,4.437476634979248,20.24609375,17.23620080947876,21.908203125,1.755615234375,23.5164794921875
seed-42,train,2290,8046.428329649032,2.287577233975753,0.2034289538860321,0.3544415235519409,0.49212366342544556,-0.018665991723537445,0.4116400182247162,0.39297401905059814,0.75,19.96010398864746,1.0503906623789207e-05,4.449835300445557,20.24609375,17.23620080947876,21.908203125,1.755615234375,23.5164794921875
seed-42,train,2300,8071.308085061959,2.183044621022418,0.19217544794082642,0.7968989610671997,0.856157660484314,0.32544922828674316,0.4362097680568695,0.7616590261459351,0.84375,140.88278198242188,1.0417336749803371e-05,4.446021556854248,20.24609375,17.23620080947876,21.908203125,1.755615234375,23.5164794921875
seed-42,train,2310,8099.721752639045,1.636543054948561,-0.00383545458316803,0.8767333030700684,0.9842406511306763,0.0021275803446769714,0.5927380323410034,0.594865620136261,0.75,146.0480194091797,1.0338885701393444e-05,4.4265289306640625,20.24609375,17.23620080947876,21.908203125,1.755615234375,23.5164794921875
seed-42,train,2320,8124.388789688004,1.9320997659815475,0.358845055103302,0.5401824712753296,0.7381828427314758,0.040377192199230194,0.3073089122772217,0.3476860821247101,0.84375,94.99380493164062,1.0268567765062992e-05,4.449863910675049,20.24609375,17.23620080947876,21.908203125,1.755615234375,23.5164794921875
seed-42,train,2330,8154.194649709039,5.424687108024955,-0.8261504173278809,0.8288334608078003,0.9842421412467957,0.2570553719997406,1.2775380611419678,1.5345933437347412,0.53125,37.462642669677734,1.0206395746217044e-05,4.5466156005859375,20.24609375,17.23620080947876,21.908203125,1.755615234375,23.5164794921875
seed-42,train,2340,8185.138284806977,2.4379466070095077,0.11505022644996643,0.6306884288787842,0.7371312975883484,-0.10709962993860245,0.4793563485145569,0.37225669622421265,0.8125,118.82133483886719,1.0152380966830104e-05,4.4511213302612305,20.24609375,17.23620080947876,21.908203125,1.755615234375,23.5164794921875
seed-42,train,2350,8212.24310667999,2.998387009021826,0.14597436785697937,1.0205765962600708,0.4921070337295532,0.014542034827172756,1.6047208309173584,1.6192628145217896,0.875,47.875831604003906,1.0106533263384352e-05,4.415513038635254,20.24609375,17.23620080947876,21.908203125,1.755615234375,23.5164794921875
seed-42,train,2360,8242.50178545597,2.0087942118989304,0.19390487670898438,0.684635579586029,0.8202989101409912,0.025792017579078674,0.4485819637775421,0.4743739664554596,0.875,33.78255081176758,1.006886098507833e-05,4.442451477050781,20.24609375,17.23620080947876,21.908203125,1.755615234375,23.5164794921875
seed-42,train,2370,8270.208012051997,1.8388355060014874,-0.3867023289203644,1.7092758417129517,0.984243631362915,-0.21764877438545227,0.9263608455657959,0.708712100982666,0.75,201.5870361328125,1.0039370992306516e-05,4.422010898590088,20.24609375,17.23620080947876,21.908203125,1.755615234375,23.5164794921875
seed-42,train,2380,8298.737496710033,3.7768052549799904,0.40671074390411377,0.15464697778224945,0.48794370889663696,-0.05030598118901253,0.26161327958106995,0.21130727231502533,0.84375,34.87587356567383,1.0018068655409985e-05,4.489162921905518,20.24609375,17.23620080947876,21.908203125,1.755615234375,23.5164794921875
seed-42,train,2390,8330.096714062965,1.8880178109975532,-0.22556297481060028,1.6199049949645996,0.9842440485954285,-0.4403439164161682,0.8181512355804443,0.3778073191642761,0.8125,190.2066650390625,1.0004957853698425e-05,4.426197528839111,20.24609375,17.23620080947876,21.908203125,1.755615234375,23.5164794921875
seed-42,train,2400,8361.116942908964,3.533484181971289,0.1877441108226776,1.0955805778503418,0.7285714745521545,0.18247248232364655,0.7601597309112549,0.942632257938385,0.9375,297.04376220703125,1.0000040974743693e-05,4.474630832672119,20.24609375,17.23620080947876,21.908203125,1.755615234375,23.5164794921875
seed-42,train,2410,8554.933807361056,2.214059875928797,-0.35465893149375916,1.2147417068481445,0.9842393398284912,-0.1052381619811058,0.8642513155937195,0.7590132355690002,0.6875,39.86766815185547,1e-05,4.625036716461182,21.42578125,17.23620080947876,21.908203125,0.575927734375,23.5164794921875
seed-42,train,2420,8582.82223479601,5.132030442007817,0.30276280641555786,0.993011474609375,0.9842424392700195,0.16176864504814148,0.3776775300502777,0.5394461750984192,0.90625,96.57563781738281,1e-05,4.40907621383667,21.42578125,17.23620080947876,21.908203125,0.575927734375,23.5164794921875
seed-42,train,2430,8612.667922605062,3.0295222309650853,-0.11499007791280746,1.317470908164978,0.9842455387115479,-0.19851930439472198,0.7002954483032227,0.5017760992050171,0.78125,442.35345458984375,1e-05,4.458008766174316,21.42578125,17.23620080947876,21.908203125,0.575927734375,23.5164794921875
seed-42,train,2440,8639.925929508056,1.6898209920618683,-0.10729548335075378,1.299041509628296,0.9842160940170288,-0.01268576830625534,1.0805882215499878,1.0679025650024414,0.75,111.62615203857422,1e-05,4.442375183105469,21.42578125,17.23620080947876,21.908203125,0.575927734375,23.5164794921875
seed-42,train,2450,8667.153918909025,4.426252798992209,0.17672939598560333,0.4483512043952942,0.9812389612197876,-0.12732703983783722,0.4241597652435303,0.29683271050453186,0.75,106.63444519042969,1e-05,4.443244457244873,21.42578125,17.23620080947876,21.908203125,0.575927734375,23.5164794921875
seed-42,train,2460,8695.31539049896,4.208035432035103,0.04823832958936691,0.611142635345459,0.7381836175918579,0.13170160353183746,0.5585274696350098,0.690229058265686,0.71875,113.47518157958984,1e-05,4.468625545501709,21.42578125,17.23620080947876,21.908203125,0.575927734375,23.5164794921875
seed-42,train,2470,8724.641549209016,2.505293495953083,0.75,0.0,0.0,-0.0,0.0,0.0,1.0,5.036299910443631e-08,1e-05,4.4496917724609375,21.42578125,17.23620080947876,21.908203125,0.575927734375,23.5164794921875
seed-42,train,2480,8749.229507475044,3.730794428032823,0.02007046341896057,0.8569875955581665,0.7381835579872131,-0.04472624883055687,0.608676552772522,0.5639503002166748,0.8125,93.37496185302734,1e-05,4.470881462097168,21.42578125,17.23620080947876,21.908203125,0.575927734375,23.5164794921875
seed-42,train,2490,8774.333522795001,2.516453304910101,0.4648504853248596,0.33032119274139404,0.7312034368515015,-0.18427525460720062,0.20439717173576355,0.020121920853853226,0.875,192.7294158935547,1e-05,4.466503620147705,21.42578125,17.23620080947876,21.908203125,0.575927734375,23.5164794921875
seed-42,train,2500,8804.417738449993,3.4738241879967973,0.557518720626831,0.34584057331085205,0.7786322236061096,-0.14989186823368073,0.15044334530830383,0.0005514770746231079,0.9375,210.5015106201172,1e-05,4.402332305908203,21.42578125,17.23620080947876,21.908203125,0.575927734375,23.5164794921875
seed-42,train,2510,8830.003781995038,2.032339213998057,0.041911303997039795,0.6446855068206787,0.7381840348243713,0.08048878610134125,0.5514513254165649,0.6319401264190674,0.8125,36.438385009765625,1e-05,4.446875095367432,21.42578125,17.23620080947876,21.908203125,0.575927734375,23.5164794921875
seed-42,train,2520,8854.963554961956,2.0412416419712827,0.726015567779541,0.03148525580763817,0.5155482888221741,0.096766397356987,0.01957525499165058,0.11634165048599243,1.0,152.59535217285156,1e-05,4.405550956726074,21.42578125,17.23620080947876,21.908203125,0.575927734375,23.5164794921875
seed-42,train,2530,8884.112786549958,3.314423274016008,0.7021347284317017,0.12924322485923767,0.27069491147994995,0.030021391808986664,0.0343443937599659,0.06436578184366226,0.96875,35.179443359375,1e-05,4.4002580642700195,21.42578125,17.23620080947876,21.908203125,0.575927734375,23.5164794921875
seed-42,train,2540,8919.778703007963,4.466699149925262,0.2921684682369232,0.70847088098526,0.9841533899307251,0.10623279213905334,0.34747979044914246,0.4537126123905182,0.90625,146.5288543701172,1e-05,4.54230260848999,21.42578125,17.23620080947876,21.908203125,0.575927734375,23.5164794921875
seed-42,train,2550,8951.057673778967,4.150687071029097,0.1244664192199707,1.1414048671722412,0.4921184778213501,-0.0471482127904892,0.9560604691505432,0.9089123010635376,0.84375,30.678056716918945,1e-05,4.541478157043457,21.42578125,17.23620080947876,21.908203125,0.575927734375,23.5164794921875
seed-42,train,2560,8980.879390054964,3.5973212759708986,0.5397620797157288,0.4769671559333801,0.7381702661514282,0.07115469872951508,0.18413369357585907,0.25528839230537415,0.96875,79.0616455078125,1e-05,4.540304660797119,21.42578125,17.23620080947876,21.908203125,0.575927734375,23.5164794921875
seed-42,train,2570,9010.86781113199,3.346295317984186,0.13845223188400269,1.1709849834442139,0.7380128502845764,-0.09787389636039734,0.8366428017616272,0.7387689352035522,0.875,30.30345344543457,1e-05,4.423727512359619,21.42578125,17.23620080947876,21.908203125,0.575927734375,23.5164794921875
seed-42,train,2580,9040.815726588015,2.978102673077956,0.2645214796066284,0.3663993179798126,0.7381775975227356,-0.13795149326324463,0.3632301688194275,0.22527867555618286,0.8125,35.4674186706543,1e-05,4.404062271118164,21.42578125,17.23620080947876,21.908203125,0.575927734375,23.5164794921875
seed-42,train,2590,9074.590068520047,4.377444447949529,0.062325067818164825,0.44432035088539124,0.49212321639060974,-0.26150283217430115,0.5326505899429321,0.2711477279663086,0.84375,47.822242736816406,1e-05,4.409280300140381,21.42578125,17.23620080947876,21.908203125,0.575927734375,23.5164794921875
seed-42,train,2600,9107.447092217044,3.5541686449432746,-1.117018699645996,2.0334560871124268,0.9842463135719299,0.3549394905567169,1.6041243076324463,1.9590637683868408,0.5625,121.41941833496094,1e-05,4.463705539703369,21.42578125,17.23620080947876,21.908203125,0.575927734375,23.5164794921875
seed-42,train,2610,9134.878127428005,1.9229100090451539,-0.09643363952636719,1.2290663719177246,0.7381839156150818,0.06722194701433182,0.6770067811012268,0.7442287802696228,0.75,46.663272857666016,1e-05,4.401455879211426,21.42578125,17.23620080947876,21.908203125,0.575927734375,23.5164794921875
seed-42,train,2620,9164.837911459035,3.7091024490073323,0.27832847833633423,0.6649127006530762,0.7381272912025452,-0.10312853753566742,0.36438149213790894,0.2612529695034027,0.8125,85.73213195800781,1e-05,4.485676288604736,21.42578125,17.23620080947876,21.908203125,0.575927734375,23.5164794921875
seed-42,train,2630,9190.54061716597,2.0978586049750447,0.2368682622909546,0.5391025543212891,0.7381683588027954,0.14306247234344482,0.38863882422447205,0.5317013263702393,0.8125,110.23651123046875,1e-05,4.419209957122803,21.42578125,17.23620080947876,21.908203125,0.575927734375,23.5164794921875
seed-42,train,2640,9218.935707660043,2.3497400670312345,0.24157261848449707,0.5357783436775208,0.7381839752197266,0.08659212291240692,0.3916042447090149,0.4781963527202606,0.84375,169.7956085205078,1e-05,4.4250383377075195,21.42578125,17.23620080947876,21.908203125,0.575927734375,23.5164794921875
seed-42,train,2650,9249.852465742035,3.8948933250503615,0.21966370940208435,0.8929084539413452,0.49212318658828735,-0.04486161470413208,0.42859405279159546,0.3837324380874634,0.90625,73.78016662597656,1e-05,4.471669673919678,21.42578125,17.23620080947876,21.908203125,0.575927734375,23.5164794921875
seed-42,train,2660,9276.362204276025,1.9274393690284342,-0.15227925777435303,1.7695214748382568,0.7227325439453125,0.059068404138088226,0.8659147620201111,0.9249832034111023,0.84375,62.89498519897461,1e-05,4.402182579040527,21.42578125,17.23620080947876,21.908203125,0.575927734375,23.5164794921875
seed-42,train,2670,9302.399268298992,1.6195287459995598,0.17919564247131348,0.4440687596797943,0.9842405319213867,-0.08640101552009583,0.44509878754615784,0.358697772026062,0.90625,40.55773162841797,1e-05,4.399875164031982,21.42578125,17.23620080947876,21.908203125,0.575927734375,23.5164794921875
seed-42,train,2680,9333.292197491042,3.541106520104222,-0.012237340211868286,0.5581285953521729,0.7348452806472778,-0.21804288029670715,0.6559781432151794,0.4379352629184723,0.84375,268.44720458984375,1e-05,4.404425621032715,21.42578125,17.23620080947876,21.908203125,0.575927734375,23.5164794921875
seed-42,train,2690,9364.49110883905,2.0993890140671283,0.18415264785289764,0.7150691747665405,0.7381843328475952,0.07296095788478851,0.4363906979560852,0.5093516707420349,0.78125,34.68556594848633,1e-05,4.423202037811279,21.42578125,17.23620080947876,21.908203125,0.575927734375,23.5164794921875
seed-42,train,2700,9393.907781239017,3.1790630250470713,-0.1891424059867859,1.669062614440918,0.7381830215454102,0.16597560048103333,1.0178660154342651,1.1838417053222656,0.84375,47.83045959472656,1e-05,4.432162284851074,21.42578125,17.23620080947876,21.908203125,0.575927734375,23.5164794921875
seed-42,train,2710,9419.075170560041,1.8066899590194225,0.5542356967926025,0.5184471011161804,0.35793551802635193,-0.07338473945856094,0.16116265952587128,0.08777792006731033,0.96875,131.9750518798828,1e-05,4.463011264801025,21.42578125,17.23620080947876,21.908203125,0.575927734375,23.5164794921875
seed-42,train,2720,9448.954665580997,3.490571011090651,-0.3316841125488281,1.781436800956726,0.9842433333396912,-0.12659873068332672,0.8983302116394043,0.771731436252594,0.71875,71.55010223388672,1e-05,4.514050006866455,21.42578125,17.23620080947876,21.908203125,0.575927734375,23.5164794921875
seed-42,train,2730,9479.408176060067,2.569035205990076,0.10953187942504883,0.5854986906051636,0.7381823658943176,0.19401958584785461,0.5193268060684204,0.7133463621139526,0.75,110.31278991699219,1e-05,4.455348968505859,21.42578125,17.23620080947876,21.908203125,0.575927734375,23.5164794921875
seed-42,train,2740,9512.01584639796,1.4375085389474407,-0.08161942660808563,1.5594384670257568,0.7381843328475952,-0.05189289525151253,0.7117503881454468,0.6598575115203857,0.84375,113.42130279541016,1e-05,4.400734901428223,21.42578125,17.23620080947876,21.908203125,0.575927734375,23.5164794921875
seed-42,train,2750,9540.387688369956,1.8073156910249963,0.027558427304029465,0.9592427611351013,0.9842425584793091,0.01117626577615738,0.5761897563934326,0.587365984916687,0.84375,66.08787536621094,1e-05,4.39844274520874,21.42578125,17.23620080947876,21.908203125,0.575927734375,23.5164794921875
seed-42,train,2760,9565.685496674967,3.7989637029822916,0.20831800997257233,0.9517388343811035,0.9801082611083984,0.18770989775657654,0.4559873044490814,0.643697202205658,0.875,106.51875305175781,1e-05,4.452662467956543,21.42578125,17.23620080947876,21.908203125,0.575927734375,23.5164794921875
seed-42,train,2770,9594.105135716032,1.3250407639425248,0.09598498046398163,1.3778128623962402,0.4920847415924072,0.0681629404425621,0.9252802133560181,0.9934431314468384,0.875,27.19631004333496,1e-05,4.401700019836426,21.42578125,17.23620080947876,21.908203125,0.575927734375,23.5164794921875
seed-42,train,2780,9624.43351427198,1.5867992240237072,-0.027479715645313263,1.3439383506774902,0.9842258095741272,0.04078154265880585,0.6494548320770264,0.6902363300323486,0.84375,61.90449142456055,1e-05,4.424774169921875,21.42578125,17.23620080947876,21.908203125,0.575927734375,23.5164794921875
seed-42,train,2790,9655.655495024053,3.683485174900852,0.09242568910121918,0.8962079286575317,0.7381836771965027,-0.043781183660030365,0.5280051231384277,0.4842239022254944,0.8125,181.15846252441406,1e-05,4.444061756134033,21.42578125,17.23620080947876,21.908203125,0.575927734375,23.5164794921875
seed-42,train,2800,9683.214987362036,1.4526209720643237,-0.17476236820220947,0.6353840231895447,0.9842349290847778,-0.06304052472114563,0.7129273414611816,0.6498867869377136,0.75,38.47534942626953,1e-05,4.398970127105713,21.42578125,17.23620080947876,21.908203125,0.575927734375,23.5164794921875
seed-42,train,2810,9888.276205773,1.7818260981002823,0.23628848791122437,0.8874130249023438,0.7381836771965027,-0.2727729380130768,0.4038812518119812,0.13110828399658203,0.84375,50.08544921875,1e-05,4.4661455154418945,19.083984375,17.23620080947876,21.974609375,2.917724609375,23.5164794921875
seed-42,train,2820,9914.042409813032,1.4896052359836176,0.6321045756340027,0.2883373200893402,0.4921208620071411,0.0723375529050827,0.09788297861814499,0.1702205389738083,0.96875,30.037826538085938,1e-05,4.399773597717285,19.083984375,17.23620080947876,21.974609375,2.917724609375,23.5164794921875
seed-42,train,2830,9939.882095913985,3.6412842120043933,0.3961368799209595,0.3628860116004944,0.7381105422973633,-0.34915077686309814,0.25826379656791687,-0.09088699519634247,0.9375,80.16910552978516,1e-05,4.49220609664917,19.083984375,17.23620080947876,21.974609375,2.917724609375,23.5164794921875
seed-42,train,2840,9968.079223301029,2.033194311079569,0.27659857273101807,0.5214256048202515,0.9842128753662109,0.05490807071328163,0.36958616971969604,0.42449426651000977,0.8125,111.98226165771484,1e-05,4.4603681564331055,19.083984375,17.23620080947876,21.974609375,2.917724609375,23.5164794921875
seed-42,train,2850,9994.584736197023,2.131117235054262,0.24996352195739746,0.6663658618927002,0.49728265404701233,0.05461030453443527,0.409830242395401,0.46444055438041687,0.84375,60.25630569458008,1e-05,4.428426742553711,19.083984375,17.23620080947876,21.974609375,2.917724609375,23.5164794921875
seed-42,train,2860,10020.073948318022,2.340913712978363,-0.20787876844406128,1.3114616870880127,0.9842312335968018,-0.14069929718971252,0.8302128314971924,0.6895135641098022,0.78125,132.3236846923828,1e-05,4.412731647491455,19.083984375,17.23620080947876,21.974609375,2.917724609375,23.5164794921875
seed-42,train,2870,10049.54589831899,4.748308841022663,-0.1697285771369934,0.9293065071105957,0.9842439293861389,-0.6318666338920593,0.7269687056541443,0.09510206431150436,0.71875,99.04624938964844,1e-05,4.422091484069824,19.083984375,17.23620080947876,21.974609375,2.917724609375,23.5164794921875
seed-42,train,2880,10077.33416429197,2.5748173140455037,-0.5397549867630005,1.8359730243682861,0.492123544216156,0.22508341073989868,2.2378182411193848,2.4629015922546387,0.71875,91.60476684570312,1e-05,4.4275288581848145,19.103515625,17.23620080947876,21.974609375,2.898193359375,23.5164794921875
seed-42,train,2890,10105.930859138025,2.8179756280733272,0.35010969638824463,0.8223710060119629,0.7381815314292908,0.044439226388931274,0.3267458379268646,0.3711850643157959,0.90625,186.74876403808594,1e-05,4.4407548904418945,19.103515625,17.23620080947876,21.974609375,2.898193359375,23.5164794921875
seed-42,train,2900,10137.141539814998,1.872919769026339,-0.053864747285842896,1.155146837234497,0.9839298725128174,0.33106139302253723,0.6603058576583862,0.9913672208786011,0.84375,218.234619140625,1e-05,4.4320807456970215,19.103515625,17.23620080947876,21.974609375,2.898193359375,23.5164794921875
seed-42,train,2910,10166.920364185004,3.294596228050068,0.27232906222343445,0.9281983971595764,0.49728256464004517,0.01623738370835781,0.4075965881347656,0.4238339960575104,0.875,121.17716979980469,1e-05,4.475201606750488,19.103515625,17.23620080947876,21.974609375,2.898193359375,23.5164794921875
seed-42,train,2920,10197.098723008996,3.857124035945162,0.2283225655555725,0.37751805782318115,0.9842264652252197,-0.7410731315612793,0.4051353335380554,-0.3359377980232239,0.90625,107.70662689208984,1e-05,4.428771495819092,19.103515625,17.23620080947876,21.974609375,2.898193359375,23.5164794921875
seed-42,train,2930,10225.257119975053,1.5562112659681588,0.10566125810146332,1.077528715133667,0.7381800413131714,-0.18379341065883636,0.7422226667404175,0.5584292411804199,0.875,278.9392395019531,1e-05,4.435141086578369,19.10546875,17.23620080947876,21.974609375,2.896240234375,23.5164794921875
seed-42,train,2940,10257.931274513016,2.6361017959425226,0.20129764080047607,0.4346332550048828,0.7454099059104919,-0.26242589950561523,0.4086783528327942,0.14625246822834015,0.8125,29.069929122924805,1e-05,4.464074611663818,19.10546875,17.23620080947876,21.974609375,2.896240234375,23.5164794921875
seed-42,train,2950,10278.617003249004,1.876674046041444,0.033779531717300415,1.354135274887085,0.9341266751289368,-0.046640701591968536,0.6522806882858276,0.6056400537490845,0.875,141.79884338378906,1e-05,4.445548057556152,19.10546875,17.23620080947876,21.974609375,2.896240234375,23.5164794921875
seed-42,train,2960,10304.97210098803,1.5795036400668323,0.4294726252555847,0.5123008489608765,0.7381809949874878,-0.3100622892379761,0.23667776584625244,-0.07338451594114304,0.9375,36.27314758300781,1e-05,4.400862216949463,19.10546875,17.23620080947876,21.974609375,2.896240234375,23.5164794921875
seed-42,train,2970,10330.696352413972,1.9621502120280638,0.4625217914581299,0.1802772879600525,0.738172709941864,0.18703243136405945,0.23538044095039368,0.4224129021167755,0.875,42.94426727294922,1e-05,4.404764175415039,19.10546875,17.23620080947876,21.974609375,2.896240234375,23.5164794921875
seed-42,train,2980,10363.745314680971,2.620650304015726,0.3542190194129944,0.6190006732940674,0.73817378282547,0.2901744246482849,0.31594711542129517,0.6061215400695801,0.84375,41.620140075683594,1e-05,4.430220127105713,19.10546875,17.23620080947876,21.974609375,2.896240234375,23.5164794921875
seed-42,train,2990,10388.623024270055,1.6210350200999528,0.11643271893262863,0.8707771301269531,0.743342399597168,-0.002576693892478943,0.4958048462867737,0.49322813749313354,0.75,30.913700103759766,1e-05,4.399313926696777,19.10546875,17.23620080947876,21.974609375,2.896240234375,23.5164794921875
seed-42,train,3000,10414.786359198042,1.6579953290056437,-0.2523306906223297,1.4021645784378052,0.9842429757118225,-0.2448323369026184,0.8179267644882202,0.5730944275856018,0.6875,54.194496154785156,1e-05,4.400811672210693,19.10546875,17.23620080947876,21.974609375,2.896240234375,23.5164794921875
seed-42,train,3010,10447.190421347972,2.7986084109870717,0.03862766921520233,0.5909797549247742,0.8541592359542847,0.04493389651179314,0.5502535700798035,0.5951874852180481,0.8125,52.58330154418945,1e-05,4.400147914886475,19.10546875,17.23620080947876,21.974609375,2.896240234375,23.5164794921875
seed-42,train,3020,10472.946405083989,3.8909931409871206,-0.7641060948371887,1.095361351966858,0.9842440485954285,-0.12075090408325195,1.2317187786102295,1.1109678745269775,0.53125,115.0536117553711,1e-05,4.426290035247803,19.10546875,17.23620080947876,21.974609375,2.896240234375,23.5164794921875
seed-42,train,3030,10498.933560092002,2.995919527951628,0.04225680232048035,0.4142291247844696,0.6832787990570068,-0.22854986786842346,0.5579755306243896,0.3294256329536438,0.8125,62.66535949707031,1e-05,4.440139293670654,19.10546875,17.23620080947876,21.974609375,2.896240234375,23.5164794921875
seed-42,train,3040,10526.659205529955,2.2178734170738608,0.75,0.0,0.0,-0.0,0.0,0.0,1.0,1.0074409750870927e-08,1e-05,4.476634502410889,19.10546875,17.23620080947876,21.974609375,2.896240234375,23.5164794921875
seed-42,train,3050,10566.192952655954,4.645827787928283,-0.3539777100086212,0.9483906030654907,0.7381791472434998,0.32977235317230225,0.9024430513381958,1.232215404510498,0.78125,84.93694305419922,1e-05,4.458409786224365,19.10546875,17.23620080947876,21.974609375,2.896240234375,23.5164794921875
seed-42,train,3060,10599.012978340033,2.8895441849017516,-0.45219749212265015,1.5100399255752563,0.9842445254325867,0.24719591438770294,0.9647577404975891,1.2119536399841309,0.71875,125.99208068847656,1e-05,4.431063652038574,19.10546875,17.23620080947876,21.974609375,2.896240234375,23.5164794921875
seed-42,train,3070,10624.415391638991,1.8854159999173135,0.22062861919403076,0.5602594017982483,0.7381821870803833,0.0009615421295166016,0.4251764416694641,0.4261379837989807,0.875,39.13885498046875,1e-05,4.4067888259887695,19.10546875,17.23620080947876,21.974609375,2.896240234375,23.5164794921875
seed-42,train,3080,10650.751833916991,3.095627481932752,-0.03983801603317261,0.5687780380249023,0.7381821870803833,-0.22162553668022156,0.6101831793785095,0.3885576128959656,0.75,21.2346134185791,1e-05,4.440602779388428,19.10546875,17.23620080947876,21.974609375,2.896240234375,23.5164794921875
seed-42,train,3090,10678.651534494013,2.10898410808295,0.31265348196029663,0.4193078875541687,0.6968818306922913,-0.1684197187423706,0.3508950471878052,0.18247535824775696,0.9375,109.38552856445312,1e-05,4.475072383880615,19.10546875,17.23620080947876,21.974609375,2.896240234375,23.5164794921875
seed-42,train,3100,10704.011520992033,4.73071253800299,-0.3327336311340332,0.5775682926177979,0.49728333950042725,-0.08986293524503708,0.8540182113647461,0.7641552686691284,0.71875,25.9150333404541,1e-05,4.440250873565674,19.10546875,17.23620080947876,21.974609375,2.896240234375,23.5164794921875
seed-42,train,3110,10738.405211286037,7.236870124004781,0.38004231452941895,0.5929169654846191,0.7381834983825684,0.0009631961584091187,0.2933197319507599,0.2942829132080078,0.90625,51.835140228271484,1e-05,4.518640995025635,19.10546875,17.23620080947876,21.974609375,2.896240234375,23.5164794921875
seed-42,train,3120,10773.028753808001,3.5075836189789698,0.4936128258705139,0.1257728636264801,0.49175140261650085,-0.16690349578857422,0.19305597245693207,0.026152491569519043,0.875,32.83224105834961,1e-05,4.399578094482422,19.10546875,17.23620080947876,21.974609375,2.896240234375,23.5164794921875
seed-42,train,3130,10800.821395533043,2.200236018979922,0.32782799005508423,0.5811669826507568,0.7322856783866882,-0.341529905796051,0.3388432264328003,-0.0026866793632507324,0.875,122.41915130615234,1e-05,4.445335388183594,19.10546875,17.23620080947876,21.974609375,2.896240234375,23.5164794921875
seed-42,train,3140,10829.789014709066,1.759351655957289,0.2805693745613098,0.9610302448272705,0.49211880564689636,0.08977216482162476,0.8938642740249634,0.9836364388465881,0.90625,106.77275085449219,1e-05,4.478462219238281,19.10546875,17.23620080947876,21.974609375,2.896240234375,23.5164794921875
seed-42,train,3150,10859.705713519012,2.9003302280325443,-0.18169571459293365,1.009263515472412,0.9842459559440613,-0.47598281502723694,0.7455570697784424,0.2695743143558502,0.6875,70.85111236572266,1e-05,4.445188999176025,19.10546875,17.23620080947876,21.974609375,2.896240234375,23.5164794921875
seed-42,train,3160,10884.114352090051,1.8153112360741943,-0.04248689115047455,0.8163782358169556,0.9842406511306763,-0.004889935255050659,0.6283791065216064,0.6234891414642334,0.75,81.39725494384766,1e-05,4.412283897399902,19.10546875,17.23620080947876,21.974609375,2.896240234375,23.5164794921875
seed-42,train,3170,10913.014656097977,2.440769194974564,0.27808210253715515,0.6221954822540283,0.7381696701049805,-0.3909987509250641,0.3516436219215393,-0.039355143904685974,0.84375,149.09019470214844,1e-05,4.468900680541992,19.10546875,17.23620080947876,21.974609375,2.896240234375,23.5164794921875
seed-42,train,3180,10950.022875405033,3.2424874680582434,0.4118722379207611,0.3701881170272827,0.7381830215454102,-0.1600271612405777,0.23896756768226624,0.07894040644168854,0.84375,33.72615432739258,1e-05,4.437501430511475,19.10546875,17.23620080947876,21.974609375,2.896240234375,23.5164794921875
seed-42,train,3190,10978.53081655805,3.6890534759731963,-0.014611475169658661,1.1572781801223755,0.984243631362915,-0.16177822649478912,0.6007285714149475,0.4389503300189972,0.78125,94.84839630126953,1e-05,4.424680233001709,19.10546875,17.23620080947876,21.974609375,2.896240234375,23.5164794921875
seed-42,train,3200,11009.124691637,1.6396825560368598,0.5742524862289429,0.2715167999267578,0.49210524559020996,0.1065024808049202,0.14424824714660645,0.25075072050094604,0.9375,29.042863845825195,1e-05,4.443441867828369,19.10546875,17.23620080947876,21.974609375,2.896240234375,23.5164794921875
seed-42,train,3210,11208.32554583205,2.791080193943344,0.24369168281555176,0.27203717827796936,0.4993504583835602,-0.020480526611208916,0.3903101682662964,0.3698296546936035,0.84375,15.816637992858887,1e-05,4.535229206085205,18.75390625,17.23620080947876,21.974609375,3.247802734375,23.5164794921875
seed-42,train,3220,11232.806224272004,2.670989326084964,-0.18491321802139282,0.9268118143081665,0.9842457175254822,0.012847191654145718,0.7297571897506714,0.7426043748855591,0.71875,79.80143737792969,1e-05,4.444812297821045,18.7734375,17.23620080947876,21.974609375,3.228271484375,23.5164794921875
seed-42,train,3230,11259.242040678044,3.4231806099414825,-0.17572279274463654,1.481256127357483,0.7381844520568848,-0.013229461386799812,1.3448622226715088,1.3316327333450317,0.75,37.38242721557617,1e-05,4.478407382965088,18.7734375,17.23620080947876,21.974609375,3.228271484375,23.5164794921875
seed-42,train,3240,11290.902773829992,1.6837655479321256,0.09048232436180115,0.973423421382904,0.7381837964057922,-0.05003217235207558,0.5378299355506897,0.48779773712158203,0.78125,38.33931350708008,1e-05,4.43457555770874,18.7734375,17.23620080947876,21.974609375,3.228271484375,23.5164794921875
seed-42,train,3250,11325.629135372,2.1817221050150692,0.18969731032848358,0.6738879680633545,0.7381823062896729,-0.1552133709192276,0.41379961371421814,0.25858622789382935,0.84375,26.251585006713867,1e-05,4.397339820861816,18.7734375,17.23620080947876,21.974609375,3.228271484375,23.5164794921875
seed-42,train,3260,11355.755385035998,4.1247553520370275,0.17609892785549164,0.8942915201187134,0.9842265248298645,0.08737218379974365,0.47136226296424866,0.5587344169616699,0.875,135.46249389648438,1e-05,4.434624671936035,18.7734375,17.23620080947876,21.974609375,3.228271484375,23.5164794921875
seed-42,train,3270,11384.848284246982,1.6174995889887214,0.14651250839233398,0.512071430683136,0.9842076301574707,-0.2863462567329407,0.47261035442352295,0.18626408278942108,0.78125,37.21404266357422,1e-05,4.416424751281738,18.79296875,17.23620080947876,21.974609375,3.208740234375,23.5164794921875
seed-42,train,3280,11419.356471783016,2.0548538010334596,0.4530809819698334,0.5891929268836975,0.9842259883880615,-0.37164971232414246,0.2416614294052124,-0.12998828291893005,0.9375,138.83326721191406,1e-05,4.426441669464111,18.79296875,17.23620080947876,21.974609375,3.208740234375,23.5164794921875
seed-42,train,3290,11451.91554649605,1.8010396070312709,0.23534807562828064,0.4876893162727356,0.4921194016933441,-0.10262542217969894,0.39720606803894043,0.2945806384086609,0.875,21.40196418762207,1e-05,4.436538219451904,18.79296875,17.23620080947876,21.974609375,3.208740234375,23.5164794921875
seed-42,train,3300,11474.752731319983,1.5048366260016337,-0.04157540947198868,1.312788963317871,0.5281891822814941,-0.19264502823352814,0.7751302719116211,0.5824852585792542,0.78125,30.30772590637207,1e-05,4.40274715423584,18.79296875,17.23620080947876,21.974609375,3.208740234375,23.5164794921875
seed-42,train,3310,11507.691299683996,1.9953096230747178,0.5233016610145569,0.2149171531200409,0.49207544326782227,0.047477103769779205,0.17744678258895874,0.22492387890815735,0.90625,74.00470733642578,1e-05,4.4429450035095215,18.79296875,17.23620080947876,21.974609375,3.208740234375,23.5164794921875
seed-42,train,3320,11534.219646948972,1.8717618490336463,-0.18681758642196655,1.0131474733352661,0.984243631362915,0.0556023046374321,0.7410963177680969,0.7966986894607544,0.6875,37.43376541137695,1e-05,4.438872337341309,18.79296875,17.23620080947876,21.974609375,3.208740234375,23.5164794921875
seed-42,train,3330,11561.568885790999,2.4381467059720308,0.2554819881916046,0.7265145182609558,0.4993608593940735,0.12340304255485535,0.4047846794128418,0.5281877517700195,0.84375,74.97193145751953,1e-05,4.441680908203125,18.79296875,17.23620080947876,21.974609375,3.208740234375,23.5164794921875
seed-42,train,3340,11589.741532754037,1.5222553410567343,0.5213271379470825,0.2665150761604309,0.984218418598175,0.024823278188705444,0.18818476796150208,0.2130080610513687,0.96875,33.09260940551758,1e-05,4.4036078453063965,18.79296875,17.23620080947876,21.974609375,3.208740234375,23.5164794921875
seed-42,train,3350,11618.74718528497,2.5925220120698214,0.10485587269067764,0.8240121006965637,0.7381818294525146,0.040892329066991806,0.5096720457077026,0.5505644083023071,0.8125,22.53658103942871,1e-05,4.434990882873535,18.79296875,17.23620080947876,21.974609375,3.208740234375,23.5164794921875
seed-42,train,3360,11642.97654374002,2.4099424179876223,0.3157997727394104,0.48877814412117004,0.7381319403648376,-0.018033012747764587,0.33974045515060425,0.3217073976993561,0.90625,40.24547576904297,1e-05,4.40458345413208,18.79296875,17.23620080947876,21.974609375,3.208740234375,23.5164794921875
seed-42,train,3370,11674.666921238997,3.378395257052034,-0.1864515244960785,0.5320554971694946,0.5387961864471436,-0.016789015382528305,0.7738724946975708,0.7570834159851074,0.75,24.62774085998535,1e-05,4.470400810241699,18.79296875,17.23620080947876,21.974609375,3.208740234375,23.5164794921875
seed-42,train,3380,11708.504319358035,4.322146069025621,-0.17262166738510132,1.4180461168289185,0.9842409491539001,-0.16976001858711243,0.7479994297027588,0.5782393217086792,0.71875,39.01299285888672,1e-05,4.4523024559021,18.79296875,17.23620080947876,21.974609375,3.208740234375,23.5164794921875
seed-42,train,3390,11736.066064323997,1.5994447519769892,0.40030279755592346,0.6072266101837158,0.7381826043128967,-0.22144314646720886,0.26562950015068054,0.044186368584632874,0.9375,39.54523849487305,1e-05,4.439479827880859,18.79296875,17.23620080947876,21.974609375,3.208740234375,23.5164794921875
seed-42,train,3400,11769.404307513963,3.3261035709874704,-0.1349736452102661,1.5429072380065918,0.9822126030921936,0.08924165368080139,0.7875000238418579,0.8767416477203369,0.84375,94.0914535522461,1e-05,4.397355079650879,18.79296875,17.23620080947876,21.974609375,3.208740234375,23.5164794921875
seed-42,train,3410,11800.713714731974,2.1550909760408103,0.062215182930231094,1.368825912475586,0.7381582260131836,-0.16283422708511353,0.9181873202323914,0.7553530931472778,0.84375,111.395751953125,1e-05,4.458359241485596,18.79296875,17.23620080947876,21.974609375,3.208740234375,23.5164794921875
seed-42,train,3420,11822.043269286049,2.8432809269288555,-0.4201258420944214,1.2964658737182617,0.9842440485954285,0.027171719819307327,0.959153950214386,0.9863256216049194,0.6875,55.30982208251953,1e-05,4.465541362762451,18.79296875,17.23620080947876,21.974609375,3.208740234375,23.5164794921875
seed-42,train,3430,11850.672765374999,4.543184834066778,-0.5773218870162964,0.7428382039070129,0.9842463135719299,-0.17344032227993011,1.0729312896728516,0.8994908928871155,0.59375,53.27770233154297,1e-05,4.398915767669678,18.79296875,17.23620080947876,21.974609375,3.208740234375,23.5164794921875
seed-42,train,3440,11885.561821411015,4.04745135398116,0.6787819862365723,0.09892402589321136,0.25617092847824097,0.028286434710025787,0.05868011713027954,0.08696655184030533,0.96875,22.239675521850586,1e-05,4.455404758453369,18.79296875,17.23620080947876,21.974609375,3.208740234375,23.5164794921875
seed-42,train,3450,11910.386129181017,2.640006411005743,0.04329735040664673,0.9146702289581299,0.7381695508956909,-0.3438107371330261,0.5621066093444824,0.2182958722114563,0.8125,111.16204833984375,1e-05,4.439050674438477,18.79296875,17.23620080947876,21.974609375,3.208740234375,23.5164794921875
seed-42,train,3460,11941.689095070004,3.8138834149576724,-0.7063301801681519,1.1693942546844482,0.9842450022697449,0.22009548544883728,1.179201364517212,1.399296760559082,0.59375,128.63143920898438,1e-05,4.478096008300781,18.79296875,17.23620080947876,21.974609375,3.208740234375,23.5164794921875
seed-42,train,3470,11968.255083507975,1.8396207569167018,0.3872891664505005,0.7020049691200256,0.7272564172744751,0.150584414601326,0.27588599920272827,0.42647039890289307,0.875,118.02851867675781,1e-05,4.456393241882324,18.79296875,17.23620080947876,21.974609375,3.208740234375,23.5164794921875
seed-42,train,3480,11988.992233961006,1.3420342889148742,0.6002923250198364,0.26354852318763733,0.7381083965301514,0.07208268344402313,0.12056876718997955,0.19265145063400269,0.96875,53.933441162109375,1e-05,4.403926849365234,18.79296875,17.23620080947876,21.974609375,3.208740234375,23.5164794921875
seed-42,train,3490,12017.606186334044,1.7854533210629597,-0.2715892791748047,2.091137409210205,0.7381646633148193,-0.6151527166366577,0.8883627653121948,0.2732101082801819,0.84375,106.569580078125,1e-05,4.42637300491333,18.79296875,17.23620080947876,21.974609375,3.208740234375,23.5164794921875
seed-42,train,3500,12043.071262756013,2.7600679339375347,-0.07574034482240677,1.3725744485855103,0.9842427968978882,0.13670754432678223,0.6666018962860107,0.803309440612793,0.78125,94.17322540283203,1e-05,4.4257893562316895,18.79296875,17.23620080947876,21.974609375,3.208740234375,23.5164794921875
seed-42,train,3510,12072.212655839976,4.280218029976822,-0.9362963438034058,1.3412750959396362,0.9842461347579956,-0.46675390005111694,1.357128620147705,0.8903746604919434,0.46875,114.37041473388672,1e-05,4.522639274597168,18.79296875,17.23620080947876,21.974609375,3.208740234375,23.5164794921875
seed-42,train,3520,12101.049865236972,1.9457787700230256,0.6888525485992432,0.16216161847114563,0.24605730175971985,0.13709011673927307,0.05106280371546745,0.18815292418003082,0.96875,149.25579833984375,1e-05,4.399532794952393,18.79296875,17.23620080947876,21.974609375,3.208740234375,23.5164794921875
seed-42,train,3530,12128.522903676028,3.6648070419905707,-0.19741499423980713,0.33092066645622253,0.7372969388961792,-0.1840634047985077,0.7670156359672546,0.5829522609710693,0.71875,62.85603713989258,1e-05,4.535688400268555,18.79296875,17.23620080947876,21.974609375,3.208740234375,23.5164794921875
seed-42,train,3540,12153.467239566962,1.5306922000600025,-0.6171430349349976,1.5524110794067383,0.9842398762702942,-0.07882572710514069,1.1350281238555908,1.0562024116516113,0.8125,65.01861572265625,1e-05,4.420585632324219,18.79296875,17.23620080947876,21.974609375,3.208740234375,23.5164794921875
seed-42,train,3550,12177.578701587045,4.58320348802954,-0.01675720512866974,1.047355055809021,0.7381716966629028,-0.11265318095684052,0.6641988754272461,0.5515456795692444,0.84375,44.82653045654297,1e-05,4.4009552001953125,18.79296875,17.23620080947876,21.974609375,3.208740234375,23.5164794921875
seed-42,train,3560,12203.938142679981,1.7554946399759501,0.5942968130111694,0.20579475164413452,0.4921218752861023,-0.0791916698217392,0.13125641644001007,0.052064746618270874,0.96875,80.12334442138672,1e-05,4.422879219055176,18.79296875,17.23620080947876,21.974609375,3.208740234375,23.5164794921875
seed-42,train,3570,12237.728787890985,3.3423837879672647,-0.24630820751190186,0.8540101051330566,0.7381608486175537,-0.05213743448257446,0.8218319416046143,0.7696945667266846,0.71875,43.15707778930664,1e-05,4.448538303375244,18.79296875,17.23620080947876,21.974609375,3.208740234375,23.5164794921875
seed-42,train,3580,12272.90691429004,3.765359796001576,0.4056934714317322,0.5902226567268372,0.49212121963500977,0.16589225828647614,0.29316359758377075,0.4590558409690857,0.90625,83.6310043334961,1e-05,4.4436774253845215,18.79296875,17.23620080947876,21.974609375,3.208740234375,23.5164794921875
seed-42,train,3590,12306.494560374995,2.1589811170706525,-0.045197322964668274,1.3861520290374756,0.9813926815986633,-0.19544854760169983,0.6734353303909302,0.47798681259155273,0.84375,51.41880416870117,1e-05,4.448998928070068,18.79296875,17.23620080947876,21.974609375,3.208740234375,23.5164794921875
seed-42,train,3600,12344.588053222047,2.02916324196849,0.5214673280715942,0.42715349793434143,0.7432421445846558,0.024739068001508713,0.18427160382270813,0.20901067554950714,0.9375,154.16746520996094,1e-05,4.409916877746582,18.79296875,17.23620080947876,21.974609375,3.208740234375,23.5164794921875
