unix_time,board_vram_bytes,gpu_busy_percent,power_microwatts,temperature_millidegrees,rss_bytes
1790304398.6597016,21764505600,98,237064000,55000,12566544384
1790304399.7257097,21764505600,0,72954000,54000,12567044096
1790304400.7269208,21871460352,0,81051000,54000,13226246144
1790304401.7278311,21884043264,50,101139000,52000,14050820096
1790304402.7284973,21917597696,51,190342000,63000,14390460416
1790304403.7290685,21919694848,31,310491000,63000,14395809792
1790304404.7301788,21986803712,80,360636000,65000,14510379008
1790304405.7308059,21986803712,100,391681000,64000,14513684480
1790304406.7318823,21986803712,100,304914000,65000,14516457472
1790304407.7325654,22028746752,100,391784000,65000,14517182464
1790304408.7331984,22049718272,94,391811000,67000,14518640640
1790304409.733744,22049718272,95,316951000,64000,14524403712
1790304410.7347257,22049718272,100,369456000,66000,14525083648
1790304411.7371922,22049718272,86,390698000,67000,14527832064
1790304412.7377045,22049718272,100,395985000,66000,14528421888
1790304413.7384186,22056009728,99,376219000,65000,14531387392
1790304414.7389472,22056009728,100,372976000,65000,14531616768
1790304415.7395,22056009728,98,373975000,67000,14537551872
1790304416.7401245,22056009728,100,330447000,63000,14541479936
1790304417.7409132,22056009728,76,312460000,60000,14609494016
1790304418.741514,22060204032,50,298255000,67000,14746431488
1790304419.7423666,22060204032,87,389423000,68000,14748495872
1790304420.7428727,22060204032,95,394902000,67000,14750388224
1790304421.7433758,22060204032,99,366096000,67000,14753509376
1790304422.7438133,22060204032,100,351871000,67000,14753509376
1790304423.7443635,22060204032,100,376186000,68000,14756532224
1790304424.7450402,22060204032,100,388291000,69000,14758195200
1790304425.745747,22060204032,28,330196000,68000,14759698432
1790304426.7466686,22060204032,31,323097000,62000,14762864640
1790304427.7472854,22060204032,0,220707000,62000,14774816768
1790304428.750431,22060204032,29,146958000,56000,14778212352
1790304429.7513523,22060204032,27,204164000,67000,14780399616
1790304431.2509003,22060204032,0,172325000,56000,14780743680
1790304432.2515686,22060204032,0,122897000,55000,14786551808
1790304433.2524045,22060204032,74,90268000,56000,14789320704
1790304434.253031,22060204032,0,111707000,54000,14813220864
1790304435.2553356,22060204032,0,89574000,54000,14813224960
1790304436.2557557,22060204032,0,72561000,53000,14813224960
1790304437.2563696,22060204032,0,65147000,52000,14832009216
1790304438.2569551,22060204032,0,57504000,52000,14833070080
1790304439.2576003,22525771776,58,69442000,52000,14833070080
1790304440.2581837,22525771776,0,58486000,51000,14833070080
1790304441.2586854,22525771776,0,93639000,51000,14836346880
1790304442.2591295,22525771776,0,145768000,58000,14836445184
1790304443.2596297,22525771776,51,139374000,59000,14838513664
1790304444.260141,22525771776,86,167502000,54000,14838460416
1790304445.2608688,22525771776,0,117574000,51000,14842560512
1790304446.2817428,22525771776,0,126906000,51000,14842548224
1790304447.2826061,22525771776,0,108655000,51000,14849511424
1790304448.2831304,22525771776,0,72576000,53000,14849503232
1790304449.2836993,22525771776,68,105449000,51000,14849519616
1790304450.2845645,22525771776,0,91182000,50000,14849466368
1790304451.285069,22525771776,45,305050000,55000,14849507328
1790304452.2856624,22525771776,45,113381000,55000,14849507328
1790304453.2862206,22525771776,85,255086000,59000,14849511424
1790304454.2898307,22525771776,29,233039000,55000,14904537088
1790304455.3064175,22525771776,100,238329000,61000,14849474560
1790304456.306989,22525771776,1,287923000,52000,14851686400
1790304457.3080037,22525771776,0,71205000,52000,14855921664
1790304458.3086421,22525771776,23,119895000,51000,14872604672
1790304459.3092654,22525771776,0,86716000,50000,14872604672
1790304460.3096888,22525771776,0,66902000,49000,14872604672
1790304461.3102987,22525771776,0,61191000,48000,14882631680
1790304462.3108528,22525771776,0,55270000,48000,14882631680
1790304463.3114347,22527868928,58,71255000,48000,14882627584
1790304464.312001,22527868928,5,55763000,49000,14882631680
1790304465.31254,22527868928,100,206336000,59000,14882594816
1790304466.3131518,22527868928,100,364378000,60000,14882594816
1790304467.314388,22527868928,100,377519000,62000,14882594816
1790304468.315045,22527868928,0,245376000,50000,14882615296
1790304469.3162336,22527868928,55,270561000,53000,14882705408
1790304470.3171535,22527868928,0,189379000,51000,14882758656
1790304471.3177912,22527868928,0,214493000,51000,14882803712
1790304472.3185847,22527868928,0,179604000,51000,14882840576
1790304473.3307087,22527868928,0,73193000,49000,14882848768
1790304474.3313665,22527868928,1,240554000,52000,14882873344
1790304475.3319125,22527868928,0,71456000,49000,14882836480
1790304476.3324227,22527868928,0,101419000,49000,14883815424
1790304477.3330255,22527868928,0,85707000,49000,14894612480
1790304478.3334653,22527868928,0,85623000,49000,14894612480
1790304479.3340268,22527868928,0,68089000,48000,14897680384
1790304480.334589,22527868928,0,61349000,47000,14904819712
1790304481.3352077,22544646144,0,54844000,47000,14904868864
1790304482.3436427,22544646144,0,69085000,47000,14898130944
1790304483.34428,22544646144,0,109069000,48000,14898126848
1790304484.3448431,22544646144,0,120847000,49000,14898147328
1790304485.3459287,22544646144,0,121843000,47000,14898257920
1790304486.3465059,22544646144,66,105713000,48000,14898216960
1790304487.3470795,22544646144,0,129883000,47000,14902173696
1790304488.347603,22544646144,51,101275000,47000,14912217088
1790304489.3483665,22544646144,0,77641000,46000,14918184960
1790304490.453053,22544646144,83,64227000,47000,14918184960
1790304491.4536622,22544646144,0,128655000,48000,14919995392
1790304492.4541817,22544646144,30,102795000,49000,14919995392
1790304493.454733,22544646144,0,135341000,46000,14920081408
1790304494.455337,22544646144,36,149132000,47000,14920204288
1790304495.4558532,22544646144,23,155657000,48000,14921846784
1790304496.4563324,22544646144,0,127035000,47000,14921789440
1790304497.456816,22544646144,56,162166000,48000,14921871360
1790304498.4989426,22544646144,48,123962000,54000,14921908224
1790304499.499697,22544646144,0,157767000,47000,14927392768
1790304500.5002816,22544646144,0,97591000,46000,14927437824
1790304501.5010006,22544646144,0,123026000,46000,14934503424
1790304502.501736,22544646144,0,91947000,46000,14942298112
1790304503.502198,22544646144,0,99319000,46000,14942248960
1790304504.5026758,22544646144,0,93759000,46000,14942302208
1790304505.5032015,22544646144,100,184530000,56000,14942265344
1790304506.5045242,22544646144,0,310054000,48000,14942285824
1790304507.5052042,22544646144,7,266288000,49000,14942298112
1790304508.5058124,22544646144,89,204237000,58000,15009640448
1790304509.5064585,22544646144,42,198037000,55000,15009906688
1790304510.5072794,22544646144,0,260383000,48000,15010967552
1790304511.507894,22544646144,0,120079000,47000,15013023744
1790304512.5087912,22544646144,87,265300000,58000,15013031936
1790304513.5098414,22544646144,91,382630000,60000,15013036032
1790304514.510546,22544646144,0,274199000,49000,15013998592
1790304515.5112877,22544646144,75,203450000,57000,15014756352
1790304516.5118656,22546743296,100,239548000,60000,15015424000
1790304517.5127668,22546743296,100,198973000,59000,15016779776
1790304518.5134234,22546743296,0,269509000,49000,15018471424
1790304519.514034,22546743296,22,223753000,56000,15019216896
1790304520.5148005,22546743296,100,355861000,60000,15019909120
1790304521.515529,22546743296,0,140996000,49000,15027650560
1790304522.516437,22546743296,46,90569000,50000,15032848384
1790304523.5171263,22546743296,0,97213000,48000,15046053888
1790304524.5177023,22546743296,0,85733000,47000,15046053888
1790304525.5183332,22546743296,0,68522000,47000,15049506816
1790304526.5189779,22546743296,0,61370000,46000,15056699392
1790304527.5196407,22546743296,0,54283000,46000,15056703488
1790304528.5326583,22546743296,0,69022000,46000,15056687104
1790304529.5334542,22546743296,85,120716000,51000,15056678912
1790304530.5340538,22546743296,100,363232000,58000,15056678912
1790304531.5347526,22546743296,0,254459000,48000,15056695296
1790304532.535891,22546743296,8,112619000,50000,15056703488
1790304533.5365407,22546743296,0,252801000,49000,15056740352
1790304534.5371566,22546743296,74,203985000,55000,15056715776
1790304535.5377378,22546743296,91,288800000,56000,15056723968
1790304536.5384977,22546743296,0,316192000,50000,15057539072
1790304537.539304,22546743296,0,86026000,49000,15057539072
1790304538.5401938,22546743296,0,100922000,48000,15067987968
1790304539.5408561,22546743296,0,85216000,47000,15067987968
1790304540.5415547,22546743296,0,68958000,46000,15067987968
1790304541.5421884,22546743296,0,61755000,46000,15081897984
1790304542.5433383,22546743296,0,54919000,45000,15081865216
1790304543.5442135,22546743296,0,70829000,46000,15081906176
1790304544.5595293,22546743296,0,111477000,47000,15081914368
1790304545.5602381,22546743296,79,143546000,49000,15081938944
1790304546.5608354,22546743296,0,122819000,46000,15081947136
1790304547.5615525,22546743296,0,132558000,47000,15081975808
1790304548.562278,22546743296,77,122270000,46000,15083184128
1790304549.5630016,22546743296,0,103059000,50000,15083192320
1790304550.563604,22546743296,52,111943000,48000,15083200512
1790304551.5644062,22546743296,0,91255000,45000,15090130944
1790304552.5670602,22546743296,0,95382000,45000,15090139136
1790304553.6339362,22546743296,0,92784000,45000,15090122752
1790304554.6345537,22546743296,0,80420000,45000,15090147328
1790304555.6351576,22546743296,100,286763000,55000,15090102272
1790304556.6358745,22546743296,100,364366000,58000,15090143232
1790304557.6367967,22546743296,0,173566000,56000,15090114560
1790304558.637269,22546743296,100,357901000,56000,15090114560
1790304559.637924,22546743296,92,253696000,48000,15090151424
1790304560.6385543,22546743296,100,211589000,49000,15090147328
1790304561.6391664,22546743296,77,189191000,51000,15090155520
1790304562.6400833,22546743296,100,276557000,59000,15090122752
1790304563.6415927,22546743296,100,389126000,60000,15090122752
1790304564.6422083,22546743296,100,352765000,53000,15090221056
1790304565.643214,22546743296,0,179537000,58000,15090188288
1790304566.6439404,22546743296,100,364777000,59000,15090188288
1790304567.6447515,22546743296,30,260369000,57000,15090188288
1790304568.6458652,22546743296,98,314206000,54000,15090278400
1790304569.64655,22546743296,78,198015000,50000,15090692096
1790304570.6474595,22546743296,75,222374000,58000,15091314688
1790304571.6482055,22546743296,0,204435000,55000,15092195328
1790304572.6488307,22546743296,100,283060000,50000,15092506624
1790304573.6498015,22546743296,100,224144000,59000,15093096448
1790304574.6504686,22546743296,100,339526000,52000,15093596160
1790304575.6512973,22546743296,0,154456000,51000,15094468608
1790304576.6519294,22546743296,100,286504000,52000,15095025664
1790304577.652691,22546743296,0,70944000,49000,15101071360
1790304578.6533864,22546743296,0,102820000,49000,15101038592
1790304579.6542382,22546743296,0,86742000,48000,15122890752
1790304580.6549542,22546743296,0,86746000,48000,15122890752
1790304581.6558106,22546743296,0,65441000,47000,15122894848
1790304582.656515,22546743296,0,60004000,47000,15122894848
1790304583.6678114,22557229056,0,55041000,46000,15122857984
1790304584.668681,22557229056,0,70299000,47000,15122894848
1790304585.6694832,22557229056,41,114702000,49000,15122886656
1790304586.6704457,22557229056,0,186650000,56000,15122857984
1790304587.6710336,22557229056,100,367684000,59000,15122857984
1790304588.6718593,22557229056,100,373696000,61000,15122890752
1790304589.672687,22557229056,100,180130000,49000,15122862080
1790304590.6735063,22557229056,100,329369000,60000,15122866176
1790304591.6741333,22557229056,100,324739000,55000,15122894848
1790304592.6747994,22557229056,0,119481000,48000,15124238336
1790304593.6753883,22557229056,80,189659000,51000,15124230144
1790304594.676648,22557229056,87,165688000,49000,15124197376
1790304595.6772501,22557229056,17,155008000,49000,15124213760
1790304596.678048,22557229056,0,102315000,48000,15128326144
1790304597.6788378,22557229056,0,117712000,50000,15137255424
1790304598.6796288,22557229056,0,86062000,47000,15139221504
1790304599.6803658,22557229056,0,68040000,46000,15139225600
1790304600.6811779,22557229056,0,97946000,47000,15139225600
1790304601.6819432,22557229056,100,208384000,48000,15140417536
1790304602.6827774,22557229056,0,87068000,47000,15140405248
1790304603.6836414,22557229056,0,101263000,47000,15160446976
1790304604.6843386,22557229056,0,85889000,46000,15160446976
1790304605.6847243,22557229056,0,69790000,46000,15160446976
1790304606.6854033,22557229056,0,62330000,45000,15162023936
1790304607.6860738,22557229056,0,54965000,45000,15162023936
1790304608.6870005,22557229056,0,70543000,45000,15162023936
1790304609.6877365,22557229056,0,86219000,46000,15162019840
1790304610.688473,22557229056,0,130702000,53000,15162036224
1790304611.7056003,22557229056,13,176740000,47000,15162060800
1790304612.7065456,22557229056,0,123158000,46000,15162032128
1790304613.7072468,22557229056,0,149524000,50000,15162097664
1790304614.7083704,22557229056,0,119759000,46000,15162163200
1790304615.7093043,22557229056,49,122002000,51000,15162183680
1790304616.7106524,22557229056,0,104521000,45000,15169605632
1790304617.7115023,22557229056,0,99360000,47000,15169605632
1790304618.7121565,22557229056,0,94094000,45000,15169609728
1790304619.713043,22557229056,2,137185000,51000,15169564672
1790304620.7144954,22557229056,100,351099000,55000,15169581056
1790304621.7152736,22557229056,86,350313000,53000,15169622016
1790304622.7166803,22557229056,21,145631000,47000,15169593344
1790304623.7187676,22557229056,85,199699000,46000,15169605632
1790304624.7197888,22557229056,0,188185000,46000,15169609728
1790304625.7208498,22557229056,100,356742000,59000,15171710976
1790304626.7217283,22557229056,36,330441000,59000,15171710976
1790304627.722622,22557229056,84,350599000,60000,15171719168
1790304628.7233386,22557229056,100,369572000,57000,15171723264
1790304629.7239969,22557229056,100,347514000,58000,15171723264
1790304630.724966,22557229056,91,306621000,50000,15171719168
1790304631.7257383,22557229056,5,174406000,49000,15172595712
1790304632.7265632,22557229056,0,78444000,48000,15175016448
1790304633.7271624,22557229056,100,297991000,51000,15175069696
1790304634.727876,22557229056,76,165535000,54000,15175077888
1790304635.7288518,22557229056,71,208074000,50000,15175675904
1790304636.7296674,22557229056,100,257071000,57000,15175684096
1790304637.7305608,22557229056,100,251304000,49000,15179907072
1790304638.733869,22557229056,0,84161000,50000,15181107200
1790304639.7347267,22557229056,94,119121000,48000,15189782528
1790304640.735497,22557229056,0,86555000,47000,15189782528
1790304641.7361777,22557229056,0,69620000,46000,15189782528
1790304642.7368538,22557229056,0,62221000,46000,15209414656
1790304643.7376256,22557229056,0,54857000,45000,15209414656
1790304644.738569,22559326208,0,73643000,46000,15209422848
1790304645.739308,22559326208,0,87062000,46000,15209385984
1790304646.7400215,22559326208,0,101272000,46000,15209549824
1790304647.740779,22559326208,100,294998000,56000,15209549824
1790304648.7422316,22559326208,100,328795000,49000,15209566208
1790304649.9302883,22559326208,92,201353000,47000,15209566208
1790304650.9309776,22559326208,83,237051000,60000,15209566208
1790304651.931605,22559326208,100,303843000,48000,15209603072
1790304652.9322982,22559326208,0,85909000,47000,15209594880
1790304653.9332008,22559326208,0,100741000,47000,15218450432
1790304654.933742,22559326208,0,85595000,46000,15218450432
1790304655.934615,22559326208,0,68565000,45000,15218450432
1790304656.9353037,22559326208,0,61677000,45000,15218450432
1790304657.9359417,22559326208,0,54991000,45000,15218450432
1790304658.9366233,22559326208,0,66989000,45000,15218450432
1790304659.937508,22559326208,0,68634000,45000,15218417664
1790304660.938468,22559326208,99,225432000,56000,15218425856
1790304661.9679801,22559326208,89,372362000,59000,15218425856
1790304662.968446,22559326208,68,324816000,58000,15218458624
1790304663.9691982,22559326208,5,278111000,57000,15218429952
1790304664.9700172,22559326208,100,383199000,58000,15218470912
1790304665.9706652,22559326208,3,209307000,47000,15218475008
1790304666.9711862,22559326208,0,86420000,47000,15218475008
1790304667.971904,22559326208,19,105067000,47000,15231602688
1790304668.9723551,22559326208,0,86290000,46000,15231602688
1790304669.972766,22559326208,0,64541000,45000,15231602688
1790304670.9735112,22559326208,0,59474000,45000,15232065536
1790304671.9743068,22559326208,0,55487000,44000,15232065536
1790304672.9749477,22571909120,0,69930000,45000,15232073728
1790304673.975455,22571909120,0,83709000,46000,15232036864
1790304674.976433,22571909120,99,113053000,51000,15232053248
1790304675.977009,22571909120,75,190249000,47000,15232102400
1790304676.9777167,22571909120,0,136857000,46000,15232098304
1790304677.9783518,22571909120,0,143779000,49000,15233634304
1790304678.9789968,22571909120,0,116782000,46000,15233597440
1790304680.02275,22571909120,57,108925000,49000,15233626112
1790304681.023568,22571909120,69,113493000,45000,15242592256
1790304682.0243359,22571909120,0,105269000,47000,15242711040
1790304683.034306,22571909120,0,107797000,44000,15242690560
1790304684.0348337,22571909120,78,124055000,53000,15242665984
1790304685.035352,22571909120,100,352511000,56000,15242686464
1790304686.0358448,22571909120,100,255238000,46000,15245062144
1790304687.0364506,22571909120,100,240683000,49000,15245701120
1790304688.0375578,22571909120,100,232498000,47000,15246135296
1790304689.0386834,22571909120,89,185726000,46000,15246958592
1790304690.0395954,22571909120,89,234908000,55000,15248084992
1790304691.0402122,22571909120,31,204595000,47000,15248121856
1790304692.040829,22571909120,100,234104000,47000,15256543232
1790304693.0415168,22571909120,0,70299000,46000,15256567808
1790304694.0422244,22571909120,0,113423000,47000,15279849472
1790304695.0426524,22571909120,0,86894000,45000,15279849472
1790304696.043016,22571909120,0,68087000,44000,15279849472
1790304697.043707,22571909120,0,61399000,44000,15284178944
1790304698.0444808,22571909120,0,54889000,43000,15284178944
1790304699.04505,22571909120,0,60860000,46000,15284183040
1790304700.0457518,22571909120,0,82268000,44000,15284178944
1790304701.046353,22571909120,0,115278000,44000,15284215808
1790304702.046892,22574006272,16,152722000,45000,15284187136
1790304703.0475466,22574006272,59,128476000,44000,15284248576
1790304704.0481682,22574006272,0,152344000,53000,15284260864
1790304705.048751,22574006272,80,128933000,44000,15286349824
1790304706.0493248,22574006272,0,131804000,45000,15286349824
1790304707.0501819,22574006272,0,122224000,45000,15292686336
1790304708.050921,22574006272,0,93747000,44000,15292694528
1790304709.0516315,22574006272,0,102284000,49000,15292698624
1790304710.0525157,22574006272,0,124816000,44000,15292674048
1790304711.0540483,22574006272,100,280054000,55000,15292678144
1790304712.0547862,22574006272,95,273218000,49000,15292682240
1790304713.055368,22574006272,100,318689000,56000,15292686336
1790304714.0561152,22574006272,100,362778000,56000,15292686336
1790304715.0567434,22574006272,100,373563000,58000,15292710912
1790304716.05802,22574006272,53,125459000,51000,15292702720
1790304717.0589118,22574006272,8,258890000,49000,15292715008
1790304718.0598047,22574006272,99,156262000,56000,15292715008
1790304719.0607018,22574006272,0,165024000,46000,15295156224
1790304720.061679,22574006272,0,85000000,45000,15296987136
1790304721.0625627,22574006272,0,99685000,45000,15303045120
1790304722.089112,22574006272,0,84710000,45000,15303045120
1790304723.0900168,22574006272,0,64887000,44000,15303045120
1790304724.090781,22574006272,0,59608000,44000,15322759168
1790304725.0914965,22574006272,0,55272000,43000,15322759168
1790304726.0922303,22574006272,0,70998000,44000,15322763264
1790304727.0930293,22574006272,71,94367000,47000,15322746880
1790304728.0937157,22574006272,100,345541000,57000,15322755072
1790304729.094782,22574006272,100,383929000,57000,15322755072
1790304730.095565,22574006272,100,388314000,58000,15322759168
1790304731.09663,22574006272,0,316274000,47000,15322759168
1790304732.0981894,22574006272,68,231643000,57000,15322771456
1790304733.0990763,22574006272,100,324923000,59000,15322771456
1790304734.1000218,22574006272,0,321774000,50000,15322771456
1790304735.1008415,22574006272,0,246572000,48000,15322816512
1790304736.1019945,22574006272,0,86430000,47000,15322816512
1790304737.1033225,22574006272,0,101877000,46000,15332474880
1790304738.1040437,22574006272,0,85927000,46000,15332474880
1790304739.104709,22574006272,0,68278000,45000,15332474880
1790304740.105388,22574006272,0,61859000,45000,15342129152
1790304741.1060789,22574006272,0,55187000,44000,15342129152
1790304742.106698,22574006272,0,66644000,44000,15342133248
1790304743.107362,22574006272,45,80251000,47000,15342137344
1790304744.1079416,22574006272,0,139667000,45000,15342137344
1790304745.1085417,22574006272,87,171033000,47000,15342190592
1790304746.1267064,22574006272,25,128634000,53000,15342186496
1790304747.127479,22574006272,15,167814000,46000,15343943680
1790304748.1283038,22574006272,0,104033000,45000,15343947776
1790304749.1292229,22574006272,0,129563000,45000,15343910912
1790304750.129988,22574006272,0,94877000,44000,15351635968
1790304751.1306038,22574006272,0,105246000,44000,15351648256
1790304752.131469,22574006272,0,83594000,44000,15351599104
1790304753.1326835,22574006272,100,205053000,55000,15351611392
1790304754.2394476,22574006272,85,361099000,52000,15351627776
1790304755.297827,22574006272,100,325025000,58000,15351627776
1790304756.2991796,22574006272,0,342334000,48000,15351635968
1790304757.2999868,22574006272,23,270453000,51000,15351640064
1790304758.3010194,22574006272,0,209568000,48000,15351648256
1790304759.3018486,22574006272,5,293129000,48000,15351689216
1790304760.3028576,22574006272,49,149805000,53000,15351664640
1790304761.645565,22574006272,76,216752000,47000,15351664640
1790304762.6466098,22574006272,100,282651000,59000,15351664640
1790304763.672181,22574006272,0,271690000,59000,15351681024
1790304764.673239,22574006272,0,146728000,47000,15352442880
1790304765.6740084,22574006272,0,83510000,46000,15352406016
1790304766.6748593,22574006272,72,90039000,46000,15372746752
1790304767.6756036,22574006272,0,83402000,46000,15372746752
1790304768.6763783,22574006272,0,64214000,45000,15372746752
1790304769.6771622,22574006272,0,59198000,44000,15372947456
1790304770.6780305,22574006272,0,55096000,44000,15372947456
1790304771.6789706,22576103424,0,68296000,44000,15372947456
1790304772.6798067,22576103424,0,84007000,45000,15372951552
1790304773.6806676,22576103424,100,262895000,57000,15372918784
1790304774.6816177,22576103424,99,279506000,56000,15372918784
1790304775.700727,22576103424,100,319118000,55000,15372935168
1790304776.7017782,22576103424,0,174320000,56000,15372931072
1790304777.7025337,22576103424,100,372078000,53000,15372931072
1790304778.7034454,22576103424,100,335514000,57000,15372931072
1790304779.7043123,22576103424,100,343960000,50000,15372972032
1790304780.705499,22576103424,100,199167000,48000,15372943360
1790304781.7066684,22576103424,28,201249000,56000,15375044608
1790304782.7075255,22576103424,100,371105000,60000,15375048704
1790304783.7084167,22576103424,99,266360000,57000,15375081472
1790304784.7095559,22576103424,100,308177000,52000,15375081472
1790304785.7107275,22576103424,28,148282000,48000,15375126528
1790304786.711316,22576103424,100,193887000,48000,15376584704
1790304787.7119613,22576103424,0,85414000,47000,15376547840
1790304788.7128313,22576103424,0,100289000,47000,15397322752
1790304789.7134562,22576103424,0,85276000,47000,15397322752
1790304790.7140777,22576103424,0,68370000,46000,15397322752
1790304791.7147355,22576103424,0,62067000,45000,15397892096
1790304792.7154052,22576103424,0,55383000,45000,15397892096
1790304793.7163162,22576103424,0,70353000,45000,15397892096
1790304794.7169502,22576103424,0,85150000,46000,15397896192
1790304795.7178102,22576103424,99,245017000,57000,15397863424
1790304796.7186663,22576103424,100,308660000,47000,15397875712
1790304797.7194374,22576103424,100,315967000,57000,15397875712
1790304798.7203872,22576103424,100,288139000,58000,15397875712
1790304799.7212472,22576103424,26,213076000,47000,15397883904
1790304800.7221131,22576103424,88,291263000,51000,15397920768
1790304801.7228937,22576103424,100,299234000,52000,15397892096
1790304802.7234838,22576103424,100,290465000,52000,15397949440
1790304803.724036,22576103424,0,124980000,57000,15397974016
1790304804.737188,22576103424,100,374141000,61000,15397978112
1790304805.7378545,22576103424,0,167516000,49000,15398002688
1790304806.7385664,22576103424,0,109599000,50000,15399759872
1790304807.739407,22576103424,63,117865000,47000,15412301824
1790304808.7402546,22576103424,0,85927000,47000,15414972416
1790304809.7409108,22576103424,0,75007000,46000,15414976512
1790304810.741844,22576103424,0,99761000,48000,15414980608
1790304811.7426765,22576103424,100,216539000,47000,15416819712
1790304812.7434328,22576103424,0,87522000,46000,15416815616
1790304813.7441242,22576103424,80,100622000,46000,15426920448
1790304814.7445788,22576103424,0,85256000,46000,15426920448
1790304815.7450833,22576103424,0,67927000,45000,15426920448
1790304816.7457674,22576103424,0,61241000,44000,15425662976
1790304817.7464178,22576103424,0,54700000,44000,15425662976
1790304818.7469409,22576103424,100,66264000,44000,15425814528
1790304819.7474492,22576103424,0,75853000,44000,15425835008
1790304820.7479427,22576103424,3,97245000,44000,15425830912
1790304821.7488585,22576103424,100,322667000,56000,15425830912
1790304822.749825,22576103424,0,182878000,49000,15425851392
1790304823.7505786,22576103424,100,297161000,50000,15425892352
1790304824.7512598,22576103424,93,268797000,57000,15425867776
1790304825.7518785,22576103424,90,386395000,59000,15425871872
1790304826.752596,22576103424,96,373399000,56000,15425875968
1790304827.7535856,22576103424,53,231855000,57000,15428812800
1790304828.7541819,22576103424,0,233130000,57000,15429525504
1790304829.7546883,22576103424,100,286330000,56000,15430414336
1790304830.7551646,22576103424,100,367468000,59000,15430414336
1790304831.755928,22576103424,21,208271000,48000,15431553024
1790304832.7587445,22576103424,100,317467000,58000,15432380416
1790304833.7594178,22576103424,0,243956000,59000,15433162752
1790304834.760104,22576103424,100,358666000,59000,15433175040
1790304835.7606688,22576103424,100,250348000,49000,15438295040
1790304836.7612536,22576103424,0,85633000,48000,15438413824
1790304837.7618473,22576103424,93,100360000,48000,15460642816
1790304838.762294,22576103424,0,85192000,47000,15460642816
1790304839.7628293,22576103424,0,69527000,47000,15460642816
1790304840.7637115,22576103424,0,62173000,46000,15466213376
1790304841.764195,22576103424,0,54817000,45000,15466213376
1790304842.7647552,22578200576,61,69242000,46000,15466213376
1790304843.7654939,22578200576,0,85223000,46000,15466192896
1790304844.766064,22578200576,100,295928000,57000,15466229760
1790304845.7667441,22578200576,0,230561000,50000,15466201088
1790304846.767269,22578200576,100,185856000,55000,15466213376
1790304847.7682388,22578200576,100,333593000,52000,15466217472
1790304848.7688358,22578200576,83,279570000,57000,15466217472
1790304849.7697287,22578200576,100,318736000,59000,15466262528
1790304850.7704527,22578200576,0,145146000,48000,15466274816
1790304851.7713728,22578200576,100,343249000,60000,15466278912
1790304852.772248,22578200576,100,388988000,61000,15466283008
1790304854.2467623,22578200576,0,219898000,49000,15468380160
1790304855.2475553,22578200576,0,197712000,49000,15468384256
1790304856.248182,22578200576,0,236632000,50000,15468421120
1790304857.2491395,22578200576,100,234054000,59000,15468384256
1790304858.250061,22578200576,0,279832000,51000,15468388352
1790304859.251152,22578200576,0,259908000,51000,15468392448
1790304860.2516153,22578200576,100,264126000,60000,15468392448
1790304861.2533202,22578200576,100,357855000,60000,15468392448
1790304862.253985,22578200576,100,376126000,62000,15468429312
1790304863.2546918,22578200576,100,186057000,60000,15468396544
1790304864.2554562,22578200576,100,383154000,62000,15468396544
1790304865.2561734,22578200576,4,350277000,55000,15468433408
1790304866.2567255,22578200576,100,277844000,60000,15468396544
1790304867.257484,22578200576,17,340396000,56000,15468396544
1790304868.258144,22578200576,39,286416000,60000,15468986368
1790304869.2586956,22578200576,24,84279000,50000,15469150208
1790304870.2594335,22578200576,3,119185000,51000,15486271488
1790304871.2601125,22578200576,0,86000000,49000,15490023424
1790304872.2607448,22578200576,0,67306000,48000,15490023424
1790304873.2613804,22578200576,0,61051000,48000,15490023424
1790304874.2622457,22578200576,0,55064000,47000,15490834432
1790304875.262819,22578200576,0,55509000,47000,15490826240
1790304876.2637677,22578200576,0,71346000,47000,15490834432
1790304877.2644057,22578200576,100,116153000,55000,15490805760
1790304878.2671342,22578200576,100,361225000,59000,15490805760
1790304879.267919,22578200576,100,287311000,58000,15490805760
1790304880.2906616,22578200576,0,337085000,53000,15490826240
1790304881.2912817,22578200576,0,72079000,48000,15490912256
1790304882.3062098,22578200576,5,102953000,49000,15490891776
1790304883.3068757,22578200576,0,87711000,48000,15508361216
1790304884.307318,22578200576,0,86364000,47000,15508361216
1790304885.3078797,22578200576,0,68485000,47000,15508361216
1790304886.3087256,22578200576,0,61595000,46000,15509970944
1790304887.3094804,22578200576,0,54853000,46000,15509970944
1790304888.3102493,22578200576,0,68916000,46000,15509979136
1790304889.3110664,22578200576,0,86763000,46000,15509942272
1790304890.3119278,22578200576,100,315057000,57000,15509942272
1790304891.3127792,22578200576,63,295592000,51000,15509942272
1790304892.3135426,22578200576,86,375073000,60000,15509942272
1790304893.3141418,22578200576,97,386510000,60000,15509983232
1790304894.315253,22578200576,100,274885000,60000,15509946368
1790304895.3160655,22578200576,98,387211000,61000,15509991424
1790304896.3175998,22578200576,97,264273000,59000,15509962752
1790304897.3436344,22578200576,90,386642000,59000,15509975040
1790304898.3445382,22578200576,0,182033000,49000,15509979136
1790304899.345375,22578200576,55,322298000,62000,15510016000
1790304900.3460355,22578200576,88,215870000,59000,15510028288
1790304901.3471916,22578200576,100,275357000,61000,15509999616
1790304902.3858438,22578200576,80,377888000,54000,15510102016
1790304903.3866003,22578200576,100,181047000,60000,15510081536
1790304904.3874633,22578200576,100,367086000,61000,15510081536
1790304905.3889606,22578200576,83,270887000,59000,15510089728
1790304906.390038,22578200576,0,317879000,52000,15510089728
1790304907.3907685,22578200576,0,232526000,51000,15511113728
1790304908.39212,22578200576,100,217397000,61000,15511093248
1790304909.3928351,22578200576,100,388375000,62000,15511093248
1790304910.4052145,22578200576,100,385009000,62000,15511625728
1790304911.4342024,22578200576,100,286934000,62000,15511588864
1790304912.434819,22578200576,84,367636000,63000,15511588864
1790304913.4355316,22578200576,100,338590000,62000,15512756224
1790304914.4372268,22578200576,100,366585000,62000,15512756224
1790304915.4383335,22578200576,96,384102000,62000,15512756224
1790304916.439158,22578200576,94,396545000,64000,15514222592
1790304917.4400723,22578200576,97,294420000,64000,15514841088
1790304918.4407763,22578200576,100,283738000,63000,15515807744
1790304919.4423544,22578200576,1,156623000,56000,15517511680
1790304920.443399,22578200576,0,233480000,54000,15519502336
1790304921.4444516,22578200576,100,178206000,62000,15520174080
1790304922.445363,22578200576,100,385650000,64000,15520178176
1790304923.4460294,22578200576,57,289966000,62000,15521017856
1790304924.4466496,22578200576,38,348527000,57000,15521017856
1790304925.4475613,22578200576,100,314362000,63000,15521021952
1790304926.4481783,22578200576,100,384875000,64000,15521677312
1790304927.4489224,22578200576,0,270364000,54000,15522369536
1790304928.4495246,22578200576,100,325698000,63000,15522369536
1790304929.450514,22578200576,38,314214000,60000,15522816000
1790304930.451258,22578200576,100,353457000,65000,15523352576
1790304931.4520597,22578200576,100,288039000,64000,15525863424
1790304932.452768,22578200576,100,376380000,64000,15525863424
1790304933.4534562,22578200576,100,380846000,65000,15525863424
1790304934.4543452,22578200576,100,374912000,65000,15525863424
1790304936.1650736,22578200576,0,268098000,55000,15525863424
1790304937.165956,22578200576,100,213463000,63000,15526313984
1790304938.1670704,22578200576,100,369320000,65000,15526313984
1790304939.16776,22578200576,100,380219000,66000,15526318080
1790304940.1687524,22578200576,0,201814000,55000,15527845888
1790304941.169494,22578200576,100,316448000,65000,15527845888
1790304942.1702633,22578200576,100,373933000,66000,15527845888
1790304943.1726272,22578200576,100,384775000,65000,15527845888
1790304944.1732144,22578200576,88,378486000,66000,15527845888
1790304945.1741138,22578200576,47,380926000,60000,15527845888
1790304946.1747856,22578200576,100,328941000,67000,15527845888
1790304947.1755643,22578200576,100,394310000,68000,15527845888
1790304948.1762893,22578200576,0,307846000,57000,15533371392
1790304949.2015567,22578200576,0,89965000,55000,15533473792
1790304950.2024126,22578200576,0,106877000,55000,15556276224
1790304951.2029893,22578200576,0,88668000,54000,15556276224
1790304952.2036495,22578200576,0,66400000,53000,15556276224
1790304953.2304955,22578200576,0,61361000,52000,15556276224
1790304954.2312038,22578200576,0,56848000,51000,15556739072
1790304955.2319584,22578200576,0,69352000,51000,15556743168
1790304956.2326856,22580297728,69,70618000,51000,15556743168
1790304957.233288,22580297728,100,222883000,62000,15556710400
1790304958.2343495,22580297728,100,357828000,62000,15556714496
1790304959.2349522,22580297728,100,379872000,65000,15556714496
1790304960.235632,22580297728,0,329572000,54000,15556751360
1790304961.236485,22580297728,0,71451000,52000,15556718592
1790304962.2372394,22580297728,76,114946000,55000,15557804032
1790304963.23844,22580297728,0,88204000,51000,15572758528
1790304964.239187,22580297728,0,64894000,50000,15572758528
1790304965.2400768,22580297728,0,60449000,50000,15572758528
1790304966.2407055,22580297728,0,55928000,49000,15573983232
1790304967.2415152,22580297728,0,55222000,49000,15573950464
1790304968.2421954,22580297728,0,70302000,49000,15573991424
1790304969.2430046,22580297728,99,127160000,58000,15573958656
1790304970.243811,22580297728,100,366310000,60000,15573958656
1790304971.2451074,22580297728,90,376611000,63000,15573958656
1790304972.2460654,22580297728,100,389781000,63000,15573958656
1790304973.2466898,22580297728,31,358496000,57000,15573958656
1790304974.2476196,22580297728,60,336609000,58000,15573958656
1790304975.2484088,22580297728,64,210280000,61000,15573958656
1790304976.2493258,22580297728,100,338458000,62000,15573966848
1790304977.2502131,22580297728,100,365541000,64000,15573966848
1790304978.2512257,22580297728,84,369492000,64000,15573966848
1790304979.267651,22580297728,84,360468000,58000,15573966848
1790304980.26905,22580297728,99,303418000,63000,15573970944
1790304981.2696805,22580297728,100,284216000,62000,15573975040
1790304982.2703545,22580297728,100,374945000,64000,15573975040
1790304983.2711494,22580297728,94,387981000,65000,15573979136
1790304984.2728353,22580297728,90,318076000,65000,15575879680
1790304985.273807,22580297728,95,385515000,66000,15573983232
1790304986.2749457,22580297728,0,241554000,54000,15574036480
1790304987.275926,22580297728,89,241423000,64000,15574011904
1790304988.2767918,22580297728,3,364136000,56000,15574044672
1790304989.2775092,22580297728,0,149770000,54000,15574994944
1790304990.2782123,22580297728,48,86246000,53000,15575003136
1790304991.2788455,22580297728,0,102950000,52000,15590531072
1790304992.2794895,22580297728,0,85886000,52000,15594622976
1790304993.279894,22580297728,0,65339000,51000,15594622976
1790304994.280568,22580297728,0,60310000,50000,15594622976
1790304995.2817998,22580297728,0,56346000,50000,15596945408
1790304996.2823572,22580297728,0,69349000,50000,15596945408
1790304997.2935061,22580297728,99,75878000,52000,15596920832
1790304998.2940679,22580297728,0,107560000,50000,15596982272
1790304999.294848,22580297728,92,261301000,55000,15596986368
1790305000.2963052,22580297728,100,276153000,58000,15596961792
1790305001.2971542,22580297728,100,256581000,62000,15596965888
1790305002.2978878,22580297728,0,322862000,52000,15597002752
1790305003.298983,22580297728,100,293059000,61000,15596969984
1790305004.299692,22580297728,0,281548000,54000,15596990464
1790305005.3003306,22580297728,100,327476000,61000,15596990464
1790305006.3012874,22580297728,0,237991000,52000,15597035520
1790305007.3022325,22580297728,83,87088000,52000,15597047808
1790305008.3028944,22580297728,0,115217000,51000,15612579840
1790305009.303794,22580297728,0,86616000,50000,15612579840
1790305010.3044574,22580297728,0,71116000,49000,15612579840
1790305011.3048756,22580297728,0,63223000,48000,15613984768
1790305012.3055506,22580297728,0,55152000,48000,15613194240
1790305013.306272,22580297728,0,69839000,48000,15613198336
1790305014.3068686,22580297728,85,87004000,49000,15613206528
1790305015.3076632,22580297728,100,239053000,59000,15613186048
1790305016.3094733,22580297728,97,362247000,61000,15613190144
1790305017.310679,22580297728,100,320430000,61000,15613194240
1790305018.3115392,22580297728,17,352883000,58000,15613198336
1790305019.3125405,22580297728,100,344111000,61000,15613198336
1790305020.3135743,22580297728,100,375522000,63000,15613198336
1790305021.314738,22580297728,3,183647000,51000,15613231104
1790305022.3155024,22580297728,44,88370000,55000,15613227008
1790305023.3187833,22580297728,0,286736000,51000,15613247488
1790305024.3194044,22580297728,100,215572000,60000,15613243392
1790305025.3204072,22580297728,33,325401000,56000,15613243392
1790305026.3211238,22580297728,0,258140000,51000,15613276160
1790305027.3219485,22580297728,100,273119000,61000,15613247488
1790305028.3226502,22580297728,100,313509000,62000,15613251584
1790305029.3234038,22580297728,0,288058000,52000,15614545920
1790305030.4016585,22580297728,0,70752000,51000,15614537728
1790305031.7005196,22580297728,0,95503000,50000,15614529536
1790305032.701421,22580297728,0,84845000,50000,15646547968
1790305033.7021348,22580297728,0,84021000,49000,15646547968
1790305034.7027342,22580297728,0,68760000,49000,15646547968
1790305035.7034633,22580297728,0,61784000,48000,15631503360
1790305036.704279,22580297728,0,54994000,47000,15631503360
1790305037.7050798,22580297728,72,68481000,48000,15631810560
1790305038.7057862,22580297728,0,56080000,47000,15631503360
1790305039.7069428,22580297728,100,171445000,58000,15631474688
1790305040.7078955,22580297728,87,305637000,59000,15634063360
1790305041.7087393,22580297728,0,182159000,48000,15635181568
1790305042.7095387,22580297728,100,320173000,60000,15635218432
1790305043.7103586,22580297728,100,283182000,59000,15636017152
1790305044.711159,22580297728,99,379840000,62000,15636017152
1790305045.7117822,22580297728,6,284031000,52000,15639678976
1790305046.7122645,22582394880,48,78754000,52000,15639756800
1790305047.7129693,22582394880,0,116282000,49000,15661748224
1790305048.7135704,22582394880,0,84191000,48000,15661748224
1790305049.7141728,22582394880,0,68565000,47000,15661748224
1790305050.7151716,22582394880,0,61576000,47000,15662362624
1790305051.7159417,22582394880,0,54816000,46000,15662362624
1790305052.7166443,22582394880,98,67260000,48000,15662362624
1790305053.7173235,22582394880,0,82183000,46000,15662370816
1790305054.7181127,22582394880,100,172168000,57000,15662342144
1790305055.7311707,22582394880,40,275152000,48000,15662354432
1790305056.7319365,22582394880,0,114845000,47000,15663812608
1790305057.7325525,22582394880,0,100471000,47000,15673229312
1790305058.7332582,22582394880,0,85070000,46000,15678054400
1790305059.7338288,22582394880,0,85038000,46000,15678058496
1790305060.7345076,22582394880,0,74617000,46000,15678058496
1790305061.7350333,22582394880,99,201111000,57000,15678091264
1790305062.7355776,22582394880,0,100043000,46000,15678062592
1790305063.7362642,22582394880,79,95855000,47000,15680540672
1790305064.736946,22582394880,0,100057000,46000,15694401536
1790305065.7373781,22582394880,0,84961000,45000,15694401536
1790305066.7377868,22582394880,0,68056000,45000,15694401536
1790305067.7384377,22582394880,0,61261000,44000,15696625664
1790305068.7663364,22582394880,0,54646000,44000,15696609280
1790305069.767136,22582394880,0,64961000,44000,15696633856
1790305070.768773,22582394880,0,68680000,44000,15696605184
1790305071.769505,22582394880,100,292467000,55000,15696605184
1790305072.7713423,22582394880,26,308825000,53000,15696637952
1790305073.7719371,22582394880,87,146978000,53000,15696609280
1790305074.772634,22582394880,35,357258000,55000,15696687104
1790305075.773244,22582394880,46,85727000,46000,15696662528
1790305076.7740364,22582394880,4,116489000,47000,15712202752
1790305077.774506,22582394880,0,84547000,45000,15712202752
1790305078.7749183,22582394880,0,67606000,44000,15712202752
1790305079.7757125,22582394880,0,61106000,44000,15715454976
1790305080.7764525,22582394880,0,54730000,43000,15715454976
1790305081.8351712,22582394880,0,66162000,43000,15715459072
1790305082.8356884,22582394880,99,73462000,43000,15715430400
1790305083.8363545,22582394880,100,315440000,55000,15715438592
1790305084.8370745,22582394880,7,268820000,56000,15715450880
1790305085.837952,22582394880,0,250848000,56000,15715459072
1790305086.8384674,22582394880,100,315752000,47000,15715471360
1790305087.8390064,22582394880,100,366747000,58000,15715471360
1790305088.8398187,22582394880,99,380208000,58000,15715471360
1790305089.840433,22582394880,100,351840000,55000,15715500032
1790305090.8413064,22582394880,40,227248000,59000,15715471360
1790305091.842169,22582394880,69,318920000,59000,15742914560
1790305092.8429897,22582394880,75,335320000,60000,15742914560
1790305093.8435383,22582394880,100,351830000,57000,15742918656
1790305094.8439872,22582394880,100,364608000,59000,15742918656
1790305095.8445792,22582394880,100,340779000,54000,15743008768
1790305096.8452682,22582394880,0,162796000,58000,15742980096
1790305097.846257,22582394880,95,273857000,50000,15742988288
1790305098.846903,22582394880,30,274282000,59000,15742992384
1790305099.8478668,22582394880,21,260727000,59000,15743012864
1790305100.84869,22582394880,95,378638000,60000,15743021056
1790305101.8494296,22582394880,100,376499000,61000,15743021056
1790305102.8501325,22582394880,100,312082000,59000,15743029248
1790305103.8507812,22582394880,91,304118000,59000,15743029248
1790305104.8516715,22582394880,100,284734000,59000,15743041536
1790305105.8522978,22582394880,78,254932000,53000,15744532480
1790305106.8530283,22582394880,79,112082000,50000,15750770688
1790305107.853755,22582394880,0,111875000,50000,15751049216
1790305108.8546195,22582394880,0,85628000,49000,15767195648
1790305109.8553374,22582394880,0,69030000,48000,15767203840
1790305110.8651183,22582394880,0,76813000,49000,15767203840
1790305111.865805,22582394880,98,190276000,50000,15767683072
1790305112.8664415,22582394880,0,70551000,48000,15771512832
1790305113.8668895,22582394880,0,101137000,48000,15771492352
1790305114.8676248,22582394880,0,86884000,47000,15789973504
1790305115.8681695,22582394880,0,86859000,47000,15789973504
1790305116.8686724,22582394880,0,66887000,46000,15789973504
1790305117.8692825,22582394880,0,60716000,45000,15792852992
1790305118.8942423,22584492032,0,55453000,47000,15792828416
1790305119.8950174,22584492032,0,83960000,46000,15792861184
1790305120.896375,22584492032,0,163549000,56000,15792832512
1790305121.9236293,22584492032,100,360231000,59000,15792857088
1790305122.9242737,22584492032,0,269881000,57000,15792852992
1790305123.9253893,22584492032,79,327314000,54000,15792857088
1790305124.9259865,22584492032,0,241361000,59000,15792861184
1790305125.9266558,22584492032,65,320942000,59000,15792861184
1790305126.927497,22584492032,100,374121000,61000,15792861184
1790305127.9283333,22584492032,100,329909000,50000,15792873472
1790305128.9291472,22584492032,90,278365000,61000,15792877568
1790305129.9299607,22584492032,19,313004000,61000,15792877568
1790305130.930579,22584492032,0,204275000,49000,15792992256
1790305131.9312701,22584492032,0,84791000,49000,15792992256
1790305132.9319372,22584492032,0,99040000,48000,15817334784
1790305133.932553,22584492032,0,84484000,48000,15817334784
1790305134.9332395,22584492032,0,68403000,47000,15817334784
1790305135.9341521,22584492032,0,61545000,46000,15822983168
1790305136.934794,22584492032,0,54817000,46000,15822983168
1790305137.9353967,22584492032,0,69694000,46000,15822987264
1790305138.9362562,22584492032,0,84749000,46000,15822991360
1790305139.9375947,22584492032,100,248559000,51000,15822962688
1790305140.939032,22584492032,100,301050000,58000,15822962688
1790305142.8103452,22584492032,0,193006000,48000,15822958592
1790305143.8110497,22584492032,100,164423000,57000,15822999552
1790305144.8118548,22584492032,100,268974000,58000,15822962688
1790305145.8123627,22584492032,100,380436000,60000,15822979072
1790305146.8130846,22584492032,0,311275000,50000,15822995456
1790305147.8137622,22584492032,100,208336000,58000,15822962688
1790305148.814292,22584492032,96,364153000,59000,15822962688
1790305149.8149781,22584492032,100,375144000,61000,15823003648
1790305150.8166242,22584492032,100,303126000,60000,15822966784
1790305151.817491,22584492032,100,373859000,60000,15823011840
1790305152.8184302,22584492032,100,166710000,58000,15822974976
1790305153.819356,22584492032,100,343007000,59000,15822974976
1790305154.820052,22584492032,100,374690000,62000,15822974976
1790305155.820639,22584492032,100,327530000,61000,15823007744
1790305156.82226,22584492032,100,273657000,61000,15822979072
1790305157.8231466,22584492032,100,377872000,61000,15823015936
1790305158.8239198,22584492032,100,320556000,60000,15822979072
1790305159.8248758,22584492032,21,314374000,55000,15822979072
1790305160.825523,22584492032,0,183664000,52000,15822987264
1790305161.8264048,22584492032,100,288378000,62000,15822987264
1790305162.8273196,22584492032,100,382634000,63000,15822987264
1790305163.827934,22584492032,100,367488000,63000,15822987264
1790305164.8286152,22584492032,12,275623000,56000,15822991360
1790305165.8292503,22584492032,98,244852000,63000,15823028224
1790305166.829873,22584492032,100,311043000,62000,15822995456
1790305167.8305142,22584492032,18,344041000,57000,15822995456
1790305168.8311691,22584492032,100,322078000,64000,15822995456
1790305169.8347828,22584492032,100,390239000,65000,15822995456
1790305170.835753,22584492032,74,281607000,56000,15823060992
1790305171.8363307,22584492032,92,353611000,65000,15823060992
1790305172.8369088,22584492032,100,393553000,64000,15823060992
1790305173.8373735,22584492032,100,376383000,64000,15823060992
1790305174.837889,22584492032,100,372326000,64000,15823097856
1790305175.838895,22584492032,100,277949000,65000,15823093760
1790305176.8396645,22584492032,24,296180000,57000,15823065088
1790305177.8403554,22584492032,42,271645000,62000,15823065088
1790305178.8409104,22584492032,100,317496000,64000,15823069184
1790305179.8413794,22584492032,100,344832000,64000,15823069184
1790305180.8424504,22584492032,92,365998000,65000,15823069184
1790305181.8431835,22584492032,52,313361000,65000,15823372288
1790305182.8441987,22584492032,97,267946000,66000,15823372288
1790305183.8462932,22584492032,28,326135000,59000,15823855616
1790305184.8469315,22584492032,32,170716000,58000,15823822848
1790305185.8475254,22584492032,100,350060000,65000,15823826944
1790305186.848196,22584492032,100,394609000,67000,15823872000
1790305187.848779,22584492032,100,273304000,65000,15824326656
1790305188.849986,22584492032,36,245888000,55000,15825313792
1790305189.8508255,22584492032,96,376258000,66000,15825313792
1790305190.85175,22584492032,100,327695000,66000,15825313792
1790305191.8525321,22584492032,100,398847000,67000,15825313792
1790305192.8532007,22584492032,100,390695000,64000,15827193856
1790305193.853784,22584492032,100,209328000,65000,15827820544
1790305195.321883,22584492032,95,264269000,55000,15827820544
1790305196.322538,22584492032,82,190718000,56000,15828062208
1790305197.323234,22584492032,99,323537000,65000,15828103168
1790305198.323796,22586589184,0,228187000,65000,15828504576
1790305199.3242729,22586589184,100,370644000,65000,15828504576
1790305200.3257864,22586589184,98,290075000,56000,15831683072
1790305201.3265178,22586589184,55,224563000,66000,15831650304
1790305202.3277605,22586589184,86,377571000,65000,15840088064
1790305203.3283699,22586589184,70,234919000,55000,15834382336
1790305204.3292146,22586589184,100,298854000,66000,15834685440
1790305205.329784,22586589184,0,178611000,55000,15836901376
1790305206.3303337,22586589184,100,360096000,66000,15836921856
1790305207.331415,22586589184,0,220004000,55000,15839379456
1790305208.3322194,22586589184,100,316980000,66000,15840407552
1790305209.3328714,22586589184,100,303040000,65000,15841017856
1790305210.3338313,22586589184,0,302730000,65000,15841644544
1790305211.3347383,22586589184,100,387689000,67000,15842115584
1790305212.335422,22586589184,0,281027000,66000,15842803712
1790305213.3362386,22586589184,28,269173000,62000,15842803712
1790305214.3369522,22586589184,100,334115000,65000,15843991552
1790305215.3375132,22586589184,100,364733000,66000,15843991552
1790305216.3381095,22586589184,100,375607000,60000,15845126144
1790305217.3387964,22586589184,100,315241000,66000,15845126144
1790305218.3393517,22586589184,94,376154000,68000,15845126144
1790305219.3399606,22586589184,100,328805000,57000,15851560960
1790305220.340736,22586589184,0,91901000,56000,15851638784
1790305221.3413303,22586589184,2,106708000,55000,15874400256
1790305222.3427002,22586589184,0,88657000,54000,15874400256
1790305223.3433177,22586589184,0,70055000,53000,15874400256
1790305224.3438551,22586589184,0,63103000,52000,15876415488
1790305225.3446221,22586589184,0,56213000,52000,15876415488
1790305226.3452487,22586589184,0,72747000,52000,15876419584
1790305227.3463485,22586589184,0,87884000,53000,15876431872
1790305228.3469126,22586589184,99,239502000,62000,15876403200
1790305229.3474803,22586589184,100,372501000,64000,15876403200
1790305230.3486981,22586589184,100,381537000,64000,15876444160
1790305231.3492208,22586589184,53,276633000,63000,15876407296
1790305232.350133,22586589184,100,367700000,65000,15876407296
1790305233.3506942,22586589184,29,259926000,64000,15876407296
1790305234.351211,22586589184,100,244721000,53000,15876423680
1790305235.3517566,22586589184,100,283979000,62000,15876423680
1790305236.3524292,22586589184,100,342733000,60000,15876423680
1790305237.352967,22586589184,100,308098000,55000,15876468736
1790305238.3535876,22586589184,0,195064000,64000,15876472832
1790305239.3544657,22586589184,0,300014000,65000,15876444160
1790305240.471387,22586589184,64,276159000,57000,15876481024
1790305241.4719706,22586589184,61,182074000,53000,15876517888
1790305242.4729214,22586589184,100,311975000,64000,15876517888
1790305243.4736009,22586589184,61,307330000,65000,15876526080
1790305244.4741373,22586589184,84,280410000,64000,15876526080
1790305245.4749043,22586589184,100,366774000,66000,15876526080
1790305246.4755049,22586589184,77,319009000,65000,15876526080
1790305247.4760199,22586589184,100,373493000,64000,15876526080
1790305248.4767404,22586589184,100,370211000,67000,15876526080
1790305249.4778557,22588686336,100,306368000,64000,15876710400
1790305250.4787977,22588686336,90,352705000,60000,15876710400
1790305251.4794343,22588686336,100,311354000,57000,15877337088
1790305252.4799578,22588686336,100,284875000,64000,15877337088
1790305253.4805214,22588686336,100,375013000,66000,15877337088
1790305254.481195,22588686336,29,263693000,66000,15877337088
1790305255.4821153,22588686336,22,296380000,64000,15877341184
1790305256.4826727,22588686336,100,301343000,61000,15877976064
1790305257.4837394,22588686336,100,321424000,58000,15878414336
1790305258.4844897,22588686336,80,278759000,61000,15878414336
1790305259.4852204,22588686336,32,267584000,58000,15879106560
1790305260.4858136,22588686336,100,277619000,65000,15879131136
1790305261.595981,22588686336,100,279512000,64000,15880392704
1790305262.658331,22588686336,0,173948000,55000,15880392704
1790305263.6593134,22588686336,0,213696000,56000,15881052160
1790305264.6602342,22588686336,93,334323000,67000,15881052160
1790305265.6609018,22588686336,100,395821000,66000,15881052160
1790305266.6617112,22588686336,100,297922000,66000,15881728000
1790305267.6622396,22588686336,0,255282000,55000,15886745600
1790305268.662751,22588686336,0,87742000,54000,15886868480
1790305269.6633563,22588686336,0,103518000,54000,15898820608
1790305270.6637938,22588686336,0,87621000,53000,15898820608
1790305271.6642013,22588686336,0,66904000,52000,15898820608
1790305272.6654158,22588686336,0,61163000,52000,15899676672
1790305273.6661775,22588686336,0,55776000,51000,15899676672
1790305274.6668305,22588686336,0,67518000,51000,15899676672
1790305275.6706262,22588686336,50,69249000,51000,15899680768
1790305276.6712677,22588686336,100,226231000,61000,15899648000
1790305277.6723485,22588686336,95,369030000,64000,15899648000
1790305278.6731343,22588686336,100,385135000,63000,15900090368
1790305279.6738827,22588686336,100,372114000,63000,15900090368
1790305280.6744514,22588686336,96,375574000,65000,15900090368
1790305281.6754766,22588686336,60,315009000,64000,15900090368
1790305282.6762166,22588686336,79,368194000,57000,15901986816
1790305283.6769922,22588686336,100,310080000,64000,15901949952
1790305284.677486,22588686336,0,213290000,54000,15903350784
1790305285.6781514,22588686336,30,281561000,57000,15903350784
1790305286.6787853,22588686336,100,230807000,65000,15903350784
1790305287.6794736,22588686336,100,307698000,64000,15904096256
1790305288.680109,22588686336,100,377282000,65000,15904096256
1790305289.681174,22588686336,100,321117000,65000,15904100352
1790305290.6822553,22588686336,100,318465000,65000,15904849920
1790305291.6832576,22588686336,100,394873000,65000,15904849920
1790305292.683753,22588686336,100,379693000,66000,15904849920
1790305293.68432,22588686336,100,227824000,64000,15905816576
1790305294.6848204,22588686336,100,368413000,64000,15905816576
1790305295.685745,22588686336,91,379764000,61000,15905816576
1790305296.6864636,22588686336,100,238226000,65000,15907024896
1790305297.687961,22588686336,53,358734000,63000,15907024896
1790305298.6887624,22588686336,7,190158000,62000,15908036608
1790305299.6893468,22588686336,100,361517000,66000,15908065280
1790305300.690013,22588686336,0,199602000,55000,15915675648
1790305301.690855,22588686336,0,88105000,54000,15915745280
1790305302.6915746,22588686336,0,103060000,53000,15938936832
1790305303.691966,22588686336,0,87275000,53000,15938936832
1790305304.692355,22588686336,0,69473000,52000,15938936832
1790305305.6931732,22588686336,0,62486000,51000,15944323072
1790305306.6939244,22588686336,0,55620000,51000,15944323072
1790305307.6946375,22588686336,0,71101000,51000,15944327168
1790305308.6952374,22588686336,0,87288000,51000,15944294400
1790305309.6963634,22588686336,100,303522000,61000,15944306688
1790305310.7222145,22588686336,0,307589000,53000,15944318976
1790305311.7228613,22588686336,0,71043000,51000,15944343552
1790305312.723407,22588686336,59,106436000,51000,15944368128
1790305313.724001,22588686336,0,86810000,50000,15955243008
1790305314.724627,22588686336,0,64663000,50000,15955243008
1790305315.7252486,22588686336,0,59496000,49000,15955243008
1790305316.726083,22588686336,0,54867000,49000,15962234880
1790305317.7267013,22588686336,100,60048000,49000,15962238976
1790305318.7275734,22588686336,0,71561000,48000,15962210304
1790305319.7285743,22588686336,100,172139000,58000,15962218496
1790305320.729146,22588686336,100,352761000,59000,15962218496
1790305321.7298036,22588686336,100,379557000,61000,15962218496
1790305322.7305286,22588686336,0,333031000,53000,15962259456
1790305323.7317722,22588686336,22,267880000,56000,15962230784
1790305324.7331302,22588686336,31,285428000,56000,15962234880
1790305325.7346656,22588686336,100,202189000,62000,15962234880
1790305326.7354732,22588686336,100,390690000,62000,15962234880
1790305327.736367,22588686336,100,385022000,64000,15962234880
1790305328.737031,22588686336,100,341111000,63000,15962234880
1790305329.737835,22588686336,100,327454000,62000,15962234880
1790305330.738998,22588686336,82,365562000,64000,15962234880
1790305331.7571175,22588686336,26,323775000,57000,15962247168
1790305332.7576816,22588686336,58,139233000,53000,15962255360
1790305333.7585993,22588686336,0,103562000,52000,15962259456
1790305334.7594533,22588686336,0,102609000,51000,15968354304
1790305335.7601957,22588686336,0,86658000,51000,15968354304
1790305336.7609277,22588686336,0,76779000,50000,15968358400
1790305337.7615483,22588686336,99,105065000,52000,15968370688
1790305338.7624748,22588686336,0,221033000,50000,15968428032
1790305339.7632,22588686336,59,95964000,50000,15968423936
1790305340.764055,22588686336,0,102107000,49000,15978065920
1790305341.7648206,22588686336,0,86259000,49000,15978065920
1790305342.7656386,22588686336,0,68661000,48000,15978065920
1790305343.766347,22588686336,0,61685000,48000,15984754688
1790305344.767019,22588686336,0,54854000,47000,15984754688
1790305345.7677066,22588686336,0,70413000,48000,15984754688
1790305346.7683005,22590783488,99,107797000,50000,15984726016
1790305347.7689133,22590783488,100,345961000,58000,15984726016
1790305348.7696128,22590783488,12,308616000,51000,15984742400
1790305349.7702765,22590783488,96,355954000,61000,15984746496
1790305350.7708724,22590783488,0,336475000,53000,15984746496
1790305351.7715065,22590783488,54,307394000,60000,15984746496
1790305352.7721195,22590783488,100,235689000,58000,15984754688
1790305354.2138526,22590783488,0,190577000,50000,15984771072
1790305355.2147613,22590783488,90,211866000,60000,15984766976
1790305356.2154503,22590783488,100,286059000,51000,15984807936
1790305357.215977,22590783488,100,278878000,60000,15984771072
1790305358.2165773,22590783488,100,367340000,62000,15984771072
1790305359.2173688,22590783488,100,392449000,62000,15984771072
1790305360.221424,22590783488,100,372423000,62000,15984807936
1790305361.222143,22590783488,100,310670000,62000,15984771072
1790305362.2230654,22590783488,90,376265000,64000,15984771072
1790305363.2235732,22590783488,100,373356000,62000,15984771072
1790305364.2242749,22590783488,100,363800000,62000,15984771072
1790305365.2251382,22590783488,82,372212000,63000,15984771072
1790305366.2257433,22590783488,100,376689000,63000,15984775168
1790305367.2265677,22590783488,100,364736000,62000,15984775168
1790305368.2275405,22590783488,89,314375000,65000,15984775168
1790305369.275412,22590783488,100,334454000,60000,15984775168
1790305370.2760134,22590783488,100,261637000,61000,15984779264
1790305371.2766135,22590783488,100,361246000,64000,15984779264
1790305372.279021,22590783488,100,387775000,66000,15984779264
1790305373.2795398,22590783488,24,317862000,65000,15984812032
1790305374.2803087,22590783488,100,269996000,65000,15984779264
1790305375.2815073,22590783488,83,373392000,66000,15984779264
1790305376.2821412,22590783488,100,327618000,56000,15984812032
1790305377.2837944,22590783488,0,203157000,64000,15984787456
1790305378.2849798,22590783488,100,337575000,57000,15984852992
1790305379.2856677,22590783488,100,270658000,57000,15984889856
1790305380.2862685,22590783488,77,261915000,65000,15984893952
1790305381.2869985,22590783488,37,314533000,64000,15984857088
1790305382.2888072,22590783488,100,351589000,59000,15984857088
1790305383.2899053,22590783488,96,324951000,63000,15984857088
1790305384.2906191,22590783488,100,255959000,64000,15985168384
1790305385.291587,22590783488,90,366231000,66000,15985168384
1790305386.2922962,22590783488,100,395491000,66000,15985168384
1790305387.293151,22590783488,100,316566000,63000,15985606656
1790305388.2938287,22590783488,100,338225000,59000,15986053120
1790305389.3046196,22590783488,100,249769000,65000,15986094080
1790305390.305478,22590783488,0,235825000,64000,15986077696
1790305391.306103,22590783488,100,388927000,66000,15986077696
1790305392.3068788,22590783488,100,386190000,67000,15986081792
1790305393.3076105,22590783488,100,371774000,66000,15986081792
1790305394.3088024,22590783488,100,330906000,61000,15986081792
1790305395.3097856,22590783488,100,357206000,68000,15986085888
1790305396.3109572,22590783488,89,263141000,59000,15986089984
1790305397.3120189,22590783488,100,340206000,61000,15986094080
1790305398.3133307,22590783488,100,353530000,67000,15986094080
1790305399.314385,22590783488,100,400492000,68000,15986094080
1790305400.3153303,22590783488,88,396825000,68000,15986122752
1790305401.316129,22590783488,100,362696000,67000,15986106368
1790305402.317652,22590783488,100,326579000,64000,15986110464
1790305403.3185198,22590783488,100,332672000,62000,15986114560
1790305404.3198361,22590783488,100,357891000,68000,15986114560
1790305405.3205905,22590783488,43,282793000,68000,15986126848
1790305406.321482,22590783488,100,389252000,67000,15986126848
1790305407.3220518,22590783488,100,383090000,67000,15986126848
1790305408.3230157,22590783488,100,379643000,67000,15986126848
1790305409.3237507,22590783488,100,375227000,67000,15986126848
1790305410.3249915,22590783488,86,381957000,69000,15986126848
1790305411.5135486,22590783488,38,212442000,57000,15986126848
1790305412.514714,22590783488,8,134770000,63000,15986126848
1790305413.515647,22590783488,100,331973000,66000,15986163712
1790305414.5163887,22590783488,100,337643000,66000,15986425856
1790305415.517299,22590783488,100,379873000,66000,15986438144
1790305416.5181377,22590783488,61,181906000,57000,15987109888
1790305417.51895,22590783488,0,108505000,58000,15987122176
1790305418.5195887,22590783488,0,111506000,55000,15996170240
1790305419.520375,22590783488,0,90141000,55000,15996170240
1790305420.5211349,22590783488,0,80310000,54000,15996174336
1790305421.5217566,22590783488,0,100714000,57000,15996178432
1790305422.5223951,22590783488,100,254912000,54000,15999283200
1790305423.52316,22590783488,0,89420000,53000,15999283200
1790305424.5239096,22590783488,12,105161000,53000,16005476352
1790305425.5246327,22590783488,0,87201000,52000,16005476352
1790305426.5251372,22590783488,0,70151000,52000,16005476352
1790305427.5257196,22590783488,0,63059000,51000,16013430784
1790305428.5263438,22590783488,0,56025000,50000,16013430784
1790305429.5272295,22590783488,0,69775000,51000,16013586432
1790305430.5280075,22590783488,0,72425000,52000,16013590528
1790305431.5288801,22590783488,0,195851000,61000,16013570048
1790305432.5297697,22590783488,100,371809000,63000,16013606912
1790305433.530681,22590783488,0,187047000,51000,16013574144
1790305434.531272,22590783488,100,333598000,62000,16013574144
1790305435.53197,22590783488,100,371368000,63000,16013574144
1790305436.5328074,22590783488,100,365531000,63000,16013574144
1790305437.5335,22590783488,100,370256000,64000,16013574144
1790305438.534725,22590783488,100,311765000,62000,16013578240
1790305439.5357983,22590783488,100,368354000,65000,16013578240
1790305440.5365853,22590783488,40,336239000,65000,16013578240
1790305441.5646613,22590783488,98,340354000,64000,16013615104
1790305442.5654693,22590783488,0,302113000,64000,16057618432
1790305443.5662956,22590783488,85,372988000,66000,16013615104
1790305444.5672514,22590783488,0,302778000,65000,16013578240
1790305445.5691442,22590783488,33,318617000,64000,16013578240
1790305446.569905,22590783488,100,375798000,66000,16013578240
1790305447.5706873,22590783488,100,371495000,66000,16013582336
1790305448.571541,22590783488,99,391699000,62000,16013578240
1790305449.5724425,22590783488,100,288364000,56000,16013602816
1790305450.5732214,22590783488,100,287431000,65000,16013602816
1790305451.5740328,22590783488,100,383957000,66000,16013606912
1790305452.5747347,22590783488,100,375740000,67000,16013606912
1790305453.575378,22590783488,100,375104000,67000,16013606912
1790305454.594133,22590783488,100,377270000,65000,16013606912
1790305455.5949678,22590783488,100,324137000,57000,16014065664
1790305456.5958545,22590783488,100,313931000,65000,16014065664
1790305457.597353,22590783488,92,321157000,66000,16014065664
1790305458.5984921,22590783488,89,381162000,67000,16014065664
1790305459.59939,22590783488,38,334352000,67000,16014839808
1790305460.600106,22590783488,43,358554000,66000,16014839808
1790305461.6009197,22590783488,100,376454000,66000,16014876672
1790305462.6017797,22590783488,100,312723000,66000,16015572992
1790305463.602425,22590783488,100,384838000,68000,16015613952
1790305464.6030521,22590783488,100,339640000,67000,16016535552
1790305465.6038992,22590783488,100,374057000,67000,16016535552
1790305466.6048217,22590783488,100,384141000,68000,16016543744
1790305467.6056964,22590783488,100,378952000,67000,16016543744
1790305468.6063695,22590783488,0,334748000,58000,16017977344
1790305469.6071787,22590783488,100,326785000,69000,16017956864
1790305470.6078923,22590783488,0,354785000,59000,16019210240
1790305471.6086206,22590783488,100,313019000,69000,16019173376
1790305472.6098275,22590783488,88,297646000,68000,16020348928
1790305473.6106489,22590783488,27,362408000,62000,16020348928
1790305474.6112807,22590783488,68,334405000,60000,16021442560
1790305475.6127508,22590783488,89,311281000,67000,16021512192
1790305476.6134853,22590783488,100,380465000,67000,16021512192
1790305477.6141446,22590783488,100,377461000,69000,16021512192
1790305478.6149569,22590783488,71,377657000,67000,16021512192
1790305479.6157625,22590783488,85,374661000,69000,16021516288
1790305480.6391187,22590783488,33,350751000,63000,16021516288
1790305481.6397996,22590783488,0,284877000,64000,16022806528
1790305482.6408951,22590783488,97,359158000,69000,16022806528
1790305483.6420197,22590783488,92,327621000,69000,16023060480
1790305484.6431367,22590783488,100,292801000,68000,16024264704
1790305486.1358354,22590783488,100,292212000,58000,16024264704
1790305487.1365676,22590783488,100,326256000,69000,16024264704
1790305488.1377757,22590783488,100,382548000,65000,16024264704
1790305489.2677584,22590783488,26,262985000,69000,16024264704
1790305490.2689242,22590783488,100,383506000,68000,16024264704
1790305491.269984,22590783488,100,398394000,69000,16024264704
1790305492.2706988,22590783488,100,393598000,69000,16024264704
1790305493.2713668,22590783488,30,328928000,69000,16024264704
1790305494.2723968,22590783488,100,390691000,67000,16024264704
1790305495.273097,22590783488,100,375529000,68000,16024264704
1790305496.273712,22590783488,100,352416000,68000,16024289280
1790305497.2767582,22590783488,0,273470000,68000,16025214976
1790305498.2776897,22590783488,100,393323000,70000,16025214976
1790305499.2788243,22590783488,41,344580000,67000,16025214976
1790305500.2798686,22590783488,97,399100000,70000,16025214976
1790305501.2806115,22590783488,100,402390000,69000,16025251840
1790305502.2821693,22590783488,0,318573000,69000,16025894912
1790305503.282883,22590783488,100,395829000,70000,16025894912
1790305504.2838273,22590783488,41,287845000,69000,16025899008
1790305505.2845995,22590783488,100,396829000,69000,16025899008
1790305506.28545,22590783488,100,390758000,68000,16025899008
1790305507.286781,22590783488,26,256966000,59000,16027164672
1790305508.2879832,22590783488,100,332398000,70000,16027168768
1790305509.2888143,22590783488,0,301200000,68000,16028594176
1790305510.2908835,22590783488,90,392693000,70000,16028594176
1790305511.2926981,22590783488,92,394174000,70000,16029065216
1790305512.2936542,22590783488,0,292477000,68000,16029921280
1790305513.2948785,22590783488,100,379012000,68000,16029921280
1790305514.2957501,22590783488,89,394422000,70000,16029925376
1790305515.2967772,22590783488,100,401349000,69000,16029925376
1790305516.297552,22590783488,97,393561000,71000,16029925376
1790305517.2988932,22590783488,29,336179000,70000,16029925376
1790305518.29962,22590783488,32,341865000,70000,16029925376
1790305519.300387,22590783488,100,407494000,71000,16029925376
1790305520.3014398,22590783488,100,328754000,69000,16029929472
1790305521.3022327,22590783488,98,381579000,70000,16029929472
1790305522.3033295,22590783488,100,386727000,70000,16029929472
1790305523.3041484,22590783488,100,324907000,60000,16031121408
1790305524.3050454,22590783488,100,321985000,69000,16031121408
1790305525.306521,22590783488,90,392272000,71000,16031121408
1790305526.3075721,22590783488,100,401501000,70000,16031121408
1790305527.3084426,22590783488,100,332062000,64000,16031121408
1790305528.3096015,22590783488,87,326511000,71000,16031141888
1790305529.3106718,22590783488,0,241859000,70000,16032034816
1790305530.3115175,22590783488,100,402900000,70000,16032038912
1790305531.3123202,22590783488,100,395815000,70000,16033660928
1790305532.3128767,22590783488,0,201114000,68000,16035012608
1790305533.3138206,22590783488,34,336511000,70000,16035012608
1790305534.3145976,22590783488,42,327729000,64000,16035012608
1790305535.6534877,22590783488,0,187715000,58000,16035012608
1790305536.654226,22590783488,100,308692000,69000,16035049472
1790305537.6549594,22590783488,100,312568000,68000,16035729408
1790305538.6558223,22590783488,100,381260000,69000,16035729408
1790305539.6563654,22590783488,100,310129000,69000,16035758080
1790305540.657004,22590783488,100,250728000,67000,16037953536
1790305541.6577141,22590783488,100,375012000,68000,16037953536
1790305542.6687083,22590783488,100,379871000,69000,16037965824
1790305543.6695075,22590783488,100,290648000,67000,16039026688
1790305544.6707244,22590783488,29,358807000,64000,16039026688
1790305545.6714063,22590783488,100,309246000,68000,16039489536
1790305546.6721623,22590783488,100,336965000,68000,16040177664
1790305547.6728919,22590783488,98,363220000,69000,16040177664
1790305548.6738725,22590783488,100,277043000,67000,16041684992
1790305549.67513,22590783488,90,375916000,70000,16041684992
1790305550.6759665,22590783488,100,400652000,69000,16041684992
1790305551.6768246,22590783488,33,349653000,63000,16041684992
1790305552.6779528,22592880640,0,291585000,59000,16043126784
1790305553.6791952,22592880640,100,323727000,69000,16043126784
1790305554.6799042,22592880640,100,349600000,69000,16043126784
1790305555.6806586,22592880640,90,394618000,70000,16043126784
1790305556.6814506,22592880640,98,404671000,70000,16043126784
1790305557.6824594,22592880640,96,401859000,71000,16043126784
1790305558.6831927,22592880640,100,384549000,69000,16043126784
1790305559.6839414,22592880640,100,376564000,69000,16043126784
1790305560.6846514,22592880640,100,381248000,70000,16043618304
1790305561.8106055,22592880640,100,348621000,69000,16044310528
1790305562.812112,22592880640,97,381149000,70000,16044310528
1790305563.8127484,22592880640,0,360077000,60000,16045551616
1790305564.8135412,22592880640,32,294223000,64000,16045551616
1790305565.8144312,22592880640,0,271686000,59000,16051970048
1790305566.8154798,22592880640,0,95209000,58000,16052146176
1790305567.8162582,22592880640,0,110368000,57000,16074649600
1790305568.8170772,22592880640,0,93162000,57000,16074649600
1790305569.8177695,22592880640,0,73690000,56000,16074649600
1790305570.8185136,22592880640,0,66442000,55000,16077012992
1790305571.8193052,22592880640,0,59688000,54000,16077012992
1790305572.8199852,22592880640,0,73882000,54000,16077012992
1790305573.8208137,22592880640,99,74721000,56000,16077021184
1790305574.8214884,22592880640,100,222186000,63000,16076992512
1790305575.8225987,22592880640,25,329375000,59000,16076992512
1790305576.823363,22592880640,100,335242000,66000,16076992512
1790305577.8241343,22592880640,100,392370000,63000,16076992512
1790305578.8249958,22592880640,0,293015000,56000,16077000704
1790305579.8257034,22592880640,100,345619000,67000,16077000704
1790305580.8265393,22592880640,100,380565000,67000,16077037568
1790305581.8274863,22592880640,100,348571000,66000,16077000704
1790305582.8280628,22592880640,100,368919000,66000,16077033472
1790305583.8286705,22592880640,100,298554000,66000,16097996800
1790305584.8294554,22592880640,100,279485000,66000,16077012992
1790305585.8301194,22592880640,31,283988000,61000,16077012992
1790305586.8309429,22592880640,100,368711000,67000,16077012992
1790305587.832295,22592880640,97,331065000,68000,16077012992
1790305588.8331552,22592880640,0,298028000,58000,16077033472
1790305589.8344953,22592880640,61,311501000,64000,16077033472
1790305590.835046,22592880640,95,361152000,67000,16077033472
1790305591.8357267,22592880640,100,384409000,67000,16077037568
1790305592.8366776,22592880640,91,382501000,66000,16077037568
1790305593.8375423,22592880640,46,294921000,58000,16077041664
1790305594.838266,22592880640,100,360620000,67000,16077041664
1790305595.8394191,22592880640,77,375094000,67000,16077041664
1790305596.8405237,22592880640,100,390259000,69000,16077041664
1790305597.84155,22592880640,98,399629000,69000,16077045760
1790305598.8422115,22592880640,100,395743000,69000,16077144064
1790305599.8487346,22592880640,100,320043000,67000,16077111296
1790305600.850638,22592880640,100,389175000,69000,16077111296
1790305601.8516572,22592880640,0,236377000,58000,16077119488
1790305602.852449,22592880640,100,357650000,69000,16077295616
1790305603.8538473,22592880640,100,318734000,67000,16077262848
1790305604.8546593,22592880640,40,289335000,58000,16077721600
1790305605.8561924,22592880640,100,350294000,67000,16077721600
1790305606.8573616,22592880640,0,177277000,57000,16077721600
1790305607.8582587,22592880640,0,238903000,58000,16077721600
1790305608.8597896,22592880640,100,364742000,69000,16077721600
1790305609.8602817,22592880640,100,337308000,67000,16077721600
1790305610.861301,22592880640,100,387507000,68000,16077721600
1790305611.8619447,22592880640,100,389172000,68000,16077721600
1790305612.8626425,22592880640,100,399294000,69000,16077721600
1790305613.8636224,22592880640,100,400191000,69000,16077721600
1790305614.8648934,22592880640,100,336011000,68000,16077721600
1790305615.8656716,22592880640,100,381827000,68000,16077721600
1790305616.8666866,22592880640,100,384138000,70000,16077721600
1790305617.8675137,22592880640,100,400376000,70000,16077721600
1790305618.868106,22592880640,100,391937000,69000,16077721600
1790305619.868894,22592880640,100,382250000,69000,16077725696
1790305620.8695617,22592880640,100,376316000,70000,16077725696
1790305621.8879297,22592880640,57,339043000,63000,16077762560
1790305622.889538,22592880640,100,240163000,68000,16077733888
1790305623.8902981,22592880640,82,343945000,69000,16077733888
1790305624.8913107,22592880640,100,326180000,69000,16077733888
1790305625.892018,22592880640,54,246220000,58000,16077803520
1790305626.8927863,22592880640,25,359245000,64000,16077803520
1790305627.8935544,22592880640,100,333928000,69000,16077803520
1790305628.8942356,22592880640,89,394859000,70000,16077836288
1790305629.8964944,22592880640,32,317682000,63000,16077799424
1790305630.8972697,22592880640,100,226353000,69000,16079601664
1790305631.8980749,22592880640,27,344179000,63000,16079601664
1790305632.8990266,22592880640,100,252518000,64000,16080863232
1790305633.900233,22592880640,33,354201000,64000,16080863232
1790305634.9013512,22592880640,100,341987000,69000,16080863232
1790305635.9025245,22592880640,33,360164000,63000,16080863232
1790305636.9040365,22592880640,87,359437000,70000,16080863232
1790305637.905961,22592880640,28,372505000,63000,16080863232
1790305638.907316,22592880640,100,276394000,69000,16080863232
1790305639.9081209,22592880640,100,328447000,68000,16081518592
1790305640.9092977,22592880640,100,322303000,68000,16082083840
1790305641.9100251,22592880640,0,244496000,58000,16082894848
1790305642.9108284,22592880640,100,261246000,69000,16082894848
1790305643.9118304,22592880640,100,338190000,69000,16082894848
1790305644.9130154,22592880640,100,386033000,68000,16082894848
1790305645.9139621,22592880640,6,185813000,63000,16085491712
1790305646.914581,22592880640,100,334549000,67000,16085491712
1790305647.9154449,22592880640,100,354420000,68000,16085491712
1790305648.9164782,22592880640,100,384438000,68000,16085491712
1790305649.9173326,22592880640,100,388319000,68000,16086720512
1790305650.9182286,22592880640,100,351207000,69000,16086753280
1790305651.9190583,22592880640,98,378145000,70000,16086757376
1790305652.9198277,22592880640,100,397092000,68000,16087240704
1790305653.9209335,22592880640,100,355503000,69000,16087928832
1790305654.921857,22592880640,100,379750000,69000,16087928832
1790305655.9226046,22592880640,100,326293000,70000,16089137152
1790305656.9235818,22592880640,100,353835000,68000,16089100288
1790305657.9245577,22592880640,72,365606000,68000,16089100288
1790305658.926236,22592880640,100,388557000,68000,16089100288
1790305660.2441068,22592880640,0,316808000,59000,16089100288
1790305661.2452714,22592880640,66,173079000,67000,16089100288
1790305662.2457898,22592880640,99,369478000,70000,16089100288
1790305663.2467294,22592880640,100,396563000,69000,16089690112
1790305664.2475784,22592880640,100,352095000,69000,16089690112
1790305665.2485085,22592880640,48,348878000,65000,16089690112
1790305666.2493513,22592880640,30,289643000,63000,16089690112
1790305667.2504692,22592880640,100,355188000,69000,16089694208
1790305668.2517207,22592880640,100,384149000,70000,16089694208
1790305669.2743905,22592880640,100,326676000,69000,16089694208
1790305670.2751625,22592880640,98,377660000,69000,16090951680
1790305671.2761388,22592880640,100,320270000,68000,16090914816
1790305672.2770302,22592880640,24,267322000,69000,16090914816
1790305673.277696,22592880640,100,399443000,70000,16090914816
1790305674.2784283,22592880640,100,394415000,69000,16090914816
1790305675.2789505,22592880640,100,376806000,69000,16090914816
1790305676.2799451,22592880640,90,282272000,64000,16090914816
1790305677.2807846,22592880640,31,234579000,68000,16090914816
1790305678.2817228,22592880640,0,178201000,58000,16093728768
1790305679.282812,22592880640,100,326225000,62000,16093728768
1790305680.2839582,22592880640,100,278147000,64000,16093728768
1790305681.2850792,22592880640,100,394366000,69000,16093728768
1790305682.286492,22592880640,29,319661000,62000,16093728768
1790305683.292973,22592880640,94,302616000,69000,16093949952
1790305684.293997,22592880640,62,149919000,63000,16095571968
1790305685.294778,22592880640,100,380854000,68000,16095571968
1790305686.2961967,22592880640,13,285983000,58000,16097136640
1790305687.2970157,22592880640,100,346351000,67000,16097136640
1790305688.297794,22592880640,100,325257000,69000,16097136640
1790305689.2986083,22592880640,96,401388000,70000,16097136640
1790305690.299475,22592880640,100,308231000,59000,16098508800
1790305691.3002577,22592880640,100,332764000,67000,16098476032
1790305692.3013275,22592880640,100,326556000,66000,16098476032
1790305693.3022144,22592880640,100,379536000,67000,16098476032
1790305694.302955,22592880640,100,373253000,69000,16098476032
1790305695.3036196,22592880640,100,382754000,68000,16098476032
1790305696.30437,22592880640,100,396001000,70000,16098476032
1790305697.3051903,22592880640,100,334175000,70000,16098476032
1790305698.3068871,22592880640,100,300099000,62000,16098480128
1790305699.3079145,22592880640,30,245201000,69000,16098476032
1790305700.308626,22592880640,89,389327000,69000,16098512896
1790305701.3092675,22592880640,100,276735000,67000,16099762176
1790305702.310122,22592880640,96,387776000,70000,16099762176
1790305703.3112133,22592880640,100,303739000,61000,16099762176
1790305704.3121948,22592880640,100,283940000,64000,16099762176
1790305705.3129945,22592880640,15,273983000,68000,16100913152
1790305706.3138266,22592880640,100,313365000,63000,16102268928
1790305707.314605,22592880640,100,370934000,69000,16102268928
1790305708.3157082,22592880640,100,388360000,68000,16102268928
1790305709.3164594,22592880640,100,384932000,67000,16102268928
1790305710.3172832,22592880640,100,381851000,69000,16103489536
1790305711.3182726,22592880640,4,239809000,68000,16104214528
1790305712.3204968,22592880640,100,377734000,68000,16104214528
1790305713.3217156,22592880640,90,374370000,70000,16104214528
1790305714.3223827,22592880640,95,392690000,70000,16104214528
1790305715.3235078,22592880640,0,289138000,68000,16106188800
1790305716.3246136,22592880640,100,382673000,69000,16106188800
1790305717.3253093,22592880640,100,378685000,69000,16106188800
1790305718.3260045,22592880640,40,337693000,70000,16106188800
1790305719.5989053,22592880640,74,211942000,58000,16106188800
1790305720.600549,22592880640,100,238925000,66000,16106188800
1790305721.6016266,22592880640,100,380841000,68000,16106225664
1790305722.6034348,22592880640,0,283798000,67000,16106999808
1790305723.604197,22592880640,100,370248000,67000,16106999808
1790305724.6051874,22592880640,100,395132000,69000,16106999808
1790305725.6060023,22592880640,100,392847000,69000,16108072960
1790305726.6067605,22592880640,1,253410000,65000,16109539328
1790305727.6080246,22592880640,100,370883000,68000,16144994304
1790305728.6093745,22592880640,97,376333000,70000,16109539328
1790305729.6106098,22592880640,100,351529000,69000,16109539328
1790305730.611233,22592880640,31,237330000,69000,16111112192
1790305731.6119547,22592880640,79,303005000,67000,16112009216
1790305732.6125538,22592880640,42,165147000,59000,16116043776
1790305733.613044,22592880640,0,111044000,57000,16116051968
1790305734.6136684,22592880640,18,108995000,56000,16125132800
1790305735.6144295,22592880640,0,91779000,56000,16125132800
1790305736.6152143,22592880640,0,81432000,55000,16125145088
1790305737.6160796,22592880640,76,119449000,63000,16125153280
1790305738.6171381,22592880640,68,225078000,55000,16131780608
1790305739.6179988,22592880640,0,90205000,56000,16131747840
1790305740.6195266,22592880640,39,105916000,54000,16154243072
1790305741.6204402,22592880640,0,89481000,53000,16154243072
1790305742.6213605,22592880640,0,66788000,52000,16154243072
1790305743.6223657,22592880640,0,62183000,52000,16155226112
1790305744.6230419,22592880640,0,57449000,51000,16155226112
1790305745.6238072,22592880640,0,68583000,51000,16155226112
1790305746.6246405,22594977792,0,70856000,51000,16155193344
1790305747.6251616,22594977792,100,246633000,61000,16155209728
1790305748.6259243,22594977792,100,317619000,63000,16155209728
1790305749.6266365,22594977792,66,276469000,56000,16155209728
1790305750.627916,22594977792,100,285826000,57000,16155209728
1790305751.62855,22594977792,100,344549000,63000,16155234304
1790305752.6291924,22594977792,100,295613000,56000,16155209728
1790305753.6298153,22594977792,100,335917000,63000,16155209728
1790305754.6304085,22594977792,100,377557000,66000,16222322688
1790305755.631642,22594977792,100,323263000,63000,16222330880
1790305756.632867,22594977792,100,374649000,66000,16222330880
1790305757.6339877,22594977792,100,397622000,67000,16222330880
1790305758.6348004,22594977792,100,399509000,67000,16222330880
1790305759.6355128,22594977792,100,320127000,59000,16222330880
1790305760.6361651,22594977792,91,299522000,67000,16222330880
1790305761.6367776,22594977792,20,235748000,62000,16222330880
1790305762.6374207,22594977792,100,360411000,65000,16222330880
1790305763.6383631,22594977792,100,369477000,65000,16222330880
1790305764.638899,22594977792,35,236297000,57000,16222334976
1790305765.6396194,22594977792,43,280360000,66000,16222334976
1790305766.6407926,22594977792,100,276705000,63000,16222347264
1790305767.6415284,22594977792,100,346142000,67000,16222347264
1790305768.6426728,22594977792,27,330222000,65000,16222351360
1790305769.644005,22594977792,100,320985000,64000,16222392320
1790305770.645521,22594977792,0,242708000,63000,16222359552
1790305771.6465397,22594977792,44,291645000,66000,16222359552
1790305772.6474004,22594977792,100,373334000,65000,16222359552
1790305773.6483233,22594977792,100,346617000,60000,16222359552
1790305774.6489275,22594977792,100,336617000,67000,16222359552
1790305775.6497955,22594977792,100,390505000,68000,16222359552
1790305776.6503675,22594977792,77,328493000,68000,16222363648
1790305777.6511405,22594977792,100,400390000,68000,16270303232
1790305778.6518884,22594977792,29,319651000,67000,16222363648
1790305779.6525927,22594977792,100,375303000,67000,16222363648
1790305780.6544418,22594977792,100,370878000,67000,16222363648
1790305781.6555114,22594977792,43,315903000,68000,16222363648
1790305782.6561258,22594977792,29,250956000,61000,16222363648
1790305783.6568534,22594977792,100,258792000,57000,16222453760
1790305784.6579854,22594977792,100,337340000,65000,16222453760
1790305785.6585653,22594977792,100,380574000,67000,16222453760
1790305786.6600604,22594977792,100,380093000,67000,16222453760
1790305787.660662,22594977792,99,317339000,64000,16222453760
1790305788.6615415,22594977792,100,382354000,67000,16222470144
1790305789.6622837,22594977792,94,287819000,68000,16222470144
1790305791.08833,22594977792,0,258651000,57000,16222470144
1790305792.0889375,22594977792,28,217564000,60000,16222470144
1790305793.089722,22594977792,100,339842000,61000,16222470144
1790305794.0904114,22594977792,100,349694000,68000,16222470144
1790305795.0916169,22594977792,100,374605000,68000,16222470144
1790305796.0922706,22594977792,51,379547000,62000,16222470144
1790305797.0928898,22594977792,100,329469000,68000,16222470144
1790305798.0936673,22594977792,99,389281000,68000,16222470144
1790305799.0944035,22594977792,100,387147000,64000,16222507008
1790305800.094986,22594977792,100,287713000,67000,16222478336
1790305801.0963123,22594977792,2,361523000,59000,16222478336
1790305802.1411264,22594977792,96,384269000,67000,16222478336
1790305803.1420279,22594977792,100,387368000,68000,16222478336
1790305804.2396426,22594977792,87,382925000,68000,16222478336
1790305805.240396,22594977792,43,353147000,64000,16222478336
1790305806.2412398,22594977792,100,308673000,67000,16222638080
1790305807.2419298,22594977792,100,366525000,69000,16222638080
1790305808.2427819,22594977792,100,393042000,69000,16222638080
1790305809.2435596,22594977792,0,277214000,59000,16223100928
1790305810.244507,22594977792,92,306865000,69000,16223100928
1790305811.245144,22594977792,100,373896000,69000,16223608832
1790305812.246011,22594977792,89,306747000,69000,16223576064
1790305813.2469246,22594977792,100,376882000,68000,16223576064
1790305814.2481399,22594977792,100,394548000,69000,16223576064
1790305815.2490396,22594977792,100,397781000,70000,16223576064
1790305816.2498257,22594977792,68,361864000,71000,16224866304
1790305817.2506332,22594977792,100,291553000,69000,16224833536
1790305818.2515097,22594977792,0,361083000,62000,16225972224
1790305819.2837198,22594977792,34,243179000,63000,16225972224
1790305820.2844214,22594977792,100,320952000,69000,16225972224
1790305821.2856107,22594977792,100,390034000,68000,16225972224
1790305822.2868083,22594977792,68,367841000,67000,16225972224
1790305823.287961,22594977792,100,313068000,69000,16225972224
1790305824.2886255,22594977792,100,330841000,68000,16225972224
1790305825.2893279,22594977792,100,375258000,69000,16225972224
1790305826.2906098,22594977792,100,368015000,69000,16225972224
1790305827.291664,22594977792,0,311190000,60000,16227139584
1790305828.2926476,22594977792,100,345256000,69000,16227139584
1790305829.2933652,22594977792,100,376005000,68000,16227139584
1790305830.2942796,22594977792,32,325443000,63000,16227778560
1790305831.2951868,22594977792,96,258020000,69000,16227983360
1790305832.2963502,22594977792,34,379231000,61000,16229085184
1790305833.2974963,22594977792,100,305421000,70000,16229085184
1790305834.2985475,22594977792,100,399694000,70000,16259264512
1790305835.2996013,22594977792,33,306162000,63000,16259342336
1790305836.3004334,22594977792,1,262867000,60000,16260497408
1790305837.3010447,22594977792,98,312703000,68000,16260501504
1790305838.3016524,22594977792,48,296572000,64000,16260505600
1790305839.3025374,22594977792,100,357287000,66000,16260505600
1790305840.3036087,22594977792,27,252078000,62000,16260509696
1790305841.3045287,22594977792,0,292291000,59000,16261595136
1790305842.4858043,22594977792,0,167570000,57000,16261595136
1790305843.487474,22594977792,88,297056000,69000,16261595136
1790305844.4885406,22594977792,100,358403000,59000,16261697536
1790305845.4893353,22594977792,0,178021000,68000,16263929856
1790305846.4900827,22594977792,100,375355000,68000,16263929856
1790305847.4911907,22594977792,97,392501000,68000,16263929856
1790305848.491873,22594977792,90,391003000,69000,16263929856
1790305849.492592,22594977792,100,379641000,63000,16263929856
1790305850.4941413,22594977792,100,336582000,69000,16263929856
1790305851.4947782,22594977792,100,395805000,68000,16263929856
1790305852.4955347,22594977792,100,320097000,67000,16263929856
1790305853.4962451,22594977792,97,321692000,61000,16265011200
1790305854.4976628,22594977792,100,347037000,70000,16265011200
1790305855.4983833,22594977792,31,301979000,69000,16265011200
1790305856.499543,22594977792,100,396707000,69000,16269516800
1790305857.5002563,22594977792,100,398747000,69000,16265011200
1790305858.5010338,22594977792,19,264716000,66000,16265011200
1790305859.5025804,22594977792,100,293484000,69000,16265011200
1790305860.5034325,22594977792,100,369245000,67000,16265011200
1790305861.5043442,22594977792,51,309994000,68000,16266473472
1790305862.5052683,22594977792,100,320292000,68000,16266473472
1790305863.5064592,22594977792,100,329889000,68000,16267751424
1790305864.5072384,22594977792,100,376582000,69000,16267751424
1790305865.5079715,22594977792,98,324601000,59000,16269017088
1790305866.5088599,22594977792,100,297859000,66000,16269017088
1790305867.5095546,22594977792,100,365440000,68000,16269017088
1790305868.5101368,22594977792,100,374016000,69000,16269017088
1790305869.5108228,22594977792,100,388335000,67000,16269017088
1790305870.5119236,22594977792,35,327523000,69000,16269017088
1790305871.512633,22594977792,100,378718000,70000,16269017088
1790305872.5135417,22594977792,23,330981000,69000,16269017088
1790305873.514446,22594977792,91,317859000,67000,16269164544
1790305874.5152907,22594977792,100,258545000,59000,16270680064
1790305875.5158827,22594977792,0,197625000,67000,16271376384
1790305876.5164762,22594977792,100,389231000,69000,16271376384
1790305877.5170572,22594977792,0,324338000,68000,16271413248
1790305878.5177712,22594977792,0,150781000,57000,16275038208
1790305879.5183356,22594977792,100,272974000,67000,16274997248
1790305880.5190005,22594977792,100,391123000,69000,16274997248
1790305881.5197077,22594977792,100,405497000,69000,16274997248
1790305882.520239,22594977792,100,383380000,68000,16274997248
1790305883.5212092,22594977792,100,385947000,69000,16274997248
1790305884.52301,22594977792,41,276690000,67000,16275001344
1790305885.5236092,22594977792,3,276455000,67000,16275009536
1790305886.5245857,22594977792,100,373541000,68000,16275013632
1790305887.5252109,22594977792,85,351254000,69000,16275013632
1790305888.5259578,22594977792,100,354735000,63000,16275013632
1790305889.5267415,22594977792,100,270413000,63000,16275013632
1790305890.5273068,22594977792,100,344916000,69000,16275013632
1790305891.5281482,22594977792,24,327748000,69000,16275013632
1790305892.529046,22594977792,100,392498000,68000,16275013632
1790305893.5296814,22594977792,100,380069000,68000,16275013632
1790305894.5304193,22594977792,100,375661000,67000,16275013632
1790305895.5313628,22594977792,100,391616000,70000,16275013632
1790305896.531918,22594977792,100,312274000,68000,16275226624
1790305898.3296173,22594977792,0,325884000,59000,16275226624
1790305899.330514,22594977792,100,148301000,67000,16276131840
1790305900.3324053,22594977792,100,390301000,69000,16276131840
1790305901.3332555,22594977792,100,397230000,70000,16276131840
1790305902.3340626,22594977792,9,358718000,66000,16276131840
1790305903.3345313,22594977792,100,358024000,68000,16276131840
1790305904.335026,22594977792,100,380744000,68000,16276131840
1790305905.3361764,22594977792,95,378426000,69000,16276131840
1790305906.3367088,22594977792,100,334629000,68000,16276611072
1790305907.33729,22594977792,100,283018000,68000,16277647360
1790305908.3385558,22594977792,96,375422000,70000,16277647360
1790305909.339231,22594977792,100,390941000,69000,16277647360
1790305910.3399131,22594977792,100,263107000,69000,16277647360
1790305911.3410096,22594977792,90,388405000,62000,16279306240
1790305912.3416462,22594977792,100,331392000,69000,16279306240
1790305913.343526,22594977792,0,314716000,59000,16282017792
1790305914.3440611,22594977792,100,206945000,66000,16281993216
1790305915.3446047,22594977792,100,277970000,67000,16283275264
1790305916.3453898,22594977792,100,369304000,68000,16283275264
1790305917.345985,22594977792,0,259692000,58000,16285945856
1790305918.3466434,22594977792,100,260277000,67000,16285945856
1790305919.3473184,22594977792,21,330892000,62000,16285945856
1790305920.3480701,22594977792,91,328522000,69000,16285945856
1790305921.348865,22594977792,100,394834000,68000,16285945856
1790305922.349754,22594977792,34,353551000,63000,16285945856
1790305923.350353,22594977792,100,340806000,68000,16285945856
1790305924.3510273,22594977792,100,372752000,68000,16285945856
1790305925.3515813,22594977792,100,386172000,69000,16285945856
1790305926.3522677,22594977792,100,385589000,68000,16285945856
1790305927.3534734,22594977792,100,375989000,69000,16285945856
1790305928.3546417,22594977792,100,382359000,70000,16285945856
1790305929.3552473,22594977792,100,392545000,69000,16285945856
1790305930.4485562,22594977792,42,374681000,64000,16285945856
1790305931.4494586,22594977792,100,329666000,70000,16299814912
1790305932.450235,22594977792,0,349292000,60000,16286990336
1790305933.4511168,22594977792,100,325709000,70000,16286990336
1790305934.4517992,22594977792,31,360209000,64000,16286990336
1790305935.4526246,22594977792,100,292552000,69000,16286990336
1790305936.4534433,22594977792,100,390854000,69000,16286990336
1790305937.4539804,22594977792,100,376476000,69000,16286990336
1790305938.454519,22594977792,21,308472000,63000,16286990336
1790305939.4550579,22594977792,100,311487000,70000,16286990336
1790305940.455573,22594977792,100,376291000,69000,16286990336
1790305941.45629,22594977792,100,383406000,70000,16286990336
1790305942.456872,22594977792,100,398858000,70000,16287477760
1790305943.4582276,22594977792,100,304972000,68000,16288133120
1790305944.4589875,22594977792,92,328987000,70000,16288133120
1790305945.4596384,22594977792,49,392531000,65000,16288133120
1790305946.4602797,22594977792,93,332757000,70000,16290701312
1790305947.4608846,22594977792,100,316935000,68000,16291409920
1790305948.4615731,22594977792,100,376232000,69000,16291409920
1790305949.4623365,22594977792,100,384614000,69000,16291414016
1790305950.4629512,22594977792,100,391127000,71000,16291414016
1790305951.4634933,22594977792,100,383512000,69000,16291414016
1790305952.4643028,22594977792,100,368317000,68000,16291414016
1790305953.4653127,22594977792,100,283295000,69000,16291414016
1790305954.4660761,22594977792,100,378227000,68000,16291414016
1790305955.4665859,22594977792,100,392370000,69000,16292638720
1790305956.4671345,22594977792,100,345472000,69000,16292638720
1790305957.467695,22594977792,62,363293000,67000,16292638720
1790305958.4682798,22594977792,89,331347000,69000,16293109760
1790305959.468917,22594977792,100,346921000,69000,16293806080
1790305960.4695554,22594977792,100,378545000,69000,16293806080
1790305961.4703572,22594977792,99,342752000,70000,16294293504
1790305962.4710138,22594977792,100,348050000,69000,16294920192
1790305963.4716022,22594977792,100,376709000,68000,16294920192
1790305964.472929,22594977792,100,336021000,70000,16294920192
1790305965.473723,22594977792,100,386453000,69000,16296177664
1790305966.4742622,22594977792,100,327327000,68000,16296177664
1790305967.4749968,22594977792,0,282480000,60000,16296177664
1790305968.4756703,22594977792,94,182147000,69000,16296177664
1790305969.4765892,22594977792,29,249764000,62000,16296177664
1790305970.4773674,22594977792,51,293554000,68000,16296177664
1790305971.4779272,22594977792,100,387913000,68000,16296177664
1790305972.478434,22594977792,100,367202000,68000,16296177664
1790305973.4793198,22594977792,100,392263000,69000,16296177664
1790305974.4798598,22594977792,100,377819000,68000,16296177664
1790305975.4805036,22594977792,100,375874000,71000,16296177664
1790305976.4813995,22594977792,100,322497000,68000,16296931328
1790305977.4820457,22594977792,100,380191000,69000,16296931328
1790305978.483139,22594977792,100,397503000,70000,16296931328
1790305979.4840488,22594977792,100,300837000,68000,16298225664
1790305980.484717,22594977792,100,387918000,69000,16298225664
1790305981.5541544,22594977792,100,391970000,70000,16299610112
1790305982.554623,22594977792,100,347606000,69000,16299610112
1790305983.5551739,22594977792,33,329226000,66000,16299696128
1790305984.5558407,22594977792,100,284885000,69000,16301019136
1790305985.5564444,22594977792,100,384493000,70000,16301019136
1790305986.5569718,22594977792,32,294723000,68000,16302211072
1790305987.5573926,22594977792,100,379913000,70000,16302211072
1790305988.55833,22594977792,29,265309000,68000,16302211072
1790305989.5591369,22594977792,100,388673000,70000,16302211072
1790305990.5599446,22594977792,100,383523000,63000,16302211072
1790305991.5606706,22594977792,89,314136000,69000,16302239744
1790305992.5613098,22594977792,77,354598000,68000,16303431680
1790305993.5620098,22594977792,100,379666000,70000,16303431680
1790305994.5626745,22594977792,54,294406000,63000,16303431680
1790305995.5633078,22594977792,100,310192000,69000,16303435776
1790305996.5638597,22594977792,0,321726000,68000,16304787456
1790305997.564486,22594977792,85,384181000,70000,16304787456
1790305998.5650632,22594977792,0,318054000,68000,16305868800
1790305999.5661051,22594977792,100,384846000,69000,16305868800
1790306000.5668828,22594977792,100,384955000,68000,16307290112
1790306001.56776,22594977792,100,328173000,68000,16307261440
1790306002.5685258,22594977792,100,368280000,70000,16307744768
1790306003.5690768,22594977792,100,322636000,68000,16308465664
1790306004.5697198,22594977792,91,387665000,70000,16308465664
1790306005.5703754,22594977792,100,397213000,70000,16308465664
1790306006.5710263,22594977792,100,384518000,70000,16308465664
1790306007.5716336,22594977792,100,379190000,69000,16308465664
1790306008.5724022,22594977792,100,385341000,70000,16308465664
1790306009.5731952,22594977792,100,388822000,71000,16308465664
1790306010.5741415,22594977792,89,315421000,64000,16308465664
1790306011.5748758,22594977792,100,348625000,71000,16308465664
1790306012.575477,22594977792,85,386165000,70000,16308469760
1790306013.5759933,22594977792,100,380074000,70000,16308469760
1790306014.5764697,22594977792,100,373398000,70000,16308469760
1790306015.577045,22594977792,100,372590000,70000,16308469760
1790306016.5776536,22594977792,100,397101000,70000,16308469760
1790306017.578305,22594977792,100,366352000,70000,16309882880
1790306018.5788329,22594977792,100,382306000,70000,16309882880
1790306019.5796483,22594977792,100,389026000,70000,16309882880
1790306020.5804434,22594977792,79,368786000,71000,16309882880
1790306021.5812247,22594977792,48,349081000,66000,16310943744
1790306022.581847,22594977792,100,312534000,69000,16310906880
1790306023.5823956,22594977792,100,396214000,70000,16310906880
1790306024.5829854,22594977792,99,396099000,69000,16310906880
1790306025.5835943,22594977792,100,380714000,70000,16311558144
1790306026.5842016,22594977792,100,322701000,69000,16312373248
1790306027.5852313,22594977792,100,367823000,64000,16312373248
1790306028.5857675,22594977792,100,342460000,71000,16312377344
1790306029.586584,22594977792,100,397927000,70000,16312377344
1790306031.108995,22594977792,0,235762000,60000,16367431680
1790306032.109747,22594977792,100,323727000,69000,16312401920
1790306033.1108828,22594977792,100,383733000,70000,16312377344
1790306034.1121483,22594977792,89,355583000,71000,16312377344
1790306035.1130104,22594977792,100,401388000,70000,16312414208
1790306036.1138327,22594977792,100,308483000,71000,16313032704
1790306037.1144295,22594977792,40,350696000,68000,16313806848
1790306038.1149209,22594977792,100,375387000,69000,16313806848
1790306039.115834,22594977792,99,329940000,71000,16313806848
1790306040.1167197,22594977792,71,325552000,68000,16314974208
1790306041.117571,22594977792,100,379741000,70000,16314974208
1790306042.1182935,22594977792,100,394963000,71000,16314974208
1790306043.118914,22594977792,100,341007000,69000,16316362752
1790306044.1197143,22594977792,22,364517000,65000,16316362752
1790306045.1203537,22594977792,100,311300000,69000,16316362752
1790306046.1210132,22594977792,100,379838000,70000,16316362752
1790306047.1276293,22594977792,100,391500000,71000,16316362752
1790306048.1283102,22594977792,99,343962000,70000,16316362752
1790306049.1289678,22594977792,100,284981000,68000,16317665280
1790306050.1295338,22594977792,100,374490000,70000,16317665280
1790306051.1300619,22594977792,100,327238000,69000,16318803968
1790306052.1312969,22594977792,100,370358000,70000,16318803968
1790306053.1321843,22594977792,100,401880000,71000,16318803968
1790306054.1330447,22594977792,100,401680000,70000,16318803968
1790306055.1337135,22594977792,100,394066000,71000,16318803968
1790306056.13445,22594977792,51,334781000,64000,16318803968
1790306057.1350427,22594977792,100,301810000,69000,16319811584
1790306058.1357353,22594977792,0,318063000,61000,16320249856
1790306059.2676241,22594977792,100,332254000,70000,16320253952
1790306060.2684052,22594977792,100,288601000,69000,16320700416
1790306061.2694159,22594977792,100,367437000,69000,16320700416
1790306062.2703404,22594977792,100,331083000,69000,16320700416
1790306063.270876,22594977792,77,375974000,69000,16320700416
1790306064.27138,22594977792,100,341309000,69000,16323817472
1790306065.2723901,22594977792,100,385811000,70000,16323817472
1790306066.272997,22594977792,100,365543000,70000,16323821568
1790306067.2738783,22594977792,100,374476000,69000,16323821568
1790306068.2746985,22594977792,100,390637000,71000,16323821568
1790306069.275349,22594977792,43,376939000,69000,16330182656
1790306070.2759278,22594977792,10,94555000,59000,16330391552
1790306071.276609,22594977792,21,128328000,60000,16349032448
1790306072.2771995,22594977792,0,94003000,57000,16353124352
1790306073.2776296,22594977792,0,73205000,56000,16353124352
1790306074.2856221,22594977792,0,66548000,55000,16353124352
1790306075.2864616,22594977792,0,60449000,55000,16355987456
1790306076.2870686,22597074944,0,59367000,54000,16355991552
1790306077.287606,22597074944,0,86461000,54000,16355991552
1790306078.2882314,22597074944,100,148518000,62000,16355966976
1790306079.289483,22597074944,28,351557000,61000,16356081664
1790306080.2903216,22597074944,100,327297000,64000,16355966976
1790306081.2907965,22597074944,100,375479000,65000,16355966976
1790306082.291654,22597074944,31,316493000,64000,16355966976
1790306083.2924974,22597074944,29,301121000,60000,16355966976
1790306084.293409,22597074944,100,316417000,67000,16355966976
1790306085.2939196,22597074944,100,377966000,66000,16355966976
1790306086.2947853,22597074944,94,387768000,68000,16355966976
1790306087.2954528,22597074944,25,294940000,60000,16355966976
1790306088.2962847,22597074944,100,340354000,66000,16355966976
1790306089.297077,22597074944,100,371627000,68000,16355966976
1790306090.2982194,22597074944,100,393645000,68000,16355966976
1790306091.2987952,22597074944,100,373991000,67000,16355966976
1790306092.2993653,22597074944,100,374988000,68000,16355966976
1790306093.2999265,22597074944,100,374776000,68000,16355966976
1790306094.3011749,22597074944,24,341482000,61000,16355966976
1790306095.3019257,22597074944,25,279860000,61000,16355966976
1790306096.3027325,22597074944,100,295275000,68000,16355966976
1790306097.303347,22597074944,100,385848000,67000,16355966976
1790306098.3044071,22597074944,100,390912000,69000,16355966976
1790306099.3053367,22597074944,27,333160000,62000,16355966976
1790306100.3063648,22597074944,74,206304000,66000,16355966976
1790306101.3070405,22597074944,98,380371000,69000,16355966976
1790306102.3076143,22597074944,63,385425000,66000,16355966976
1790306103.8583775,22597074944,95,246715000,58000,16355966976
1790306104.859221,22597074944,100,274732000,69000,16355966976
1790306105.8601372,22597074944,100,388195000,69000,16355966976
1790306106.8613033,22597074944,27,334882000,69000,16356016128
1790306107.8618977,22597074944,100,395916000,69000,16355966976
1790306108.8629205,22597074944,41,294026000,61000,16355966976
1790306109.8636436,22597074944,58,299005000,69000,16355966976
1790306110.8659797,22597074944,57,307176000,68000,16355971072
1790306111.866882,22597074944,94,393861000,70000,16355971072
1790306112.8678348,22597074944,100,344616000,67000,16355971072
1790306113.8720822,22597074944,100,367098000,68000,16355971072
1790306114.8846424,22597074944,34,329660000,69000,16355971072
1790306115.8854654,22597074944,100,287491000,66000,16355979264
1790306116.8864691,22597074944,100,360724000,69000,16355979264
1790306117.8873003,22597074944,100,387461000,69000,16356016128
1790306118.88805,22597074944,100,302850000,69000,16355979264
1790306119.8888505,22597074944,59,357410000,69000,16355979264
1790306120.889822,22597074944,92,390667000,69000,16355979264
1790306121.8906944,22597074944,100,376908000,69000,16355979264
1790306122.8921802,22597074944,100,373176000,69000,16356016128
1790306123.8928444,22597074944,97,274385000,63000,16355979264
1790306124.893953,22597074944,100,339676000,69000,16355979264
1790306125.8950129,22597074944,97,387251000,70000,16355979264
1790306126.8958492,22597074944,61,345541000,69000,16355979264
1790306127.8964446,22597074944,100,388134000,62000,16355983360
1790306128.8971672,22597074944,100,352128000,69000,16355983360
1790306129.897806,22597074944,85,393134000,70000,16355983360
1790306130.899186,22597074944,54,339572000,70000,16355983360
1790306131.9005063,22597074944,100,410203000,70000,16355987456
1790306132.9012382,22597074944,100,394473000,70000,16356020224
1790306133.9017637,22597074944,84,350660000,69000,16355987456
1790306134.9024286,22597074944,100,375224000,69000,16355987456
1790306135.9031851,22597074944,100,387800000,70000,16355987456
1790306136.9048307,22597074944,100,383224000,70000,16355987456
1790306137.9059565,22597074944,100,391061000,71000,16355987456
1790306138.9065216,22597074944,28,332483000,70000,16355987456
1790306139.9075248,22597074944,100,318859000,64000,16355987456
1790306140.9081838,22597074944,34,284505000,67000,16355987456
1790306141.9088037,22597074944,96,403162000,70000,16355987456
1790306142.909597,22597074944,100,369492000,64000,16355987456
1790306143.9106336,22597074944,100,333321000,69000,16355987456
1790306144.9113646,22597074944,100,378513000,69000,16355987456
1790306145.9119565,22597074944,98,348455000,61000,16356061184
1790306146.9126625,22597074944,100,331695000,70000,16356061184
1790306147.9133856,22597074944,94,400338000,71000,16356061184
1790306148.9142735,22597074944,100,392539000,69000,16356061184
1790306149.9152656,22597074944,100,377842000,69000,16356061184
1790306150.9161851,22597074944,100,382393000,70000,16356061184
1790306151.9169197,22597074944,100,384053000,70000,16356061184
1790306152.918012,22597074944,100,389472000,69000,16356061184
1790306153.9186888,22597074944,87,391981000,69000,16356061184
1790306154.9196723,22597074944,100,351267000,65000,16356061184
1790306155.9206836,22597074944,100,365217000,71000,16356061184
1790306156.9216084,22597074944,100,334441000,69000,16356061184
1790306158.1485415,22597074944,0,203713000,60000,16356073472
1790306159.1497958,22597074944,81,245587000,69000,16356061184
1790306160.1505413,22597074944,100,284296000,69000,16356061184
1790306161.2676187,22597074944,0,320068000,60000,16356061184
1790306162.3948634,22597074944,0,129074000,58000,16356061184
1790306163.3962004,22599172096,98,192731000,68000,16357376000
1790306164.401837,22599172096,0,194246000,58000,16357400576
1790306165.402725,22599172096,0,137763000,57000,16471851008
1790306166.4033766,23375118336,100,126888000,66000,16397762560
1790306167.4040582,23375118336,99,386977000,68000,16357695488
1790306168.4048455,23563862016,100,384101000,68000,16357703680
1790306169.405494,23773577216,100,387740000,69000,16357707776
1790306170.489218,23773577216,99,396404000,68000,16357715968
1790306171.4899478,23775674368,100,386863000,68000,16357732352
1790306172.4905906,23775674368,100,387719000,68000,16357732352
1790306173.4912481,23775674368,100,393678000,69000,16357732352
1790306174.4922447,23777771520,100,394453000,68000,16357736448
1790306175.4930842,23777771520,100,394223000,68000,16357736448
1790306176.4943452,23777771520,100,394811000,68000,16357736448
1790306177.494822,23777771520,100,394752000,70000,16357736448
1790306178.4956706,23777771520,100,395041000,70000,16357736448
1790306179.4968677,23777771520,100,394059000,69000,16357736448
1790306180.4975128,23777771520,100,394538000,70000,16357736448
1790306181.4981496,23777771520,100,394062000,69000,16357736448
1790306182.4993713,23777771520,100,396186000,69000,16357736448
1790306183.500343,23777771520,100,395224000,69000,16357744640
1790306184.5012121,23777771520,100,395245000,71000,16357744640
1790306185.501855,23777771520,100,389115000,69000,16357748736
1790306186.5029237,23777771520,99,389379000,71000,16357748736
1790306187.5036,23777771520,100,385525000,70000,16357748736
1790306188.5042918,23777771520,100,382724000,69000,16357748736
1790306189.5050774,23777771520,99,394400000,70000,16357748736
1790306190.5060213,23777771520,100,385498000,70000,16357748736
1790306191.5068896,23777771520,99,392074000,70000,16357748736
1790306192.5075545,23777771520,100,385388000,70000,16357748736
1790306193.5082219,23777771520,100,382304000,69000,16357748736
1790306194.5090163,23777771520,100,396765000,72000,16357748736
1790306195.5097258,23777771520,100,382223000,71000,16357748736
1790306196.5104713,23777771520,92,394391000,71000,16357748736
1790306197.5110755,23777771520,100,381507000,70000,16357748736
1790306198.51208,23777771520,99,394449000,70000,16357748736
1790306199.5128481,23777771520,100,385111000,71000,16357748736
1790306200.513817,23777771520,99,394087000,72000,16357752832
1790306201.5144558,23777771520,100,386981000,71000,16357752832
1790306202.5153475,23777771520,68,384232000,71000,16357752832
1790306203.516444,23777771520,92,385930000,71000,16357752832
1790306204.5169349,23777771520,100,383142000,70000,16357867520
1790306205.5173984,23777771520,99,394459000,70000,16357867520
1790306206.517803,23777771520,100,387075000,71000,16358010880
1790306207.5181901,23777771520,100,396428000,72000,16358010880
1790306208.5185828,23779868672,100,396480000,70000,16358174720
1790306209.5191143,23779868672,100,397839000,69000,16358174720
1790306210.5197604,23779868672,100,396593000,69000,16358174720
1790306211.5203207,23779868672,100,397842000,70000,16358174720
1790306212.520774,23779868672,100,398494000,73000,16358334464
1790306213.5212915,23779868672,100,398898000,73000,16358334464
1790306214.521814,23779868672,100,400216000,72000,16358334464
1790306215.522282,23779868672,100,400592000,74000,16358334464
1790306216.522673,23779868672,100,398166000,74000,16358338560
1790306217.5230367,23779868672,100,400925000,70000,16358338560
1790306218.523434,23779868672,100,401121000,72000,16358346752
1790306219.5238214,23779868672,100,396404000,70000,16358346752
1790306220.5242522,23779868672,100,395754000,70000,16358346752
1790306221.5247033,23779868672,100,396611000,74000,16358346752
1790306222.5251322,23779868672,100,394756000,72000,16358346752
1790306223.5255644,23779868672,100,398904000,72000,16358363136
1790306224.5261893,23779868672,100,410844000,72000,16358416384
1790306225.5506468,23779868672,100,400277000,71000,16358469632
1790306226.5513282,23779868672,100,394992000,72000,16358596608
1790306227.5518453,23779868672,100,396549000,72000,16358739968
1790306228.5523002,23779868672,100,399114000,70000,16358739968
1790306229.5528812,23779868672,100,393590000,72000,16358748160
1790306230.5535407,23779868672,100,398895000,70000,16358756352
1790306231.5539122,23779868672,100,396265000,72000,16358756352
1790306232.554529,23779868672,100,397507000,72000,16358776832
1790306233.5551922,23779868672,100,395134000,71000,16358789120
1790306234.5558858,23779868672,100,393106000,73000,16358797312
1790306235.5568724,23779868672,100,393053000,71000,16358825984
1790306236.5577521,23779868672,100,394427000,73000,16358825984
1790306237.5586536,23779868672,100,394733000,71000,16358825984
1790306238.5596235,23779868672,100,393957000,74000,16358825984
1790306239.5605319,23779868672,100,392871000,74000,16358854656
1790306240.5612094,23779868672,100,394263000,72000,16358854656
1790306241.5619445,23779868672,100,395777000,72000,16358875136
1790306242.5628452,23779868672,100,396548000,72000,16358899712
1790306243.5636258,23779868672,100,397058000,74000,16358899712
1790306244.5642374,23779868672,100,398803000,72000,16358916096
1790306245.5648658,23779868672,100,396956000,73000,16358916096
1790306246.565771,23779868672,100,396622000,73000,16358916096
1790306247.566667,23779868672,100,396244000,72000,16358928384
1790306248.5673275,23779868672,100,397625000,71000,16358928384
1790306249.5679395,23779868672,100,397484000,72000,16358944768
1790306250.5686483,23779868672,99,397989000,71000,16358957056
1790306251.5696433,23779868672,100,396434000,73000,16358965248
1790306252.5705028,20420231168,100,390069000,66000,16358965248
1790306253.571173,20420231168,100,343961000,69000,16358965248
1790306254.5719125,20420231168,100,386088000,70000,16358965248
1790306255.5727756,20420231168,100,385196000,70000,16358985728
1790306256.5735333,20420231168,100,384485000,70000,16358985728
1790306257.5758643,20420231168,100,383176000,72000,16358985728
1790306258.5765476,20420231168,100,391408000,71000,16359014400
1790306259.5773592,20420231168,100,398604000,71000,16359043072
1790306260.5780332,20420231168,100,396084000,71000,16359043072
1790306261.5787733,20420231168,100,393446000,71000,16631697408
1790306262.5796115,20420231168,100,385167000,71000,16359063552
1790306263.5807447,20420231168,100,386998000,70000,16359063552
1790306264.5813484,20420231168,100,383926000,73000,16359071744
1790306265.582284,20420231168,100,389233000,70000,16359092224
1790306266.5830195,20420231168,100,386578000,71000,16359092224
1790306267.583681,20420231168,100,396524000,72000,16359096320
1790306268.584332,20420231168,98,399154000,71000,16359096320
1790306269.5850036,20420231168,100,399653000,72000,16359239680
1790306270.5857053,20420231168,100,399654000,73000,16359264256
1790306271.5864966,20420231168,100,400165000,71000,16359419904
1790306272.587188,20420231168,100,400057000,71000,16359575552
1790306273.5879126,20420231168,100,399999000,73000,16359579648
1790306274.5889328,20420231168,100,400141000,72000,16359735296
1790306275.5897648,20420231168,100,399377000,73000,16359899136
1790306276.5903726,20420231168,100,399792000,71000,16359899136
1790306277.5909028,21028405248,100,399829000,72000,16360058880
1790306278.5914273,21238120448,100,399805000,72000,16360222720
1790306279.5923645,21244411904,100,400777000,72000,16360222720
1790306280.5928912,21475098624,100,393205000,73000,16360386560
1790306281.5932918,21475098624,99,400401000,73000,16360386560
1790306282.5937836,21684813824,100,393682000,72000,16360402944
1790306283.5941882,21684813824,100,390072000,73000,16360402944
1790306284.595041,21684813824,99,397759000,73000,16360415232
1790306285.5955188,21684813824,100,384139000,73000,16360427520
1790306286.5961092,21684813824,100,389926000,71000,16360427520
1790306287.597283,21686910976,99,391926000,73000,16360427520
1790306288.5977747,21686910976,100,395527000,71000,16360448000
1790306289.5983226,21689008128,100,396864000,73000,16360448000
1790306290.598762,21689008128,100,397341000,74000,16360448000
1790306291.5991907,21689008128,100,392918000,72000,16360468480
1790306292.5995684,21689008128,100,400201000,74000,16360468480
1790306293.5999498,21689008128,100,400715000,71000,16360480768
1790306294.600369,21689008128,100,401178000,72000,16360480768
1790306295.600849,21689008128,65,398058000,72000,16360497152
1790306296.6012619,21689008128,100,390669000,71000,16360497152
1790306297.601723,21689008128,100,398444000,73000,16360497152
1790306298.6021273,21689008128,100,399571000,71000,16360501248
1790306299.6025405,21689008128,100,398761000,71000,16360501248
1790306300.603253,22737584128,99,401530000,74000,16360513536
1790306301.603803,22737584128,100,387370000,74000,16360513536
1790306302.6043508,22737584128,100,396184000,72000,16360513536
1790306303.604867,22737584128,100,397488000,72000,16360513536
1790306304.6054096,22737584128,100,396475000,72000,16360513536
1790306305.605811,22737584128,100,396920000,71000,16360513536
1790306306.6061928,22737584128,100,397265000,70000,16360513536
1790306307.606562,22737584128,100,395287000,72000,16360570880
1790306308.6069283,22737584128,99,403164000,74000,16360570880
1790306309.6073248,22737584128,100,396852000,73000,16360570880
1790306310.607767,22737584128,100,397280000,73000,16360570880
1790306311.608499,22737584128,99,402595000,74000,16360570880
1790306312.6088958,22737584128,100,397471000,73000,16360570880
1790306313.6093178,22737584128,100,401392000,73000,16360579072
1790306314.6097195,22737584128,100,400450000,72000,16360591360
1790306315.6105237,22737584128,100,399277000,72000,16360607744
1790306316.6111379,22737584128,100,405591000,72000,16360620032
1790306317.6116035,22737584128,99,396917000,72000,16360624128
1790306318.612427,22737584128,100,398642000,72000,16360632320
1790306319.6128187,22737584128,100,399197000,72000,16360636416
1790306320.613253,22737584128,100,396962000,72000,16360636416
1790306321.6136565,22737584128,99,396035000,73000,16360636416
1790306322.6140478,22737584128,100,396965000,72000,16360636416
1790306323.6144097,22737584128,69,395322000,71000,16360636416
1790306324.6148882,22737584128,94,391465000,73000,16360636416
1790306325.6154401,22737584128,100,394977000,73000,16360636416
1790306326.615858,22737584128,100,393685000,72000,16360636416
1790306327.6162968,22737584128,100,402561000,73000,16360636416
1790306328.616725,22737584128,100,406071000,72000,16360644608
1790306329.6175036,22737584128,100,409633000,73000,16360665088
1790306330.6182976,22737584128,0,373190000,63000,16360484864
1790306331.6192644,22737584128,3,172299000,62000,16334233600
1790306332.620688,22821470208,83,308219000,70000,16334237696
1790306333.6213322,22821470208,100,396749000,69000,16334237696
1790306334.6221614,22821470208,96,399264000,72000,16334237696
1790306335.6229863,22821470208,99,405886000,73000,16334237696
1790306336.6238225,22821470208,33,330319000,66000,16334237696
1790306337.6245122,22842441728,100,357921000,69000,16334237696
1790306338.6253226,22842441728,100,384124000,71000,16334237696
1790306339.6261492,22842441728,100,376241000,70000,16334237696
1790306340.6284502,22842441728,96,389412000,72000,16334237696
1790306341.6290443,22842441728,0,343046000,62000,16338100224
1790306342.6310463,22842441728,100,332063000,71000,16338100224
1790306343.63203,22842441728,100,343066000,71000,16338100224
1790306344.6328979,22842441728,23,375643000,63000,16339599360
1790306345.6346009,22842441728,100,303100000,71000,16339599360
1790306346.6354964,22842441728,86,375932000,71000,16339599360
1790306347.6363523,22842441728,4,319990000,67000,16340119552
1790306348.637221,22842441728,0,326320000,62000,16340819968
1790306349.6382515,22842441728,100,325025000,72000,16340819968
1790306350.63904,22842441728,38,364515000,66000,16340819968
1790306351.6403902,22842441728,91,295856000,72000,16340819968
1790306352.6412013,22842441728,82,403158000,71000,16340819968
1790306353.6422343,22842441728,100,380163000,72000,16340819968
1790306354.6430802,22842441728,3,382571000,62000,16341254144
1790306355.644275,22842441728,97,302080000,68000,16341254144
1790306356.645307,22842441728,100,307492000,71000,16341258240
1790306357.6460392,22842441728,95,334702000,71000,16341258240
1790306358.647154,22842441728,0,343614000,61000,16341721088
1790306359.6479738,22842441728,100,323054000,69000,16341721088
1790306360.6489909,22842441728,100,384449000,70000,16341721088
1790306361.6497056,22842441728,35,354755000,65000,16341749760
1790306362.6505804,22842441728,100,281076000,69000,16342339584
1790306363.6514466,22842441728,100,342132000,70000,16342339584
1790306364.652097,22842441728,55,314975000,66000,16342339584
1790306365.653122,22842441728,100,305095000,70000,16342339584
1790306366.6536825,22842441728,0,345476000,60000,16343515136
1790306367.6542838,22842441728,100,337423000,69000,16344641536
1790306368.655196,22842441728,31,264899000,63000,16344641536
1790306369.6558318,22842441728,100,285311000,68000,16344641536
1790306370.6565843,22842441728,100,385606000,71000,16344641536
1790306371.657283,22842441728,100,319171000,69000,16345747456
1790306373.195039,22842441728,89,258605000,59000,16345710592
1790306374.2541587,22842441728,45,232445000,69000,16345710592
1790306375.2548094,22842441728,99,381551000,63000,16345710592
1790306376.2554467,22842441728,42,225821000,68000,16345710592
1790306377.2559938,22842441728,100,382328000,68000,16345710592
1790306378.2565827,22842441728,100,335937000,66000,16345894912
1790306379.2577167,22842441728,100,364441000,68000,16345894912
1790306380.2593505,22842441728,100,394047000,69000,16345894912
1790306381.2603042,22842441728,30,323638000,68000,16345894912
1790306382.2611601,22842441728,100,385264000,69000,16345894912
1790306383.2625346,22842441728,100,384302000,70000,16345894912
1790306384.263309,22842441728,100,393024000,70000,16346423296
1790306385.264178,22844538880,100,356178000,69000,16347041792
1790306386.2650168,22865510400,100,377489000,69000,16347041792
1790306387.266176,22865510400,99,387430000,71000,16347041792
1790306388.2670145,22865510400,46,350847000,69000,16348172288
1790306389.26962,22865510400,100,331932000,69000,16348172288
1790306390.2707617,22865510400,92,385554000,70000,16348172288
1790306391.2715614,22865510400,100,396546000,70000,16348172288
1790306392.272584,22865510400,100,398010000,69000,16348172288
1790306393.2732265,22865510400,100,394911000,70000,16348172288
1790306394.2738278,22865510400,96,400364000,69000,16348172288
1790306395.274421,22865510400,100,392478000,69000,16348172288
1790306396.275079,22865510400,100,306932000,68000,16349282304
1790306397.2759838,22865510400,98,373445000,65000,16350478336
1790306398.2768304,22865510400,100,327414000,69000,16350478336
1790306399.2774458,22865510400,24,316387000,70000,16350478336
1790306400.2781706,22865510400,100,396707000,69000,16351674368
1790306401.2789903,22865510400,19,350217000,69000,16351674368
1790306402.2802474,22865510400,100,377083000,69000,16351674368
1790306403.2809339,22865510400,60,346253000,69000,16352858112
1790306404.2837057,22865510400,100,355158000,69000,16352821248
1790306405.2847,22865510400,100,382039000,68000,16352821248
1790306406.285368,22865510400,38,281349000,70000,16352821248
1790306407.2860267,22865510400,100,409216000,70000,16352821248
1790306408.2866209,22865510400,100,352376000,69000,16352821248
1790306409.2873516,22865510400,97,386743000,71000,16352821248
1790306410.288012,22865510400,98,362688000,69000,16352821248
1790306411.2889621,22865510400,100,330000000,66000,16354844672
1790306412.289792,22865510400,100,352335000,69000,16355336192
1790306413.2909093,22865510400,100,343420000,68000,16356044800
1790306414.2918413,22865510400,100,377359000,68000,16356044800
1790306415.292799,22865510400,100,382930000,69000,16356044800
1790306416.2937722,22865510400,86,318645000,69000,16356044800
1790306417.2945807,22865510400,91,349011000,60000,16357392384
1790306418.2959735,22865510400,100,289778000,65000,16357392384
1790306419.3117008,22865510400,100,353929000,69000,16357392384
1790306420.3123865,22865510400,33,331333000,70000,16357392384
1790306421.3129947,22865510400,100,401824000,70000,16357392384
1790306422.3139403,22865510400,34,298860000,70000,16357392384
1790306423.3145037,22865510400,92,397102000,70000,16357392384
1790306424.3151307,22865510400,100,397235000,70000,16357392384
1790306425.3158045,22865510400,100,311027000,63000,16357392384
1790306426.316429,22865510400,67,303518000,70000,16357392384
1790306427.3176215,22865510400,100,399528000,66000,16357392384
1790306428.3189118,22865510400,96,261737000,69000,16357392384
1790306429.3198047,22865510400,0,310141000,64000,16358592512
1790306431.1452029,22865510400,35,210750000,58000,16358592512
1790306432.1467788,22865510400,79,240503000,68000,16358592512
1790306433.1476827,22865510400,100,338236000,66000,16358592512
1790306434.2733061,22865510400,100,335644000,67000,16359395328
1790306435.2741513,22865510400,100,387152000,68000,16359395328
1790306436.2751231,22865510400,100,397446000,70000,16359395328
1790306437.2757854,22865510400,28,225319000,60000,16359395328
1790306438.2766237,22865510400,100,328806000,67000,16360120320
1790306439.2778263,22865510400,100,382492000,68000,16360120320
1790306440.2787826,22865510400,92,393814000,69000,16360120320
1790306441.2799833,22865510400,100,401792000,70000,16360120320
1790306442.2807305,22865510400,100,400847000,69000,16360120320
1790306443.2815375,22865510400,100,388846000,69000,16360120320
1790306444.282314,22865510400,100,382069000,69000,16360120320
1790306445.2832325,22865510400,85,393561000,70000,16360120320
1790306446.2841754,22865510400,99,408986000,69000,16360120320
1790306447.2849393,22865510400,100,402000000,70000,16361435136
1790306448.2859316,22865510400,0,313315000,68000,16361398272
1790306449.286553,22865510400,100,386201000,69000,16361398272
1790306450.287654,22865510400,85,396704000,71000,16361398272
1790306451.2886932,22865510400,100,397097000,65000,16361398272
1790306452.2895982,22865510400,28,265204000,69000,16361398272
1790306453.2910802,22865510400,94,393396000,70000,16361398272
1790306454.2918556,22865510400,100,393964000,69000,16361398272
1790306455.29274,22865510400,100,394898000,70000,16361398272
1790306456.2934666,22865510400,44,313601000,62000,16364023808
1790306457.2941895,22865510400,0,213608000,68000,16363986944
1790306458.2950337,22865510400,93,364437000,66000,16363986944
1790306459.2959692,22865510400,27,267627000,69000,16363986944
1790306460.2966356,22865510400,100,388359000,69000,16363986944
1790306461.2988582,22865510400,100,384815000,69000,16363986944
1790306462.2999742,22865510400,100,384331000,68000,16363986944
1790306463.3011239,22865510400,100,378354000,68000,16363986944
1790306464.3021855,22865510400,100,342761000,61000,16364957696
1790306465.3032827,22865510400,100,338523000,70000,16364957696
1790306466.306145,22865510400,100,344186000,61000,16366125056
1790306467.3078496,22865510400,100,335817000,69000,16366125056
1790306468.308585,22865510400,85,353104000,63000,16366125056
1790306469.3096626,22865510400,100,279815000,62000,16366125056
1790306470.3105497,22865510400,87,371234000,70000,16366125056
1790306471.3115635,22865510400,30,338716000,70000,16366125056
1790306472.3127544,22865510400,36,299407000,69000,16366125056
1790306473.3133755,22865510400,47,356751000,70000,16366125056
1790306474.3167217,22865510400,100,388744000,69000,16366125056
1790306475.3175182,22865510400,98,363202000,64000,16366125056
1790306476.3182714,22865510400,28,264057000,69000,16366125056
1790306477.3191175,22865510400,96,384068000,68000,16366125056
1790306478.3197145,22865510400,100,338148000,69000,16367263744
1790306479.3204684,22865510400,22,364420000,64000,16367263744
1790306480.3210723,22865510400,100,325418000,70000,16367263744
1790306481.321892,22865510400,91,394835000,69000,16367263744
1790306482.7426598,22865510400,0,196573000,59000,16367263744
1790306483.743825,22865510400,100,236145000,68000,16367263744
1790306484.7444403,22865510400,0,326867000,59000,16368435200
1790306485.7449965,22865510400,100,340494000,69000,16368435200
1790306486.7458577,22865510400,100,400423000,69000,16368435200
1790306487.7472486,22865510400,55,393416000,67000,16368435200
1790306488.7480557,22865510400,100,294887000,69000,16368435200
1790306489.7487454,22865510400,29,355191000,63000,16368435200
1790306490.7494922,22865510400,100,349827000,68000,16370495488
1790306491.7502468,22865510400,100,282952000,68000,16370462720
1790306492.7509248,22865510400,100,381164000,69000,16370462720
1790306493.7518497,22865510400,98,393552000,69000,16370462720
1790306494.7525547,22865510400,90,401026000,71000,16370462720
1790306495.753785,22865510400,100,395752000,69000,16370462720
1790306496.7545033,22865510400,100,392469000,69000,16370462720
1790306497.755165,22865510400,100,396450000,70000,16370941952
1790306498.7561183,22867607552,100,352880000,67000,16371642368
1790306499.7570329,22867607552,100,374179000,69000,16419897344
1790306500.7578127,22867607552,100,375844000,68000,16371642368
1790306501.7586875,22867607552,0,348911000,62000,16372998144
1790306502.7594302,22867607552,100,311127000,69000,16372998144
1790306503.7600691,22867607552,100,381439000,69000,16372998144
1790306504.761066,22867607552,97,376117000,70000,16372998144
1790306505.761776,22867607552,100,385583000,69000,16372998144
1790306506.762495,22867607552,100,386576000,71000,16372998144
1790306507.763433,22867607552,28,352223000,61000,16374214656
1790306508.7648048,22867607552,100,360905000,69000,16374214656
1790306509.7656634,22867607552,100,324270000,69000,16374214656
1790306510.7665002,22867607552,100,400921000,70000,16374214656
1790306511.7674432,22867607552,82,396304000,69000,16374214656
1790306512.768733,22867607552,100,374238000,71000,16374214656
1790306513.7695646,22867607552,97,398592000,70000,16374214656
1790306514.7703683,22867607552,100,385320000,71000,16374214656
1790306515.771353,22867607552,100,381625000,69000,16374214656
1790306516.7725518,22867607552,100,332461000,70000,16374214656
1790306517.7737474,22867607552,93,401051000,70000,16374214656
1790306518.7755618,22867607552,100,402124000,70000,16375578624
1790306519.7762814,22867607552,98,312168000,69000,16375578624
1790306520.777312,22867607552,33,375837000,66000,16375578624
1790306521.779975,22867607552,89,273611000,70000,16375578624
1790306522.781407,22867607552,88,395955000,70000,16375578624
1790306523.7822795,22867607552,100,406130000,71000,16375578624
1790306524.7829971,22867607552,99,294266000,68000,16375578624
1790306525.7839892,22867607552,100,403039000,71000,16375578624
1790306526.78477,22867607552,100,344918000,70000,16375578624
1790306527.785449,22867607552,100,391144000,69000,16375578624
1790306528.7867837,22867607552,100,386811000,70000,16375578624
1790306529.7876368,22867607552,89,324715000,69000,16375578624
1790306530.7887871,22867607552,100,376999000,71000,16375578624
1790306531.7899868,22867607552,87,345416000,71000,16375578624
1790306532.790703,22867607552,100,396544000,71000,16375578624
1790306533.7912803,22867607552,28,339533000,64000,16375578624
1790306534.7920516,22867607552,7,335728000,63000,16376795136
1790306535.7928696,22867607552,100,355041000,69000,16376795136
1790306536.7936208,22867607552,60,320123000,63000,16377982976
1790306537.794631,22867607552,36,275759000,66000,16377946112
1790306538.795342,22867607552,100,332826000,69000,16378421248
1790306539.7961433,22867607552,100,363155000,70000,16379113472
1790306541.5960479,22867607552,0,213082000,59000,16379113472
1790306542.5967703,22867607552,100,252818000,68000,16379113472
1790306543.597711,22867607552,28,272044000,62000,16379113472
1790306544.5984824,22867607552,99,362607000,69000,16379113472
1790306545.5993922,22867607552,59,319376000,62000,16379113472
1790306546.6001399,22867607552,100,382215000,70000,16379113472
1790306547.6017034,22867607552,100,386618000,69000,16379113472
1790306548.6030478,22867607552,100,396394000,69000,16379113472
1790306549.604025,22867607552,100,390039000,69000,16379113472
1790306550.6052196,22867607552,100,317177000,68000,16379838464
1790306551.6058905,22867607552,100,325103000,68000,16379838464
1790306552.6066535,22867607552,100,354429000,68000,16380968960
1790306553.6073246,22867607552,100,376078000,68000,16380968960
1790306554.6084042,22867607552,100,375762000,68000,16380968960
1790306555.6092384,22867607552,100,373642000,69000,16380968960
1790306556.610001,22867607552,47,351806000,61000,16382218240
1790306557.6107335,22867607552,100,350154000,67000,16382218240
1790306558.611743,22867607552,100,381169000,70000,16382218240
1790306559.6128907,22867607552,100,396953000,70000,16382218240
1790306560.6226432,22867607552,55,394165000,71000,16383344640
1790306561.6237717,22867607552,100,307654000,70000,16383344640
1790306562.624448,22867607552,100,335674000,69000,16383344640
1790306563.62539,22867607552,89,394502000,68000,16383344640
1790306564.6262167,22867607552,100,370689000,68000,16383344640
1790306565.6272988,22867607552,100,360481000,69000,16383344640
1790306566.6284914,22867607552,100,315123000,69000,16384528384
1790306567.6298478,22867607552,100,386661000,70000,16384528384
1790306568.6309586,22867607552,98,374351000,71000,16384528384
1790306569.632299,22867607552,35,376415000,66000,16384528384
1790306570.6331525,22867607552,100,266791000,69000,16384528384
1790306571.6341228,22867607552,100,378505000,69000,16384528384
1790306572.6353269,22867607552,97,327199000,70000,16384528384
1790306573.6362696,22867607552,99,363949000,71000,16384528384
1790306574.6371648,22867607552,90,333283000,70000,16384528384
1790306575.639005,22867607552,96,384317000,68000,16384528384
1790306576.6413355,22867607552,97,402106000,70000,16384528384
1790306577.6418822,22867607552,49,375133000,65000,16384528384
1790306578.6428447,22867607552,100,259654000,68000,16385810432
1790306579.6439235,22867607552,0,336186000,60000,16387244032
1790306580.6446528,22867607552,79,328113000,69000,16387244032
1790306581.6452792,22867607552,64,265459000,66000,16387244032
1790306582.6466975,22867607552,40,374396000,64000,16387244032
1790306583.647306,22867607552,100,344621000,70000,16387244032
1790306584.648161,22867607552,100,329887000,67000,16388509696
1790306585.649985,22867607552,72,378852000,62000,16388517888
1790306586.6509101,22867607552,100,359626000,69000,16388517888
1790306587.6527493,22867607552,100,388657000,69000,16388517888
1790306588.653475,22867607552,100,368171000,69000,16388517888
1790306589.654448,22867607552,98,382527000,70000,16390569984
1790306590.6557102,22867607552,91,303048000,71000,16390541312
1790306591.6565707,22867607552,57,328532000,67000,16391864320
1790306592.6583803,22867607552,49,334786000,65000,16391864320
1790306593.6589992,22867607552,100,343404000,69000,16391938048
1790306594.6599784,22867607552,100,287024000,67000,16393265152
1790306595.660847,22867607552,63,340226000,69000,16393265152
1790306596.8680663,22867607552,0,175354000,58000,16393265152
1790306597.8687623,22867607552,27,220543000,63000,16393265152
1790306598.869902,22867607552,91,358181000,69000,16393265152
1790306599.870657,22867607552,70,354188000,60000,16393908224
1790306600.8712878,22867607552,100,313634000,69000,16393875456
1790306601.8723547,22867607552,93,384026000,68000,16393875456
1790306602.8731472,22867607552,100,376850000,68000,16393875456
1790306603.8746188,22867607552,100,370711000,69000,16393875456
1790306604.875783,22867607552,100,387243000,69000,16393875456
1790306605.8766413,22867607552,100,382609000,69000,16393875456
1790306606.877513,22867607552,100,381322000,69000,16393875456
1790306607.8781955,22867607552,97,384818000,69000,16393875456
1790306608.8792267,22867607552,27,326036000,69000,16393875456
1790306609.880403,22867607552,89,381944000,68000,16394366976
1790306610.881395,22867607552,100,285061000,68000,16395141120
1790306611.8822916,22867607552,100,378255000,69000,16395141120
1790306612.8842084,22867607552,100,379308000,68000,16395141120
1790306613.8853517,22867607552,100,328826000,69000,16395141120
1790306614.8862894,22867607552,3,342135000,64000,16396242944
1790306615.8874002,22867607552,100,302332000,62000,16396242944
1790306616.8884466,22867607552,100,319769000,69000,16396242944
1790306617.889951,22867607552,37,284616000,63000,16396247040
1790306618.890724,22867607552,89,368018000,69000,16396251136
1790306619.891946,22867607552,35,325098000,65000,16396251136
1790306620.8927758,22867607552,100,344425000,70000,16396251136
1790306621.8936317,22867607552,100,400610000,69000,16396251136
1790306622.8943324,22867607552,100,386754000,70000,16396251136
1790306623.8952959,22867607552,98,402427000,69000,16396255232
1790306624.8965797,22867607552,96,383606000,64000,16396255232
1790306625.8973982,22867607552,100,326885000,69000,16396255232
1790306626.8982418,22867607552,42,323292000,69000,16396820480
1790306627.899555,22867607552,100,309000000,68000,16397533184
1790306628.900393,22867607552,100,341402000,67000,16397537280
1790306629.9012766,22869704704,100,371070000,69000,16397533184
1790306630.9021842,22869704704,100,371539000,68000,16397533184
1790306631.9032319,22869704704,97,378746000,69000,16397533184
1790306632.9041302,22869704704,100,378190000,68000,16397533184
1790306633.9049895,22869704704,100,370019000,68000,16397533184
1790306634.9060793,22869704704,91,384000000,71000,16397533184
1790306635.9070764,22869704704,99,338199000,63000,16398655488
1790306636.9080696,22869704704,100,345028000,70000,16398659584
1790306637.9089231,22869704704,100,400610000,70000,16398659584
1790306638.9099493,22869704704,100,389120000,70000,16398663680
1790306639.911127,22869704704,33,267692000,67000,16398663680
1790306640.9120579,22869704704,92,377825000,70000,16398663680
1790306641.9128404,22869704704,100,378121000,69000,16398663680
1790306642.9143856,22869704704,100,349695000,63000,16398663680
1790306643.9154124,22869704704,36,277549000,70000,16398663680
1790306644.916204,22869704704,100,395093000,71000,16398663680
1790306645.9180026,22869704704,21,273360000,62000,16398663680
1790306646.9188726,22869704704,100,366153000,70000,16398667776
1790306647.9196224,22869704704,30,276475000,63000,16398667776
1790306648.920512,22869704704,100,339567000,69000,16398671872
1790306649.9212472,22869704704,100,374627000,68000,16398671872
1790306650.9223936,22869704704,95,361066000,70000,16398671872
1790306651.9241107,22869704704,100,397201000,70000,16398675968
1790306652.9248824,22869704704,100,398105000,66000,16399331328
1790306653.9261296,22869704704,100,249061000,62000,16400084992
1790306655.1898208,22869704704,91,210116000,59000,16400084992
1790306656.1906736,22869704704,58,238104000,69000,16400084992
1790306657.1916351,22869704704,89,396321000,69000,16400084992
1790306658.1934044,22869704704,100,391356000,69000,16400084992
1790306659.2657907,22869704704,100,359561000,63000,16400084992
1790306660.2669654,22869704704,100,321042000,68000,16400084992
1790306661.2682004,22869704704,61,326014000,70000,16400084992
1790306662.269141,22869704704,38,335943000,70000,16400084992
1790306663.269765,22869704704,100,399294000,69000,16400084992
1790306664.2705357,22869704704,100,384206000,68000,16400084992
1790306665.2716901,22869704704,100,377725000,69000,16400977920
1790306666.2736504,22869704704,29,302485000,70000,16400977920
1790306667.274528,22869704704,95,397478000,70000,16400977920
1790306668.2754781,22869704704,100,397351000,71000,16400977920
1790306669.2765508,22869704704,100,399540000,71000,16400982016
1790306670.277366,22869704704,100,384916000,68000,16400977920
1790306671.2784111,22869704704,100,366636000,68000,16400977920
1790306672.2794907,22869704704,33,263619000,69000,16400977920
1790306673.2803395,22869704704,100,340221000,60000,16402153472
1790306674.2821126,22869704704,100,276794000,63000,16402153472
1790306675.2827277,22869704704,93,375305000,69000,16402153472
1790306676.2834687,22869704704,100,332794000,70000,16402153472
1790306677.284362,22869704704,100,393376000,69000,16402153472
1790306678.285303,22869704704,100,373788000,69000,16402153472
1790306679.2859576,22869704704,100,339037000,63000,16402153472
1790306680.286851,22869704704,100,374138000,71000,16402153472
1790306681.2875767,22869704704,100,356088000,69000,16402153472
1790306682.288421,22869704704,100,387248000,71000,16402153472
1790306683.2894986,22869704704,100,358915000,69000,16403398656
1790306684.2902386,22869704704,19,290301000,70000,16403398656
1790306685.291509,22869704704,100,399470000,69000,16403398656
1790306686.292521,22869704704,94,398539000,71000,16403398656
1790306687.2933123,22869704704,31,330413000,70000,16404815872
1790306688.294294,22869704704,0,313447000,69000,16404787200
1790306689.2951806,22869704704,100,379564000,69000,16405258240
1790306690.295859,22869704704,100,328363000,68000,16405905408
1790306691.2965984,22869704704,100,379436000,70000,16405905408
1790306692.2971659,22869704704,100,367437000,64000,16405905408
1790306693.2982945,22869704704,100,355023000,71000,16405905408
1790306694.2989879,22869704704,100,330396000,70000,16407064576
1790306695.2996645,22869704704,83,306641000,68000,16407064576
1790306696.3002453,22869704704,46,322276000,70000,16407064576
1790306697.301129,22869704704,100,404218000,71000,16407064576
1790306698.3018856,22869704704,91,403645000,71000,16407064576
1790306699.3026123,22869704704,69,342151000,68000,16407756800
1790306700.3032546,22869704704,93,343188000,63000,16407756800
1790306701.303892,22869704704,100,338855000,69000,16407756800
1790306702.304582,22869704704,100,398428000,70000,16445505536
1790306703.4863255,22869704704,0,242757000,59000,16407756800
1790306704.487005,22869704704,100,243066000,69000,16407756800
1790306705.4881825,22869704704,39,378828000,64000,16407756800
1790306706.489128,22869704704,100,353963000,69000,16407756800
1790306707.4896789,22869704704,0,355138000,60000,16408629248
1790306708.4904668,22869704704,100,330532000,69000,16408629248
1790306709.4914143,22869704704,40,386169000,65000,16408629248
1790306710.4926305,22869704704,100,209085000,68000,16408629248
1790306711.4934254,22869704704,1,275028000,59000,16411320320
1790306712.494217,22869704704,100,262370000,68000,16411287552
1790306713.495136,22869704704,36,335281000,63000,16411287552
1790306714.4964845,22869704704,100,367518000,64000,16411287552
1790306715.5008519,22869704704,98,323497000,68000,16411299840
1790306716.5016782,22869704704,100,315870000,68000,16412008448
1790306717.502365,22869704704,20,356566000,62000,16412008448
1790306718.5031474,22869704704,28,259815000,65000,16412008448
1790306719.50394,22869704704,96,357032000,69000,16412008448
1790306720.5054164,22869704704,100,389507000,69000,16412045312
1790306721.5070114,22869704704,94,370329000,70000,16412045312
1790306722.515448,22869704704,100,332481000,69000,16412045312
1790306723.516267,22869704704,100,336212000,69000,16412045312
1790306724.5169315,22869704704,100,400794000,70000,16412045312
1790306725.5176425,22869704704,100,396539000,70000,16412045312
1790306726.5183105,22869704704,100,384342000,68000,16412045312
1790306727.519337,22869704704,99,351972000,70000,16412045312
1790306728.5202706,22869704704,100,384616000,69000,16412045312
1790306729.5210528,22869704704,100,370170000,68000,16412045312
1790306730.5218909,22869704704,100,371728000,70000,16412045312
1790306731.5227773,22869704704,98,385017000,70000,16412045312
1790306732.5236783,22869704704,100,358904000,68000,16412536832
1790306733.5243995,22869704704,100,376321000,68000,16412536832
1790306734.5251238,22869704704,100,330326000,68000,16412536832
1790306735.525959,22869704704,100,351486000,68000,16412962816
1790306736.5266829,22869704704,100,379071000,69000,16412962816
1790306737.5275085,22869704704,100,397195000,71000,16412962816
1790306738.5286298,22869704704,100,400126000,70000,16412962816
1790306739.5296724,22869704704,100,326836000,70000,16412962816
1790306740.530672,22869704704,89,392498000,71000,16412962816
1790306741.5316458,22869704704,100,384256000,69000,16412962816
1790306742.5325036,22869704704,100,380113000,69000,16412962816
1790306743.5333126,22869704704,100,383128000,70000,16412962816
1790306744.5338497,22869704704,100,380162000,69000,16412962816
1790306745.5349412,22869704704,93,378889000,71000,16412962816
1790306746.5365064,22869704704,100,398212000,71000,16412962816
1790306747.537309,22869704704,100,388593000,69000,16412962816
1790306748.538043,22869704704,100,371122000,69000,16412962816
1790306749.5388691,22869704704,100,324222000,71000,16412962816
1790306750.5404205,22869704704,100,400797000,71000,16412962816
1790306751.542218,22869704704,100,399304000,71000,16412962816
1790306752.543371,22869704704,95,398152000,71000,16412962816
1790306753.5510716,22869704704,100,255029000,70000,16413515776
1790306754.551902,22869704704,100,286967000,68000,16417001472
1790306755.5527577,22869704704,100,375056000,69000,16417001472
1790306756.5539758,22869704704,100,379440000,70000,16417001472
1790306757.555288,22869704704,100,387906000,70000,16417001472
1790306758.5562294,22869704704,100,390814000,69000,16417001472
1790306759.5569966,22869704704,100,386557000,71000,16417001472
1790306760.558196,22869704704,100,345679000,71000,16417001472
1790306761.5595472,22869704704,93,404051000,71000,16417001472
1790306762.5603106,22869704704,100,340932000,70000,16417001472
1790306763.5613246,22869704704,66,394278000,71000,16417001472
1790306764.5622344,22869704704,0,139588000,59000,16417001472
1790306765.563557,22869704704,100,264521000,70000,16417001472
1790306766.5642936,22869704704,100,390768000,70000,16417001472
1790306767.5650291,22869704704,100,377668000,70000,16417001472
1790306768.5663075,22869704704,100,378997000,70000,16417001472
1790306769.566879,22869704704,96,396010000,71000,16417001472
1790306770.5675902,22869704704,100,405285000,71000,16417001472
1790306771.5685298,22869704704,100,389693000,69000,16417001472
1790306772.569114,22869704704,100,378905000,69000,16417001472
1790306773.5701365,22869704704,26,296403000,63000,16417001472
1790306774.5707936,22869704704,100,331470000,66000,16418029568
1790306775.571873,22871801856,100,313835000,69000,16417996800
1790306776.57274,22871801856,93,385358000,63000,16419065856
1790306777.5735266,22871801856,100,325073000,70000,16419028992
1790306778.5745738,22871801856,88,380105000,69000,16419028992
1790306779.5756285,22871801856,100,388124000,71000,16419028992
1790306780.5768511,22871801856,97,397240000,71000,16419028992
1790306781.5780296,22871801856,100,398065000,66000,16419028992
1790306782.5788093,22871801856,100,251103000,70000,16419500032
1790306783.5796845,22871801856,100,328339000,69000,16420339712
1790306784.5805712,22871801856,28,286086000,63000,16420339712
1790306785.58134,22871801856,100,263140000,70000,16420339712
1790306786.5817847,22871801856,100,381051000,69000,16420339712
1790306787.5827472,22871801856,100,377126000,69000,16420339712
1790306788.5836153,22871801856,100,390735000,67000,16420343808
1790306789.5849922,22871801856,100,326972000,70000,16420339712
1790306790.5857592,22871801856,100,397047000,70000,16420339712
1790306791.5863755,22871801856,100,398631000,70000,16420339712
1790306792.5874858,22871801856,100,398671000,71000,16420339712
1790306793.5884862,22871801856,26,376991000,63000,16420339712
1790306794.5892665,22871801856,65,312704000,68000,16420339712
1790306795.5913246,22871801856,100,374457000,71000,16420339712
1790306796.5923266,22871801856,62,372044000,66000,16420339712
1790306797.5932715,22871801856,23,319557000,63000,16420339712
1790306798.5944722,22871801856,3,282390000,61000,16421515264
1790306799.5949278,22871801856,100,319625000,68000,16421515264
1790306800.621779,22871801856,31,337971000,64000,16421515264
1790306801.6229644,22871801856,100,339921000,69000,16421515264
1790306802.6236777,22871801856,92,387646000,71000,16421515264
1790306803.6244674,22871801856,100,332191000,69000,16421986304
1790306804.6255527,22871801856,100,330311000,68000,16422682624
1790306805.626549,22871801856,77,361048000,70000,16422682624
1790306806.6277688,22871801856,100,310589000,69000,16422682624
1790306807.6286423,22871801856,100,388489000,69000,16422682624
1790306808.6291957,22871801856,100,384159000,69000,16422682624
1790306809.6299453,22871801856,100,380829000,70000,16422682624
1790306810.6307554,22871801856,100,404333000,71000,16422682624
1790306811.6314356,22871801856,100,316518000,70000,16422682624
1790306812.6334238,22871801856,100,378638000,70000,16422686720
1790306813.6346028,22871801856,100,379390000,70000,16422686720
1790306814.6356263,22871801856,100,394753000,71000,16422686720
1790306815.6376698,22871801856,100,392890000,69000,16422686720
1790306816.6384087,22871801856,93,340917000,70000,16422686720
1790306817.639471,22871801856,36,336862000,66000,16422686720
1790306818.6403902,22871801856,75,371500000,64000,16422686720
1790306819.641151,22871801856,68,221704000,65000,16422686720
1790306820.7290704,22871801856,0,204938000,59000,16422686720
1790306821.7299445,22871801856,100,261273000,67000,16422690816
1790306822.730667,22871801856,100,389879000,69000,16424624128
1790306823.731376,22871801856,100,347408000,69000,16424591360
1790306824.7322025,22871801856,69,368732000,68000,16424591360
1790306825.7326689,22871801856,100,371185000,69000,16424624128
1790306826.733571,22871801856,100,348468000,68000,16425930752
1790306827.7409508,22871801856,100,378069000,69000,16425938944
1790306828.7418585,22871801856,100,322677000,68000,16427089920
1790306829.7473702,22871801856,88,337163000,70000,16427089920
1790306830.748424,22871801856,99,394147000,71000,16427089920
1790306831.7494528,22871801856,100,407410000,70000,16427089920
1790306832.750196,22871801856,90,388557000,71000,16427089920
1790306833.7509236,22871801856,100,399828000,70000,16427089920
1790306834.7521355,22871801856,42,370938000,66000,16427089920
1790306835.7528825,22871801856,76,345279000,69000,16427089920
1790306836.7536926,22871801856,94,326444000,70000,16427089920
1790306837.7544334,22871801856,100,390844000,69000,16427089920
1790306838.7552297,22871801856,100,381131000,69000,16427814912
1790306839.7558029,22871801856,100,345051000,69000,16428208128
1790306840.756996,22871801856,86,383673000,71000,16428208128
1790306841.757854,22871801856,79,393061000,70000,16428208128
1790306842.7588866,22871801856,96,381041000,71000,16428208128
1790306843.7595582,22871801856,100,400832000,71000,16428675072
1790306844.767647,22871801856,100,317659000,69000,16429391872
1790306845.7686193,22871801856,40,360417000,65000,16429391872
1790306846.769569,22871801856,100,344350000,70000,16429391872
1790306847.7704084,22871801856,100,373217000,70000,16429391872
1790306848.7711957,22871801856,100,370749000,70000,16429391872
1790306849.7722895,22871801856,25,284630000,63000,16429391872
1790306850.7729607,22871801856,100,339739000,71000,16429412352
1790306851.7743077,22871801856,48,283339000,67000,16430759936
1790306852.775562,22871801856,91,359734000,71000,16430759936
1790306853.7768295,22871801856,100,402228000,71000,16430759936
1790306854.7775352,22871801856,100,406532000,71000,16430759936
1790306855.7783852,22871801856,100,402266000,71000,16430759936
1790306856.7789783,22871801856,100,336347000,70000,16431984640
1790306857.779685,22871801856,100,339802000,69000,16431947776
1790306858.7804756,22871801856,90,366498000,71000,16431947776
1790306859.7812843,22871801856,100,389738000,69000,16431947776
1790306860.7819283,22871801856,100,379263000,70000,16431947776
1790306861.7828288,22871801856,100,383117000,66000,16433119232
1790306862.7838004,22871801856,86,312053000,71000,16433119232
1790306863.7847073,22871801856,100,397414000,67000,16433119232
1790306864.78548,22871801856,91,329581000,71000,16433119232
1790306865.7864547,22871801856,100,324599000,69000,16434307072
1790306866.7876923,22871801856,100,387008000,69000,16435531776
1790306867.7884188,22871801856,100,331514000,69000,16435531776
1790306868.7893116,22871801856,98,391414000,71000,16435531776
1790306869.7899516,22871801856,100,399425000,71000,16435531776
1790306870.7906325,22871801856,91,392794000,71000,16435531776
1790306871.791346,22871801856,95,393091000,64000,16436658176
1790306872.7920833,22871801856,100,334147000,69000,16436658176
1790306873.7935448,22871801856,100,328006000,71000,16436658176
1790306874.7946324,22871801856,100,337881000,67000,16436658176
1790306875.79536,22871801856,100,267056000,70000,16436658176
1790306876.796134,22871801856,100,383806000,68000,16436658176
1790306877.7970474,22871801856,50,330715000,68000,16436658176
1790306878.7986777,22871801856,100,368952000,70000,16436658176
1790306880.6745496,22871801856,0,191101000,59000,16437841920
1790306881.6755664,22871801856,100,202963000,69000,16438784000
1790306882.6765964,22871801856,100,383512000,68000,16438784000
1790306883.6782758,22871801856,30,359911000,63000,16438784000
1790306884.6790287,22871801856,100,211848000,69000,16438784000
1790306885.6798866,22871801856,100,397193000,70000,16438784000
1790306886.680599,22871801856,100,365068000,70000,16438784000
1790306887.6821263,22871801856,91,401032000,70000,16438784000
1790306888.683396,22871801856,96,398260000,70000,16438784000
1790306889.6841748,22871801856,1,371047000,61000,16438837248
1790306890.685133,22871801856,100,281662000,70000,16438853632
1790306891.6859505,22871801856,100,370205000,69000,16438853632
1790306892.6864173,22871801856,100,383544000,70000,16438857728
1790306893.687267,22871801856,100,319942000,68000,16440266752
1790306894.6884077,22871801856,100,389878000,70000,16440274944
1790306895.6890857,22871801856,100,386915000,69000,16440274944
1790306896.690061,22871801856,100,387257000,70000,16440274944
1790306897.6907413,22871801856,100,384142000,69000,16440279040
1790306898.6914213,22871801856,100,377675000,70000,16440279040
1790306899.692374,22871801856,100,387683000,70000,16440279040
1790306900.6934059,22871801856,100,316473000,69000,16441540608
1790306901.6947858,22871801856,47,278971000,65000,16441544704
1790306902.696044,22871801856,76,299887000,69000,16441544704
1790306903.6971078,22871801856,86,389393000,70000,16441544704
1790306904.6981936,22871801856,100,326624000,69000,16441544704
1790306905.6998494,22871801856,30,360760000,64000,16441544704
1790306906.70066,22871801856,100,330108000,69000,16441544704
1790306907.7017596,22871801856,100,364142000,70000,16441544704
1790306908.7024925,22871801856,100,332141000,70000,16441544704
1790306909.7032425,22871801856,100,376418000,69000,16441544704
1790306910.704309,22871801856,95,370630000,70000,16441548800
1790306911.7052095,22871801856,100,392658000,71000,16441548800
1790306912.7087016,22871801856,26,376228000,64000,16441548800
1790306913.709918,22871801856,100,321053000,69000,16441548800
1790306914.7105572,22871801856,100,344238000,70000,16441548800
1790306915.7114978,22871801856,100,384092000,69000,16441548800
1790306916.7121716,22871801856,100,385184000,71000,16441548800
1790306917.713064,22871801856,100,350277000,69000,16442789888
1790306918.7143295,22871801856,100,380142000,68000,16442789888
1790306919.7152438,22871801856,21,355984000,63000,16442789888
1790306920.71587,22871801856,49,314723000,62000,16444043264
1790306921.716859,22871801856,100,347271000,69000,16444043264
1790306922.7177067,22871801856,100,361234000,70000,16444043264
1790306923.7181592,22871801856,93,402885000,69000,16444043264
1790306924.7191162,22871801856,100,382639000,69000,16444043264
1790306925.7199757,22871801856,100,378148000,70000,16444043264
1790306926.72089,22871801856,100,376328000,70000,16444043264
1790306927.7221155,22871801856,0,352793000,61000,16445206528
1790306928.723065,22871801856,100,305327000,71000,16445206528
1790306929.723806,22871801856,44,296580000,64000,16445206528
1790306930.7254643,22871801856,21,276463000,62000,16445206528
1790306931.7263653,22871801856,86,330699000,70000,16445210624
1790306932.7273319,22871801856,34,365341000,65000,16445214720
1790306933.7280283,22871801856,99,288721000,70000,16445685760
1790306934.7547,22871801856,100,305752000,68000,16446402560
1790306935.7553928,22871801856,100,311761000,69000,16447557632
1790306936.755955,22871801856,100,389568000,70000,16447557632
1790306937.7573519,22871801856,100,400642000,69000,16447565824
1790306938.7578585,22871801856,100,350674000,69000,16448688128
1790306940.6044044,22871801856,0,180169000,59000,16448688128
1790306941.605418,22871801856,100,323196000,69000,16448688128
1790306942.6061454,22871801856,100,383100000,68000,16448688128
1790306943.6068716,22871801856,100,384284000,69000,16448696320
1790306944.6073697,22871801856,100,379050000,69000,16448696320
1790306945.6083465,22871801856,100,386597000,70000,16448696320
1790306946.60917,22871801856,100,397206000,69000,16450211840
1790306947.6096728,22871801856,100,356940000,69000,16450179072
1790306948.6102731,22871801856,87,381046000,71000,16450179072
1790306949.6108713,22871801856,100,396175000,70000,16450179072
1790306950.6114619,22871801856,100,395021000,70000,16450179072
1790306951.6120555,22871801856,100,393401000,70000,16450179072
1790306952.6126838,22871801856,100,382025000,69000,16450179072
1790306953.613178,22871801856,100,372423000,69000,16450179072
1790306954.61407,22871801856,100,378281000,71000,16450179072
1790306955.6149118,22871801856,100,399907000,70000,16450179072
1790306956.6155248,22871801856,100,350878000,69000,16451334144
1790306957.616115,22871801856,100,380845000,69000,16451334144
1790306958.6167762,22871801856,100,380387000,70000,16451334144
1790306959.6175957,22871801856,66,382236000,66000,16451334144
1790306960.618377,22871801856,100,334377000,69000,16451334144
1790306961.6190515,22871801856,100,377929000,70000,16451334144
1790306962.6196933,22871801856,100,363619000,71000,16451334144
1790306963.620682,22871801856,100,387681000,70000,16451338240
1790306964.6214585,22871801856,89,327114000,71000,16451334144
1790306965.6222084,22871801856,44,286296000,63000,16451334144
1790306966.6227849,22871801856,100,304842000,69000,16451379200
1790306967.624073,22871801856,100,386118000,70000,16451379200
1790306968.6247952,22871801856,53,392007000,67000,16451379200
1790306969.6254895,22871801856,100,358286000,70000,16451379200
1790306970.6263123,22871801856,97,402768000,71000,16451379200
1790306971.6276393,22871801856,100,386919000,70000,16452579328
1790306972.628423,22871801856,100,347925000,69000,16452546560
1790306973.6293182,22871801856,91,377009000,71000,16452546560
1790306974.6298919,22871801856,100,375880000,70000,16452546560
1790306975.6304607,22871801856,89,324137000,69000,16452546560
1790306976.6312537,22871801856,89,377942000,71000,16452546560
1790306977.6319199,22871801856,100,390851000,69000,16453885952
1790306978.6325762,22871801856,100,340596000,70000,16453853184
1790306979.654251,22871801856,98,387234000,70000,16453865472
1790306980.6550798,22871801856,100,312921000,70000,16455053312
1790306981.6559575,22871801856,100,384657000,69000,16455053312
1790306982.6566913,22871801856,100,374115000,69000,16455053312
1790306983.6573694,22871801856,67,317130000,69000,16455053312
1790306984.658082,22871801856,100,388602000,71000,16455053312
1790306985.6589127,22871801856,29,299692000,63000,16455053312
1790306986.659806,22871801856,100,347312000,71000,16455053312
1790306987.6606088,22871801856,100,402636000,71000,16455053312
1790306988.661863,22871801856,100,389373000,71000,16455053312
1790306989.6626852,22871801856,35,351842000,64000,16455053312
1790306990.6634185,22871801856,36,305195000,66000,16455053312
1790306991.664151,22871801856,87,341647000,69000,16455053312
1790306992.665167,22871801856,100,356908000,69000,16456237056
1790306993.6657958,22871801856,100,378034000,69000,16456237056
1790306994.666969,22871801856,100,382873000,70000,16456237056
1790306995.6684895,22871801856,100,395163000,70000,16456237056
1790306996.6691835,22871801856,95,399877000,69000,16456237056
1790306997.6696424,22871801856,91,400071000,70000,16456269824
1790306998.670978,22871801856,100,306110000,70000,16457461760
1790306999.6719525,22871801856,100,391131000,67000,16457461760
1790307000.6726224,22871801856,100,325306000,70000,16457461760
1790307001.6731963,22871801856,100,380511000,70000,16457461760
1790307002.6743772,22871801856,100,378058000,71000,16457461760
1790307004.5103717,22871801856,100,297421000,60000,16457461760
1790307005.5117056,22871801856,0,159200000,69000,16457461760
1790307006.5126355,22871801856,31,335195000,70000,16457461760
1790307007.5143118,22871801856,100,330271000,62000,16457461760
1790307008.5152745,22871801856,100,279765000,64000,16457461760
1790307009.5162482,22871801856,100,307694000,69000,16457461760
1790307010.5170255,22871801856,100,400734000,70000,16457461760
1790307011.517853,22871801856,100,386543000,69000,16458600448
1790307012.5186353,22871801856,19,336092000,69000,16458567680
1790307013.5194232,22871801856,100,378896000,69000,16458567680
1790307014.5201087,22871801856,100,375537000,69000,16458567680
1790307015.5208669,22871801856,100,375591000,70000,16458600448
1790307016.522922,22871801856,100,317542000,68000,16459780096
1790307017.5234125,22871801856,29,330760000,70000,16459780096
1790307018.5240445,22871801856,100,390708000,70000,16460922880
1790307019.525109,22871801856,100,350375000,69000,16460922880
1790307020.52649,22871801856,100,379289000,70000,16460922880
1790307021.5273268,22871801856,34,334394000,70000,16460922880
1790307022.527959,22871801856,100,380623000,69000,16460922880
1790307023.5288694,22871801856,21,307483000,69000,16460922880
1790307024.529682,22871801856,100,348267000,66000,16460922880
1790307025.5303812,22871801856,100,374475000,70000,16460947456
1790307026.5313044,22871801856,100,307786000,68000,16462061568
1790307027.5323918,22871801856,100,396506000,70000,16462061568
1790307028.5334206,22871801856,100,396908000,71000,16462061568
1790307029.5340707,22871801856,86,402104000,70000,16462061568
1790307030.5347886,22871801856,100,385972000,71000,16462061568
1790307031.5354652,22871801856,100,379095000,69000,16462061568
1790307032.5364056,22871801856,100,328630000,64000,16462061568
1790307033.5379107,22871801856,100,351425000,69000,16462061568
1790307034.5389922,22871801856,100,398696000,70000,16462061568
1790307035.5401618,22871801856,78,383352000,69000,16462061568
1790307036.541034,22871801856,100,278758000,70000,16462061568
1790307037.5424778,22871801856,100,402805000,71000,16462061568
1790307038.543402,22871801856,100,264972000,70000,16462061568
1790307039.5445771,22871801856,24,353503000,63000,16462061568
1790307040.5461848,22871801856,87,283198000,69000,16462061568
1790307041.546942,22871801856,100,365399000,70000,16462061568
1790307042.5475478,22871801856,100,397689000,71000,16462061568
1790307043.548359,22871801856,100,384924000,69000,16462061568
1790307044.5490437,22871801856,100,340623000,70000,16462061568
1790307045.5496635,22871801856,100,401977000,70000,16462061568
1790307046.550808,22871801856,35,359132000,65000,16462061568
1790307047.55143,22871801856,100,359940000,71000,16462061568
1790307048.552165,22871801856,100,397009000,70000,16462061568
1790307049.5530775,22871801856,100,386445000,70000,16462061568
1790307050.5540998,22871801856,100,320251000,69000,16462061568
1790307051.555212,22871801856,87,391063000,71000,16462061568
1790307052.555799,22871801856,100,394326000,70000,16462061568
1790307053.5563552,22871801856,100,385578000,70000,16462061568
1790307054.5570602,22871801856,100,386920000,70000,16462061568
1790307055.5577836,22871801856,100,385212000,70000,16462061568
1790307056.558503,22871801856,100,390705000,71000,16462061568
1790307057.559338,22871801856,40,373425000,67000,16462061568
1790307058.9817429,22871801856,0,161947000,60000,16462061568
1790307059.9825573,22871801856,100,175543000,69000,16462061568
1790307060.9832397,22871801856,100,398457000,70000,16462061568
1790307061.9840088,22871801856,100,397545000,70000,16462061568
1790307062.9852703,22871801856,100,388943000,71000,16462061568
1790307063.9861207,22871801856,100,331948000,69000,16462061568
1790307064.9868057,22871801856,100,396139000,70000,16463228928
1790307065.9875326,22871801856,100,312006000,69000,16463228928
1790307066.9886744,22871801856,100,393797000,71000,16463228928
1790307067.9898849,22871801856,100,386426000,68000,16463228928
1790307068.9906673,22871801856,100,371507000,69000,16463228928
1790307069.99146,22871801856,34,373302000,67000,16463228928
1790307070.9928288,22871801856,30,299511000,65000,16463228928
1790307071.993659,22871801856,100,345956000,71000,16463228928
1790307072.9946074,22871801856,100,356070000,70000,16463233024
1790307073.9953334,22871801856,100,381104000,69000,16463233024
1790307074.995995,22871801856,88,374797000,69000,16463233024
1790307075.9976358,22871801856,92,337609000,67000,16465264640
1790307076.998552,22871801856,93,292625000,70000,16465264640
1790307077.9992995,22871801856,100,398136000,70000,16465264640
1790307079.0007963,22871801856,80,349187000,71000,16465264640
1790307080.0021615,22871801856,87,338418000,70000,16465264640
1790307081.0031698,22871801856,28,289279000,63000,16465264640
1790307082.0040784,22871801856,100,360014000,69000,16465264640
1790307083.004897,22871801856,100,371724000,69000,16465264640
1790307084.0063279,22871801856,100,383256000,70000,16465264640
1790307085.0073957,22871801856,100,393014000,70000,16465264640
1790307086.008408,22871801856,93,328846000,70000,16465264640
1790307087.009461,22871801856,100,392937000,70000,16465264640
1790307088.0103862,22871801856,100,352889000,70000,16465264640
1790307089.0112293,22871801856,100,398693000,71000,16465264640
1790307090.0124288,22871801856,100,403068000,71000,16465264640
1790307091.0131357,22871801856,100,402077000,71000,16465264640
1790307092.0137997,22871801856,100,379288000,70000,16465264640
1790307093.0144684,22871801856,100,362955000,68000,16465264640
1790307094.0153856,22871801856,100,379178000,71000,16466460672
1790307095.0157812,22871801856,100,340107000,70000,16466460672
1790307096.016522,22871801856,35,315988000,64000,16466460672
1790307097.0174432,22871801856,100,252634000,70000,16466460672
1790307098.018348,22871801856,100,388923000,70000,16466460672
1790307099.0196269,22871801856,100,380179000,70000,16466460672
1790307100.0208943,22871801856,50,358104000,66000,16466460672
1790307101.021624,22871801856,100,354476000,69000,16467648512
1790307102.022515,22871801856,100,319358000,69000,16467611648
1790307103.0247316,22871801856,100,321884000,70000,16467611648
1790307104.0255654,22871801856,100,391298000,70000,16468803584
1790307105.0265214,22871801856,100,340013000,69000,16468803584
1790307106.0276062,22871801856,100,378307000,69000,16468840448
1790307107.0284371,22871801856,100,383151000,69000,16468807680
1790307108.0291147,22871801856,100,378066000,70000,16468807680
1790307109.0302708,22871801856,86,390514000,69000,16468807680
1790307110.0312207,22871801856,100,318695000,70000,16468807680
1790307111.031976,22871801856,28,327707000,64000,16468807680
1790307112.03266,22871801856,0,296474000,61000,16470827008
1790307113.0331683,22871801856,100,344650000,69000,16472154112
1790307114.033891,22871801856,100,283477000,68000,16472154112
1790307115.0348048,22871801856,100,377591000,69000,16472154112
1790307116.0355313,22871801856,100,388143000,69000,16472154112
1790307117.0362167,22871801856,97,395912000,70000,16472154112
1790307118.0371547,22871801856,100,401994000,71000,16472154112
1790307119.4183047,22871801856,28,170476000,59000,16472154112
1790307120.4189916,22871801856,84,169762000,67000,16473059328
1790307121.420004,22871801856,49,334009000,70000,16473059328
1790307122.4208052,22871801856,94,395682000,69000,16473059328
1790307123.421351,22871801856,98,301855000,65000,16474411008
1790307124.4222026,22871801856,98,296942000,69000,16474411008
1790307125.422952,22871801856,100,390272000,70000,16474411008
1790307126.4235892,22871801856,91,391667000,70000,16474411008
1790307127.424074,22871801856,100,382856000,69000,16474656768
1790307128.424715,22871801856,100,359372000,69000,16475693056
1790307129.425865,22871801856,100,377371000,69000,16475693056
1790307130.4694562,22871801856,100,388420000,70000,16475693056
1790307131.4700823,22871801856,100,396228000,70000,16475693056
1790307132.4707994,22871801856,100,379821000,69000,16475693056
1790307133.4714592,22871801856,100,314375000,69000,16475693056
1790307134.4719763,22871801856,100,372408000,69000,16475693056
1790307135.4725854,22871801856,100,375778000,69000,16475693056
1790307136.4736874,22871801856,61,286640000,63000,16475693056
1790307137.474618,22871801856,35,254889000,70000,16475693056
1790307138.4751887,22871801856,34,339556000,69000,16475693056
1790307139.4760842,22871801856,100,315062000,69000,16475693056
1790307140.4769666,22871801856,96,337682000,62000,16475693056
1790307141.4777045,22871801856,91,304514000,69000,16475693056
1790307142.4782739,22871801856,100,383537000,68000,16475693056
1790307143.479051,22871801856,100,378820000,69000,16475693056
1790307144.4799228,22871801856,100,370167000,69000,16475693056
1790307145.4807909,22871801856,100,347226000,65000,16475693056
1790307146.4815383,22871801856,100,376692000,70000,16475693056
1790307147.4822369,22871801856,81,358472000,70000,16475693056
1790307148.482895,22871801856,100,389163000,69000,16475693056
1790307149.4835703,22871801856,100,381178000,70000,16475693056
1790307150.4844322,22871801856,100,393388000,69000,16475693056
1790307151.4851131,22871801856,64,327269000,70000,16475693056
1790307152.4859471,22871801856,100,387178000,67000,16475693056
1790307153.486556,22871801856,30,317664000,70000,16475693056
1790307154.487607,22871801856,72,343865000,67000,16475693056
1790307155.4884155,22871801856,97,394880000,71000,16475693056
1790307156.489234,22871801856,100,390189000,70000,16475693056
1790307157.4898424,22871801856,100,382394000,69000,16475693056
1790307158.4904788,22871801856,100,375070000,68000,16475693056
1790307159.4910998,22871801856,100,385328000,69000,16475693056
1790307160.492035,22871801856,100,384058000,70000,16475693056
1790307161.4927711,22871801856,70,353476000,69000,16475693056
1790307162.4937708,22871801856,100,379228000,65000,16475693056
1790307163.494499,22871801856,100,343539000,70000,16475693056
1790307164.4950624,22871801856,27,231842000,63000,16476168192
1790307165.495642,22871801856,8,256098000,68000,16476831744
1790307166.4962237,22871801856,100,386197000,68000,16476831744
1790307167.4967868,22871801856,100,378630000,69000,16476831744
1790307168.4976325,22871801856,100,387169000,70000,16476831744
1790307169.4984565,22871801856,100,396942000,70000,16476831744
1790307170.5238183,22871801856,35,276516000,69000,16476831744
1790307171.5244672,22871801856,100,377233000,69000,16476831744
1790307173.1974483,22871801856,0,208120000,58000,16476831744
1790307174.1980813,22871801856,79,296489000,69000,16476831744
1790307175.1986845,22871801856,33,274871000,68000,16476831744
1790307176.19924,22871801856,100,390695000,69000,16476831744
1790307177.1997597,22871801856,100,383824000,68000,16476831744
1790307178.2004075,22871801856,100,380826000,68000,16476831744
1790307179.2009282,22871801856,100,330836000,68000,16477626368
1790307180.2015479,22871801856,100,379104000,70000,16477626368
1790307181.2023013,22871801856,8,344801000,70000,16477675520
1790307182.2029166,22871801856,49,330465000,69000,16477675520
1790307183.203788,22871801856,100,385175000,69000,16477679616
1790307184.268225,22871801856,100,389744000,70000,16477679616
1790307185.2692282,22871801856,100,405541000,70000,16477683712
1790307186.2698588,22871801856,100,399314000,69000,16477683712
1790307187.270405,22871801856,100,384773000,69000,16477683712
1790307188.2709458,22871801856,100,380732000,71000,16477683712
1790307189.272077,22871801856,93,404543000,71000,16477683712
1790307190.273019,22871801856,36,284503000,68000,16477683712
1790307191.2736425,22871801856,100,383929000,69000,16477683712
1790307192.2742221,22871801856,100,382023000,68000,16477683712
1790307193.274737,22871801856,85,324800000,63000,16477806592
1790307194.2756042,22871801856,0,274851000,70000,16478883840
1790307195.276237,22871801856,73,331287000,70000,16478887936
1790307196.2768085,22871801856,100,391763000,68000,16478887936
1790307197.2773974,22871801856,100,382518000,68000,16478887936
1790307198.2785625,22871801856,100,361022000,69000,16478887936
1790307199.2792385,22871801856,100,375273000,70000,16478887936
1790307200.2799232,22871801856,100,378521000,70000,16478887936
1790307201.2805104,22871801856,98,391962000,70000,16478896128
1790307202.2811973,22871801856,100,380827000,70000,16478896128
1790307203.28203,22871801856,100,368777000,68000,16478896128
1790307204.28276,22871801856,100,375013000,71000,16478896128
1790307205.2834628,22871801856,100,407395000,71000,16478896128
1790307206.2841322,22871801856,100,396350000,70000,16478896128
1790307207.2846968,22871801856,100,386409000,69000,16478896128
1790307208.2858827,22871801856,100,375610000,65000,16478896128
1790307209.2869399,22871801856,24,267926000,70000,16478896128
1790307210.28764,22871801856,100,328687000,69000,16478900224
1790307211.288312,22871801856,100,384301000,71000,16478900224
1790307212.2889397,22871801856,100,347759000,70000,16478900224
1790307213.2898405,22871801856,92,301988000,65000,16478900224
1790307214.2906463,22871801856,100,350509000,70000,16478900224
1790307215.335652,22871801856,100,384457000,70000,16478900224
1790307216.337586,22871801856,100,379902000,69000,16478900224
1790307217.338308,22871801856,63,327856000,70000,16478900224
1790307218.3388622,22871801856,21,317380000,70000,16478904320
1790307219.3394492,22871801856,91,396223000,69000,16478904320
1790307220.480651,22871801856,100,385073000,70000,16478904320
1790307221.4812803,22871801856,100,383714000,71000,16478908416
1790307222.4827673,22871801856,100,406520000,72000,16478912512
1790307223.4834728,22871801856,72,353022000,62000,16480194560
1790307224.484117,22871801856,100,313738000,65000,16480194560
1790307225.4850376,22871801856,100,324223000,69000,16480194560
1790307226.485838,22871801856,93,322152000,69000,16480194560
1790307227.4869726,22871801856,99,391553000,69000,16480194560
1790307228.4880292,22871801856,59,293598000,63000,16480194560
1790307229.4890165,22871801856,82,286308000,71000,16480198656
1790307230.4898598,22871801856,96,398001000,69000,16480198656
1790307231.4903998,22871801856,100,395721000,71000,16480202752
1790307232.491044,22871801856,100,402377000,71000,16480202752
1790307233.4917674,22871801856,21,328086000,70000,16480202752
1790307234.6130686,22871801856,0,208372000,59000,16480202752
1790307235.6136897,22871801856,100,324401000,70000,16480202752
1790307236.6143062,22871801856,100,385972000,68000,16480202752
1790307237.614811,22871801856,100,375605000,68000,16480202752
1790307238.6154313,22871801856,100,386105000,69000,16480202752
1790307239.6160316,22871801856,100,340379000,68000,16481243136
1790307240.6166065,22871801856,100,357182000,68000,16481243136
1790307241.6174655,22871801856,0,319948000,60000,16482656256
1790307242.6180997,22871801856,100,317393000,69000,16482623488
1790307243.6188025,22871801856,34,379086000,64000,16482623488
1790307244.6195102,22871801856,41,263100000,65000,16482623488
1790307245.6202655,22871801856,89,294917000,70000,16482627584
1790307246.6209455,22871801856,100,396031000,69000,16482623488
1790307247.6217244,22871801856,100,383146000,69000,16482623488
1790307248.6224818,22871801856,71,321473000,68000,16482623488
1790307249.6232884,22871801856,100,377801000,70000,16482623488
1790307250.6242197,22871801856,98,395996000,70000,16482623488
1790307251.6249905,22871801856,6,375083000,61000,16483778560
1790307252.6255667,22871801856,98,299623000,68000,16483749888
1790307253.626368,22871801856,100,383131000,69000,16483749888
1790307254.6269622,22871801856,100,376806000,69000,16483749888
1790307255.6277828,22871801856,72,379708000,65000,16483749888
1790307256.6285188,22871801856,100,334699000,70000,16483749888
1790307257.6292212,22871801856,97,337693000,71000,16483749888
1790307258.6297674,22871801856,100,399133000,71000,16483749888
1790307259.6304333,22871801856,99,406014000,71000,16483749888
1790307260.6311822,22871801856,99,402216000,71000,16483749888
1790307261.631693,22871801856,100,396241000,70000,16483921920
1790307262.6328938,22871801856,100,285921000,68000,16485175296
1790307263.6335893,22871801856,30,322688000,63000,16485175296
1790307264.634662,22871801856,100,374372000,71000,16485175296
1790307265.63605,22871801856,100,407069000,70000,16485175296
1790307266.636712,22871801856,100,398062000,71000,16485175296
1790307267.6374316,22871801856,100,332810000,70000,16485175296
1790307268.6382558,22871801856,100,356926000,70000,16485175296
1790307269.6390357,22871801856,52,310982000,64000,16485175296
1790307270.6399534,22871801856,72,201541000,67000,16485175296
1790307271.6405675,22871801856,100,365766000,69000,16485195776
1790307272.6412768,22871801856,100,359030000,68000,16485195776
1790307273.6423056,22871801856,24,334731000,63000,16485195776
1790307274.6430387,22871801856,22,259621000,62000,16485195776
1790307275.643784,22871801856,100,247614000,67000,16487878656
1790307276.6444345,22871801856,100,382364000,69000,16488357888
1790307277.6450438,22871801856,100,350026000,69000,16489074688
1790307278.6461358,22871801856,98,382401000,69000,16489074688
1790307279.6468918,22871801856,100,382376000,68000,16489074688
1790307280.6478486,22871801856,100,387087000,71000,16489074688
1790307281.6495302,22871801856,97,332800000,70000,16489074688
1790307282.650283,22871801856,98,401235000,70000,16489074688
1790307283.6511548,22871801856,100,388164000,70000,16489074688
1790307284.6520061,22871801856,100,396457000,71000,16489074688
1790307285.6531947,22871801856,100,345940000,70000,16489074688
1790307286.6544802,22871801856,100,380618000,67000,16489074688
1790307287.6556442,22871801856,100,337517000,71000,16489074688
1790307288.6563272,22871801856,100,388366000,69000,16489074688
1790307289.6572993,22871801856,88,320902000,69000,16489074688
1790307290.857031,22871801856,0,225664000,59000,16489074688
1790307291.857644,22871801856,97,275235000,70000,16489074688
1790307292.8651142,22871801856,100,394809000,69000,16489123840
1790307293.8658745,22871801856,100,287973000,67000,16490139648
1790307294.866578,22871801856,100,382458000,69000,16490139648
1790307295.867361,22871801856,96,381957000,69000,16490139648
1790307296.8680499,22871801856,100,400702000,70000,16490139648
1790307297.8686755,22871801856,39,375039000,69000,16491347968
1790307298.8696618,22871801856,100,315360000,70000,16491347968
1790307299.8706071,22871801856,100,402788000,70000,16491347968
1790307300.8715382,22871801856,100,332329000,70000,16491347968
1790307301.8727615,22871801856,100,378738000,70000,16491347968
1790307302.873661,22871801856,100,388873000,69000,16492351488
1790307303.874571,22871801856,100,277767000,68000,16492662784
1790307304.8753614,22871801856,33,334391000,63000,16492662784
1790307305.876449,22871801856,0,310682000,63000,16494141440
1790307306.8773243,22871801856,100,278373000,67000,16494141440
1790307307.878254,22871801856,95,363254000,70000,16494141440
1790307308.8792174,22871801856,60,344713000,67000,16494141440
1790307309.8800745,22871801856,69,290477000,62000,16494690304
1790307310.8815992,22871801856,100,300238000,68000,16495337472
1790307311.882219,22871801856,100,397233000,70000,16495337472
1790307312.8829072,22871801856,100,281289000,69000,16495337472
1790307313.884135,22871801856,100,390432000,70000,16495337472
1790307314.8857403,22871801856,100,332827000,70000,16495337472
1790307315.8867352,22871801856,31,339188000,63000,16495337472
1790307316.8880754,22871801856,100,305182000,69000,16495337472
1790307317.8888068,22871801856,100,385479000,69000,16495337472
1790307318.8892713,22871801856,100,382180000,70000,16495337472
1790307319.8897388,22871801856,100,378163000,69000,16495337472
1790307320.891426,22871801856,100,388878000,69000,16495976448
1790307321.892035,22871801856,100,340640000,69000,16496742400
1790307322.8928235,22871801856,91,382942000,70000,16496742400
1790307323.8934178,22871801856,100,365543000,71000,16496742400
1790307324.8944254,22871801856,100,389270000,69000,16496742400
1790307325.8950772,22871801856,100,320548000,70000,16497217536
1790307326.895774,22871801856,100,350850000,68000,16497881088
1790307327.896539,22871801856,92,376957000,69000,16497881088
1790307328.8971336,22871801856,93,379039000,70000,16497881088
1790307329.8976746,22871801856,50,362672000,66000,16497881088
1790307330.8982863,22871801856,100,374976000,69000,16497881088
1790307331.8993948,22871801856,100,399471000,71000,16497881088
1790307332.8999732,22871801856,65,378555000,69000,16499097600
1790307333.9004285,22871801856,100,347236000,70000,16499097600
1790307334.9011936,22871801856,25,310108000,63000,16499097600
1790307335.9017754,22871801856,100,338146000,67000,16500232192
1790307336.903127,22871801856,100,362912000,68000,16500232192
1790307337.9043684,22871801856,100,381604000,70000,16500232192
1790307338.9050496,22871801856,100,395422000,69000,16501399552
1790307339.905852,22871801856,100,314618000,69000,16501362688
1790307340.9065135,22871801856,0,312803000,61000,16502960128
1790307341.9073403,22871801856,100,322268000,69000,16502960128
1790307342.9081535,22871801856,100,330636000,69000,16502960128
1790307343.9086192,22871801856,100,381385000,68000,16502960128
1790307344.9094505,22871801856,91,378916000,68000,16502960128
1790307345.9100688,22871801856,100,384785000,70000,16502960128
1790307346.9107707,22871801856,100,381682000,69000,16502960128
1790307347.9118216,22871801856,100,384618000,69000,16502960128
1790307348.9125745,22871801856,0,331564000,61000,16504221696
1790307349.9134924,22871801856,96,340864000,70000,16504221696
1790307350.9141927,22871801856,100,310071000,67000,16505421824
1790307351.9150476,22871801856,100,321771000,69000,16505389056
1790307352.915797,22871801856,100,341553000,70000,16505389056
1790307353.9164834,22871801856,100,397865000,70000,16505389056
1790307355.4738004,22871801856,89,284851000,60000,16505389056
1790307356.4748783,22871801856,51,232556000,69000,16505389056
1790307357.4754667,22871801856,100,393150000,70000,16506150912
1790307358.475977,22871801856,100,352184000,69000,16506150912
1790307359.4771314,22871801856,100,349103000,65000,16506150912
1790307360.477736,22871801856,100,355428000,69000,16506150912
1790307361.4784489,22871801856,100,379477000,70000,16506150912
1790307362.4790668,22871801856,100,389261000,70000,16506150912
1790307363.4797535,22871801856,99,394427000,69000,16506150912
1790307364.480392,22871801856,100,380550000,71000,16506150912
1790307365.4815593,22871801856,100,400249000,71000,16506150912
1790307366.4823935,22871801856,100,401374000,71000,16506155008
1790307367.4831169,22871801856,100,395602000,71000,16506155008
1790307368.4836397,22871801856,100,388449000,69000,16506155008
1790307369.4848833,22871801856,98,390976000,71000,16506155008
1790307370.4857478,22871801856,100,348509000,69000,16506155008
1790307371.4864767,22871801856,100,391468000,69000,16506155008
1790307372.487404,22871801856,100,385574000,71000,16506155008
1790307373.4882104,22871801856,100,389964000,70000,16506155008
1790307374.489232,22871801856,92,325685000,70000,16506155008
1790307375.4902322,22871801856,100,386642000,70000,16506155008
1790307376.491639,22871801856,100,385163000,70000,16506155008
1790307377.4923217,22871801856,50,342668000,71000,16506155008
1790307378.4933298,22871801856,76,329358000,71000,16506155008
1790307379.4938753,22871801856,100,337628000,69000,16506155008
1790307380.5498793,22871801856,100,378399000,69000,16506155008
1790307381.5505068,22871801856,100,378143000,71000,16506155008
1790307382.5510793,22871801856,93,379728000,70000,16506155008
1790307383.5521061,22871801856,100,381146000,71000,16506155008
1790307384.552682,22871801856,100,396854000,71000,16506155008
1790307385.5534623,22871801856,95,383139000,70000,16506155008
1790307386.5552156,22871801856,95,383517000,66000,16506155008
1790307387.556048,22871801856,100,344519000,70000,16506155008
1790307388.5575304,22871801856,100,326043000,64000,16506155008
1790307389.5582378,22871801856,100,285178000,64000,16506155008
1790307390.559325,22871801856,100,344611000,70000,16506155008
1790307391.5598023,22871801856,100,380354000,69000,16506155008
1790307392.560264,22871801856,100,358497000,69000,16506155008
1790307393.5612535,22871801856,100,364656000,71000,16506155008
1790307394.5618958,22871801856,100,334530000,69000,16506155008
1790307395.5625045,22871801856,100,380516000,71000,16506155008
1790307396.5633194,22871801856,90,392706000,70000,16506155008
1790307397.5647695,22871801856,94,358330000,65000,16506155008
1790307398.5659595,22871801856,100,337137000,71000,16506155008
1790307399.5665848,22871801856,34,329961000,70000,16506155008
1790307400.5678174,22871801856,100,353766000,65000,16506155008
1790307401.569519,22871801856,55,269122000,70000,16506155008
1790307402.5706012,22871801856,100,395271000,71000,16506155008
1790307403.571204,22871801856,100,401128000,71000,16506155008
1790307404.5725605,22871801856,100,332581000,68000,16506155008
1790307405.5737338,22871801856,100,379509000,71000,16506155008
1790307406.574328,22871801856,100,384616000,64000,16506179584
1790307407.5748749,22871801856,0,274340000,69000,16507908096
1790307408.5759273,22871801856,0,255176000,69000,16511508480
1790307409.5767415,22871801856,100,383571000,69000,16511508480
1790307410.5773346,22871801856,100,381214000,71000,16511508480
1790307411.5778816,22871801856,99,403882000,70000,16511508480
1790307412.5783877,22871801856,100,387033000,71000,16511508480
1790307413.8932965,22871801856,0,137441000,59000,16511508480
1790307414.893857,22871801856,100,305274000,68000,16511508480
1790307415.8947718,22871801856,100,371408000,67000,16511508480
1790307416.8954854,22871801856,34,269657000,66000,16511508480
1790307417.8960583,22871801856,100,320369000,69000,16514797568
1790307418.896685,22871801856,89,387206000,70000,16514797568
1790307419.8974853,22871801856,0,368461000,61000,16515936256
1790307420.898487,22871801856,96,318585000,70000,16515936256
1790307421.9659488,22871801856,100,396182000,70000,16515936256
1790307422.9666026,22871801856,99,331302000,69000,16515956736
1790307423.9671729,22871801856,100,275744000,68000,16517304320
1790307424.9678178,22871801856,84,367364000,69000,16517304320
1790307425.968398,22871801856,100,380187000,69000,16517304320
1790307426.9696937,22871801856,100,378964000,69000,16517304320
1790307427.9706645,22871801856,100,382566000,69000,16517304320
1790307428.9712863,22871801856,100,377384000,69000,16517304320
1790307429.972412,22871801856,100,382476000,70000,16517304320
1790307430.9730403,22871801856,99,328127000,70000,16517304320
1790307431.9741094,22871801856,100,383876000,70000,16517304320
1790307432.9748256,22871801856,100,395404000,71000,16517304320
1790307433.9758554,22871801856,100,330259000,69000,16517304320
1790307434.9765532,22871801856,100,385829000,70000,16517304320
1790307435.977452,22871801856,100,385218000,69000,16517304320
1790307436.9781299,22871801856,100,381085000,66000,16517304320
1790307437.9791274,22871801856,78,369042000,70000,16517304320
1790307438.9798036,22871801856,100,391369000,70000,16517304320
1790307439.9807668,22871801856,100,382025000,69000,16517304320
1790307440.9815354,22871801856,100,379034000,71000,16517304320
1790307441.9823797,22871801856,100,404617000,71000,16517304320
1790307442.9831483,22871801856,70,333513000,70000,16517304320
1790307443.9838145,22871801856,100,383936000,71000,16517304320
1790307444.984732,22871801856,0,346977000,61000,16518430720
1790307445.985614,22871801856,100,342377000,69000,16518430720
1790307446.9870155,22871801856,26,308098000,67000,16519798784
1790307447.987725,22871801856,87,317169000,69000,16519798784
1790307448.9893868,22871801856,100,280403000,68000,16521076736
1790307449.9905803,22871801856,36,336587000,64000,16521076736
1790307450.9913154,22871801856,100,351319000,69000,16521076736
1790307451.992254,22871801856,100,392268000,70000,16521076736
1790307452.9938903,22871801856,0,349376000,66000,16522338304
1790307453.9947643,22871801856,100,348830000,69000,16522338304
1790307454.9954805,22871801856,90,386209000,71000,16522338304
1790307455.9963887,22871801856,75,377861000,69000,16522338304
1790307456.9974809,22871801856,31,297464000,64000,16522338304
1790307457.998287,22871801856,100,334890000,69000,16522338304
1790307458.9997838,22871801856,100,389401000,71000,16522338304
1790307460.0009706,22871801856,5,354184000,67000,16523382784
1790307461.0017085,22871801856,100,354486000,69000,16523382784
1790307462.002765,22871801856,100,377723000,70000,16523382784
1790307463.0037448,22871801856,100,379814000,70000,16523382784
1790307464.0044851,22871801856,100,385346000,71000,16523857920
1790307465.0052671,22871801856,100,343151000,70000,16524541952
1790307466.0065145,22871801856,100,388691000,70000,16524541952
1790307467.0072994,22871801856,100,379535000,69000,16524541952
1790307468.0084403,22871801856,85,369972000,71000,16524541952
1790307469.0091088,22871801856,71,394708000,69000,16524541952
1790307470.0099142,22871801856,100,376049000,70000,16524541952
1790307471.0106807,22871801856,100,316794000,70000,16524541952
1790307472.0115168,22871801856,100,386170000,70000,16524541952
1790307473.0124116,22873899008,100,353391000,70000,16524550144
1790307474.0134652,22873899008,32,322583000,67000,16526770176
1790307475.014604,22873899008,100,354599000,70000,16526770176
1790307476.015297,22873899008,100,390322000,70000,16526770176
1790307477.0159857,22873899008,98,388267000,71000,16526770176
1790307478.0169733,22873899008,100,393643000,71000,16526770176
1790307479.0178018,22873899008,71,384639000,69000,16526770176
1790307480.0186317,22873899008,83,241718000,69000,16527233024
1790307481.0199134,22873899008,100,309501000,70000,16527290368
1790307482.0390596,22873899008,100,391117000,70000,16527761408
1790307483.0398974,22873899008,100,336019000,69000,16527736832
1790307484.2234032,22873899008,0,318777000,61000,16527736832
1790307485.2262146,22873899008,0,130141000,59000,16528113664
1790307486.2273552,22875996160,89,175939000,69000,16533106688
1790307487.2288208,22875996160,0,207884000,58000,16533139456
1790307488.2298026,22875996160,0,120206000,58000,16805609472
1790307489.230742,23651942400,100,140772000,66000,16875380736
1790307490.2315607,23651942400,96,384453000,67000,16533762048
1790307491.232357,23840686080,100,381478000,68000,16533794816
1790307492.2329469,24050401280,100,385762000,68000,16533815296
1790307493.2338464,24050401280,99,395011000,70000,16533827584
1790307494.2345922,24052498432,100,384536000,70000,16533852160
1790307495.2352283,24052498432,100,384905000,68000,16533852160
1790307496.2358088,24052498432,100,392888000,69000,16533852160
1790307497.236528,24054595584,100,392308000,70000,16533876736
1790307498.2386832,24054595584,99,391341000,71000,16533884928
1790307499.332725,24054595584,100,391871000,70000,16534339584
1790307500.333426,24054595584,100,391738000,70000,16534339584
1790307501.334205,24054595584,100,392924000,70000,16534388736
1790307502.3350568,24054595584,100,392923000,69000,16534396928
1790307503.335794,24054595584,100,392382000,70000,16534396928
1790307504.3365605,24054595584,100,392089000,69000,16534556672
1790307505.3371007,24054595584,100,392729000,70000,16534675456
1790307506.3379617,24054595584,100,392806000,71000,16534953984
1790307507.338826,24054595584,99,389042000,71000,16534953984
1790307508.339607,24054595584,100,387018000,69000,16534953984
1790307509.3403697,24054595584,99,377644000,71000,16534953984
1790307510.3409867,24054595584,100,391366000,70000,16534953984
1790307511.3417368,24054595584,100,383312000,70000,16534953984
1790307512.342582,24054595584,99,380735000,70000,16535142400
1790307513.3433747,24054595584,100,382698000,72000,16535142400
1790307514.3441112,24054595584,99,380057000,71000,16535142400
1790307515.3449292,24054595584,100,390697000,72000,16535142400
1790307516.3455317,24054595584,100,383041000,70000,16535142400
1790307517.3463614,24054595584,92,390247000,72000,16535142400
1790307518.3470595,24054595584,100,383906000,70000,16535371776
1790307519.3480635,24054595584,99,391080000,65000,16535371776
1790307520.467607,24054595584,100,387018000,70000,16535613440
1790307521.4683218,24054595584,99,381450000,70000,16535613440
1790307522.4692633,24054595584,100,396766000,70000,16536051712
1790307523.4700723,24054595584,99,382406000,70000,16536051712
1790307525.2529259,24054595584,0,194271000,60000,16536227840
1790307526.2535386,24054595584,99,224020000,70000,16536227840
1790307527.2542107,24054595584,100,382975000,69000,16536371200
1790307528.254886,24054595584,100,379657000,69000,16536629248
1790307529.2558208,24054595584,99,391648000,70000,16536629248
1790307530.2565575,24054595584,100,382123000,70000,16536879104
1790307531.2570355,24054595584,100,392489000,69000,16536879104
1790307532.2575877,24056692736,100,392704000,70000,16536883200
1790307533.258175,24056692736,100,396225000,69000,16537137152
1790307534.258857,24056692736,100,394700000,73000,16537137152
1790307535.2597005,24056692736,100,396603000,73000,16537137152
1790307536.2603798,24056692736,100,396878000,71000,16537460736
1790307537.2613022,24056692736,100,396947000,72000,16537460736
1790307538.2620392,24056692736,100,397857000,72000,16537460736
1790307539.2627208,24056692736,100,400643000,70000,16537460736
1790307540.263693,24056692736,100,397562000,73000,16537460736
1790307541.2647474,24056692736,100,400452000,71000,16537464832
1790307542.2655785,24056692736,100,400176000,72000,16537481216
1790307543.2664425,24056692736,100,398098000,73000,16537481216
1790307544.2748508,24056692736,100,394216000,70000,16537481216
1790307545.2755134,24056692736,100,393822000,73000,16537489408
1790307546.276234,24056692736,100,396902000,70000,16537489408
1790307547.2768583,24056692736,100,395970000,72000,16537505792
1790307548.277906,24056692736,99,401110000,73000,16537554944
1790307549.2787774,24056692736,98,405076000,71000,16537587712
1790307550.2798085,24056692736,100,394365000,71000,16537714688
1790307551.280577,24056692736,100,394924000,71000,16537772032
1790307552.281062,24056692736,100,395757000,72000,16537849856
1790307553.2814932,24056692736,100,394579000,71000,16537862144
1790307554.2819192,24056692736,100,393702000,73000,16537870336
1790307555.2823575,24056692736,100,396865000,70000,16537870336
1790307556.282759,24056692736,100,394099000,71000,16537874432
1790307557.2835226,24056692736,100,396880000,71000,16537878528
1790307558.2843266,24056692736,100,393206000,72000,16537878528
1790307559.2856882,24056692736,100,390532000,73000,16537911296
1790307560.2861612,24056692736,100,391755000,73000,16537927680
1790307561.2869012,24056692736,100,391780000,72000,16537927680
1790307562.2877157,24056692736,100,396045000,71000,16537927680
1790307563.288457,24056692736,100,393721000,73000,16537948160
1790307564.2892718,24056692736,100,390348000,72000,16537948160
1790307565.2898996,24056692736,99,394571000,72000,16537952256
1790307566.2907922,24056692736,100,395897000,72000,16537972736
1790307567.2915294,24056692736,100,396295000,73000,16537972736
1790307568.292198,24056692736,100,395797000,72000,16537985024
1790307569.2930102,24056692736,100,397952000,71000,16537985024
1790307570.2949193,24056692736,100,394215000,73000,16537985024
1790307571.2956543,24056692736,100,395231000,73000,16538001408
1790307572.2966292,24056692736,100,395633000,70000,16538001408
1790307573.2970822,24056692736,100,394651000,73000,16538017792
1790307574.2988358,24056692736,100,397237000,72000,16538025984
1790307575.299457,24056692736,100,396230000,71000,16538034176
1790307576.3002284,17534550016,100,393856000,70000,16538034176
1790307577.3009894,20422328320,100,340416000,70000,16538034176
1790307578.3017282,20422328320,100,384524000,70000,16538034176
1790307579.302302,20422328320,100,382831000,71000,16538042368
1790307580.3027282,20422328320,100,385161000,72000,16538042368
1790307581.3031573,20422328320,100,387371000,75000,16538042368
1790307582.3035944,20422328320,100,389191000,71000,16538071040
1790307583.3040075,20424425472,100,396616000,72000,16538087424
1790307584.3043845,20424425472,100,396830000,72000,16538091520
1790307585.3048112,20424425472,100,395846000,73000,16538091520
1790307586.305221,20424425472,100,388998000,73000,16538112000
1790307587.3061256,20424425472,100,388967000,71000,16538112000
1790307588.3065,20424425472,100,386915000,70000,16538116096
1790307589.4019175,20424425472,100,385758000,73000,16538136576
1790307590.4023852,20424425472,100,390225000,71000,16538132480
1790307591.4029245,20424425472,100,392066000,71000,16538136576
1790307592.4034545,20424425472,100,399441000,73000,16538140672
1790307593.4040256,20424425472,100,399345000,72000,16538284032
1790307594.404594,20424425472,100,399126000,72000,16926158848
1790307595.4050665,20424425472,100,399737000,72000,16538456064
1790307596.4055176,20424425472,100,399576000,72000,16538619904
1790307597.4059372,20424425472,100,400607000,71000,16538619904
1790307598.4064512,20424425472,100,399500000,72000,16538779648
1790307599.4068813,20424425472,100,398999000,73000,16538939392
1790307600.4073193,20424425472,100,399252000,72000,16538939392
1790307601.407707,21032599552,100,399394000,72000,16539103232
1790307602.4122815,21032599552,100,399642000,73000,16539103232
1790307603.4133115,21248606208,100,400233000,72000,16539262976
1790307604.4141223,21479292928,75,393042000,69000,16539418624
1790307605.4147742,21479292928,99,389400000,73000,16539430912
1790307606.4156556,21689008128,100,394511000,73000,16539447296
1790307607.4165525,21689008128,99,399018000,72000,16539447296
1790307608.4173014,21689008128,100,390649000,72000,16539459584
1790307609.4181328,21689008128,100,383861000,70000,16539471872
1790307610.4772537,21689008128,100,391363000,71000,16539475968
1790307611.4781804,21691105280,100,391314000,71000,16539475968
1790307612.4792233,21691105280,100,391878000,72000,16539496448
1790307613.479915,21693202432,100,398916000,71000,16539496448
1790307614.4806242,21693202432,100,396909000,74000,16539496448
1790307615.4813735,21693202432,79,393630000,70000,16539516928
1790307616.4820395,21693202432,100,402853000,71000,16539516928
1790307617.482992,21693202432,100,401671000,71000,16539516928
1790307618.4838507,21693202432,100,400003000,72000,16539516928
1790307619.484833,21693202432,99,393953000,72000,16539541504
1790307620.486027,21693202432,100,399735000,71000,16539541504
1790307621.4868188,21693202432,100,399078000,74000,16539541504
1790307622.487752,21693202432,100,397876000,70000,16539549696
1790307623.4885051,21693202432,100,398786000,71000,16539549696
1790307624.4896014,23287037952,92,395682000,73000,16539566080
1790307625.4904413,23287037952,100,383168000,74000,16539566080
1790307626.4911742,23287037952,100,393848000,73000,16539566080
1790307627.4917507,23287037952,100,393990000,71000,16539566080
1790307628.4924366,23287037952,100,394418000,73000,16539566080
1790307629.4930744,23287037952,100,395268000,74000,16539566080
1790307630.4939227,23287037952,100,395860000,75000,16539566080
1790307631.494711,23287037952,99,395568000,72000,16539611136
1790307632.4958596,23287037952,100,405895000,69000,16539611136
1790307633.4969509,23287037952,100,393076000,73000,16539611136
1790307634.4976487,23287037952,99,396558000,72000,16539611136
1790307635.498569,23287037952,100,405215000,74000,16539611136
1790307636.4992445,23287037952,100,393760000,72000,16539611136
1790307637.499988,23287037952,100,400966000,72000,16539619328
1790307638.500891,23287037952,100,400684000,73000,16539631616
1790307639.5018785,23287037952,100,398301000,73000,16539631616
1790307640.5028496,23287037952,100,404584000,72000,16539643904
1790307641.503564,23287037952,100,397761000,72000,16539648000
1790307642.504435,23287037952,100,398469000,73000,16539656192
1790307643.5052574,23287037952,100,399058000,73000,16539660288
1790307644.5061748,23287037952,100,396422000,73000,16539660288
1790307645.5067842,23287037952,100,399433000,74000,16539660288
1790307646.507748,23287037952,100,395362000,72000,16539660288
1790307647.5085032,23287037952,99,394320000,72000,16539660288
1790307648.5092032,23287037952,100,402431000,74000,16539660288
1790307649.5099237,23287037952,100,394911000,72000,16539660288
1790307650.5108376,23287037952,99,393279000,71000,16539660288
1790307651.5116842,23287037952,100,402859000,73000,16539660288
1790307652.512668,23287037952,100,404031000,73000,16539664384
1790307653.5137196,23287037952,99,410492000,73000,16539664384
1790307654.51447,23287037952,100,331715000,71000,16539463680
1790307655.5153553,23287037952,2,195485000,70000,16538513408
1790307656.5162153,23287037952,0,304319000,71000,16539213824
1790307657.5178082,23370924032,100,401623000,73000,16539213824
1790307658.5186243,23370924032,100,404780000,71000,16539213824
1790307659.5197148,23370924032,100,386049000,70000,16539213824
1790307660.52048,23370924032,100,325604000,72000,16539213824
1790307661.5215118,23370924032,100,335261000,71000,16539213824
1790307662.5223072,23370924032,99,376472000,63000,16540536832
1790307663.523201,23370924032,100,312839000,70000,16540590080
1790307664.524006,23391895552,89,377104000,72000,16540590080
1790307665.5246983,23391895552,99,404746000,71000,16540590080
1790307666.5254319,23393992704,100,388838000,71000,16540590080
1790307667.5261793,23393992704,100,384405000,71000,16540590080
1790307668.5270786,23393992704,39,296461000,71000,16540590080
1790307669.5278034,23393992704,100,408461000,72000,16540590080
1790307670.5285363,23393992704,100,396440000,71000,16540590080
1790307671.5297747,23393992704,100,392723000,71000,16540590080
1790307672.5302997,23393992704,100,388591000,70000,16540594176
1790307673.5309894,23393992704,100,389073000,72000,16540594176
1790307674.5315466,23393992704,100,317490000,70000,16543981568
1790307675.532432,23393992704,88,386878000,68000,16543981568
1790307676.5330737,23393992704,100,351301000,72000,16543981568
1790307677.533784,23393992704,21,263140000,61000,16545214464
1790307678.5345106,23393992704,100,342838000,70000,16545214464
1790307679.535105,23393992704,100,391133000,70000,16545214464
1790307680.5358372,23393992704,100,386826000,68000,16545214464
1790307681.536667,23393992704,100,399292000,72000,16545214464
1790307682.5372427,23393992704,100,396991000,70000,16545214464
1790307683.5377917,23393992704,96,387299000,71000,16545214464
1790307684.5384722,23393992704,88,332138000,70000,16545214464
1790307685.5391595,23393992704,92,389449000,70000,16545218560
1790307686.5396743,23393992704,0,343260000,70000,16546570240
1790307687.540255,23393992704,100,389772000,71000,16546570240
1790307688.540877,23393992704,100,353797000,70000,16547704832
1790307689.5413642,23393992704,100,379178000,70000,16547704832
1790307690.5418944,23393992704,100,393907000,71000,16547704832
1790307691.5429444,23393992704,100,400206000,72000,16547704832
1790307692.54366,23393992704,99,399368000,71000,16547704832
1790307693.544362,23393992704,100,391087000,71000,16547704832
1790307694.5451248,23393992704,96,399520000,71000,16547704832
1790307695.5459797,23393992704,97,402295000,68000,16547704832
1790307696.5465574,23393992704,92,321704000,70000,16547704832
1790307697.547177,23393992704,100,381334000,70000,16547704832
1790307698.547907,23393992704,100,386090000,72000,16547704832
1790307699.5488386,23393992704,78,332753000,68000,16547704832
1790307700.5495617,23393992704,100,335277000,71000,16547704832
1790307701.5503542,23393992704,100,396384000,72000,16547704832
1790307702.551147,23393992704,100,396422000,70000,16549113856
1790307703.55187,23393992704,100,343093000,70000,16549076992
1790307704.5525348,23393992704,100,387395000,70000,16549076992
1790307705.5532408,23393992704,100,395421000,72000,16549076992
1790307706.5539896,23393992704,100,400322000,72000,16549076992
1790307707.5546205,23393992704,100,399866000,71000,16549076992
1790307708.555086,23393992704,100,380702000,70000,16549076992
1790307709.556264,23393992704,100,375557000,70000,16549076992
1790307710.5568438,23393992704,88,363964000,72000,16549076992
1790307711.5580592,23393992704,91,398671000,72000,16549076992
1790307713.137805,23393992704,0,136225000,60000,16549076992
1790307714.1383424,23393992704,100,293981000,69000,16549076992
1790307715.138914,23393992704,100,396161000,71000,16549076992
1790307716.139547,23393992704,100,396678000,70000,16549076992
1790307717.1401465,23393992704,100,384489000,71000,16549076992
1790307718.1412714,23393992704,92,381318000,71000,16549076992
1790307719.1418889,23393992704,82,389895000,63000,16549761024
1790307720.1424973,23393992704,100,345158000,70000,16549761024
1790307721.1430192,23393992704,96,398557000,70000,16549761024
1790307722.1435528,23393992704,100,342837000,70000,16550834176
1790307723.1443594,23393992704,93,387310000,67000,16550834176
1790307724.286766,23393992704,100,340159000,70000,16550834176
1790307725.2872868,23393992704,100,380632000,70000,16550834176
1790307726.288177,23393992704,100,381851000,71000,16550834176
1790307727.2887843,23393992704,100,403839000,71000,16550834176
1790307728.28934,23393992704,100,345415000,71000,16550834176
1790307729.2901342,23393992704,93,403581000,71000,16550834176
1790307730.2908275,23393992704,100,344800000,71000,16550834176
1790307731.2914066,23393992704,100,401980000,71000,16550834176
1790307732.2920642,23393992704,100,401143000,71000,16550834176
1790307733.292827,23393992704,100,398333000,71000,16550834176
1790307734.293502,23393992704,100,332799000,71000,16550834176
1790307735.2941797,23393992704,31,378974000,65000,16550834176
1790307736.294919,23393992704,100,338484000,70000,16550834176
1790307737.2957585,23393992704,100,332465000,70000,16550834176
1790307738.2964883,23393992704,100,395672000,70000,16550834176
1790307739.2973394,23393992704,100,383704000,71000,16550834176
1790307740.2979023,23393992704,100,384157000,71000,16550834176
1790307741.2986405,23393992704,100,398233000,71000,16550834176
1790307742.29927,23393992704,100,402192000,71000,16550834176
1790307743.300013,23393992704,100,401910000,71000,16550834176
1790307744.3009574,23393992704,32,360281000,65000,16550834176
1790307745.3016734,23393992704,91,297716000,70000,16550834176
1790307746.3023,23393992704,100,391601000,69000,16550834176
1790307747.3032758,23393992704,52,349959000,67000,16550834176
1790307748.3042514,23393992704,21,341672000,64000,16550834176
1790307749.3049004,23393992704,100,333900000,70000,16552112128
1790307750.3056018,23393992704,100,288807000,70000,16552882176
1790307751.306388,23393992704,99,387402000,71000,16552882176
1790307752.3071487,23393992704,96,398511000,71000,16552882176
1790307753.3077917,23393992704,100,385404000,70000,16552882176
1790307754.3088927,23393992704,99,393471000,71000,16552882176
1790307755.3094726,23393992704,99,389415000,70000,16553578496
1790307756.3100176,23393992704,100,327123000,70000,16554262528
1790307757.3105462,23393992704,100,383219000,70000,16554262528
1790307758.3110673,23393992704,100,389798000,71000,16554262528
1790307759.311875,23393992704,100,392607000,70000,16554262528
1790307760.3125596,23393992704,100,322934000,70000,16554262528
1790307761.3132327,23393992704,50,243544000,66000,16554262528
1790307762.3137817,23393992704,100,357802000,70000,16554262528
1790307763.314523,23393992704,36,347615000,65000,16554262528
1790307764.3153813,23393992704,100,318781000,69000,16554262528
1790307765.3159802,23393992704,100,371545000,69000,16554262528
1790307766.3166997,23393992704,100,365262000,69000,16554262528
1790307767.3172011,23393992704,100,383788000,69000,16554262528
1790307768.3177927,23393992704,100,379058000,69000,16554262528
1790307769.318359,23393992704,33,342359000,66000,16554262528
1790307770.3190103,23393992704,37,267964000,64000,16554262528
1790307771.319621,23393992704,100,310564000,70000,16554262528
1790307772.3206477,23393992704,100,400917000,70000,16554262528
1790307773.321224,23393992704,91,390855000,69000,16554262528
1790307774.3218253,23393992704,100,388172000,69000,16554262528
1790307775.829813,23393992704,99,239389000,60000,16554262528
1790307776.8305426,23393992704,55,267833000,70000,16554262528
1790307777.8311605,23393992704,90,389728000,69000,16554262528
1790307778.831728,23393992704,100,384975000,68000,16554262528
1790307779.8323367,23393992704,100,386912000,70000,16554262528
1790307780.8333642,23393992704,100,402512000,71000,16554262528
1790307781.8340678,23393992704,100,395457000,71000,16554262528
1790307782.8348913,23393992704,100,322689000,67000,16555249664
1790307783.8355231,23393992704,100,355968000,70000,16555249664
1790307784.8366764,23393992704,100,406904000,71000,16555249664
1790307785.8372698,23393992704,100,399632000,71000,16555249664
1790307786.8378694,23393992704,30,336201000,70000,16555249664
1790307787.8385086,23393992704,100,395238000,70000,16555249664
1790307788.8391824,23393992704,100,385614000,69000,16555249664
1790307789.8400276,23393992704,100,381334000,69000,16555249664
1790307790.8407638,23393992704,98,387137000,70000,16555249664
1790307791.8413546,23393992704,100,386673000,70000,16555249664
1790307792.8428233,23393992704,91,390563000,69000,16555249664
1790307793.843531,23393992704,100,378713000,71000,16555249664
1790307794.8441312,23393992704,100,402630000,71000,16556466176
1790307795.8447938,23393992704,100,317712000,69000,16556466176
1790307796.8455842,23393992704,72,333959000,71000,16556466176
1790307797.846634,23393992704,100,400160000,70000,16556466176
1790307798.8492825,23393992704,34,284542000,66000,16556466176
1790307799.849924,23393992704,32,308318000,71000,16556466176
1790307800.851023,23393992704,100,400200000,71000,16556466176
1790307801.8516772,23393992704,100,405338000,70000,16556466176
1790307802.852245,23393992704,86,396934000,71000,16556466176
1790307803.8529162,23393992704,98,406572000,71000,16556466176
1790307804.8534644,23393992704,91,386305000,71000,16556466176
1790307805.8539827,23393992704,100,384602000,70000,16556466176
1790307806.854573,23393992704,100,320753000,69000,16556466176
1790307807.8551385,23393992704,100,347118000,70000,16557613056
1790307808.8557026,23393992704,100,379745000,69000,16557613056
1790307809.8563426,23393992704,97,326388000,68000,16557613056
1790307810.856983,23393992704,100,365437000,69000,16557613056
1790307811.8583622,23393992704,100,395973000,70000,16557613056
1790307812.8589895,23393992704,100,393314000,71000,16557613056
1790307813.8595405,23393992704,100,313252000,69000,16558784512
1790307814.860122,23393992704,100,311507000,68000,16559153152
1790307815.8606904,23393992704,100,279636000,60000,16567943168
1790307816.8612478,23393992704,70,237261000,69000,16567894016
1790307817.8619494,23393992704,100,382503000,70000,16567894016
1790307818.862621,23393992704,100,394205000,68000,16570085376
1790307819.8635337,23393992704,100,350085000,69000,16570085376
1790307820.8652606,23393992704,100,339902000,64000,16570085376
1790307821.8662994,23393992704,70,297214000,70000,16571142144
1790307822.867229,23393992704,100,352465000,69000,16571142144
1790307823.868254,23393992704,100,343228000,64000,16571142144
1790307824.8690271,23393992704,100,351565000,68000,16571142144
1790307825.8696392,23393992704,100,384967000,66000,16571142144
1790307826.8706295,23393992704,91,326408000,68000,16571142144
1790307827.8716393,23393992704,34,309658000,64000,16571142144
1790307828.8722377,23393992704,100,341541000,70000,16571142144
1790307829.8730633,23393992704,100,392456000,69000,16571142144
1790307830.8737812,23393992704,100,385926000,69000,16571142144
1790307832.3107898,23393992704,0,196753000,59000,16571142144
1790307833.3115728,23393992704,100,302671000,70000,16571142144
1790307834.3133767,23393992704,18,348114000,61000,16572215296
1790307835.3140347,23393992704,96,297955000,69000,16572215296
1790307836.3158178,23393992704,100,331069000,69000,16572215296
1790307837.3171828,23393992704,88,389685000,68000,16572215296
1790307838.3183239,23393992704,100,336518000,68000,16572215296
1790307839.3192077,23393992704,95,386015000,70000,16572215296
1790307840.3206582,23393992704,100,401405000,70000,16572215296
1790307841.3216114,23393992704,100,398842000,70000,16572215296
1790307842.3224714,23393992704,100,312197000,68000,16573366272
1790307843.323391,23393992704,98,389321000,70000,16573366272
1790307844.3240762,23393992704,82,317309000,66000,16573366272
1790307845.3249974,23393992704,97,401356000,70000,16573366272
1790307846.3257546,23393992704,89,397212000,69000,16573882368
1790307847.3265522,23393992704,100,308257000,69000,16574496768
1790307848.328185,23393992704,63,279659000,62000,16574496768
1790307849.3287916,23393992704,100,383538000,70000,16574496768
1790307850.3295686,23393992704,100,384101000,68000,16574496768
1790307851.330369,23393992704,96,380268000,69000,16574496768
1790307852.335106,23393992704,55,392554000,68000,16574496768
1790307853.3370779,23393992704,100,293204000,69000,16575897600
1790307854.3381667,23393992704,100,317771000,68000,16575897600
1790307855.3393002,23393992704,58,335554000,64000,16575897600
1790307856.3404877,23393992704,100,385647000,70000,16575897600
1790307857.3417728,23393992704,100,271798000,69000,16575897600
1790307858.3425603,23393992704,100,399550000,70000,16575897600
1790307859.3434193,23393992704,93,318123000,67000,16609996800
1790307860.3443332,23393992704,0,300167000,59000,16577249280
1790307861.3452055,23393992704,100,350296000,69000,16577249280
1790307862.3464894,23414964224,89,392510000,70000,16577249280
1790307863.347247,23414964224,97,399001000,70000,16577724416
1790307864.3483312,23414964224,99,298881000,69000,16578408448
1790307865.3490074,23414964224,96,384746000,69000,16578408448
1790307866.3496394,23414964224,100,335399000,68000,16578494464
1790307867.3507648,23414964224,100,288115000,67000,16579784704
1790307868.3519294,23414964224,46,363661000,66000,16579784704
1790307869.3534305,23414964224,100,268815000,69000,16579784704
1790307870.354882,23414964224,100,301553000,68000,16580988928
1790307871.3556137,23414964224,100,326503000,67000,16580952064
1790307872.3571322,23414964224,100,327366000,69000,16580952064
1790307873.3578713,23414964224,76,366760000,65000,16580952064
1790307874.3585474,23414964224,100,398078000,69000,16580952064
1790307875.3593402,23414964224,100,394140000,69000,16580952064
1790307876.3601158,23414964224,100,379760000,69000,16580952064
1790307877.3618302,23414964224,96,387400000,70000,16580952064
1790307878.3635209,23414964224,57,382447000,67000,16580952064
1790307879.3647707,23414964224,100,291382000,70000,16580952064
1790307880.463461,23414964224,93,335450000,70000,16580952064
1790307881.4641306,23414964224,77,338842000,64000,16580952064
1790307882.4647536,23414964224,100,390307000,69000,16580952064
1790307883.4655514,23414964224,100,384553000,68000,16580952064
1790307885.342195,23414964224,0,223477000,59000,16580952064
1790307886.3432286,23414964224,100,276798000,68000,16581869568
1790307887.3440158,23414964224,100,322610000,67000,16581869568
1790307888.3448691,23414964224,100,316475000,66000,16582967296
1790307889.3454895,23414964224,98,372397000,69000,16583053312
1790307890.3463967,23414964224,100,307362000,68000,16584220672
1790307891.3476872,23414964224,86,396674000,70000,16584220672
1790307892.3488243,23414964224,97,352653000,69000,16584220672
1790307893.3496532,23414964224,100,403326000,70000,16584220672
1790307894.350447,23414964224,100,343956000,69000,16584220672
1790307895.3512697,23414964224,100,398068000,70000,16584220672
1790307896.3527777,23414964224,100,409128000,70000,16584220672
1790307897.3538265,23414964224,60,392447000,70000,16584220672
1790307898.354602,23414964224,71,201722000,62000,16584220672
1790307899.355322,23414964224,98,376575000,69000,16584687616
1790307900.356124,23414964224,100,324053000,69000,16585338880
1790307901.3569496,23414964224,92,318155000,68000,16585338880
1790307902.357813,23414964224,100,401258000,69000,16585338880
1790307903.3591657,23414964224,99,400488000,70000,16585338880
1790307904.3602831,23414964224,0,274875000,60000,16586498048
1790307905.3612616,23414964224,42,274833000,62000,16586498048
1790307906.3620594,23414964224,100,384207000,69000,16586498048
1790307907.3634841,23414964224,98,404579000,70000,16586498048
1790307908.3642273,23414964224,58,384310000,69000,16587788288
1790307909.3649678,23414964224,100,325431000,68000,16587788288
1790307910.4696093,23414964224,100,391639000,70000,16587788288
1790307911.4703944,23414964224,100,395016000,69000,16587788288
1790307912.4709373,23414964224,100,384001000,68000,16587788288
1790307913.4717984,23414964224,100,388515000,69000,16587788288
1790307914.4730046,23414964224,32,274457000,63000,16587788288
1790307915.474135,23414964224,98,359800000,69000,16587788288
1790307916.4750602,23414964224,100,344493000,66000,16588980224
1790307917.4757156,23414964224,100,360867000,68000,16588980224
1790307918.476583,23414964224,100,372613000,69000,16588980224
1790307919.5013871,23414964224,100,386322000,69000,16588980224
1790307920.503377,23414964224,100,388638000,70000,16588980224
1790307921.504225,23414964224,98,407097000,70000,16588980224
1790307922.505082,23414964224,100,387815000,69000,16588980224
1790307923.5065277,23414964224,36,213517000,64000,16588980224
1790307924.5072994,23414964224,100,364434000,70000,16588980224
1790307925.507906,23414964224,100,379241000,69000,16588980224
1790307926.5087512,23414964224,86,389189000,68000,16588980224
1790307927.5093133,23414964224,98,398652000,71000,16588980224
1790307928.5100722,23414964224,100,396611000,69000,16588980224
1790307929.5109107,23414964224,100,382022000,69000,16588980224
1790307930.512396,23414964224,100,382510000,71000,16588980224
1790307931.5134,23414964224,79,305555000,68000,16588980224
1790307932.5141532,23414964224,100,384041000,69000,16588980224
1790307933.5152383,23414964224,100,387574000,70000,16588980224
1790307934.5161505,23414964224,100,381400000,70000,16588980224
1790307935.5165935,23414964224,100,383848000,70000,16588980224
1790307936.5172853,23414964224,100,380638000,69000,16590217216
1790307937.5184438,23414964224,100,354541000,69000,16590180352
1790307938.519533,23414964224,100,380780000,69000,16590180352
1790307939.520584,23414964224,100,395618000,71000,16590180352
1790307940.5215683,23414964224,83,396302000,71000,16591396864
1790307941.5223277,23414964224,100,307041000,70000,16591888384
1790307942.5232356,23414964224,100,351572000,69000,16592637952
1790307943.5245762,23414964224,100,379207000,69000,16592637952
1790307944.525394,23414964224,100,336922000,70000,16592863232
1790307945.5261433,23414964224,100,304212000,69000,16593920000
1790307946.5275955,23414964224,73,382261000,69000,16593920000
1790307947.5285318,23414964224,100,268444000,69000,16593920000
1790307948.7513185,23414964224,65,201210000,59000,16593920000
1790307949.7525895,23414964224,100,287696000,67000,16594395136
1790307950.7532463,23414964224,100,326487000,70000,16634273792
1790307951.7540665,23417061376,100,399925000,69000,16634273792
1790307952.7549117,23417061376,100,381518000,68000,16634273792
1790307953.7627633,23417061376,100,383674000,70000,16634273792
1790307954.764193,23417061376,100,397811000,69000,16634273792
1790307955.7647371,23417061376,100,385964000,69000,16634273792
1790307956.7657151,23417061376,100,380325000,69000,16634273792
1790307957.7664487,23417061376,25,320002000,69000,16635219968
1790307958.7671993,23417061376,100,330315000,69000,16635183104
1790307959.767939,23417061376,97,389555000,70000,16635183104
1790307960.7688022,23417061376,100,388426000,69000,16635183104
1790307961.7693965,23417061376,100,379765000,70000,16635183104
1790307962.7712102,23417061376,100,347287000,64000,16635183104
1790307963.771919,23417061376,100,340989000,69000,16636309504
1790307964.7728956,23417061376,100,323002000,68000,16636272640
1790307965.773699,23417061376,100,384480000,70000,16636272640
1790307966.7745686,23417061376,100,382306000,70000,16636272640
1790307967.7754495,23417061376,100,377107000,68000,16636272640
1790307968.7763863,23417061376,76,339117000,70000,16636272640
1790307969.777647,23417061376,100,377434000,69000,16636272640
1790307970.778639,23417061376,100,329438000,63000,16636272640
1790307971.7796607,23417061376,100,343239000,69000,16636272640
1790307972.7806115,23417061376,100,354768000,65000,16652058624
1790307973.7816024,23417061376,100,349938000,65000,16636276736
1790307974.7824671,23417061376,100,332594000,69000,16636276736
1790307975.7830365,23417061376,100,389436000,70000,16636276736
1790307976.7839732,23417061376,100,390321000,70000,16636276736
1790307977.7847648,23417061376,81,396800000,70000,16636276736
1790307978.7856822,23417061376,86,394854000,71000,16636276736
1790307979.7864568,23417061376,100,387139000,69000,16636276736
1790307980.7874534,23417061376,100,383297000,69000,16636276736
1790307981.7883573,23417061376,100,384750000,69000,16636276736
1790307982.7888522,23417061376,100,375241000,69000,16636276736
1790307983.7896466,23417061376,100,379802000,71000,16636276736
1790307984.7921326,23417061376,100,397478000,70000,16636276736
1790307985.7928352,23417061376,100,395576000,66000,16636276736
1790307986.7937768,23417061376,24,266356000,70000,16636276736
1790307987.7947202,23417061376,89,299878000,63000,16636276736
1790307988.7954419,23417061376,100,340254000,70000,16636276736
1790307989.7961242,23417061376,100,393448000,70000,16636928000
1790307990.797668,23417061376,42,347508000,69000,16637673472
1790307991.798995,23417061376,100,379372000,69000,16637673472
1790307992.8001845,23417061376,76,357994000,71000,16637673472
1790307993.8008258,23417061376,32,339946000,70000,16637673472
1790307994.8017938,23417061376,100,386878000,70000,16637673472
1790307995.8028939,23417061376,100,378753000,70000,16637673472
1790307996.8036282,23417061376,100,382330000,71000,16637673472
1790307997.8043706,23417061376,100,380642000,71000,16637673472
1790307998.8052096,23417061376,100,380756000,71000,16637673472
1790307999.805982,23417061376,100,382420000,65000,16637673472
1790308000.8067944,23417061376,94,327225000,70000,16638152704
1790308001.8078232,23417061376,35,324636000,68000,16638836736
1790308002.8088524,23417061376,100,331319000,70000,16638836736
1790308003.809846,23417061376,86,399504000,70000,16638836736
1790308004.811119,23417061376,91,367760000,65000,16638836736
1790308005.8118193,23417061376,100,351422000,71000,16638836736
1790308006.812505,23417061376,100,325367000,69000,16638836736
1790308007.8131938,23417061376,100,388711000,70000,16638836736
1790308008.814362,23417061376,100,388781000,71000,16638836736
1790308009.8150446,23417061376,100,329358000,68000,16639320064
1790308010.8163466,23417061376,5,316961000,69000,16639963136
1790308011.817062,23417061376,100,386883000,70000,16639963136
1790308012.818045,23417061376,100,391036000,70000,16639963136
1790308014.2064605,23417061376,0,177435000,59000,16639963136
1790308015.2074375,23417061376,89,286573000,70000,16639963136
1790308016.2082882,23417061376,100,330423000,70000,16639967232
1790308017.2101252,23417061376,100,405911000,69000,16639963136
1790308018.2108722,23417061376,100,402433000,71000,16639963136
1790308019.2375236,23417061376,100,401458000,69000,16639971328
1790308020.2385988,23417061376,100,335604000,69000,16640958464
1790308021.2394972,23417061376,100,373926000,69000,16640958464
1790308022.2404222,23417061376,100,353675000,69000,16642121728
1790308023.2411373,23417061376,100,384106000,69000,16642121728
1790308024.2526524,23417061376,100,398462000,70000,16642121728
1790308025.2536554,23417061376,29,382773000,64000,16642121728
1790308026.254457,23417061376,100,332658000,69000,16642121728
1790308027.255556,23417061376,58,380858000,65000,16642121728
1790308028.2562566,23417061376,95,327671000,69000,16642121728
1790308029.257319,23417061376,100,312228000,70000,16642121728
1790308030.258527,23417061376,100,309943000,69000,16643522560
1790308031.2603276,23417061376,87,355261000,68000,16643522560
1790308032.2609973,23417061376,100,390715000,69000,16643522560
1790308033.2682521,23417061376,53,376870000,64000,16643522560
1790308034.268921,23417061376,100,256796000,70000,16643522560
1790308035.2697604,23417061376,100,328096000,68000,16644702208
1790308036.270997,23417061376,33,312008000,68000,16644702208
1790308037.2719414,23417061376,95,382309000,70000,16644702208
1790308038.2730417,23417061376,78,315689000,68000,16644702208
1790308039.2737675,23417061376,100,382822000,69000,16644702208
1790308040.2747397,23417061376,100,379012000,69000,16644702208
1790308041.2756586,23417061376,100,385065000,70000,16644702208
1790308042.276387,23417061376,38,379610000,64000,16644702208
1790308043.276924,23417061376,100,320668000,69000,16644702208
1790308044.2776914,23417061376,100,375306000,68000,16644702208
1790308045.279033,23417061376,100,376577000,71000,16644702208
1790308046.2797503,23417061376,100,340211000,71000,16644702208
1790308047.2812815,23417061376,45,358316000,65000,16644702208
1790308048.2824104,23417061376,92,369154000,70000,16644702208
1790308049.283562,23417061376,100,401118000,71000,16644702208
1790308050.2852302,23417061376,100,398125000,70000,16644702208
1790308051.2859187,23417061376,100,383158000,69000,16644702208
1790308052.286873,23417061376,100,380983000,71000,16644702208
1790308053.287466,23417061376,40,370659000,65000,16644706304
1790308054.2884367,23417061376,100,280964000,70000,16644702208
1790308055.3283355,23417061376,100,393386000,70000,16644702208
1790308056.3291695,23417061376,100,335513000,69000,16644702208
1790308057.3299046,23417061376,100,386366000,69000,16644702208
1790308058.3313465,23417061376,100,380757000,69000,16644702208
1790308059.3324838,23417061376,100,333043000,67000,16644702208
1790308060.3339448,23417061376,100,396004000,71000,16644702208
1790308061.3352005,23417061376,100,401988000,70000,16644702208
1790308062.3358881,23417061376,100,385809000,69000,16644702208
1790308063.3368993,23417061376,78,369074000,68000,16644702208
1790308064.3375273,23417061376,100,326515000,70000,16670294016
1790308065.3384542,23417061376,92,399812000,72000,16644702208
1790308066.339169,23417061376,100,400708000,69000,16644702208
1790308068.0062485,23417061376,50,234537000,60000,16644702208
1790308069.0078838,23417061376,0,195701000,62000,16644702208
1790308070.008765,23417061376,38,260587000,69000,16645660672
1790308071.00946,23417061376,42,341233000,68000,16645660672
1790308072.010729,23417061376,100,379261000,70000,16645660672
1790308073.011525,23417061376,25,327059000,69000,16645660672
1790308074.0123699,23417061376,100,386662000,69000,16645660672
1790308075.0141957,23417061376,100,379547000,70000,16645660672
1790308076.015682,23417061376,47,315854000,70000,16645660672
1790308077.016764,23417061376,60,280295000,66000,16645660672
1790308078.0178244,23417061376,100,362475000,69000,16645660672
1790308079.0185015,23417061376,100,386741000,70000,16645693440
1790308080.0196142,23417061376,100,327986000,68000,16646799360
1790308081.020507,23417061376,100,371747000,70000,16646799360
1790308082.0211532,23417061376,100,325895000,69000,16646799360
1790308083.0217767,23417061376,100,383036000,69000,16646799360
1790308084.0224645,23417061376,100,378042000,69000,16646799360
1790308085.0238645,23417061376,100,384213000,69000,16646799360
1790308086.0245333,23417061376,100,395444000,71000,16646799360
1790308087.025406,23417061376,99,398819000,70000,16646799360
1790308088.0265121,23417061376,100,392148000,71000,16646799360
1790308089.0274441,23417061376,100,379500000,62000,16648007680
1790308090.0285618,23417061376,100,336036000,69000,16648007680
1790308091.0292366,23417061376,100,381164000,70000,16648007680
1790308092.0301514,23417061376,96,384771000,70000,16648007680
1790308093.0308301,23417061376,100,383645000,69000,16648007680
1790308094.0324252,23417061376,72,368648000,71000,16648007680
1790308095.0336099,23417061376,100,403831000,71000,16648007680
1790308096.0343244,23417061376,100,387443000,69000,16648007680
1790308097.0350103,23417061376,100,380807000,71000,16648007680
1790308098.0355678,23417061376,20,320735000,70000,16648007680
1790308099.0367632,23417061376,98,379973000,64000,16648007680
1790308100.0373585,23417061376,100,321933000,69000,16648486912
1790308101.037881,23417061376,52,325566000,68000,16649183232
1790308102.0384343,23417061376,100,325766000,64000,16649183232
1790308103.0389576,23417061376,99,356563000,69000,16650551296
1790308104.0397418,23417061376,100,337175000,69000,16650551296
1790308105.0410793,23417061376,100,371285000,70000,16650551296
1790308106.0421455,23417061376,99,371217000,64000,16650551296
1790308107.0447495,23417061376,100,318731000,70000,16650551296
1790308108.0453928,23417061376,100,392259000,71000,16650551296
1790308109.0463893,23417061376,100,400299000,67000,16650551296
1790308110.0475447,23417061376,100,328343000,70000,16650551296
1790308111.0490603,23417061376,100,400081000,71000,16650551296
1790308112.0499566,23417061376,100,398777000,70000,16650551296
1790308113.0507083,23417061376,29,271362000,68000,16650551296
1790308114.0512676,23417061376,87,379700000,70000,16650551296
1790308115.0520597,23417061376,89,378504000,66000,16650551296
1790308116.0527084,23417061376,100,343369000,70000,16651710464
1790308117.0532084,23417061376,100,353267000,69000,16651710464
1790308118.0537472,23417061376,100,379382000,70000,16651710464
1790308119.054333,23417061376,69,323560000,70000,16651710464
1790308120.0552146,23417061376,100,390332000,69000,16651710464
1790308121.0557313,23417061376,100,387605000,69000,16651710464
1790308122.0564048,23417061376,100,378879000,70000,16651710464
1790308123.0628283,23417061376,100,310544000,69000,16651710464
1790308124.0649498,23417061376,30,254101000,63000,16651710464
1790308125.0656707,23417061376,88,293689000,69000,16651710464
1790308126.7053685,23417061376,0,263793000,59000,16651710464
1790308127.7059605,23417061376,100,187990000,68000,16651710464
1790308128.7064807,23417061376,100,387178000,68000,16651710464
1790308129.7080266,23417061376,33,343900000,64000,16651710464
1790308130.708713,23417061376,100,285206000,68000,16651710464
1790308131.709244,23417061376,100,388526000,69000,16651710464
1790308132.709726,23417061376,100,385707000,69000,16651710464
1790308133.7106633,23417061376,18,323436000,62000,16651710464
1790308134.7119155,23417061376,100,362284000,70000,16651710464
1790308135.7124789,23417061376,100,364726000,67000,16651710464
1790308136.7140565,23417061376,100,374495000,69000,16651710464
1790308137.7152305,23417061376,100,384507000,70000,16693653504
1790308138.7157695,23417061376,100,387378000,68000,16651710464
1790308139.716285,23417061376,87,371655000,69000,16651710464
1790308140.716775,23417061376,88,382386000,70000,16651710464
1790308141.7171907,23417061376,100,384835000,69000,16651710464
1790308142.7178757,23417061376,100,382113000,69000,16651710464
1790308143.7183344,23417061376,100,385491000,69000,16651710464
1790308144.7192967,23417061376,100,379014000,70000,16651710464
1790308145.7200217,23417061376,36,310388000,65000,16651710464
1790308146.7206562,23417061376,100,296329000,69000,16651710464
1790308147.721197,23417061376,100,381889000,70000,16651710464
1790308148.7224765,23417061376,100,378285000,70000,16651710464
1790308149.7232616,23417061376,0,333688000,61000,16652644352
1790308150.7241292,23417061376,100,348748000,70000,16652644352
1790308151.7249417,23417061376,30,273380000,63000,16652644352
1790308152.7254033,23417061376,100,365498000,69000,16652644352
1790308153.7262034,23417061376,100,371006000,69000,16652644352
1790308154.72702,23417061376,100,383432000,71000,16652644352
1790308155.7283986,23417061376,100,388667000,69000,16654057472
1790308156.7292995,23417061376,100,326466000,69000,16654020608
1790308157.7303998,23417061376,100,384342000,69000,16654020608
1790308158.73092,23417061376,100,320608000,70000,16654020608
1790308159.731398,23417061376,100,378002000,69000,16654020608
1790308160.7327406,23417061376,100,375195000,70000,16654020608
1790308161.733781,23417061376,100,341035000,70000,16654020608
1790308162.7345839,23417061376,100,389466000,70000,16654020608
1790308163.735332,23417061376,100,323509000,70000,16654020608
1790308164.7362509,23417061376,100,331507000,70000,16654020608
1790308165.7368152,23417061376,100,388048000,69000,16654020608
1790308166.7373304,23417061376,100,378096000,69000,16654020608
1790308167.7377908,23417061376,100,375857000,70000,16654020608
1790308168.7384808,23417061376,100,375312000,69000,16654020608
1790308169.7391596,23417061376,32,316387000,64000,16654020608
1790308170.7399623,23417061376,100,363263000,69000,16654020608
1790308171.7405908,23417061376,100,381829000,70000,16655200256
1790308172.749911,23417061376,100,319658000,69000,16655208448
1790308173.7506034,23417061376,100,324750000,67000,16656420864
1790308174.7512627,23417061376,100,379965000,70000,16656420864
1790308175.7526412,23417061376,100,395741000,71000,16656420864
1790308176.7535887,23417061376,100,334491000,70000,16656420864
1790308177.754308,23417061376,100,343094000,70000,16656420864
1790308178.7550488,23417061376,44,334621000,64000,16656420864
1790308179.7557645,23417061376,31,345287000,66000,16656420864
1790308180.7571056,23417061376,100,317976000,70000,16656420864
1790308181.7577715,23417061376,33,377053000,66000,16656420864
1790308182.758558,23417061376,100,330840000,69000,16656900096
1790308183.7593505,23417061376,100,350300000,69000,16657571840
1790308184.7600827,23417061376,100,378256000,69000,16657571840
1790308185.7608187,23417061376,100,382879000,69000,16657571840
1790308186.7613213,23417061376,100,381096000,69000,16657571840
1790308187.7620232,23417061376,100,376525000,68000,16657571840
1790308188.7629843,23417061376,100,280720000,70000,16657571840
1790308189.7642124,23417061376,100,397671000,71000,16657571840
1790308190.764999,23417061376,100,390490000,70000,16657571840
1790308191.7655294,23417061376,100,375623000,68000,16657571840
1790308192.7663155,23417061376,100,380385000,70000,16657571840
1790308193.7668917,23417061376,100,337554000,70000,16657571840
1790308194.7675867,23417061376,100,379803000,70000,16657571840
1790308195.7696385,23417061376,100,391909000,70000,16657571840
1790308196.770435,23417061376,97,388421000,71000,16657571840
1790308198.4764392,23417061376,0,274403000,60000,16657571840
1790308199.4770205,23417061376,100,289733000,69000,16657571840
1790308200.4779623,23417061376,100,377540000,69000,16657571840
1790308201.4792666,23417061376,91,379292000,71000,16724680704
1790308202.4803357,23417061376,90,382946000,70000,16724680704
1790308203.481057,23417061376,63,370947000,67000,16724680704
1790308204.4819,23417061376,91,316929000,70000,16724680704
1790308205.4828246,23417061376,100,369873000,71000,16724680704
1790308206.4837182,23417061376,31,382192000,68000,16724680704
1790308207.4844513,23417061376,100,247396000,69000,16724680704
1790308208.4854138,23417061376,100,377231000,66000,16724680704
1790308209.4859846,23417061376,100,324646000,69000,16724680704
1790308210.4874585,23417061376,100,380560000,70000,16724680704
1790308211.4880805,23417061376,100,382100000,69000,16724680704
1790308212.4887567,23417061376,100,376325000,69000,16724680704
1790308213.48938,23417061376,74,381507000,69000,16724680704
1790308214.4899545,23417061376,100,384155000,71000,16724680704
1790308215.4904573,23417061376,100,382019000,70000,16724680704
1790308216.4925513,23417061376,100,375474000,70000,16724680704
1790308217.4932992,23417061376,71,364708000,71000,16724680704
1790308218.4941864,23417061376,100,394296000,71000,16724680704
1790308219.4951212,23417061376,100,397920000,72000,16724680704
1790308220.4957259,23417061376,100,280121000,70000,16724680704
1790308221.4967337,23417061376,72,350952000,68000,16724680704
1790308222.497899,23417061376,23,286502000,63000,16724680704
1790308223.498862,23417061376,100,322801000,69000,16724680704
1790308224.4997852,23417061376,100,390581000,70000,16724680704
1790308225.501239,23417061376,100,393185000,71000,16724680704
1790308226.5020556,23417061376,100,400721000,69000,16724713472
1790308227.5036383,23417061376,100,328803000,68000,16725573632
1790308228.5043857,23417061376,30,346426000,64000,16725573632
1790308229.5052028,23417061376,100,343455000,71000,16725573632
1790308230.506317,23417061376,100,395349000,71000,16725573632
1790308231.5086672,23417061376,86,316135000,65000,16725573632
1790308232.5096738,23417061376,100,261940000,70000,16725573632
1790308233.5101807,23417061376,100,394621000,69000,16725573632
1790308234.5107963,23417061376,100,380390000,69000,16725573632
1790308235.5119243,23417061376,100,385645000,71000,16725573632
1790308236.512912,23417061376,54,339672000,70000,16725577728
1790308237.5136857,23417061376,100,388317000,68000,16725573632
1790308238.5142643,23417061376,100,385870000,69000,16725573632
1790308239.5149028,23417061376,98,373380000,70000,16725573632
1790308240.5163732,23417061376,100,400955000,71000,16725573632
1790308241.5172238,23417061376,100,319865000,70000,16725700608
1790308242.5187624,23417061376,28,371444000,64000,16725700608
1790308243.519445,23417061376,100,336197000,70000,16725700608
1790308244.5202134,23417061376,75,323836000,70000,16725700608
1790308245.52123,23417061376,19,375577000,63000,16725700608
1790308246.5219188,23417061376,100,321894000,70000,16725700608
1790308247.522704,23417061376,100,380028000,69000,16725700608
1790308248.5234485,23417061376,100,378408000,70000,16725700608
1790308249.5241752,23417061376,89,386131000,71000,16725700608
1790308250.5251944,23417061376,100,337317000,71000,16725700608
1790308251.5264719,23417061376,100,400595000,70000,16725700608
1790308252.8345292,23417061376,0,187245000,59000,16725700608
1790308253.8355932,23417061376,0,227279000,68000,16726937600
1790308254.8365793,23417061376,77,368900000,70000,16726937600
1790308255.8371444,23417061376,100,377927000,69000,16726937600
1790308256.8378074,23417061376,100,378854000,70000,16726937600
1790308257.8383129,23417061376,100,383007000,69000,16726937600
1790308258.8394122,23417061376,100,377776000,70000,16726937600
1790308259.8400836,23417061376,100,390134000,70000,16726937600
1790308260.8408065,23417061376,33,333595000,70000,16726937600
1790308261.8417182,23417061376,56,324772000,70000,16726937600
1790308262.8426814,23417061376,91,285996000,64000,16726937600
1790308263.843633,23417061376,100,343924000,71000,16726937600
1790308264.844801,23417061376,100,355399000,64000,16726937600
1790308265.8458104,23417061376,37,282090000,70000,16726937600
1790308266.8463578,23417061376,100,402475000,70000,16726937600
1790308267.84742,23417061376,96,395384000,69000,16726937600
1790308268.848237,23417061376,30,324804000,70000,16726937600
1790308269.8488243,23417061376,93,345444000,70000,16728178688
1790308270.849666,23417061376,100,375274000,70000,16728178688
1790308271.850839,23417061376,100,328633000,70000,16728178688
1790308272.8514776,23417061376,100,391082000,69000,16728178688
1790308273.852771,23417061376,100,385621000,70000,16728178688
1790308274.8536296,23417061376,100,393015000,70000,16728178688
1790308275.854619,23417061376,89,394896000,71000,16728178688
1790308276.8552208,23417061376,100,400128000,71000,16728178688
1790308277.856071,23417061376,100,340980000,65000,16728178688
1790308278.8571577,23417061376,100,357523000,69000,16728178688
1790308279.8723378,23417061376,100,348113000,63000,16728182784
1790308280.872978,23417061376,100,336244000,70000,16728182784
1790308281.8738372,23417061376,21,323143000,70000,16728182784
1790308282.8749535,23417061376,100,398771000,71000,16728182784
1790308283.8755567,23417061376,100,389014000,69000,16728182784
1790308284.8760552,23417061376,100,376397000,69000,16728182784
1790308285.877057,23417061376,100,382490000,70000,16728182784
1790308286.8775668,23417061376,100,396795000,71000,16728182784
1790308287.8780274,23417061376,100,385810000,70000,16728182784
1790308288.8789685,23417061376,100,385586000,71000,16728182784
1790308289.879845,23417061376,96,403013000,71000,16728182784
1790308290.8804688,23417061376,100,392211000,70000,16728182784
1790308291.880966,23417061376,100,380100000,70000,16728182784
1790308292.881657,23417061376,100,374636000,71000,16728182784
1790308293.8821673,23417061376,100,391554000,71000,16728182784
1790308294.8828592,23417061376,94,392764000,72000,16728182784
1790308295.8841355,23417061376,87,397305000,71000,16728182784
1790308296.8854418,23417061376,100,396370000,71000,16728182784
1790308297.8862998,23417061376,21,300699000,71000,16728182784
1790308298.8867865,23417061376,100,385592000,69000,16728182784
1790308299.8878386,23417061376,100,379131000,70000,16728182784
1790308300.8887715,23417061376,38,291489000,70000,16728182784
1790308301.9163132,23417061376,100,401303000,70000,16728182784
1790308302.9173093,23417061376,100,333519000,68000,16728182784
1790308303.9182522,23417061376,100,374840000,65000,16729313280
1790308304.919195,23417061376,100,322333000,69000,16729276416
1790308305.9207883,23417061376,30,321512000,71000,16729276416
1790308306.9215877,23417061376,100,329280000,70000,16729276416
1790308307.9224339,23417061376,100,396043000,70000,16729276416
1790308308.9230704,23417061376,100,384109000,70000,16729276416
1790308309.923779,23417061376,95,382668000,70000,16729305088
1790308310.9253538,23417061376,0,307217000,70000,16730529792
1790308311.9260728,23417061376,97,385543000,69000,16730529792
1790308312.9277518,23417061376,100,371612000,69000,16730529792
1790308314.235988,23417061376,46,221475000,60000,16730529792
1790308315.2366958,23417061376,0,201041000,69000,16731656192
1790308316.2374706,23417061376,100,322669000,68000,16731656192
1790308317.2383616,23417061376,100,391915000,70000,16732827648
1790308318.2391186,23417061376,50,351608000,70000,16732827648
1790308319.2398672,23417061376,100,380825000,70000,16732827648
1790308320.240763,23417061376,100,392189000,70000,16732827648
1790308321.3654199,23417061376,30,332848000,70000,16732827648
1790308322.3663576,23417061376,100,333756000,70000,16732827648
1790308323.367325,23417061376,100,395366000,70000,16732827648
1790308324.3682063,23417061376,100,385965000,70000,16732827648
1790308325.3689375,23417061376,100,382770000,70000,16732827648
1790308326.369706,23417061376,100,404671000,69000,16732827648
1790308327.3707757,23417061376,46,363531000,66000,16732827648
1790308328.3720686,23417061376,100,346010000,70000,16732827648
1790308329.3730085,23417061376,100,335299000,69000,16733995008
1790308330.452787,23417061376,100,380837000,69000,16733995008
1790308331.4546077,23417061376,85,391458000,70000,16733995008
1790308332.455417,23417061376,56,316533000,69000,16733995008
1790308333.456252,23417061376,28,376191000,64000,16733995008
1790308334.4570715,23417061376,100,316607000,69000,16733995008
1790308335.4576597,23417061376,100,378913000,69000,16733995008
1790308336.4584997,23417061376,100,382924000,71000,16733995008
1790308337.459828,23417061376,97,347664000,70000,16733995008
1790308338.460494,23417061376,100,388526000,70000,16733995008
1790308339.461478,23417061376,100,383020000,69000,16733995008
1790308340.4632773,23417061376,32,323132000,67000,16733995008
1790308341.4645488,23417061376,99,286756000,69000,16735170560
1790308342.4651678,23417061376,100,386284000,70000,16735170560
1790308343.465895,23417061376,90,394545000,70000,16735170560
1790308344.466642,23417061376,100,318958000,70000,16735170560
1790308345.4673896,23417061376,100,386223000,70000,16735170560
1790308346.4683955,23417061376,100,352383000,70000,16736497664
1790308347.4692395,23417061376,100,382320000,70000,16736497664
1790308348.4702199,23417061376,63,351651000,70000,16736497664
1790308349.4709842,23417061376,88,344471000,71000,16736497664
1790308350.47207,23417061376,90,375728000,71000,16736497664
1790308351.4728565,23417061376,100,405389000,71000,16736497664
1790308352.473625,23417061376,32,346993000,64000,16736497664
1790308353.4743094,23417061376,100,370879000,71000,16736497664
1790308354.4750383,23417061376,88,400732000,71000,16736497664
1790308355.475928,23417061376,100,394024000,71000,16736497664
1790308356.4769316,23417061376,91,391604000,67000,16736497664
1790308357.4777238,23417061376,30,294749000,64000,16736497664
1790308358.478626,23417061376,100,348533000,70000,16736497664
1790308359.4794295,23417061376,100,382441000,70000,16736497664
1790308360.4809103,23417061376,100,319121000,69000,16736497664
1790308361.4818573,23417061376,100,389147000,71000,16736497664
1790308362.482769,23417061376,43,348965000,65000,16736497664
1790308363.483623,23417061376,100,363458000,70000,16736497664
1790308364.484238,23417061376,100,382823000,69000,16736497664
1790308365.4849272,23417061376,89,375726000,69000,16736497664
1790308366.4855015,23417061376,100,364372000,70000,16736497664
1790308367.4863634,23417061376,100,383835000,69000,16736497664
1790308368.4871876,23417061376,86,382769000,71000,16736497664
1790308369.4882388,23417061376,100,405264000,71000,16736497664
1790308370.4893286,23417061376,22,364194000,64000,16736497664
1790308371.8398724,23417061376,0,184376000,60000,16736497664
1790308372.840758,23417061376,100,235113000,65000,16737423360
1790308373.841622,23417061376,100,344477000,70000,16737423360
1790308374.8422585,23417061376,100,378782000,70000,16738439168
1790308375.8428695,23417061376,100,349016000,69000,16738865152
1790308376.8435564,23417061376,100,381520000,70000,16738865152
1790308377.8442364,23417061376,100,402669000,71000,16738865152
1790308378.8449402,23417061376,92,403843000,68000,16738865152
1790308379.8455122,23417061376,100,347314000,70000,16738865152
1790308380.8461027,23417061376,100,382290000,70000,16738865152
1790308381.84678,23417061376,100,387236000,71000,16738865152
1790308382.8475285,23417061376,100,396862000,71000,16738865152
1790308383.8480778,23417061376,100,393160000,70000,16738865152
1790308384.8488472,23417061376,100,385623000,71000,16738865152
1790308385.8494337,23417061376,100,331616000,71000,16738865152
1790308386.849993,23417061376,100,390101000,71000,16738865152
1790308387.8505387,23417061376,100,335319000,71000,16738865152
1790308388.8511708,23417061376,100,403536000,71000,16738865152
1790308389.851813,23417061376,100,405748000,70000,16738865152
1790308390.853135,23417061376,29,376465000,64000,16738865152
1790308391.8538811,23417061376,100,311829000,71000,16738865152
1790308392.8545496,23417061376,100,400881000,71000,16738865152
1790308393.8552701,23417061376,100,321085000,71000,16779980800
1790308394.856114,23417061376,100,341965000,71000,16738865152
1790308395.8570023,23417061376,100,368116000,68000,16738865152
1790308396.8578117,23417061376,100,395827000,71000,16738865152
1790308397.8584802,23417061376,100,407015000,71000,16738865152
1790308398.8590727,23417061376,100,389701000,71000,16738865152
1790308399.8596761,23417061376,100,385179000,70000,16738865152
1790308400.8602834,23417061376,100,390024000,69000,16738865152
1790308401.8608453,23417061376,100,380440000,70000,16738865152
1790308402.8615997,23417061376,100,387246000,71000,16738865152
1790308403.8621955,23417061376,100,401540000,71000,16738865152
1790308404.8631442,23417061376,100,391084000,70000,16738865152
1790308405.8644903,23417061376,100,342505000,70000,16738865152
1790308406.8650434,23417061376,100,388137000,70000,16738865152
1790308407.8656414,23417061376,29,275214000,64000,16738865152
1790308408.8662953,23417061376,89,368174000,67000,16738865152
1790308409.8668334,23417061376,8,276159000,66000,16740065280
1790308410.8674355,23417061376,97,377230000,71000,16740065280
1790308411.8679218,23417061376,100,386952000,69000,16740065280
1790308412.8684926,23417061376,100,380869000,70000,16740065280
1790308413.8692193,23417061376,95,382672000,70000,16740560896
1790308414.870075,23417061376,100,358854000,71000,16741191680
1790308415.874876,23417061376,100,379957000,69000,16741191680
1790308416.8758614,23417061376,88,390562000,71000,16741191680
1790308417.8764236,23417061376,100,387352000,70000,16741191680
1790308418.876921,23417061376,100,365467000,69000,16741191680
1790308419.877462,23417061376,100,362910000,70000,16741191680
1790308420.8779397,23417061376,100,388286000,71000,16741191680
1790308421.8784156,23417061376,100,382511000,70000,16741191680
1790308422.8790321,23417061376,100,391681000,71000,16741191680
1790308423.8798642,23417061376,100,392631000,71000,16741834752
1790308424.8804812,23417061376,100,349789000,70000,16742514688
1790308425.8810759,23417061376,100,378841000,70000,16742514688
1790308426.881744,23417061376,98,395260000,72000,16742514688
1790308427.8826227,23417061376,71,395130000,71000,16742514688
1790308428.8835845,23417061376,81,266334000,68000,16742514688
1790308429.8842552,23417061376,100,347957000,71000,16742514688
1790308430.885109,23417061376,100,404653000,71000,16742514688
1790308431.8859384,23417061376,100,325546000,71000,16742514688
1790308432.8866534,23417061376,77,371659000,68000,16742514688
1790308433.8872466,23417061376,100,317614000,70000,16743628800
1790308434.8877568,23417061376,100,341952000,69000,16743673856
1790308435.8888686,23417061376,22,350130000,64000,16743673856
1790308436.918247,23417061376,0,189088000,60000,16743673856
1790308437.9188673,23417061376,100,233701000,69000,16743677952
1790308438.9196184,23417061376,35,366119000,64000,16743673856
1790308439.9202883,23417061376,100,284545000,70000,16743673856
1790308440.9208062,23417061376,100,381004000,68000,16743673856
1790308441.921743,23417061376,100,383925000,70000,16743673856
1790308442.9234793,23417061376,73,329170000,62000,16744448000
1790308443.9242072,23417061376,87,297070000,70000,16744452096
1790308444.9247546,23417061376,100,388378000,70000,16744448000
1790308445.9255219,23417061376,100,381402000,69000,16744448000
1790308446.9263768,23417061376,100,328588000,69000,16744448000
1790308447.9269311,23417061376,100,398478000,71000,16744448000
1790308448.927581,23417061376,100,404249000,70000,16744448000
1790308449.9282632,23417061376,89,398569000,71000,16782196736
1790308450.9294937,23417061376,26,264917000,63000,16744448000
1790308451.9304373,23417061376,100,315130000,70000,16744448000
1790308452.9311385,23417061376,100,393829000,71000,16744448000
1790308453.9319215,23417061376,100,394482000,69000,16744448000
1790308454.9327834,23417061376,32,359584000,65000,16744448000
1790308455.9337509,23417061376,100,346074000,70000,16744448000
1790308456.9343626,23417061376,100,384490000,69000,16744448000
1790308457.9350076,23417061376,90,385023000,71000,16744448000
1790308458.9356058,23417061376,20,355001000,63000,16744448000
1790308459.9362273,23417061376,100,343167000,70000,16744448000
1790308460.9367056,23417061376,100,383675000,70000,16744448000
1790308461.9372594,23417061376,96,378598000,69000,16744448000
1790308462.9384294,23417061376,100,331888000,70000,16744448000
1790308463.9390092,23417061376,100,378407000,71000,16744448000
1790308464.939593,23417061376,100,384708000,70000,16744448000
1790308465.9400725,23417061376,100,364860000,69000,16744448000
1790308466.9407995,23417061376,88,357426000,69000,16744448000
1790308467.941667,23417061376,69,389574000,71000,16744448000
1790308468.9423132,23417061376,100,282272000,71000,16744448000
1790308469.942851,23417061376,100,387112000,69000,16744448000
1790308470.9435236,23417061376,100,381121000,70000,16744448000
1790308471.9443486,23417061376,90,391659000,71000,16744448000
1790308472.944994,23417061376,100,401101000,71000,16744448000
1790308473.96738,23417061376,62,367865000,68000,16744460288
1790308474.968011,23417061376,100,332023000,67000,16745586688
1790308475.9685733,23417061376,100,390627000,70000,16745586688
1790308476.9695642,23417061376,89,389927000,70000,16745639936
1790308477.9701943,23417061376,100,400815000,72000,16745586688
1790308478.9707148,23417061376,100,405719000,71000,16745586688
1790308479.971457,23417061376,100,391309000,70000,16745586688
1790308480.9720848,23417061376,100,387087000,71000,16745586688
1790308481.9729903,23417061376,100,397400000,71000,16745586688
1790308482.9737203,23417061376,100,391954000,71000,16745615360
1790308483.9745867,23417061376,100,352905000,71000,16745590784
1790308484.9754229,23417061376,100,397070000,71000,16745590784
1790308485.976163,23417061376,38,387983000,70000,16747671552
1790308486.9768386,23417061376,24,269395000,65000,16747671552
1790308487.977463,23417061376,100,344807000,71000,16747671552
1790308488.9780598,23417061376,100,387507000,70000,16747671552
1790308489.9788682,23417061376,88,393889000,71000,16747671552
1790308490.9795067,23417061376,100,348432000,65000,16747671552
1790308491.980084,23417061376,26,241154000,69000,16747704320
1790308492.9807715,23417061376,100,322273000,69000,16749027328
1790308493.9816146,23417061376,100,379255000,70000,16749027328
1790308494.9827151,23417061376,86,370623000,66000,16749027328
1790308495.983523,23417061376,100,342367000,70000,16749027328
1790308497.4372709,23417061376,100,272770000,60000,16749027328
1790308498.438568,23417061376,3,168225000,69000,16749027328
1790308499.440028,23417061376,100,391534000,70000,16749027328
1790308500.440894,23417061376,98,395790000,71000,16749027328
1790308501.4418736,23417061376,100,385475000,69000,16749027328
1790308502.4426754,23417061376,100,376524000,68000,16749027328
1790308503.4434245,23417061376,57,324273000,70000,16749027328
1790308504.4444275,23417061376,100,389593000,70000,16749027328
1790308505.4452658,23417061376,66,358621000,69000,16749027328
1790308506.4458222,23417061376,100,379279000,70000,16749027328
1790308507.4463866,23417061376,100,399044000,71000,16749027328
1790308508.447478,23417061376,96,379386000,67000,16749027328
1790308509.448686,23417061376,100,343595000,70000,16749027328
1790308510.4549482,23417061376,91,362003000,64000,16749027328
1790308511.461385,23417061376,65,314790000,71000,16749027328
1790308512.462011,23417061376,100,382105000,69000,16749027328
1790308513.46297,23417061376,48,326372000,70000,16749027328
1790308514.463743,23417061376,100,402046000,71000,16749027328
1790308515.4644084,23417061376,100,400700000,70000,16749027328
1790308516.4651554,23417061376,87,393645000,71000,16749027328
1790308517.4660807,23417061376,100,386551000,69000,16749027328
1790308518.4666655,23417061376,100,384161000,70000,16749027328
1790308519.467503,23417061376,100,403693000,72000,16749027328
1790308520.468242,23417061376,100,398134000,71000,16749027328
1790308521.4688005,23417061376,92,403219000,71000,16749027328
1790308522.4695811,23417061376,100,397580000,70000,16749027328
1790308523.4703288,23417061376,100,376296000,70000,16749027328
1790308524.4712389,23417061376,100,379226000,69000,16749027328
1790308525.4725418,23417061376,34,200627000,68000,16749027328
1790308526.4734294,23417061376,25,313443000,71000,16749027328
1790308527.474539,23417061376,100,340033000,70000,16749027328
1790308528.4757707,23417061376,50,359604000,71000,16749027328
1790308529.4765294,23417061376,36,335840000,70000,16749027328
1790308530.4774277,23417061376,100,393429000,70000,16749027328
1790308531.477939,23417061376,100,379563000,70000,16749027328
1790308532.478524,23417061376,100,385930000,70000,16749027328
1790308533.4790437,23417061376,100,384109000,70000,16749027328
1790308534.479739,23417061376,98,394223000,70000,16749027328
1790308535.4803467,23417061376,100,399498000,71000,16749027328
1790308536.4812706,23417061376,58,388110000,68000,16749027328
1790308537.4821038,23417061376,100,367000000,70000,16749027328
1790308538.4827104,23417061376,100,381023000,70000,16749051904
1790308539.4831965,23417061376,100,373292000,70000,16749051904
1790308540.4843776,23417061376,100,384007000,71000,16749051904
1790308541.4850783,23417061376,100,387451000,70000,16749051904
1790308542.4856944,23417061376,100,382626000,69000,16749051904
1790308543.4864979,23417061376,21,317233000,67000,16749051904
1790308544.4872546,23417061376,100,370150000,70000,16749051904
1790308545.4879634,23417061376,100,381207000,69000,16749051904
1790308546.4886436,23417061376,100,387686000,71000,16749051904
1790308547.489502,23417061376,100,398287000,71000,16749051904
1790308548.4903953,23417061376,91,390143000,72000,16749051904
1790308549.4913456,23417061376,90,398735000,71000,16749051904
1790308550.4920697,23417061376,89,397387000,71000,16749051904
1790308551.4931526,23417061376,97,401258000,71000,16749051904
1790308552.493781,23417061376,83,395150000,70000,16749051904
1790308553.4944732,23417061376,23,153798000,68000,16749051904
1790308554.4953382,23417061376,88,369256000,71000,16749051904
1790308555.495959,23417061376,100,394036000,69000,16749051904
1790308556.4966385,23417061376,100,385925000,70000,16749056000
1790308557.4972486,23417061376,100,380315000,70000,16749056000
1790308558.4977226,23417061376,100,377926000,70000,16749056000
1790308559.4986916,23417061376,26,341206000,64000,16749056000
1790308560.4996667,23417061376,100,216678000,70000,16749056000
1790308561.5015056,23417061376,100,397334000,70000,16788901888
1790308562.5022736,23417061376,100,350740000,71000,16749056000
1790308563.5028563,23417061376,100,406166000,71000,16749056000
1790308564.5041177,23417061376,100,385654000,70000,16749056000
1790308565.505116,23417061376,94,311240000,71000,16749056000
1790308566.5059044,23417061376,40,315281000,65000,16749056000
1790308567.5067468,23417061376,100,329712000,70000,16749056000
1790308568.50754,23417061376,100,404298000,71000,16749056000
1790308569.508257,23417061376,95,393276000,70000,16749056000
1790308570.5090246,23417061376,100,396422000,70000,16749056000
1790308571.5096762,23417061376,100,397612000,71000,16749056000
1790308572.510391,23417061376,100,387113000,71000,16749056000
1790308573.510948,23417061376,100,387035000,70000,16749056000
1790308574.5114799,23417061376,100,382622000,70000,16749056000
1790308575.512103,23417061376,100,386888000,70000,16749056000
1790308576.512616,23417061376,100,384392000,70000,16749056000
1790308577.513278,23417061376,100,392131000,70000,16749056000
1790308578.5138054,23417061376,100,388207000,70000,16749056000
1790308579.5143633,23417061376,40,371453000,66000,16749056000
1790308580.514977,23417061376,100,344012000,70000,16749056000
1790308581.5155528,23417061376,100,381292000,70000,16749056000
1790308582.5161405,23417061376,88,389412000,71000,16749056000
1790308583.5167582,23417061376,100,397375000,72000,16749056000
1790308584.5175338,23417061376,100,397097000,71000,16749490176
1790308585.5181513,23417061376,100,342349000,71000,16750485504
1790308586.5194929,23417061376,100,387126000,71000,16750485504
1790308587.5204184,23417061376,96,383854000,69000,16750485504
1790308588.521398,23417061376,100,336554000,71000,16750485504
1790308589.5221055,23417061376,48,372280000,66000,16750485504
1790308590.5226943,23417061376,100,300429000,70000,16751718400
1790308591.5237505,23417061376,100,319268000,70000,16751718400
1790308592.524745,23417061376,48,348710000,68000,16751718400
1790308593.5253825,23417061376,100,373836000,70000,16751718400
1790308594.5258956,23417061376,100,382095000,69000,16751718400
1790308595.5266924,23417061376,94,314087000,71000,16751718400
1790308596.527674,23417061376,100,408070000,71000,16751718400
1790308597.528273,23417061376,98,401611000,71000,16751718400
1790308598.5289295,23417061376,90,348658000,71000,16751718400
1790308599.5295267,23417061376,100,373778000,71000,16751718400
1790308600.5301397,23417061376,100,379107000,69000,16751718400
1790308601.5308552,23417061376,100,384402000,72000,16751718400
1790308602.5316157,23417061376,100,391191000,70000,16751718400
1790308603.5327551,23417061376,100,403960000,72000,16751718400
1790308604.533628,23417061376,97,334107000,71000,16751718400
1790308605.5342948,23417061376,100,401821000,72000,16751718400
1790308606.5350573,23417061376,100,403356000,71000,16751718400
1790308607.53608,23417061376,90,399909000,72000,16751718400
1790308608.5368295,23417061376,100,335924000,70000,16751718400
1790308609.537675,23417061376,31,386374000,66000,16751718400
1790308610.5385654,23417061376,100,345737000,71000,16751718400
1790308611.5715013,23417061376,0,188457000,60000,16751718400
1790308612.5722878,23417061376,31,250030000,64000,16751718400
1790308613.5728264,23417061376,100,336848000,69000,16751718400
1790308614.573441,23417061376,98,388861000,70000,16751718400
1790308615.5740259,23417061376,100,387144000,69000,16751718400
1790308616.574683,23417061376,100,390087000,71000,16751718400
1790308617.5752566,23417061376,100,403585000,71000,16751718400
1790308618.5758545,23417061376,100,390028000,70000,16751718400
1790308619.5764902,23417061376,100,378157000,70000,16751718400
1790308620.5770795,23417061376,89,372629000,70000,16751718400
1790308621.5776987,23417061376,100,378947000,69000,16751718400
1790308622.5785997,23417061376,100,387159000,71000,16751718400
1790308623.5792732,23417061376,100,335426000,69000,16751718400
1790308624.5798452,23417061376,100,382967000,69000,16751718400
1790308625.5808675,23417061376,39,366055000,67000,16751718400
1790308626.5815096,23417061376,100,335665000,70000,16751718400
1790308627.5820472,23417061376,100,389708000,71000,16751718400
1790308628.58276,23417061376,88,381971000,70000,16751718400
1790308629.5835457,23417061376,29,347570000,65000,16751718400
1790308630.584196,23417061376,100,347210000,69000,16751718400
1790308631.585085,23417061376,91,390236000,72000,16751718400
1790308632.5857677,23417061376,100,403578000,69000,16758009856
1790308633.5863163,23417061376,100,385124000,70000,16751718400
1790308634.5871558,23417061376,26,339038000,64000,16751718400
1790308635.587863,23417061376,100,356879000,71000,16751718400
1790308636.5887334,23417061376,100,396745000,72000,16751718400
1790308637.5895472,23417061376,92,354850000,72000,16751718400
1790308638.5902433,23417061376,88,398014000,72000,16751718400
1790308639.5909705,23417061376,100,400447000,71000,16751718400
1790308640.591542,23417061376,100,282952000,71000,16751718400
1790308641.592178,23417061376,100,388026000,70000,16751718400
1790308642.5929668,23417061376,100,384183000,69000,16751718400
1790308643.5934815,23417061376,100,391590000,71000,16751718400
1790308644.5940068,23417061376,100,386625000,69000,16751718400
1790308645.5944848,23417061376,100,380400000,71000,16751718400
1790308646.5951557,23417061376,100,337890000,71000,16751718400
1790308647.5960782,23417061376,100,406044000,72000,16751718400
1790308648.5973637,23417061376,35,362682000,65000,16751718400
1790308649.5983508,23417061376,100,307050000,69000,16751718400
1790308650.5993166,23417061376,100,403999000,71000,16751718400
1790308651.5998352,23419158528,100,353319000,70000,16752922624
1790308652.6005576,23419158528,100,389441000,70000,16752922624
1790308653.60105,23419158528,100,383743000,70000,16752922624
1790308654.601601,23419158528,100,379955000,70000,16752922624
1790308655.6025338,23419158528,91,326636000,70000,16752922624
1790308656.6030853,23419158528,100,393440000,69000,16752922624
1790308657.6039088,23419158528,100,388340000,71000,16752922624
1790308658.604702,23419158528,79,396006000,71000,16752922624
1790308659.605369,23419158528,100,335571000,71000,16752922624
1790308660.6059768,23419158528,100,344393000,69000,16754032640
1790308661.6069767,23419158528,100,379001000,70000,16754032640
1790308662.607869,23419158528,100,275970000,70000,16754032640
1790308663.6084692,23419158528,100,394599000,70000,16754032640
1790308664.609026,23419158528,100,394222000,70000,16754032640
1790308665.6095455,23419158528,100,389553000,69000,16754032640
1790308666.610058,23419158528,100,382148000,70000,16754032640
1790308667.6107607,23419158528,30,347243000,65000,16754032640
1790308668.6118913,23419158528,90,296381000,69000,16754032640
1790308669.6125746,23419158528,28,319164000,64000,16754032640
1790308670.613237,23419158528,92,343658000,71000,16754032640
1790308671.6137438,23419158528,100,392860000,69000,16754032640
1790308672.614318,23419158528,100,378020000,70000,16754032640
1790308673.614862,23419158528,100,380688000,71000,16754032640
1790308674.6154344,23419158528,100,388864000,70000,16754032640
1790308675.6159341,23419158528,100,384548000,71000,16754032640
1790308676.616463,23419158528,100,380573000,70000,16754032640
1790308677.6170576,23419158528,100,379973000,71000,16754032640
1790308678.617603,23419158528,100,388201000,69000,16754032640
1790308679.6180854,23419158528,100,380404000,70000,16754032640
1790308680.618659,23419158528,99,389353000,71000,16754032640
1790308682.0134451,23419158528,0,318314000,61000,16754032640
1790308683.014012,23419158528,100,223980000,70000,16754032640
1790308684.0150023,23419158528,100,397685000,71000,16754032640
1790308685.0156908,23419158528,21,325718000,71000,16754032640
1790308686.0166824,23419158528,32,282226000,64000,16754032640
1790308687.017244,23419158528,98,372096000,70000,16754503680
1790308688.0180588,23419158528,100,334873000,70000,16755232768
1790308689.0256453,23419158528,96,392486000,71000,16755232768
1790308690.026443,23419158528,100,353230000,71000,16755232768
1790308691.028135,23419158528,100,332464000,64000,16755232768
1790308692.0302832,23419158528,100,370361000,71000,16755232768
1790308693.0309784,23419158528,100,400144000,70000,16755232768
1790308694.0316193,23419158528,95,395429000,72000,16755232768
1790308695.032228,23419158528,88,399368000,70000,16755265536
1790308696.0328357,23419158528,100,314602000,70000,16756387840
1790308697.0335464,23419158528,100,394485000,70000,16756387840
1790308698.0346103,23419158528,97,395146000,71000,16756387840
1790308699.0353177,23419158528,100,402363000,71000,16756387840
1790308700.036164,23419158528,100,400721000,71000,16756387840
1790308701.0369785,23419158528,95,399084000,72000,16756387840
1790308702.0376348,23419158528,100,335391000,70000,16756387840
1790308703.0382888,23419158528,100,401296000,71000,16756387840
1790308704.0388277,23419158528,100,385990000,69000,16756387840
1790308705.0393822,23419158528,100,379460000,69000,16756387840
1790308706.0404644,23419158528,100,389460000,71000,16756387840
1790308707.0410707,23419158528,72,369569000,70000,16756387840
1790308708.0416996,23419158528,100,365534000,67000,16756387840
1790308709.0422518,23419158528,100,357030000,70000,16756387840
1790308710.0429635,23419158528,89,385598000,71000,16756387840
1790308711.0438285,23419158528,100,390169000,72000,16756387840
1790308712.0444548,23419158528,100,400589000,71000,16756387840
1790308713.0458224,23419158528,56,354770000,71000,16756387840
1790308714.0464118,23419158528,100,379446000,70000,16756387840
1790308715.0468857,23419158528,100,376774000,70000,16756387840
1790308716.0477805,23419158528,100,380715000,72000,16756387840
1790308717.0482547,23419158528,100,393729000,71000,16756387840
1790308718.0489173,23419158528,100,382471000,70000,16756387840
1790308719.0494566,23419158528,29,320548000,69000,16756387840
1790308720.049942,23419158528,100,384557000,70000,16756387840
1790308721.0507429,23419158528,100,380606000,70000,16756387840
1790308722.0513113,23419158528,78,369681000,71000,16756387840
1790308723.0518944,23419158528,95,399336000,72000,16756387840
1790308724.0529954,23419158528,94,334915000,66000,16756387840
1790308725.0538833,23419158528,100,354368000,70000,16756387840
1790308726.0548759,23419158528,100,384798000,72000,16756387840
1790308727.0555327,23419158528,97,391840000,70000,16756387840
1790308728.0562327,23419158528,18,315913000,71000,16756387840
1790308729.0568738,23419158528,100,402175000,72000,16756387840
1790308730.0574162,23419158528,100,402228000,71000,16756387840
1790308731.058769,23419158528,33,324151000,70000,16756387840
1790308732.0594149,23419158528,99,399686000,70000,16756387840
1790308733.059953,23419158528,100,385781000,71000,16756387840
1790308734.0608222,23419158528,100,378321000,71000,16756387840
1790308735.0619783,23419158528,28,274645000,69000,16756387840
1790308736.062491,23419158528,100,372665000,70000,16756387840
1790308737.0630677,23419158528,100,386840000,70000,16756387840
1790308738.0642338,23419158528,100,337206000,66000,16756387840
1790308739.0651808,23419158528,100,373383000,70000,16756387840
1790308740.066483,23419158528,100,357973000,70000,16757542912
1790308741.0673406,23419158528,100,383911000,70000,16757542912
1790308742.2476108,23419158528,14,220063000,60000,16757542912
1790308743.248366,23419158528,34,240537000,69000,16757542912
1790308744.267143,23419158528,91,390805000,70000,16757542912
1790308745.2678704,23419158528,100,381077000,68000,16757542912
1790308746.268665,23419158528,100,382353000,70000,16757542912
1790308747.2694278,23419158528,100,377055000,70000,16757542912
1790308748.2702503,23419158528,100,383683000,70000,16757542912
1790308749.2709706,23419158528,100,397251000,71000,16757542912
1790308750.271581,23419158528,98,404598000,71000,16757542912
1790308751.2720819,23419158528,24,320934000,70000,16757542912
1790308752.2726169,23419158528,100,383847000,69000,16757542912
1790308753.273455,23419158528,100,378527000,69000,16757542912
1790308754.274082,23419158528,56,287983000,69000,16757538816
1790308755.2749765,23419158528,100,310669000,66000,16757538816
1790308756.2765527,23419158528,96,304145000,71000,16757538816
1790308757.2770975,23419158528,100,360258000,65000,16757538816
1790308758.2776752,23419158528,100,323573000,70000,16757538816
1790308759.27857,23419158528,100,379571000,70000,16757538816
1790308760.2792702,23419158528,100,337338000,64000,16757538816
1790308761.2798913,23419158528,100,367120000,70000,16757538816
1790308762.2811103,23419158528,100,400400000,70000,16757538816
1790308763.2816873,23419158528,100,394578000,71000,16757538816
1790308764.2822337,23419158528,100,327866000,70000,16757538816
1790308765.2829473,23419158528,100,390319000,70000,16757538816
1790308766.2835367,23419158528,100,391931000,71000,16757538816
1790308767.28437,23419158528,100,365569000,69000,16757547008
1790308768.2848768,23419158528,85,384328000,71000,16757547008
1790308769.285611,23419158528,100,386465000,70000,16757547008
1790308770.2880044,23419158528,80,326301000,71000,16806805504
1790308771.28865,23419158528,100,342861000,69000,16757547008
1790308772.2899015,23419158528,100,383188000,71000,16757547008
1790308773.290882,23419158528,86,389389000,70000,16757547008
1790308774.2916238,23419158528,100,376121000,67000,16757547008
1790308775.292511,23419158528,77,313177000,71000,16757547008
1790308776.2931085,23419158528,100,390866000,70000,16757547008
1790308777.2937365,23419158528,100,382505000,70000,16757547008
1790308778.2944076,23419158528,84,308809000,69000,16757547008
1790308779.2949572,23419158528,100,386832000,69000,16757547008
1790308780.2961488,23419158528,100,379450000,70000,16757547008
1790308781.3008206,23419158528,100,387179000,70000,16757547008
1790308782.3018162,23419158528,100,388763000,70000,16757547008
1790308783.3028545,23419158528,89,396921000,72000,16757547008
1790308784.3034694,23419158528,87,399182000,70000,16757547008
1790308785.30432,23419158528,100,404092000,72000,16757547008
1790308786.3048503,23419158528,100,395170000,70000,16757547008
1790308787.3056717,23419158528,100,385728000,71000,16757547008
1790308788.3070452,23419158528,100,389079000,65000,16757547008
1790308789.3085434,23419158528,100,322120000,70000,16757547008
1790308790.3091493,23419158528,98,395522000,69000,16757547008
1790308791.309762,23419158528,100,391162000,71000,16757547008
1790308792.3108804,23419158528,100,405118000,72000,16757547008
1790308793.3116078,23419158528,100,394329000,70000,16757547008
1790308794.3121865,23419158528,85,382154000,71000,16757547008
1790308795.3127298,23419158528,100,383329000,70000,16757547008
1790308796.3137536,23419158528,100,383064000,72000,16757547008
1790308797.3144767,23419158528,98,410338000,72000,16757547008
1790308798.3154938,23419158528,81,379698000,71000,16757547008
1790308799.3163316,23419158528,100,383180000,71000,16757547008
1790308800.3169355,23419158528,78,341699000,64000,16757547008
1790308801.3175416,23419158528,100,274401000,70000,16760381440
1790308802.3191268,23419158528,100,380824000,71000,16760381440
1790308803.3201625,23419158528,28,333580000,70000,16760381440
1790308804.3208084,23419158528,100,392939000,72000,16760381440
1790308805.408172,23419158528,57,250302000,60000,16760381440
1790308806.4092832,23419158528,7,179501000,70000,16760381440
1790308807.4100215,23419158528,32,333115000,69000,16760381440
1790308808.4106555,23419158528,100,385971000,69000,16760381440
1790308809.411384,23419158528,100,298322000,63000,16760381440
1790308810.4774404,23419158528,100,334090000,70000,16760381440
1790308811.4780543,23419158528,100,397008000,70000,16760381440
1790308812.4787035,23419158528,100,390472000,71000,16760381440
1790308813.4792187,23419158528,100,388484000,69000,16760381440
1790308814.479892,23419158528,100,379770000,70000,16760381440
1790308815.4809737,23419158528,100,335351000,65000,16760381440
1790308816.481532,23419158528,100,372349000,71000,16760381440
1790308817.483282,23419158528,100,390553000,70000,16760381440
1790308818.4845576,23419158528,91,391993000,72000,16760381440
1790308819.485026,23419158528,100,391748000,70000,16760381440
1790308820.4854565,23419158528,100,378691000,69000,16760381440
1790308821.4861069,23419158528,100,373842000,69000,16760381440
1790308822.4868402,23419158528,100,399584000,67000,16760381440
1790308823.487722,23419158528,90,311616000,65000,16760381440
1790308824.488375,23419158528,100,344955000,70000,16760381440
1790308825.4895706,23419158528,100,392923000,72000,16760381440
1790308826.4902127,23419158528,18,328744000,71000,16760381440
1790308827.7490852,23419158528,0,297831000,60000,16760381440
1790308828.754025,23419158528,0,121935000,59000,16760750080
1790308829.7551382,23421255680,98,193080000,69000,16761876480
1790308830.7558646,23421255680,0,179422000,58000,17055481856
1790308831.7567756,24197201920,100,235248000,69000,16761880576
1790308832.7575245,24197201920,80,382542000,66000,16761880576
1790308833.7582755,24385945600,91,380430000,68000,16761942016
1790308834.7590592,24595660800,100,388000000,70000,16762056704
1790308835.7596035,24595660800,68,388559000,68000,16762056704
1790308836.7603295,24597757952,91,382499000,71000,16762056704
1790308837.7611012,24597757952,100,387385000,70000,16762056704
1790308838.7619205,24597757952,100,393350000,68000,16762056704
1790308839.7630193,24599855104,100,394068000,71000,16762089472
1790308840.7639122,24599855104,100,393658000,70000,16762089472
1790308841.7646625,24599855104,100,394259000,70000,16762208256
1790308842.7655017,24599855104,100,394481000,69000,16762208256
1790308843.7662425,24599855104,100,393356000,69000,16762208256
1790308844.7669659,24599855104,100,394233000,69000,16762208256
1790308845.7676656,24599855104,100,393967000,71000,16762208256
1790308846.76816,24599855104,100,395866000,69000,16762208256
1790308847.7692077,24599855104,100,394696000,69000,16762208256
1790308848.7706885,24599855104,100,394939000,71000,16762339328
1790308849.771615,24599855104,100,392775000,69000,16762339328
1790308850.7723556,24599855104,100,388326000,69000,16762339328
1790308851.773219,24599855104,99,387480000,70000,16762339328
1790308852.7740505,24599855104,100,385594000,69000,16762339328
1790308853.7746904,24599855104,100,381538000,71000,16762339328
1790308854.7762322,24599855104,99,393284000,72000,16762433536
1790308855.7789104,24599855104,100,385071000,71000,16762433536
1790308856.779978,24599855104,87,388073000,68000,16762433536
1790308857.780712,24599855104,100,385233000,70000,16762433536
1790308858.781173,24599855104,100,381321000,70000,16762433536
1790308859.78185,24599855104,99,392968000,71000,16762433536
1790308860.7826424,24599855104,100,384081000,70000,16762433536
1790308861.7832613,24599855104,99,392641000,73000,16762761216
1790308862.7840786,24599855104,100,384657000,71000,16762900480
1790308863.784666,24599855104,99,392017000,70000,16762900480
1790308864.7853897,24599855104,100,384801000,70000,16762961920
1790308865.7861326,24599855104,99,390849000,71000,16762961920
1790308866.787042,24599855104,100,385902000,72000,16763166720
1790308867.7879303,24599855104,100,381146000,70000,16763166720
1790308868.788824,24599855104,99,392835000,72000,16763166720
1790308869.7897835,24599855104,100,385938000,72000,16763224064
1790308870.7905395,24599855104,61,381192000,71000,16763224064
1790308871.7915115,24599855104,100,384842000,70000,16763322368
1790308872.7922564,24599855104,100,392178000,71000,16763322368
1790308873.7932007,24601952256,100,395328000,70000,16763420672
1790308874.7938228,24601952256,100,396183000,73000,16763420672
1790308875.79451,24601952256,100,397199000,71000,16763420672
1790308876.7953272,24601952256,100,399429000,70000,16763420672
1790308877.7960267,24601952256,100,399002000,71000,16763576320
1790308878.7968607,24601952256,100,400328000,70000,16763576320
1790308879.797427,24601952256,100,400051000,73000,16763576320
1790308880.7983205,24601952256,100,401444000,72000,16763576320
1790308881.7989469,24601952256,100,400019000,74000,16763576320
1790308882.7996945,24601952256,100,401629000,73000,16763576320
1790308883.8003178,24601952256,100,400572000,74000,16763576320
1790308884.8011389,24601952256,100,398675000,70000,16763576320
1790308885.8018992,24601952256,100,395900000,73000,16763576320
1790308886.8027964,24601952256,100,396165000,72000,16763576320
1790308887.8039246,24601952256,100,396448000,73000,16763576320
1790308888.8046825,24601952256,100,396519000,71000,16763576320
1790308889.8057752,24601952256,99,406536000,73000,16763576320
1790308890.8064525,24601952256,100,398840000,73000,16763576320
1790308891.8072872,24601952256,100,395414000,73000,16763621376
1790308892.8080413,24601952256,100,397400000,73000,16763621376
1790308893.8086936,24601952256,100,395761000,70000,16763682816
1790308894.8093324,24601952256,100,394392000,70000,16763691008
1790308895.8097372,24601952256,100,394616000,71000,16763699200
1790308896.810335,24601952256,100,394520000,72000,16763699200
1790308897.8111799,24601952256,100,396815000,72000,16763699200
1790308898.8117757,24601952256,100,394383000,71000,16763707392
1790308899.812465,24601952256,100,392344000,71000,16763727872
1790308900.8131692,24601952256,100,394343000,72000,16763756544
1790308901.8136044,24601952256,100,392873000,72000,16763756544
1790308902.813963,24601952256,100,393121000,70000,16763756544
1790308903.8143654,24601952256,100,393376000,72000,16763756544
1790308904.8148572,24601952256,100,395431000,73000,16763772928
1790308905.8154373,24601952256,100,396133000,74000,16763772928
1790308906.8159904,24601952256,100,396215000,72000,16763785216
1790308907.8164933,24601952256,100,396158000,73000,16763805696
1790308908.8169312,24601952256,100,396463000,73000,16763805696
1790308909.8173287,24601952256,100,398348000,72000,16763817984
1790308910.8177142,24601952256,100,397058000,70000,16763817984
1790308911.8191774,24601952256,100,396049000,71000,16763817984
1790308912.8195658,24601952256,100,394721000,74000,16763830272
1790308913.820173,24601952256,100,395368000,73000,16763830272
1790308914.820672,24601952256,100,397745000,72000,16763846656
1790308915.821373,24601952256,100,397718000,71000,16763858944
1790308916.8219047,24601952256,100,395793000,71000,16763879424
1790308917.8224547,24601952256,100,386732000,72000,16763883520
1790308918.8231347,24601952256,100,386872000,74000,16763883520
1790308919.82359,24601952256,100,386993000,74000,16763883520
1790308920.824,24601952256,100,387565000,73000,16763908096
1790308921.8244202,24601952256,100,383294000,72000,16763908096
1790308922.825029,24601952256,100,385960000,69000,16763908096
1790308923.8254228,24601952256,100,391430000,72000,16763932672
1790308924.8259194,24601952256,100,398652000,73000,16763957248
1790308925.8263862,24601952256,100,396963000,73000,16763969536
1790308926.8269243,24601952256,100,394004000,70000,16763985920
1790308927.8274662,24601952256,100,385548000,72000,16763981824
1790308928.8278532,24601952256,100,385491000,70000,16763981824
1790308929.8282924,24601952256,100,389641000,74000,16763981824
1790308930.8289356,24601952256,100,392244000,70000,16763994112
1790308931.8294473,24601952256,100,385905000,71000,16763994112
1790308932.8299375,24601952256,100,395279000,72000,16764006400
1790308933.8307788,24601952256,99,399187000,73000,16764006400
1790308934.8314164,24601952256,100,400361000,71000,16764145664
1790308935.8321257,24601952256,100,399793000,74000,16764301312
1790308936.8325906,24601952256,100,400057000,72000,16764305408
1790308937.832996,24601952256,100,400420000,72000,16764342272
1790308938.8334012,24601952256,100,400405000,72000,16764346368
1790308939.8338335,24601952256,100,400603000,72000,16764346368
1790308940.8343663,24601952256,100,399862000,74000,16764346368
1790308941.8348513,24601952256,100,399636000,72000,16764346368
1790308942.8352938,24601952256,100,400473000,73000,16764346368
1790308943.835756,24601952256,100,401400000,74000,16764346368
1790308944.8362925,24601952256,90,398409000,72000,16764346368
1790308945.836874,24601952256,100,393706000,72000,16764350464
1790308946.8373847,24601952256,99,400814000,72000,16764350464
1790308947.837901,24685838336,100,394010000,72000,16764350464
1790308948.8384967,24685838336,100,390531000,72000,16764350464
1790308949.8390691,24685838336,99,397534000,72000,16764350464
1790308950.8399682,24685838336,100,384869000,71000,16764350464
1790308951.8404026,24685838336,100,391745000,71000,16764350464
1790308952.8407586,24685838336,99,393277000,74000,16764350464
1790308953.8411534,24685838336,100,396976000,71000,16764350464
1790308954.8415496,24685838336,100,397779000,71000,16764350464
1790308955.841919,24685838336,100,397860000,72000,16764350464
1790308956.842387,24685838336,100,394104000,71000,16764370944
1790308957.8431115,24685838336,100,400396000,74000,16764370944
1790308958.8439238,24685838336,100,400728000,71000,16764370944
1790308959.8447957,24685838336,100,401638000,71000,16764370944
1790308960.8455367,24685838336,60,396220000,70000,16764399616
1790308961.8462205,24685838336,100,390066000,71000,16764399616
1790308962.8469675,24685838336,100,398364000,71000,16764399616
1790308963.8475544,24685838336,100,401857000,71000,16764399616
1790308964.8481376,24685838336,100,401109000,73000,16764399616
1790308965.8488128,24685838336,99,403804000,74000,16764407808
1790308966.849468,24685838336,100,384247000,73000,16764407808
1790308967.8501384,24685838336,100,394728000,74000,16764407808
1790308968.8508062,24685838336,100,395169000,73000,16764407808
1790308969.851398,24685838336,100,396375000,73000,16764407808
1790308970.8522015,24685838336,100,396934000,72000,16764407808
1790308971.853053,24685838336,100,397402000,72000,16764407808
1790308972.8537123,24685838336,100,395188000,73000,16764461056
1790308973.8544464,24685838336,99,402301000,74000,16764461056
1790308974.8552923,24685838336,100,396107000,73000,16764461056
1790308975.8559988,24685838336,100,396076000,71000,16764461056
1790308976.8566394,24685838336,99,402157000,74000,16764461056
1790308977.8576229,24685838336,100,396351000,72000,16764461056
1790308978.8585918,24685838336,100,400826000,72000,16764473344
1790308979.859433,24685838336,100,400574000,72000,16764481536
1790308980.8603845,24685838336,100,398791000,72000,16764497920
1790308981.8618956,24685838336,100,404974000,73000,16764497920
1790308982.8625255,24685838336,99,397043000,73000,16764502016
1790308983.8632796,24685838336,100,398681000,73000,16764510208
1790308984.8639803,24685838336,100,398753000,72000,16764514304
1790308985.8647835,24685838336,100,397674000,72000,16764518400
1790308986.8657193,24685838336,99,395947000,74000,16764518400
1790308987.866483,24685838336,100,395865000,73000,16764518400
1790308988.8675933,24685838336,67,394536000,72000,16764518400
1790308989.8683708,24685838336,92,391023000,72000,16764518400
1790308990.869187,24685838336,100,394324000,73000,16764518400
1790308991.8699968,24685838336,100,394237000,72000,16764518400
1790308992.8708158,24685838336,100,402220000,73000,16764522496
1790308993.8723094,24685838336,100,406170000,73000,16764522496
1790308994.8736477,24685838336,100,409153000,73000,16764522496
1790308995.87461,24685838336,0,374698000,64000,16764313600
1790308996.8753045,24685838336,2,171726000,62000,16770199552
1790308997.8759284,24685838336,100,312251000,71000,16770199552
1790308998.8764946,24685838336,100,387808000,71000,16770199552
1790308999.8771274,24685838336,100,398662000,73000,16770199552
1790309000.8786883,24685838336,100,390655000,71000,16770199552
1790309001.8793607,24685838336,100,313149000,72000,16769064960
1790309002.880073,24685838336,60,358316000,69000,16769064960
1790309003.8806329,24685838336,100,378329000,70000,16769064960
1790309004.8813922,24685838336,100,363943000,71000,16769064960
1790309005.8820062,24685838336,34,265452000,65000,16769064960
1790309006.8828967,24685838336,100,382395000,72000,16769064960
1790309007.8836615,24685838336,44,272909000,65000,16769064960
1790309008.8844647,24685838336,90,388442000,69000,16769064960
1790309009.8855472,24685838336,100,400536000,71000,16769064960
1790309010.886666,24685838336,100,253454000,68000,16769064960
1790309011.8871534,24685838336,100,390611000,70000,16769064960
1790309012.887867,24685838336,100,386163000,70000,16769064960
1790309013.8886113,24685838336,100,356812000,72000,16769064960
1790309014.8891845,24685838336,100,409710000,72000,16769064960
1790309015.8900046,24685838336,100,388129000,70000,16769064960
1790309016.8906384,24685838336,100,382685000,70000,16813846528
1790309017.8915331,24685838336,100,389903000,71000,16769064960
1790309018.8921175,24685838336,100,356620000,71000,16769064960
1790309019.8926606,24685838336,100,392846000,71000,16769064960
1790309020.8934555,24685838336,100,388030000,70000,16769064960
1790309021.8944473,24685838336,88,392018000,71000,16769064960
1790309022.8950782,24685838336,100,404871000,72000,16769064960
1790309023.8959284,24685838336,100,400719000,71000,16769064960
1790309024.8965542,24685838336,100,312613000,70000,16772845568
1790309025.897549,24685838336,51,358665000,67000,16725999616
1790309026.8982897,24685838336,92,310121000,70000,16725999616
1790309027.8988197,24685838336,100,384517000,70000,16725999616
1790309029.597477,24685838336,0,126287000,60000,16725999616
1790309030.5980349,24685838336,100,358325000,69000,16725999616
1790309031.598611,24685838336,100,383260000,69000,16725999616
1790309032.5990474,24685838336,100,378625000,70000,16725999616
1790309033.5998707,24685838336,100,327678000,71000,16725999616
1790309034.6004217,24685838336,91,392595000,70000,16727126016
1790309035.6010263,24685838336,100,338875000,70000,16727089152
1790309036.6020427,24685838336,89,322455000,68000,16727089152
1790309037.602666,24685838336,100,397917000,70000,16727089152
1790309038.6033995,24685838336,100,389929000,70000,16727089152
1790309039.6040106,24685838336,100,401170000,71000,16727089152
1790309040.6050594,24685838336,100,401821000,72000,16727089152
1790309041.6062782,24685838336,85,333649000,68000,16727089152
1790309042.607146,24685838336,100,402273000,71000,16727089152
1790309043.607797,24685838336,100,364832000,70000,16727089152
1790309044.6083333,24685838336,100,392707000,70000,16727089152
1790309045.60898,24685838336,97,389374000,70000,16727089152
1790309046.609523,24685838336,100,394058000,71000,16727089152
1790309047.6105788,24685838336,100,403604000,71000,16727089152
1790309048.6111672,24685838336,97,399163000,72000,16727089152
1790309049.6117744,24685838336,100,403337000,71000,16727089152
1790309050.6123707,24685838336,100,389245000,70000,16727089152
1790309051.6132486,24685838336,96,386403000,70000,16727089152
1790309052.614314,24685838336,95,403856000,71000,16727089152
1790309053.6148958,24685838336,100,398706000,70000,16727089152
1790309054.615397,24685838336,100,391777000,70000,16727089152
1790309055.616405,24685838336,57,313578000,67000,16727089152
1790309056.6172247,24685838336,100,355855000,71000,16727089152
1790309057.617772,24685838336,100,392569000,71000,16727089152
1790309058.6182537,24685838336,100,384111000,70000,16727089152
1790309059.6188028,24685838336,100,389094000,72000,16727089152
1790309060.6194851,24685838336,100,407592000,72000,16727089152
1790309061.620038,24685838336,33,283809000,65000,16727089152
1790309062.6207526,24685838336,100,374301000,70000,16727089152
1790309063.6212919,24685838336,100,384777000,70000,16727089152
1790309064.6217825,24685838336,100,386099000,70000,16727089152
1790309065.6222594,24685838336,100,379335000,70000,16727089152
1790309066.6230662,24685838336,33,370938000,67000,16727089152
1790309067.6237283,24685838336,100,338726000,70000,16727089152
1790309068.6251163,24685838336,96,358519000,70000,16727089152
1790309069.6259842,24685838336,91,392961000,71000,16727089152
1790309070.6265814,24685838336,100,397703000,71000,16727089152
1790309071.6272547,24685838336,100,403608000,71000,16727089152
1790309072.627854,24685838336,100,402629000,71000,16727089152
1790309073.6285164,24685838336,100,341224000,71000,16727089152
1790309074.6292112,24685838336,100,406738000,72000,16727089152
1790309075.6303108,24685838336,30,247125000,64000,16727113728
1790309076.631362,24685838336,100,361639000,70000,16727089152
1790309077.6319306,24685838336,100,321383000,68000,16727556096
1790309078.6326718,24685838336,82,373162000,69000,16727560192
1790309079.6332748,24685838336,100,369270000,71000,16727560192
1790309080.6346073,24685838336,97,400900000,71000,16727560192
1790309081.6356819,24685838336,37,280036000,65000,16727560192
1790309082.636447,24685838336,100,367732000,70000,16727560192
1790309083.6369357,24685838336,100,379190000,69000,16727560192
1790309084.6378157,24685838336,100,383944000,72000,16727560192
1790309085.638539,24685838336,100,407131000,71000,16727560192
1790309086.6395667,24687935488,100,394289000,69000,16727560192
1790309087.64005,24687935488,100,386284000,70000,16727560192
1790309088.6407182,24687935488,100,330829000,69000,16727560192
1790309089.6412737,24687935488,100,355383000,69000,16728023040
1790309090.6418889,24687935488,100,384560000,71000,16728023040
1790309091.6431723,24687935488,68,328586000,64000,16728023040
1790309093.0175138,24687935488,0,326361000,61000,16728023040
1790309094.018352,24687935488,94,172328000,65000,16730603520
1790309095.0189278,24687935488,100,385193000,69000,16730603520
1790309096.0195413,24687935488,100,381790000,69000,16730603520
1790309097.0202405,24687935488,100,379968000,69000,16730603520
1790309098.020975,24687935488,100,387340000,69000,16730603520
1790309099.0218694,24687935488,100,323709000,71000,16730603520
1790309100.0226765,24687935488,100,409877000,71000,16730603520
1790309101.0236132,24687935488,41,336259000,64000,16730603520
1790309102.024551,24687935488,30,329321000,64000,16730603520
1790309103.0253434,24687935488,100,353696000,70000,16730603520
1790309104.0261831,24687935488,100,397544000,70000,16730603520
1790309105.02682,24687935488,100,396379000,71000,16730603520
1790309106.0275126,24687935488,100,396749000,70000,16730603520
1790309107.0285974,24687935488,32,347510000,64000,16730603520
1790309108.0292332,24687935488,100,277890000,70000,16730603520
1790309109.029856,24687935488,100,399351000,70000,16730603520
1790309110.0305135,24687935488,100,382996000,69000,16730603520
1790309111.031226,24687935488,100,399697000,71000,16730603520
1790309112.0318878,24687935488,26,366413000,64000,16731119616
1790309113.0326478,24687935488,100,259889000,69000,16731803648
1790309114.0334759,24687935488,100,390445000,71000,16731803648
1790309115.0343592,24687935488,100,407097000,71000,16731803648
1790309116.0350842,24687935488,39,336523000,68000,16731803648
1790309117.0358026,24687935488,100,365565000,70000,16731803648
1790309118.0367148,24687935488,100,332942000,70000,16731803648
1790309119.037351,24687935488,32,331057000,64000,16731803648
1790309120.038231,24687935488,100,322306000,69000,16731803648
1790309121.0388472,24687935488,100,390545000,70000,16731803648
1790309122.039704,24687935488,100,402374000,71000,16731803648
1790309123.0404298,24687935488,100,402272000,71000,16731803648
1790309124.0410838,24687935488,100,380084000,69000,16731803648
1790309125.041575,24687935488,100,268141000,69000,16731803648
1790309126.0421765,24687935488,100,373039000,68000,16731803648
1790309127.043059,24687935488,100,362061000,68000,16731803648
1790309128.0437934,24687935488,96,384874000,71000,16731803648
1790309129.0443745,24687935488,100,334653000,71000,16731803648
1790309130.04497,24687935488,100,394057000,68000,16731803648
1790309131.0454834,24687935488,100,381259000,70000,16731803648
1790309132.0461397,24687935488,30,324048000,68000,16731803648
1790309133.0468178,24687935488,77,343161000,69000,16731803648
1790309134.047666,24687935488,100,384156000,69000,16731803648
1790309135.048235,24687935488,100,385548000,70000,16731803648
1790309136.0489957,24687935488,70,376733000,69000,16731803648
1790309137.0495484,24687935488,99,255757000,70000,16731803648
1790309138.050075,24687935488,87,395362000,70000,16731803648
1790309139.0505784,24687935488,98,394565000,71000,16731803648
1790309140.0512812,24687935488,100,391281000,70000,16731803648
1790309141.0522864,24687935488,100,395932000,70000,16731803648
1790309142.1726162,24687935488,0,104328000,59000,16731803648
1790309143.174783,24687935488,24,209422000,69000,16731803648
1790309144.1757505,24687935488,100,344706000,62000,16731803648
1790309145.1766095,24687935488,90,346215000,61000,16732266496
1790309146.1772819,24687935488,100,278319000,68000,16733097984
1790309147.1783378,24687935488,100,393272000,70000,16733097984
1790309148.1789863,24687935488,96,392700000,69000,16733097984
1790309149.2499077,24687935488,100,382481000,70000,16733097984
1790309150.2506306,24687935488,35,336952000,70000,16733097984
1790309151.2511513,24687935488,29,327983000,69000,16734294016
1790309152.2518456,24687935488,100,319888000,69000,16734257152
1790309153.2525196,24687935488,100,386611000,69000,16734257152
1790309154.2530773,24687935488,100,384598000,68000,16734257152
1790309155.2536132,24687935488,100,379164000,69000,16734257152
1790309156.2547212,24687935488,100,395281000,70000,16734257152
1790309157.255571,24687935488,100,380359000,61000,16735420416
1790309158.25623,24687935488,100,302784000,70000,16735383552
1790309159.2569616,24687935488,91,336930000,64000,16735383552
1790309160.2577608,24687935488,100,315808000,63000,16735383552
1790309161.2584202,24687935488,100,343093000,69000,16735383552
1790309162.312761,24687935488,95,397326000,70000,16735383552
1790309163.3137016,24687935488,100,403775000,70000,16735383552
1790309164.314559,24687935488,100,318882000,63000,16735383552
1790309165.3152597,24687935488,100,278678000,68000,16735383552
1790309166.315991,24687935488,95,380778000,69000,16735383552
1790309167.3166487,24687935488,86,387312000,62000,16736583680
1790309168.3172119,24687935488,100,302565000,69000,16736546816
1790309169.3177671,24687935488,87,383763000,69000,16736546816
1790309170.3183758,24687935488,100,379557000,69000,16736546816
1790309171.3198187,24687935488,100,349513000,64000,16736546816
1790309172.3204021,24687935488,21,263871000,69000,16736546816
1790309173.3210402,24687935488,100,371286000,68000,16736546816
1790309174.3217666,24687935488,100,320078000,63000,16736546816
1790309175.3225617,24687935488,29,256661000,69000,16736546816
1790309176.3233562,24687935488,89,397155000,70000,16736546816
1790309177.3241403,24687935488,100,399538000,69000,16736546816
1790309178.3249578,24687935488,100,397766000,70000,16736546816
1790309179.3257067,24687935488,100,388563000,68000,16736546816
1790309180.3264186,24687935488,100,380320000,69000,16736546816
1790309181.3270135,24687935488,100,374867000,69000,16736546816
1790309182.3276005,24687935488,98,387664000,70000,16736546816
1790309183.3287258,24687935488,90,396480000,70000,16736546816
1790309184.3295555,24687935488,100,362308000,64000,16736546816
1790309185.330427,24687935488,100,297856000,69000,16736546816
1790309186.3311284,24687935488,89,323526000,62000,16736546816
1790309187.3318179,24687935488,100,319863000,69000,16737599488
1790309188.3324733,24687935488,100,373244000,68000,16737599488
1790309189.333577,24687935488,81,387239000,71000,16737599488
1790309190.334427,24687935488,100,353751000,68000,16738750464
1790309191.3349886,24687935488,100,380860000,69000,16738750464
1790309192.3359976,24687935488,100,390852000,70000,16738750464
1790309193.3377483,24687935488,62,361929000,70000,16738750464
1790309194.3385897,24687935488,91,383857000,70000,16738750464
1790309195.3393216,24687935488,100,316619000,64000,16738750464
1790309196.340137,24687935488,100,341528000,70000,16738750464
1790309197.3407393,24687935488,100,338801000,69000,16738750464
1790309198.3414254,24687935488,100,280408000,59000,16738750464
1790309199.3423488,24687935488,100,286714000,68000,16738750464
1790309200.4527204,24687935488,100,388542000,69000,16738750464
1790309201.4533741,24687935488,49,325951000,69000,16738750464
1790309202.4538538,24687935488,100,387815000,68000,16738750464
1790309203.4544518,24687935488,100,379231000,69000,16738750464
1790309204.455016,24687935488,100,356943000,66000,16738750464
1790309205.4555228,24687935488,100,356419000,68000,16738750464
1790309206.456246,24687935488,100,373405000,69000,16738750464
1790309207.456813,24687935488,100,379298000,69000,16738750464
1790309208.4573233,24687935488,100,386828000,69000,16738750464
1790309209.4579499,24687935488,100,383341000,69000,16738750464
1790309210.4585228,24687935488,100,320756000,69000,16738750464
1790309211.4591088,24687935488,100,373302000,69000,16738750464
1790309212.459646,24687935488,100,381346000,69000,16738750464
1790309213.460209,24687935488,100,379945000,69000,16738750464
1790309214.4609444,24687935488,100,384363000,71000,16738750464
1790309215.461567,24687935488,100,398345000,71000,16738750464
1790309216.4621854,24687935488,100,342170000,70000,16738750464
1790309217.462749,24687935488,100,389624000,70000,16738750464
1790309218.4638271,24687935488,100,383212000,70000,16738750464
1790309219.4645274,24687935488,100,390971000,70000,16738750464
1790309220.4652529,24687935488,100,383549000,71000,16738750464
1790309221.466083,24687935488,99,397055000,70000,16738750464
1790309222.4666803,24687935488,100,374000000,69000,16738750464
1790309223.4674306,24687935488,100,365337000,70000,16738750464
1790309224.468581,24687935488,100,394544000,71000,16738750464
1790309225.4692423,24687935488,90,405191000,71000,16738754560
1790309226.4699008,24687935488,100,403963000,71000,16738750464
1790309227.4707165,24687935488,44,284883000,70000,16738750464
1790309228.4712882,24687935488,32,328819000,71000,16738750464
1790309229.4721105,24687935488,92,402039000,71000,16738750464
1790309230.4730406,24687935488,60,291568000,64000,16738750464
1790309231.4747303,24687935488,100,351831000,71000,16738750464
1790309232.475238,24687935488,28,269645000,69000,16738750464
1790309233.475734,24687935488,100,382822000,68000,16738750464
1790309234.4764383,24687935488,100,376796000,69000,16738750464
1790309235.4772394,24687935488,46,320320000,63000,16738750464
1790309236.477842,24687935488,80,300407000,70000,16738750464
1790309237.4793434,24687935488,100,398930000,71000,16738750464
1790309238.4803386,24687935488,100,397413000,71000,16738750464
1790309239.481388,24687935488,97,398987000,70000,16738750464
1790309240.4824514,24687935488,82,328259000,64000,16738750464
1790309241.483013,24687935488,100,362428000,69000,16738750464
1790309242.4838321,24687935488,100,388003000,69000,16738750464
1790309243.484558,24687935488,100,389974000,70000,16738750464
1790309244.485128,24687935488,18,318285000,70000,16738750464
1790309245.4865189,24687935488,100,405259000,70000,16738750464
1790309246.4873035,24687935488,100,325833000,70000,16738750464
1790309247.4884746,24687935488,100,390051000,71000,16738750464
1790309248.48919,24687935488,96,390811000,70000,16740032512
1790309249.4904256,24687935488,2,337369000,69000,16739995648
1790309250.4915934,24687935488,100,378072000,71000,16739995648
1790309251.4942818,24687935488,100,405923000,71000,16739995648
1790309252.4949389,24687935488,92,396913000,71000,16739995648
1790309253.495925,24687935488,100,339922000,66000,16739995648
1790309254.4975386,24687935488,100,366160000,65000,16739995648
1790309255.4981875,24687935488,100,328155000,70000,16739995648
1790309256.499001,24687935488,100,399506000,71000,16739995648
1790309257.4998565,24687935488,100,386092000,69000,16739995648
1790309258.5006442,24687935488,72,295483000,63000,16739995648
1790309259.627179,24687935488,0,140867000,59000,16739995648
1790309260.628019,24687935488,100,323343000,68000,16739995648
1790309261.6288047,24687935488,100,378920000,68000,16739995648
1790309262.6297123,24687935488,92,383911000,65000,16739995648
1790309263.6305604,24687935488,100,262917000,69000,16739995648
1790309264.6312754,24687935488,100,392787000,70000,16739995648
1790309265.6322794,24687935488,100,395042000,69000,16739995648
1790309266.6336617,24687935488,93,386568000,71000,16739995648
1790309267.6346478,24687935488,93,388017000,70000,16739995648
1790309268.6356957,24687935488,92,393377000,70000,16739995648
1790309269.6366544,24687935488,100,394116000,71000,16739995648
1790309270.63722,24687935488,100,386087000,69000,16739995648
1790309271.6377535,24687935488,92,388328000,69000,16754110464
1790309272.6383336,24687935488,100,333455000,69000,16741113856
1790309273.6523733,24687935488,36,326415000,64000,16741900288
1790309274.6537335,24687935488,97,317022000,71000,16782172160
1790309275.6548252,24687935488,37,300517000,64000,16782172160
1790309276.65555,24687935488,100,361089000,69000,16782172160
1790309277.6564496,24687935488,100,377800000,69000,16782172160
1790309278.6573124,24687935488,98,390587000,71000,16782172160
1790309279.6581516,24687935488,100,401284000,70000,16782172160
1790309280.6588972,24687935488,100,341899000,70000,16782172160
1790309281.6600401,24687935488,29,342390000,63000,16782172160
1790309282.6608584,24687935488,73,312504000,69000,16782172160
1790309283.6614182,24687935488,100,310936000,70000,16782172160
1790309284.6624079,24687935488,100,395337000,70000,16782172160
1790309285.66324,24687935488,100,335359000,70000,16782172160
1790309286.6644144,24687935488,100,338402000,70000,16782172160
1790309287.6654062,24687935488,100,372572000,68000,16782172160
1790309288.666465,24687935488,100,371863000,71000,16782172160
1790309289.6672165,24687935488,96,322932000,70000,16782172160
1790309290.6678686,24687935488,86,330718000,70000,16782172160
1790309291.7293808,24687935488,59,387754000,71000,16782172160
1790309292.7300508,24687935488,100,327053000,69000,16782172160
1790309293.7308152,24687935488,100,388972000,69000,16782172160
1790309294.7313132,24687935488,100,385262000,69000,16782172160
1790309295.7321956,24687935488,100,392255000,70000,16782172160
1790309296.732871,24687935488,100,393433000,70000,16782172160
1790309297.7334313,24687935488,100,385585000,70000,16782172160
1790309298.7343888,24687935488,100,387071000,70000,16782172160
1790309299.7352166,24687935488,100,333961000,70000,16782172160
1790309300.7362404,24687935488,100,398008000,71000,16782172160
1790309301.7369628,24687935488,100,388747000,68000,16782172160
1790309302.7377272,24687935488,100,378057000,69000,16782172160
1790309303.7386465,24687935488,100,318351000,68000,16782172160
1790309304.73933,24687935488,100,389578000,70000,16782172160
1790309305.740076,24687935488,100,383606000,69000,16782172160
1790309306.7412283,24687935488,100,369346000,70000,16782172160
1790309307.7432842,24687935488,34,325887000,65000,16782172160
1790309308.7440107,24687935488,100,311513000,70000,16782172160
1790309309.744703,24687935488,100,400287000,71000,16782172160
1790309310.7454019,24687935488,100,403556000,70000,16782172160
1790309311.7462912,24687935488,85,332438000,67000,16782172160
1790309312.7477546,24687935488,97,395304000,71000,16782172160
1790309313.7486126,24687935488,100,405130000,71000,16782172160
1790309315.5859816,24687935488,79,275589000,61000,16782172160
1790309316.586957,24687935488,0,221514000,69000,16782172160
1790309317.5885804,24687935488,100,397436000,70000,16782172160
1790309318.5894656,24687935488,91,398764000,70000,16782172160
1790309319.5902088,24687935488,100,387568000,69000,16782172160
1790309320.5914822,24687935488,100,384314000,71000,16782172160
1790309321.5922756,24687935488,100,404130000,71000,16782172160
1790309322.5933948,24687935488,100,386855000,66000,16782172160
1790309323.5944662,24687935488,100,385968000,70000,16782172160
1790309324.5956125,24687935488,32,368273000,66000,16782172160
1790309325.596559,24687935488,100,334235000,69000,16782172160
1790309326.5973074,24687935488,100,373948000,70000,16782172160
1790309327.5983713,24687935488,100,384408000,71000,16782172160
1790309328.5992064,24687935488,100,402395000,71000,16782172160
1790309329.5998764,24687935488,100,397246000,72000,16782172160
1790309330.6006718,24687935488,100,399208000,72000,16782172160
1790309331.6016579,24687935488,100,400114000,71000,16782172160
1790309332.6029649,24687935488,100,401621000,71000,16782172160
1790309333.603875,24687935488,100,327678000,70000,16782172160
1790309334.6044188,24687935488,100,385044000,69000,16782172160
1790309335.6051092,24687935488,100,382064000,71000,16782172160
1790309336.6057844,24687935488,100,336070000,69000,16783347712
1790309337.606828,24687935488,88,387739000,70000,16783347712
1790309338.607911,24687935488,84,338366000,68000,16783347712
1790309339.6090536,24687935488,98,401671000,71000,16783347712
1790309340.6099892,24687935488,100,313132000,70000,16784453632
1790309341.610673,24687935488,100,385589000,69000,16784453632
1790309342.665806,24687935488,100,396144000,71000,16784453632
1790309343.666575,24687935488,100,389655000,69000,16784453632
1790309344.667355,24687935488,100,381347000,70000,16784453632
1790309345.6684449,24687935488,34,312852000,65000,16784453632
1790309346.6690733,24687935488,100,334377000,70000,16784453632
1790309347.6699717,24687935488,100,400072000,71000,16784453632
1790309348.6715267,24687935488,100,396183000,71000,16784453632
1790309349.6726108,24687935488,47,307905000,67000,16784453632
1790309350.6740148,24687935488,100,355398000,70000,16784453632
1790309351.675652,24687935488,100,333626000,71000,16784453632
1790309352.6764407,24687935488,100,400425000,72000,16784453632
1790309353.6770422,24687935488,100,262129000,70000,16784453632
1790309354.6779256,24687935488,78,379626000,69000,16784453632
1790309355.6787508,24687935488,100,370270000,69000,16784453632
1790309356.6794758,24687935488,85,388424000,70000,16784453632
1790309357.680163,24687935488,98,396602000,71000,16784453632
1790309358.681763,24687935488,88,396980000,71000,16784453632
1790309359.682796,24687935488,100,394567000,69000,16784453632
1790309360.6839702,24687935488,100,376627000,69000,16784453632
1790309361.6845832,24687935488,100,364618000,70000,16784453632
1790309362.6867006,24687935488,94,322116000,71000,16784457728
1790309363.6881795,24687935488,92,395031000,67000,16784453632
1790309364.6890624,24687935488,91,334454000,71000,16784453632
1790309365.6903255,24687935488,100,328020000,71000,16784453632
1790309366.6913075,24687935488,100,334789000,70000,16784453632
1790309367.6921144,24687935488,100,390566000,70000,16784453632
1790309368.6931129,24687935488,100,394377000,71000,16784453632
1790309369.6948974,24687935488,75,386347000,71000,16784453632
1790309370.696268,24687935488,100,390981000,70000,16784453632
1790309371.6979158,24687935488,100,384965000,71000,16784453632
1790309372.6988482,24687935488,100,378508000,70000,16784453632
1790309373.6997619,24687935488,100,385622000,69000,16784453632
1790309375.158815,24687935488,0,177911000,60000,16784453632
1790309376.1597178,24687935488,100,292887000,69000,16784453632
1790309377.1606991,24687935488,49,354656000,71000,16784453632
1790309378.161658,24687935488,0,305759000,69000,16785608704
1790309379.162642,24687935488,29,282260000,70000,16785608704
1790309380.1637585,24687935488,96,402916000,71000,16785608704
1790309381.164726,24687935488,100,291452000,67000,16786956288
1790309382.1660035,24687935488,100,367846000,69000,16786956288
1790309383.1673524,24687935488,84,346714000,70000,16786956288
1790309384.1680815,24687935488,46,347599000,70000,16786956288
1790309385.1692545,24687935488,98,401193000,71000,16786956288
1790309386.1701627,24687935488,99,402100000,70000,16786956288
1790309387.1710572,24687935488,100,326844000,68000,16788103168
1790309388.1722748,24687935488,100,376754000,71000,16788103168
1790309389.2479036,24687935488,93,401329000,71000,16788103168
1790309390.2489524,24687935488,100,386997000,69000,16788103168
1790309391.2499952,24687935488,85,374705000,70000,16788103168
1790309392.2509155,24687935488,83,369896000,70000,16788103168
1790309393.2515268,24687935488,100,380088000,69000,16788103168
1790309394.2523549,24687935488,100,375458000,70000,16788103168
1790309395.2531886,24687935488,100,379057000,69000,16788103168
1790309396.2539678,24687935488,31,323982000,70000,16788103168
1790309397.254751,24687935488,73,333559000,70000,16788103168
1790309398.2562978,24687935488,100,386885000,69000,16788103168
1790309399.2569864,24687935488,100,383063000,70000,16788103168
1790309400.2576566,24687935488,100,378989000,69000,16788103168
1790309401.2588203,24687935488,88,329581000,71000,16788103168
1790309402.2598546,24687935488,95,404186000,70000,16788103168
1790309403.2608109,24687935488,100,397863000,71000,16788103168
1790309404.2618632,24687935488,100,336823000,71000,16788103168
1790309405.2627861,24687935488,100,398240000,70000,16788103168
1790309406.2636316,24687935488,100,382500000,70000,16788103168
1790309407.2643783,24687935488,100,378985000,70000,16788103168
1790309408.2650607,24687935488,100,384555000,71000,16788103168
1790309409.2660408,24687935488,100,337592000,70000,16788103168
1790309410.26718,24687935488,100,390387000,70000,16788103168
1790309411.2678978,24687935488,100,399263000,71000,16788103168
1790309412.2687008,24687935488,91,341180000,69000,16788103168
1790309413.2698517,24687935488,100,322883000,61000,16789270528
1790309414.2708552,24687935488,100,366443000,70000,16789270528
1790309415.271964,24687935488,100,389499000,71000,16789270528
1790309416.2733862,24687935488,88,326502000,70000,16789270528
1790309417.2743654,24687935488,27,335094000,70000,16790487040
1790309418.2754083,24687935488,100,381171000,71000,16790487040
1790309419.2764478,24687935488,92,398757000,71000,16790487040
1790309420.2780724,24687935488,100,380136000,70000,16790487040
1790309421.2787895,24687935488,90,393008000,70000,16790487040
1790309422.2797034,24687935488,100,384154000,71000,16790487040
1790309423.2857127,24687935488,89,384163000,71000,16790487040
1790309424.2863219,24687935488,100,387121000,70000,16790487040
1790309425.2869895,24687935488,82,385002000,71000,16790487040
1790309426.28805,24687935488,100,400516000,72000,16790487040
1790309427.2889762,24687935488,100,403801000,72000,16790487040
1790309428.289932,24687935488,100,350921000,72000,16790487040
1790309429.2908294,24687935488,99,406886000,72000,16790487040
1790309430.2918105,24687935488,90,398995000,71000,16790487040
1790309431.61021,24687935488,43,240661000,60000,16790487040
1790309432.6116076,24687935488,93,208644000,64000,16790487040
1790309433.6124942,24687935488,90,371875000,70000,16790487040
1790309434.613245,24687935488,100,389183000,70000,16790487040
1790309435.61391,24687935488,100,380801000,69000,16790487040
1790309436.6147344,24687935488,100,330779000,64000,16790487040
1790309437.6154866,24687935488,85,296277000,71000,16790487040
1790309438.6163356,24687935488,100,388633000,70000,16790487040
1790309439.6170645,24687935488,100,396897000,71000,16790487040
1790309440.6180186,24687935488,100,400995000,71000,16790487040
1790309441.6189964,24687935488,100,405262000,71000,16790487040
1790309442.6199417,24687935488,100,403291000,72000,16790487040
1790309443.620627,24687935488,78,380402000,71000,16790487040
1790309444.6213083,24687935488,100,386428000,69000,16790487040
1790309445.6221318,24687935488,100,384409000,72000,16790487040
1790309446.6236644,24687935488,100,330299000,67000,16791662592
1790309447.6244085,24687935488,100,337039000,66000,16791662592
1790309448.6250138,24687935488,84,297225000,69000,16791662592
1790309449.6262534,24687935488,38,229050000,64000,16791662592
1790309450.6270087,24687935488,97,264451000,67000,16791662592
1790309451.6278703,24687935488,100,372984000,68000,16791662592
1790309452.6289034,24687935488,100,370036000,71000,16791662592
1790309453.6296763,24687935488,100,397867000,70000,16791662592
1790309454.6306577,24687935488,33,334767000,70000,16791662592
1790309455.6326232,24687935488,100,404947000,71000,16791662592
1790309456.6339777,24687935488,100,382942000,68000,16791662592
1790309457.6348536,24687935488,100,364388000,69000,16791662592
1790309458.6361592,24687935488,30,321081000,70000,16791662592
1790309459.6372857,24687935488,100,401555000,66000,16791662592
1790309460.6382031,24687935488,100,329864000,71000,16791662592
1790309461.6391225,24687935488,91,399833000,71000,16791662592
1790309462.6400025,24687935488,100,388825000,70000,16791662592
1790309463.640827,24687935488,100,382305000,70000,16791662592
1790309464.6418796,24687935488,100,391778000,71000,16791662592
1790309465.6435952,24687935488,100,377529000,64000,16791662592
1790309466.6444058,24687935488,100,314679000,66000,16791662592
1790309467.6451697,24687935488,100,354193000,70000,16791662592
1790309468.6463249,24687935488,100,390134000,70000,16791662592
1790309469.6471553,24687935488,100,385492000,71000,16791662592
1790309470.6480355,24687935488,100,317117000,70000,16791662592
1790309471.6497128,24687935488,100,323952000,67000,16791662592
1790309472.650455,24687935488,100,374662000,71000,16791662592
1790309473.65119,24687935488,100,398746000,70000,16791662592
1790309474.651969,24687935488,100,385828000,70000,16791662592
1790309475.6526659,24687935488,100,384588000,71000,16791662592
1790309476.6534781,24687935488,88,352226000,71000,16791662592
1790309477.6541512,24687935488,100,393514000,70000,16791662592
1790309478.6557965,24687935488,100,378411000,66000,16791662592
1790309479.656432,24687935488,100,323739000,70000,16791662592
1790309480.6581204,24687935488,100,389400000,70000,16791662592
1790309481.6592968,24687935488,100,403482000,71000,16791662592
1790309482.6601956,24687935488,100,365835000,62000,16792764416
1790309483.6612039,24687935488,100,325379000,69000,16792764416
1790309484.6618764,24687935488,60,344903000,71000,16792764416
1790309485.6632724,24687935488,100,356365000,65000,16792764416
1790309486.664168,24687935488,35,253302000,69000,16792764416
1790309487.6647978,24687935488,100,380726000,71000,16792764416
1790309488.6660066,24687935488,100,398008000,71000,16792764416
1790309489.667052,24687935488,97,405268000,70000,16792764416
1790309490.6679065,24687935488,100,385545000,69000,16792764416
1790309491.668625,24687935488,100,380744000,68000,16792764416
1790309492.843125,24687935488,0,156502000,59000,16792764416
1790309493.8440456,24687935488,85,274066000,65000,16792764416
1790309494.8450432,24687935488,100,330830000,69000,16792764416
1790309495.8460155,24687935488,81,312849000,68000,16793985024
1790309496.8467402,24687935488,100,376887000,69000,16794460160
1790309497.8475666,24687935488,100,325388000,68000,16795111424
1790309498.8487265,24687935488,83,378298000,70000,16795111424
1790309499.8494837,24687935488,100,393381000,70000,16795111424
1790309500.8503757,24687935488,100,399287000,67000,16795111424
1790309501.8514278,24687935488,100,336758000,70000,16795111424
1790309502.852874,24687935488,100,392294000,70000,16795111424
1790309503.8537476,24687935488,100,383940000,70000,16795111424
1790309504.8545136,24687935488,100,398424000,70000,16795111424
1790309505.8554745,24687935488,100,375334000,67000,16795111424
1790309506.8563526,24687935488,100,314632000,70000,16795111424
1790309507.8581328,24687935488,100,395869000,69000,16795111424
1790309508.859046,24687935488,100,329559000,68000,16796295168
1790309509.859975,24687935488,98,372652000,70000,16796295168
1790309510.8605375,24687935488,100,391681000,71000,16796295168
1790309511.8614118,24687935488,91,331014000,71000,16796295168
1790309512.8624952,24687935488,100,342789000,70000,16796295168
1790309513.863501,24687935488,30,360555000,65000,16796295168
1790309514.8642988,24687935488,80,341036000,70000,16796295168
1790309515.865081,24687935488,100,394118000,71000,16796295168
1790309516.8661213,24687935488,100,387351000,69000,16796295168
1790309517.867076,24687935488,100,381747000,69000,16796295168
1790309518.8678288,24687935488,100,393106000,70000,16796295168
1790309519.868986,24687935488,30,374709000,65000,16796295168
1790309520.8703556,24687935488,100,271201000,70000,16796295168
1790309521.8710823,24687935488,100,387183000,70000,16796295168
1790309522.8723404,24687935488,100,393383000,71000,16796295168
1790309523.8731694,24687935488,100,401754000,70000,16796295168
1790309524.8742666,24687935488,91,382710000,71000,16796295168
1790309525.8750162,24687935488,84,359513000,63000,16797437952
1790309526.875884,24687935488,100,353306000,70000,16797437952
1790309527.8768592,24687935488,100,386664000,72000,16797437952
1790309528.8781796,24687935488,100,390445000,71000,16797437952
1790309529.8787963,24687935488,100,384860000,70000,16797442048
1790309530.8795533,24687935488,100,388591000,70000,16797437952
1790309531.8808382,24687935488,100,403678000,71000,16797437952
1790309532.8822558,24687935488,96,397814000,71000,16797437952
1790309533.8836577,24687935488,97,405112000,71000,16797437952
1790309534.8847566,24687935488,100,385805000,71000,16797437952
1790309535.885748,24687935488,87,328862000,69000,16797437952
1790309536.890454,24687935488,100,397295000,71000,16797437952
1790309537.8912468,24687935488,97,394158000,71000,16797437952
1790309538.8926082,24687935488,35,384329000,67000,16797437952
1790309539.8934414,24687935488,100,347682000,71000,16797437952
1790309540.894411,24687935488,100,383628000,71000,16797437952
1790309541.8950326,24687935488,33,357008000,65000,16797437952
1790309542.8960166,24687935488,95,356896000,71000,16797437952
1790309543.8967881,24687935488,100,388926000,70000,16797437952
1790309544.897767,24687935488,72,325625000,68000,16797437952
1790309545.8989148,24687935488,75,298855000,69000,16797437952
1790309546.8999894,24687935488,100,392411000,71000,16797437952
1790309547.9006977,24687935488,99,405644000,72000,16797437952
1790309548.9015908,24687935488,100,400965000,71000,16797437952
1790309550.6256967,24687935488,2,156423000,60000,16797437952
1790309551.6267147,24687935488,100,277494000,70000,16797437952
1790309552.6278598,24687935488,100,383974000,71000,16797437952
1790309553.6290565,24687935488,71,237002000,68000,16797437952
1790309554.6299672,24687935488,100,381673000,69000,16797437952
1790309555.6309853,24687935488,100,377794000,68000,16797437952
1790309556.6318643,24687935488,100,388428000,70000,16797437952
1790309557.6334023,24687935488,100,388738000,70000,16797437952
1790309558.6343617,24687935488,91,390185000,71000,16797437952
1790309559.635299,24687935488,100,384413000,70000,16797437952
1790309560.6364675,24687935488,100,349555000,64000,16797437952
1790309561.6382818,24687935488,100,347631000,70000,16797437952
1790309562.639132,24687935488,22,317576000,70000,16797437952
1790309563.640866,24687935488,100,375525000,69000,16797437952
1790309564.6418326,24687935488,97,395722000,71000,16797437952
1790309565.642964,24687935488,100,386452000,70000,16797437952
1790309566.643759,24687935488,100,387314000,71000,16797437952
1790309567.644625,24687935488,99,352445000,64000,16797437952
1790309568.645315,24687935488,100,341447000,69000,16797437952
1790309569.6462033,24687935488,100,382329000,71000,16797437952
1790309570.6472697,24687935488,100,402908000,71000,16797437952
1790309571.6481984,24687935488,100,323994000,71000,16798654464
1790309572.6493347,24687935488,100,344952000,70000,16798654464
1790309573.64993,24687935488,100,386824000,71000,16798654464
1790309574.6506362,24687935488,100,392974000,71000,16798654464
1790309575.6518896,24687935488,100,338671000,70000,16798654464
1790309576.6526697,24687935488,31,337583000,71000,16799739904
1790309577.6534953,24687935488,89,346955000,69000,16799703040
1790309578.654802,24687935488,100,393510000,71000,16799703040
1790309579.6556318,24687935488,100,343427000,65000,16799703040
1790309580.656275,24687935488,94,339485000,70000,16799703040
1790309581.6574237,24687935488,100,387551000,70000,16799703040
1790309582.6582668,24687935488,89,387435000,71000,16799703040
1790309583.6589322,24687935488,90,384840000,70000,16799703040
1790309584.6594052,24687935488,100,381696000,70000,16799703040
1790309585.6602058,24687935488,100,378565000,70000,16799703040
1790309586.6607976,24687935488,88,320369000,70000,16799703040
1790309587.6615963,24687935488,56,352712000,70000,16799703040
1790309588.6626334,24687935488,100,385030000,70000,16799703040
1790309589.663233,24687935488,18,246505000,68000,16799703040
1790309590.6637044,24687935488,100,372531000,70000,16799703040
1790309591.664257,24687935488,100,363930000,68000,16799703040
1790309592.6647894,24687935488,89,386180000,71000,16799703040
1790309593.6655202,24687935488,100,384717000,71000,16799703040
1790309594.6660438,24687935488,100,362750000,66000,16799703040
1790309595.6665554,24687935488,100,346440000,71000,16799703040
1790309596.6670303,24687935488,100,393920000,70000,16799703040
1790309597.6679265,24687935488,100,384389000,70000,16799703040
1790309598.6685648,24687935488,72,318424000,64000,16799703040
1790309599.6696768,24687935488,29,229580000,67000,16799703040
1790309600.6703176,24687935488,100,381371000,69000,16799731712
1790309601.6708353,24687935488,100,327461000,69000,16801132544
1790309602.6716046,24687935488,100,386541000,70000,16801132544
1790309603.6721644,24687935488,100,397538000,70000,16801169408
1790309604.6728163,24687935488,100,374157000,68000,16801132544
1790309605.6733623,24687935488,100,365468000,68000,16801132544
1790309606.6739435,24687935488,100,387919000,70000,16801132544
1790309607.6745121,24687935488,100,382753000,70000,16801132544
1790309608.6752193,24687935488,100,359982000,66000,16801132544
1790309609.6761162,24687935488,100,333679000,71000,16801132544
1790309610.6771188,24687935488,32,344237000,71000,16801132544
1790309611.6778862,24687935488,100,324926000,70000,16801132544
1790309612.679067,24687935488,100,203935000,60000,16801132544
1790309613.6797523,24687935488,100,258934000,69000,16801132544
1790309614.6806371,24687935488,100,397548000,70000,16801132544
1790309615.6812184,24687935488,96,400169000,71000,16801132544
1790309616.6819057,24687935488,95,399405000,70000,16802738176
1790309617.6823874,24687935488,100,347887000,69000,16802738176
1790309618.68317,24687935488,100,373898000,69000,16802738176
1790309619.683833,24687935488,100,384894000,69000,16802738176
1790309620.6848488,24687935488,100,378983000,70000,16802738176
1790309621.6856225,24687935488,100,379914000,69000,16802738176
1790309622.6863751,24687935488,100,313596000,69000,16802738176
1790309623.687029,24687935488,96,385393000,69000,16802738176
1790309624.6878808,24687935488,99,394833000,71000,16802738176
1790309625.688546,24687935488,100,354493000,71000,16802738176
1790309626.6895387,24687935488,100,394474000,70000,16802738176
1790309627.6902075,24687935488,100,358382000,66000,16802738176
1790309628.6913054,24687935488,100,360631000,69000,16802738176
1790309629.692486,24687935488,100,399673000,71000,16802738176
1790309630.6931777,24687935488,38,291883000,70000,16802738176
1790309631.6937737,24687935488,100,395375000,70000,16802738176
1790309632.6944122,24687935488,100,399266000,71000,16802738176
1790309633.6950047,24687935488,100,388413000,69000,16802738176
1790309634.695632,24687935488,100,386298000,71000,16802738176
1790309635.696381,24687935488,89,392896000,71000,16802738176
1790309636.6970327,24687935488,78,389428000,71000,16802738176
1790309637.697749,24687935488,100,400656000,71000,16802738176
1790309638.6982992,24687935488,100,387929000,70000,16802738176
1790309639.6988695,24687935488,100,381828000,70000,16802738176
1790309640.6995983,24687935488,91,390297000,71000,16802738176
1790309641.7002337,24687935488,49,351705000,70000,16802738176
1790309642.700922,24687935488,100,391337000,70000,16802738176
1790309643.7014964,24687935488,98,390929000,64000,16803934208
1790309644.7025166,24687935488,100,339404000,70000,16803934208
1790309645.7031727,24687935488,100,387069000,70000,16803934208
1790309646.7037323,24687935488,22,259164000,71000,16803934208
1790309647.7045667,24687935488,100,375548000,67000,16803934208
1790309648.705895,24687935488,63,313922000,70000,16803934208
1790309649.7064843,24687935488,98,393691000,70000,16803934208
1790309650.70735,24687935488,89,387428000,70000,16803934208
1790309651.7078826,24687935488,100,382547000,69000,16803934208
1790309652.7085788,24687935488,100,382301000,71000,16803934208
1790309653.710643,24687935488,100,366268000,65000,16803934208
1790309654.7113488,24687935488,100,291747000,65000,16803934208
1790309655.7122593,24687935488,73,316246000,71000,16803934208
1790309656.712967,24687935488,100,397966000,71000,16803934208
1790309657.713643,24687935488,100,394070000,71000,16803934208
1790309658.7145493,24687935488,89,367550000,65000,16803934208
1790309659.715257,24687935488,100,339166000,71000,16803934208
1790309660.7163851,24687935488,65,338022000,71000,16803934208
1790309661.717696,24687935488,99,345463000,69000,16803934208
1790309662.7182586,24687935488,100,393737000,71000,16803934208
1790309663.718734,24687935488,86,398709000,71000,16803930112
1790309664.7193084,24687935488,100,305312000,64000,16803930112
1790309665.7198486,24687935488,100,357509000,70000,16803930112
1790309666.7205071,24687935488,100,383546000,69000,16803934208
1790309667.721183,24687935488,100,377748000,70000,16803934208
1790309668.721961,24687935488,100,392361000,71000,16803934208
1790309669.7226908,24687935488,100,399218000,71000,16803934208
1790309670.7233367,24687935488,100,396630000,70000,16803934208
1790309671.7239156,24687935488,100,384801000,71000,16803934208
1790309673.1270566,24687935488,0,230701000,60000,16803934208
1790309674.1281672,24687935488,100,255730000,70000,16803934208
1790309675.1293917,24687935488,100,317122000,69000,16803934208
1790309676.1301367,24687935488,100,372341000,69000,16803934208
1790309677.130798,24687935488,30,370256000,64000,16803934208
1790309678.1314569,24687935488,100,327859000,69000,16803934208
1790309679.132082,24687935488,98,392396000,71000,16803934208
1790309680.1328504,24687935488,19,301455000,63000,16803934208
1790309681.133454,24687935488,99,342873000,70000,16803934208
1790309682.1343017,24687935488,100,386626000,70000,16803934208
1790309683.135056,24687935488,100,332001000,70000,16803934208
1790309684.1357718,24687935488,100,397492000,70000,16803934208
1790309685.1364903,24687935488,100,396563000,71000,16803934208
1790309686.137029,24687935488,100,404718000,71000,16803934208
1790309687.1378186,24687935488,100,389213000,71000,16803934208
1790309688.1382692,24687935488,100,380691000,70000,16803934208
1790309689.2722697,24687935488,100,387455000,71000,16803934208
1790309690.2730854,24687935488,100,401978000,71000,16803934208
1790309691.2737596,24687935488,87,392063000,71000,16803934208
1790309692.274708,24687935488,19,345754000,63000,16803934208
1790309693.2754738,24687935488,48,259074000,70000,16803934208
1790309694.2765026,24687935488,100,382301000,71000,16803934208
1790309695.2770846,24687935488,92,387412000,72000,16847974400
1790309696.2778807,24687935488,100,396153000,71000,16803934208
1790309697.2785885,24687935488,100,384467000,70000,16803934208
1790309698.2793956,24687935488,82,371307000,70000,16803934208
1790309699.279985,24687935488,86,389394000,71000,16803934208
1790309700.280697,24687935488,100,387890000,70000,16803934208
1790309701.2817025,24687935488,96,383784000,72000,16803934208
1790309702.282589,24687935488,100,402948000,71000,16803934208
1790309703.2843153,24687935488,100,385806000,71000,16803934208
1790309704.285221,24687935488,98,373246000,70000,16803934208
1790309705.2860377,24687935488,100,392587000,71000,16803934208
1790309706.2867794,24687935488,100,386017000,70000,16803934208
1790309707.2877474,24687935488,0,297558000,67000,16805683200
1790309708.2883315,24687935488,91,369150000,72000,16805683200
1790309709.2888703,24687935488,100,393199000,70000,16805683200
1790309710.2895246,24687935488,100,380749000,72000,16805683200
1790309711.2901168,24687935488,100,394988000,71000,16805683200
1790309712.2909586,24687935488,100,385243000,70000,16805683200
1790309713.291766,24687935488,100,384170000,70000,16805683200
1790309714.292268,24687935488,100,389010000,71000,16805683200
1790309715.2933521,24687935488,100,385137000,72000,16805683200
1790309716.2942796,24687935488,100,401138000,71000,16805683200
1790309717.2951903,24687935488,86,397662000,70000,16805683200
1790309718.2961588,24687935488,100,384300000,70000,16805683200
1790309719.2977483,24687935488,100,399818000,72000,16805683200
1790309720.2990508,24687935488,100,403299000,72000,16805683200
1790309721.3013325,24687935488,96,398041000,71000,16805683200
1790309722.301985,24687935488,85,402266000,72000,16805683200
1790309723.3025925,24687935488,100,387712000,67000,16806932480
1790309724.3038898,24687935488,100,324426000,70000,16806932480
1790309725.3046012,24687935488,100,393701000,71000,16806932480
1790309726.3053803,24687935488,100,391994000,72000,16806932480
1790309727.305962,24687935488,100,333313000,70000,16807981056
1790309728.3065896,24687935488,100,327267000,70000,16807981056
1790309729.3073668,24687935488,28,355322000,65000,16807981056
1790309730.3081832,24687935488,82,211676000,70000,16807981056
1790309731.3088608,24687935488,98,322027000,70000,16807981056
1790309732.3095446,24687935488,100,384805000,69000,16807981056
1790309733.3102152,24687935488,100,388129000,70000,16807981056
1790309735.1466177,24687935488,0,252136000,60000,16807981056
1790309736.1471832,24687935488,100,207149000,69000,16807981056
1790309737.147714,24687935488,100,382009000,69000,16807981056
1790309738.1483798,24687935488,100,394626000,71000,16807981056
1790309739.1492138,24687935488,100,394119000,70000,16807981056
1790309740.1496904,24687935488,100,381475000,69000,16807981056
1790309741.1503882,24687935488,60,369085000,65000,16807981056
1790309742.1510088,24687935488,100,322999000,70000,16807981056
1790309743.1516454,24687935488,100,382790000,70000,16807981056
1790309744.1524167,24687935488,100,379967000,71000,16807981056
1790309745.1530554,24687935488,100,384882000,70000,16807981056
1790309746.1536212,24687935488,100,380700000,70000,16807981056
1790309747.1542082,24687935488,97,375334000,70000,16807981056
1790309748.1548595,24687935488,87,398332000,72000,16807981056
1790309749.2181888,24687935488,100,397658000,72000,16807981056
1790309750.2188175,24687935488,100,341133000,70000,16807981056
1790309751.2232327,24687935488,100,374808000,70000,16807981056
1790309752.224216,24687935488,60,296841000,67000,16807981056
1790309753.225193,24687935488,100,362417000,69000,16807981056
1790309754.2258227,24687935488,100,327915000,70000,16807981056
1790309755.226528,24687935488,28,342616000,64000,16807981056
1790309756.2273257,24687935488,31,285199000,62000,16808464384
1790309757.228012,24687935488,100,298389000,69000,16809246720
1790309758.2286274,24687935488,100,382831000,71000,16809246720
1790309759.2293866,24687935488,100,391876000,69000,16809246720
1790309760.2299697,24687935488,100,377697000,69000,16809246720
1790309761.2311683,24687935488,42,310432000,67000,16809246720
1790309762.2319694,24687935488,100,364556000,71000,16809246720
1790309763.2329452,24687935488,100,395534000,71000,16809246720
1790309764.2498841,24687935488,88,401216000,71000,16809246720
1790309765.2505605,24687935488,95,389471000,67000,16809246720
1790309766.2513099,24687935488,100,333824000,70000,16809246720
1790309767.2525609,24687935488,100,331176000,71000,16809246720
1790309768.2531009,24687935488,100,396940000,70000,16809246720
1790309769.2545714,24687935488,26,372682000,64000,16809246720
1790309770.25562,24687935488,100,333221000,70000,16809246720
1790309771.2563632,24687935488,100,391163000,70000,16809246720
1790309772.2573142,24687935488,58,375326000,68000,16809246720
1790309773.258243,24687935488,100,366430000,67000,16809246720
1790309774.259196,24687935488,100,384462000,70000,16809246720
1790309775.2609022,24687935488,100,396765000,71000,16809246720
1790309776.2618675,24687935488,100,303485000,70000,16810463232
1790309777.2626264,24687935488,100,318906000,69000,16810463232
1790309778.2632377,24687935488,100,397822000,71000,16810463232
1790309779.2639546,24687935488,100,384240000,70000,16810463232
1790309780.2655468,24687935488,93,391224000,69000,16810463232
1790309781.2665372,24687935488,89,399841000,71000,16810463232
1790309782.267759,24687935488,100,342940000,71000,16810463232
1790309783.2684205,24687935488,100,382474000,71000,16810463232
1790309784.2691796,24687935488,55,363034000,67000,16810463232
1790309785.269917,24687935488,26,213764000,63000,16810463232
1790309786.270456,24687935488,82,280094000,69000,16810463232
1790309787.2714522,24687935488,100,399605000,71000,16810463232
1790309788.2722852,24687935488,100,388457000,69000,16810463232
1790309789.2728624,24687935488,100,386905000,70000,16810463232
1790309790.2733872,24687935488,100,393835000,71000,16810463232
1790309791.2739646,24687935488,100,389851000,69000,16810463232
1790309792.6387596,24687935488,55,174489000,59000,16810463232
1790309793.6400058,24687935488,100,267819000,70000,16810463232
1790309794.6417603,24687935488,100,407096000,71000,16810463232
1790309795.64263,24687935488,24,322669000,70000,16810463232
1790309796.643441,24687935488,100,381697000,69000,16810463232
1790309797.644375,24687935488,100,377153000,70000,16810463232
1790309798.6454773,24687935488,88,319962000,68000,16810463232
1790309799.646117,24687935488,100,382916000,70000,16810463232
1790309800.6470253,24687935488,100,377618000,69000,16810463232
1790309801.6477885,24687935488,41,336521000,70000,16810463232
1790309802.6492877,24687935488,54,359164000,70000,16810463232
1790309803.6502144,24687935488,44,345533000,70000,16810463232
1790309804.650896,24687935488,100,390030000,69000,16810463232
1790309805.651638,24687935488,99,399360000,71000,16810463232
1790309806.6528554,24687935488,57,314964000,68000,16811565056
1790309807.6535027,24687935488,100,386470000,69000,16811565056
1790309808.6547291,24687935488,100,361620000,65000,16811565056
1790309809.6558757,24687935488,100,344836000,71000,16811565056
1790309810.6565359,24687935488,33,338496000,70000,16811565056
1790309811.658457,24687935488,51,349513000,71000,16811565056
1790309812.6592104,24687935488,100,331931000,70000,16811565056
1790309813.6599689,24687935488,100,385472000,69000,16811565056
1790309814.6607835,24687935488,100,362261000,68000,16811565056
1790309815.6624305,24687935488,100,368270000,70000,16811565056
1790309816.663129,24687935488,100,391333000,69000,16811565056
1790309817.6638856,24687935488,34,289674000,70000,16811565056
1790309818.664531,24687935488,100,344685000,65000,16811565056
1790309819.6657462,24687935488,100,349107000,64000,16811565056
1790309820.666557,24687935488,34,282770000,69000,16811565056
1790309821.7516851,24687935488,100,395481000,69000,16811565056
1790309822.7531648,24687935488,100,391953000,69000,16811565056
1790309823.753957,24687935488,100,392169000,70000,16811565056
1790309824.7545588,24687935488,99,401530000,71000,16811565056
1790309825.7554374,24687935488,98,320109000,61000,16812728320
1790309826.756944,24687935488,100,345859000,71000,16812728320
1790309827.758387,24687935488,86,387069000,70000,16812728320
1790309828.7592583,24687935488,85,392448000,70000,16812728320
1790309829.7604818,24687935488,31,325989000,70000,16812728320
1790309830.7613091,24687935488,100,380502000,70000,16812728320
1790309831.7619627,24687935488,100,394837000,70000,16812728320
1790309832.7624857,24687935488,100,376704000,69000,16812728320
1790309833.7632864,24687935488,100,328617000,64000,16812728320
1790309834.7642384,24687935488,100,364582000,70000,16812728320
1790309835.7658005,24687935488,99,398891000,70000,16812728320
1790309836.76673,24687935488,91,391027000,70000,16814075904
1790309837.7674131,24687935488,100,350876000,69000,16814075904
1790309838.7680655,24687935488,100,377190000,70000,16814075904
1790309839.7689693,24687935488,100,400050000,71000,16814075904
1790309840.7700057,24687935488,100,400164000,70000,16814075904
1790309841.7706552,24687935488,100,399509000,71000,16814075904
1790309842.7724118,24687935488,100,391405000,71000,16814075904
1790309843.773465,24687935488,100,400699000,70000,16814075904
1790309844.7751496,24687935488,100,389727000,71000,16814075904
1790309845.775921,24687935488,67,329482000,70000,16814080000
1790309846.7770283,24687935488,100,342310000,66000,16814080000
1790309847.778197,24687935488,100,394384000,71000,16814080000
1790309848.7790494,24687935488,100,357959000,66000,16815226880
1790309850.4585354,24687935488,0,178814000,59000,16815263744
1790309851.4592996,24687935488,100,325954000,70000,16815263744
1790309852.4608474,24687935488,98,387868000,70000,16815263744
1790309853.4617507,24687935488,91,389617000,69000,16815263744
1790309854.4629202,24687935488,100,382708000,70000,16815263744
1790309855.4643378,24687935488,100,376386000,69000,16815263744
1790309856.4652543,24687935488,24,325530000,71000,16815263744
1790309857.466098,24687935488,100,323873000,63000,16815263744
1790309858.4670625,24687935488,100,328790000,70000,16815263744
1790309859.4679284,24687935488,100,388327000,70000,16815263744
1790309860.4775436,24687935488,100,392379000,71000,16815263744
1790309861.4786923,24687935488,100,369092000,67000,16816173056
1790309862.479403,24687935488,100,379953000,69000,16816173056
1790309863.4805326,24687935488,100,382766000,71000,16816173056
1790309864.4813852,24687935488,100,335328000,70000,16816173056
1790309865.4824407,24687935488,100,389710000,70000,16816173056
1790309866.483821,24687935488,100,394464000,70000,16816173056
1790309867.4845917,24687935488,72,377537000,71000,16816173056
1790309868.4859326,24687935488,100,395565000,72000,16816173056
1790309869.4959667,24687935488,100,399785000,71000,16816209920
1790309870.4966915,24687935488,100,384127000,70000,16816173056
1790309871.497512,24687935488,100,380890000,69000,16816173056
1790309872.4984488,24687935488,100,384260000,69000,16816173056
1790309873.4994059,24687935488,100,377911000,70000,16816173056
1790309874.500469,24687935488,100,381939000,71000,16816173056
1790309875.501282,24687935488,100,403019000,72000,16816173056
1790309876.50192,24687935488,18,324249000,71000,16816173056
1790309877.5029461,24687935488,100,390923000,71000,16816173056
1790309878.5036066,24687935488,84,320247000,71000,16816173056
1790309879.5043445,24687935488,100,395028000,70000,16816173056
1790309880.5050983,24687935488,100,381804000,69000,16816173056
1790309881.5063584,24687935488,100,332847000,65000,16816173056
1790309882.5073822,24687935488,100,344297000,70000,16816173056
1790309883.5081117,24687935488,100,325438000,68000,16818044928
1790309884.509077,24687935488,100,342253000,64000,16818044928
1790309885.509941,24687935488,100,354315000,71000,16818044928
1790309886.51075,24687935488,97,352271000,69000,16818044928
1790309887.511692,24687935488,100,398285000,70000,16818044928
1790309888.5128973,24687935488,100,395195000,71000,16818044928
1790309889.5136974,24687935488,100,358416000,65000,16818044928
1790309890.5144925,24687935488,27,221254000,70000,16818044928
1790309891.5156834,24687935488,100,359591000,64000,16818044928
1790309892.5165555,24687935488,100,330705000,70000,16818044928
1790309893.5172584,24687935488,100,401695000,70000,16818044928
1790309894.5187042,24687935488,100,381860000,71000,16818044928
1790309895.520156,24687935488,89,398402000,70000,16818044928
1790309896.5213718,24687935488,100,388991000,71000,16818044928
1790309897.5221803,24687935488,18,313230000,70000,16818044928
1790309898.5228736,24687935488,94,364926000,64000,16818044928
1790309899.5236547,24687935488,20,266240000,71000,16818044928
1790309900.5247376,24687935488,66,358874000,70000,16818044928
1790309901.5257142,24687935488,100,312202000,69000,16819146752
1790309902.5266643,24687935488,95,386577000,70000,16819146752
1790309903.5274868,24687935488,33,231635000,63000,16819146752
1790309904.5282288,24687935488,100,277664000,69000,16819146752
1790309905.5289376,24687935488,100,383039000,68000,16819146752
1790309907.2634065,24687935488,0,230796000,59000,16819146752
1790309908.2642534,24687935488,100,256352000,69000,16819146752
1790309909.265002,24687935488,97,395905000,69000,16819146752
1790309910.2658703,24687935488,86,392069000,70000,16819146752
1790309911.2667687,24687935488,100,395304000,69000,16819146752
1790309912.2676847,24687935488,100,402089000,70000,16819146752
1790309913.2681413,24687935488,95,333488000,69000,16819146752
1790309914.2727697,24687935488,0,343371000,60000,16820379648
1790309915.2736454,24687935488,88,331640000,70000,16820379648
1790309916.274531,24687935488,100,336893000,70000,16820379648
1790309917.275215,24687935488,100,394748000,70000,16820379648
1790309918.2761922,24687935488,100,388930000,70000,16820379648
1790309919.2770295,24687935488,100,395238000,70000,16820379648
1790309920.2783084,24687935488,77,306423000,69000,16820379648
1790309921.330795,24687935488,100,393657000,69000,16820379648
1790309922.3316677,24687935488,100,380920000,69000,16820379648
1790309923.3326678,24687935488,100,379456000,68000,16820379648
1790309924.333461,24687935488,100,329986000,70000,16820379648
1790309925.334111,24687935488,100,386218000,65000,16820379648
1790309926.3349695,24687935488,48,365387000,64000,16820379648
1790309927.336486,24687935488,100,348543000,71000,16820379648
1790309928.3375063,24687935488,100,404605000,71000,16820379648
1790309929.4469223,24687935488,95,385045000,70000,16820379648
1790309930.448252,24687935488,90,392416000,71000,16820379648
1790309931.4491885,24687935488,100,318739000,70000,16820379648
1790309932.4692166,24687935488,89,380845000,71000,16820391936
1790309933.4700856,24687935488,100,353079000,68000,16821530624
1790309934.4706478,24687935488,100,379116000,70000,16821530624
1790309935.471303,24687935488,100,383325000,70000,16821530624
1790309936.4721212,24687935488,100,394722000,71000,16821530624
1790309937.472907,24687935488,85,394831000,71000,16821530624
1790309938.4737766,24687935488,100,343690000,71000,16821530624
1790309939.474599,24687935488,100,387596000,69000,16821530624
1790309940.475633,24687935488,100,384445000,70000,16821530624
1790309941.476503,24687935488,81,267421000,67000,16821534720
1790309942.477288,24687935488,100,394595000,70000,16821530624
1790309943.4780586,24687935488,100,376676000,69000,16821530624
1790309944.4785511,24687935488,100,383144000,71000,16821530624
1790309945.4794047,24687935488,100,402393000,70000,16821530624
1790309946.4802678,24687935488,100,380395000,70000,16821530624
1790309947.4813225,24687935488,100,361955000,70000,16821530624
1790309948.482212,24687935488,100,368064000,71000,16821530624
1790309949.4832456,24687935488,100,375206000,70000,16821530624
1790309950.4857063,24687935488,100,375983000,70000,16821530624
1790309951.4865267,24687935488,100,361775000,69000,16821530624
1790309952.4874878,24687935488,89,308838000,69000,16821530624
1790309953.4882126,24687935488,34,368471000,66000,16821530624
1790309954.489284,24687935488,100,269229000,69000,16821530624
1790309955.4900215,24687935488,98,373903000,71000,16821530624
1790309956.4906495,24687935488,100,392766000,69000,16821530624
1790309957.4915023,24687935488,100,378134000,69000,16821530624
1790309958.49295,24687935488,100,390537000,71000,16821530624
1790309959.493715,24687935488,95,388107000,70000,16821530624
1790309960.4946454,24687935488,100,382150000,69000,16821530624
1790309961.495448,24687935488,100,377792000,70000,16821530624
1790309962.4961596,24687935488,100,314286000,70000,16821530624
1790309963.4968405,24687935488,92,389822000,71000,16821530624
1790309964.4976404,24687935488,48,380975000,65000,16821530624
1790309965.4984586,24687935488,91,332473000,70000,16821530624
1790309966.4991856,24687935488,100,385433000,70000,16821530624
1790309967.5004003,24687935488,100,379523000,69000,16821530624
1790309968.5011272,24687935488,100,380611000,70000,16821530624
1790309969.501934,24687935488,28,352576000,65000,16821530624
1790309970.5027087,24687935488,100,332385000,70000,16821530624
1790309971.503647,24687935488,100,381200000,70000,16821530624
1790309972.9958148,24687935488,26,182783000,59000,16821530624
1790309973.9969254,24687935488,21,137051000,62000,16821530624
1790309974.9980662,24687935488,42,220248000,69000,16821530624
1790309975.9992993,24687935488,100,395760000,69000,16821530624
1790309977.00026,24687935488,94,385017000,70000,16822702080
1790309978.0010006,24687935488,69,350774000,68000,16822702080
1790309979.001669,24687935488,100,378921000,70000,16822702080
1790309980.002541,24687935488,95,369192000,70000,16822702080
1790309981.0031328,24687935488,100,388765000,71000,16822702080
1790309982.0040855,24687935488,100,394506000,71000,16822702080
1790309983.0050201,24687935488,41,270551000,68000,16822702080
1790309984.0056434,24687935488,100,386974000,70000,16822702080
1790309985.0066326,24687935488,100,386911000,70000,16822702080
1790309986.007724,24687935488,37,343955000,70000,16823181312
1790309987.0091171,24687935488,47,326338000,69000,16823812096
1790309988.0102785,24687935488,100,381171000,69000,16825040896
1790309989.0121193,24687935488,100,335988000,69000,16825040896
1790309990.0130413,24687935488,97,394136000,70000,16825040896
1790309991.0138593,24687935488,27,227971000,62000,16825040896
1790309992.0147,24687935488,100,328912000,69000,16825040896
1790309993.0157096,24687935488,100,397361000,65000,16825040896
1790309994.0164545,24687935488,17,238435000,69000,16825040896
1790309995.0173502,24687935488,100,375813000,68000,16825040896
1790309996.0183117,24687935488,100,393389000,70000,16825040896
1790309997.0195906,24687935488,100,402737000,70000,16825040896
1790309998.020676,24687935488,100,391865000,68000,16826232832
1790309999.0220625,24687935488,100,321950000,69000,16826232832
1790310000.0231428,24687935488,29,323672000,69000,16826232832
1790310001.023949,24687935488,18,312374000,69000,16826232832
1790310002.0248287,24687935488,100,372188000,68000,16826232832
1790310003.0255797,24687935488,100,362008000,67000,16826232832
1790310004.0280228,24687935488,100,390020000,70000,16826232832
1790310005.028899,24687935488,100,388928000,69000,16826232832
1790310006.0296576,24687935488,100,388175000,69000,16826232832
1790310007.030576,24687935488,100,386236000,70000,16826232832
1790310008.0318935,24687935488,100,381465000,70000,16826232832
1790310009.0329356,24687935488,100,395937000,70000,16826232832
1790310010.0337982,24687935488,100,383684000,69000,16826232832
1790310011.0719125,24687935488,100,384688000,70000,16826232832
1790310012.073166,24687935488,100,357573000,65000,16826232832
1790310013.074325,24687935488,85,321824000,70000,16826232832
1790310014.0757244,24687935488,90,367936000,64000,16826232832
1790310015.0770383,24687935488,100,278300000,68000,16826232832
1790310016.0779943,24687935488,95,375983000,69000,16826232832
1790310017.0789838,24687935488,100,385424000,70000,16826232832
1790310018.0798924,24687935488,100,384638000,71000,16826232832
1790310019.0806563,24687935488,100,394512000,70000,16826232832
1790310020.0814562,24687935488,100,383950000,71000,16826232832
1790310021.082185,24687935488,100,380256000,70000,16827625472
1790310022.083045,24687935488,61,343355000,69000,16827588608
1790310023.0838425,24687935488,100,368976000,65000,16827588608
1790310024.0845602,24687935488,100,311667000,63000,16827588608
1790310025.0854092,24687935488,52,281740000,70000,16827588608
1790310026.0862982,24687935488,98,396527000,70000,16827588608
1790310027.0871496,24687935488,90,393008000,70000,16827588608
1790310028.0884523,24687935488,40,292300000,64000,16827588608
1790310029.089277,24687935488,25,233420000,70000,16827588608
1790310030.3522985,24687935488,0,176299000,59000,16827588608
1790310031.3535068,24687935488,96,272349000,70000,16827588608
1790310032.3543096,24687935488,97,397773000,70000,16827588608
1790310033.3550482,24687935488,100,337819000,69000,16828624896
1790310034.3559103,24687935488,100,324301000,68000,16828588032
1790310035.3566298,24687935488,100,379735000,70000,16828588032
1790310036.3574955,24687935488,100,386082000,68000,16828588032
1790310037.3583593,24687935488,100,387753000,69000,16828588032
1790310038.3597507,24687935488,100,388754000,70000,16828588032
1790310039.3608904,24687935488,86,377746000,70000,16828588032
1790310040.4600604,24687935488,97,395997000,70000,16828588032
1790310041.460604,24687935488,100,406453000,68000,16828588032
1790310042.4617157,24687935488,100,381928000,68000,16828588032
1790310043.463287,24687935488,100,376320000,71000,16828588032
1790310044.464036,24687935488,100,402252000,70000,16828588032
1790310045.4648442,24687935488,100,401611000,71000,16828588032
1790310046.4657388,24687935488,100,341329000,69000,16828588032
1790310047.4665751,24687935488,92,376166000,71000,16828588032
1790310048.467537,24687935488,100,403045000,70000,16828588032
1790310049.468436,24687935488,78,293001000,70000,16828588032
1790310050.4697165,24687935488,100,396163000,71000,16828588032
1790310051.4706178,24687935488,100,328964000,70000,16828588032
1790310052.4713469,24687935488,94,400507000,71000,16828588032
1790310053.472291,24687935488,91,396997000,70000,16828588032
1790310054.4731836,24687935488,36,251408000,64000,16828588032
1790310055.474052,24687935488,100,367431000,70000,16828588032
1790310056.4748435,24687935488,100,392413000,71000,16828588032
1790310057.4757416,24687935488,100,396069000,71000,16828588032
1790310058.476479,24687935488,100,392497000,69000,16828588032
1790310059.4771738,24687935488,44,298189000,65000,16828588032
1790310060.4779644,24687935488,100,365250000,71000,16828588032
1790310061.549025,24687935488,92,377134000,71000,16828588032
1790310062.5498695,24687935488,100,387557000,70000,16828588032
1790310063.5505812,24687935488,100,383648000,70000,16828588032
1790310064.5513363,24687935488,100,386224000,69000,16828588032
1790310065.552207,24687935488,100,383870000,69000,16828588032
1790310066.5535696,24687935488,100,386626000,72000,16828588032
1790310067.5545056,24687935488,34,223763000,64000,16828588032
1790310068.5554347,24687935488,100,362752000,70000,16828588032
1790310069.5563726,24687935488,100,387936000,70000,16828588032
1790310070.5573053,24687935488,90,384341000,71000,16828588032
1790310071.5585272,24687935488,100,360952000,71000,16828588032
1790310072.5594738,24687935488,100,337566000,70000,16828588032
1790310073.5608537,24687935488,100,382246000,69000,16828588032
1790310074.5619655,24687935488,100,393755000,71000,16828588032
1790310075.5626838,24687935488,33,382126000,66000,16828588032
1790310076.5634181,24687935488,100,350543000,71000,16828588032
1790310077.5652163,24687935488,100,389985000,70000,16828588032
1790310078.5661685,24687935488,100,386122000,70000,16828588032
1790310079.5668983,24687935488,100,380730000,69000,16828588032
1790310080.5676324,24687935488,100,351748000,70000,16828588032
1790310081.568748,24687935488,100,402401000,70000,16828588032
1790310082.5695527,24687935488,100,390851000,71000,16828588032
1790310083.5702097,24687935488,100,398453000,71000,16828588032
1790310084.571177,24687935488,100,391426000,71000,16828588032
1790310085.5718675,24687935488,100,405942000,71000,16828588032
1790310086.5723383,24687935488,100,400357000,70000,16828588032
1790310087.5730743,24687935488,100,382285000,72000,16828588032
1790310088.5743332,24687935488,100,384981000,71000,16828588032
1790310090.0960536,24687935488,97,276398000,60000,16828588032
1790310091.0966914,24687935488,0,203175000,71000,16828588032
1790310092.0974376,24687935488,100,394393000,69000,16828588032
1790310093.0981789,24687935488,100,377000000,69000,16828588032
1790310094.0991578,24687935488,100,373482000,71000,16828588032
1790310095.0997455,24687935488,100,400944000,70000,16828588032
1790310096.1004922,24687935488,100,389969000,69000,16828588032
1790310097.1017106,24687935488,100,384025000,70000,16828588032
1790310098.1025863,24687935488,88,343352000,65000,16828588032
1790310099.103559,24687935488,100,349188000,70000,16828588032
1790310100.1046188,24687935488,83,375789000,70000,16828588032
1790310101.1054251,24687935488,100,387395000,70000,16828588032
1790310102.106307,24687935488,100,387852000,69000,16828592128
1790310103.106831,24687935488,100,379935000,70000,16828592128
1790310104.1082153,24687935488,100,384762000,71000,16828592128
1790310105.1094384,24687935488,24,323899000,71000,16828592128
1790310106.1102183,24687935488,33,282636000,70000,16828592128
1790310107.1114874,24687935488,100,385399000,71000,16828592128
1790310108.1122606,24687935488,91,335259000,68000,16828592128
1790310109.1129649,24687935488,100,367333000,71000,16828592128
1790310110.1140316,24687935488,91,400004000,71000,16828592128
1790310111.1146858,24687935488,100,373856000,69000,16828592128
1790310112.1159194,24687935488,87,390486000,71000,16828592128
1790310113.1168191,24687935488,98,319255000,71000,16828592128
1790310114.117503,24687935488,28,353675000,65000,16828592128
1790310115.1181176,24687935488,100,360069000,70000,16828592128
1790310116.1187012,24687935488,100,393281000,70000,16828592128
1790310117.1192927,24687935488,100,387170000,70000,16828592128
1790310118.1198568,24687935488,100,391580000,70000,16828592128
1790310119.1203597,24687935488,100,390174000,71000,16828592128
1790310120.1210341,24687935488,53,359262000,65000,16828592128
1790310121.1215498,24687935488,100,349745000,71000,16828592128
1790310122.1221018,24687935488,100,387473000,69000,16828592128
1790310123.1226797,24687935488,100,381323000,69000,16828592128
1790310124.123379,24687935488,100,395961000,72000,16828592128
1790310125.1246166,24687935488,100,342705000,71000,16828592128
1790310126.1256747,24687935488,40,372268000,66000,16828592128
1790310127.1265812,24687935488,36,188367000,64000,16828592128
1790310128.1271667,24687935488,100,348088000,69000,16828592128
1790310129.242782,24687935488,0,243995000,60000,16828592128
1790310130.5415454,24687935488,0,92023000,59000,16828592128
1790310131.5431502,24690032640,98,108950000,67000,16828968960
1790310132.5439487,24690032640,0,258086000,58000,16912859136
1790310133.5447772,25277235200,100,127529000,65000,16828973056
1790310134.5454948,25465978880,99,384408000,69000,16828973056
1790310135.5463262,25654722560,100,389176000,69000,16828968960
1790310136.5470428,25654722560,84,389498000,67000,16828968960
1790310137.54825,10657988608,75,336573000,60000,16828968960
1790310138.5487583,10660085760,100,298297000,69000,16828968960
1790310139.549395,10932715520,99,392787000,70000,16828968960
1790310140.5500762,14057472000,100,387125000,69000,16828968960
1790310141.5507646,14057472000,100,392545000,69000,16828968960
1790310142.5515146,14059569152,100,393458000,70000,16828968960
1790310143.5529563,14059569152,100,393462000,69000,16828968960
1790310144.5536551,14059569152,100,393451000,68000,16828968960
1790310145.554608,14080540672,99,394056000,69000,16828968960
1790310146.555374,14080540672,100,394220000,70000,16828968960
1790310147.5560565,14374141952,100,393752000,69000,16828968960
1790310148.5569606,14374141952,100,394487000,69000,16828968960
1790310149.5577867,14374141952,100,395006000,69000,16828968960
1790310150.5585856,14374141952,98,394558000,69000,16828968960
1790310151.5593507,14374141952,99,393604000,69000,16828968960
1790310152.5597951,14374141952,100,389779000,70000,16828968960
1790310153.5604682,14374141952,100,388519000,69000,16828968960
1790310154.5613155,14499971072,100,378170000,69000,16828968960
1790310155.5622802,14499971072,99,392016000,72000,16828968960
1790310156.563041,14499971072,100,384576000,70000,16828968960
1790310157.563736,14499971072,99,389909000,70000,16828968960
1790310158.5643294,14499971072,100,384383000,71000,16828968960
1790310159.5649571,14499971072,100,380152000,71000,16828968960
1790310160.566195,14499971072,99,392182000,70000,16828968960
1790310161.5670757,14499971072,100,382526000,70000,16828968960
1790310162.567859,14499971072,99,390939000,71000,16828968960
1790310163.5686946,14499971072,100,383820000,69000,16828968960
1790310164.5694635,14499971072,99,391254000,71000,16828968960
1790310165.5703375,14499971072,100,384203000,72000,16828968960
1790310166.5710554,14499971072,88,389003000,70000,16828968960
1790310167.5717225,14499971072,100,385294000,71000,16828968960
1790310168.572453,14499971072,66,380631000,66000,16828968960
1790310169.5733547,14499971072,94,383703000,71000,16828968960
1790310170.5742924,14499971072,100,380971000,72000,16828968960
1790310171.57494,14499971072,99,392190000,73000,16828968960
1790310172.5759552,14499971072,100,385779000,71000,16828968960
1790310173.5764399,14499971072,100,381025000,70000,16828968960
1790310174.577403,17268211712,100,395779000,72000,16828968960
1790310175.5780742,17268211712,100,393000000,70000,16828968960
1790310176.579743,17270308864,100,393931000,70000,16828968960
1790310177.581064,17962369024,100,393902000,73000,16828968960
1790310178.5818803,17962369024,100,393779000,69000,16828968960
1790310179.5825748,17962369024,100,396127000,71000,16828968960
1790310180.5834591,17962369024,100,395805000,70000,16828968960
1790310181.584165,19493289984,100,397429000,72000,16828968960
1790310182.5849779,19493289984,100,395858000,70000,16828968960
1790310183.586134,19493289984,100,399691000,74000,16828968960
1790310184.586852,19493289984,100,400055000,74000,16828968960
1790310185.5881095,19493289984,100,399258000,73000,17227431936
1790310186.5887787,20395065344,100,400801000,72000,16828968960
1790310187.5894322,20395065344,100,395125000,71000,16828968960
1790310188.5902114,20395065344,100,393210000,70000,16828968960
1790310189.5906951,20395065344,100,392669000,70000,16828968960
1790310190.5912685,20395065344,100,395586000,70000,16828968960
1790310191.5917404,20395065344,100,393125000,73000,16828968960
1790310192.5926743,20395065344,100,407617000,72000,16828968960
1790310193.5939126,20395065344,100,394635000,72000,16828968960
1790310194.5947468,20395065344,100,392614000,73000,17075445760
1790310195.5955918,20395065344,100,394006000,72000,16828968960
1790310196.5963302,20395065344,100,392247000,70000,16828968960
1790310197.5969677,20395065344,100,390671000,70000,16828968960
1790310198.5976272,20395065344,100,388822000,72000,16828968960
1790310199.5982459,20395065344,100,392404000,73000,16828968960
1790310200.5989313,20395065344,100,393503000,71000,16828968960
1790310201.5994842,20395065344,100,392005000,72000,16828968960
1790310202.6000648,20395065344,100,389525000,71000,16828968960
1790310203.6006908,20395065344,100,390036000,71000,16828968960
1790310204.601311,20395065344,100,390154000,73000,16828968960
1790310205.6018033,20395065344,100,390690000,72000,16828968960
1790310206.6022356,20395065344,100,391950000,73000,16828968960
1790310207.6026254,20395065344,100,394018000,73000,16828968960
1790310208.6030204,20395065344,100,393018000,70000,16828968960
1790310209.6034188,20395065344,100,394693000,71000,16828968960
1790310210.6038995,20395065344,100,393476000,71000,16828968960
1790310211.604412,20395065344,100,394351000,73000,16828968960
1790310212.6053689,20395065344,100,396087000,71000,16828968960
1790310213.6057553,20395065344,100,391655000,70000,16828968960
1790310214.6062465,20395065344,100,391458000,70000,16828968960
1790310215.6069393,20395065344,100,391811000,72000,16828968960
1790310216.6074872,20395065344,100,394837000,73000,16828968960
1790310217.6080832,20395065344,100,394606000,72000,16828968960
1790310218.6085782,20395065344,100,393416000,71000,16828968960
1790310219.6090257,22282502144,100,393885000,72000,16828968960
1790310220.6094258,22282502144,100,384155000,71000,16828968960
1790310221.609765,22282502144,100,385706000,70000,16828968960
1790310222.6102166,22282502144,100,388800000,71000,16828968960
1790310223.6106238,22282502144,100,388301000,70000,16828968960
1790310224.6110537,22282502144,100,386647000,75000,16828968960
1790310225.6114633,22282502144,100,384471000,74000,16828968960
1790310226.6118808,22282502144,99,391453000,71000,16828968960
1790310227.6124325,22282502144,100,395813000,73000,16828973056
1790310228.6130857,22282502144,100,392605000,72000,16828977152
1790310229.6137671,22282502144,100,390058000,71000,16828993536
1790310230.6142495,22282502144,100,385277000,73000,16828993536
1790310231.6146846,22282502144,100,385996000,71000,16828993536
1790310232.6151116,22282502144,100,387084000,71000,16828993536
1790310233.6157115,22282502144,100,390467000,72000,16829009920
1790310234.6165092,22282502144,100,390577000,75000,16829009920
1790310235.617368,22282502144,100,398765000,71000,16829018112
1790310236.617988,22282502144,100,398940000,74000,16829157376
1790310237.6185207,22282502144,100,399650000,72000,16829157376
1790310238.6190305,22282502144,100,399221000,74000,16829317120
1790310239.6195807,22282502144,100,400422000,71000,16829321216
1790310240.6201386,22282502144,100,401513000,73000,16829485056
1790310241.6206882,22282502144,100,400436000,73000,16829640704
1790310242.6213136,22282502144,100,399913000,71000,16829644800
1790310243.6218004,22282502144,100,399907000,72000,16829796352
1790310244.6222749,22282502144,100,399683000,72000,16829829120
1790310245.6227102,22282502144,100,400578000,73000,16829829120
1790310246.623179,22282502144,100,401199000,71000,16829829120
1790310247.623623,22282502144,99,393514000,72000,16829829120
1790310248.624061,22282502144,100,395801000,72000,16829829120
1790310249.6244397,22429302784,68,392152000,73000,16829829120
1790310250.62483,22429302784,93,397006000,70000,16829829120
1790310251.6253521,22429302784,100,387677000,71000,16829829120
1790310252.625879,22429302784,99,380348000,71000,16829829120
1790310253.6264796,22429302784,100,387671000,72000,16829829120
1790310254.6270564,22429302784,100,388296000,72000,16829829120
1790310255.6275108,22429302784,99,390447000,74000,16829829120
1790310256.6280107,22429302784,100,398572000,72000,16829829120
1790310257.6291711,22429302784,100,398391000,71000,16829829120
1790310258.6299405,22429302784,93,392446000,72000,16829829120
1790310259.630629,22429302784,100,388190000,72000,16829829120
1790310260.6312308,22429302784,100,400168000,73000,16829829120
1790310261.6321259,22429302784,100,401522000,73000,16829829120
1790310262.6329887,22429302784,100,402395000,73000,16829829120
1790310263.6338418,22429302784,100,393331000,72000,16829829120
1790310264.6346602,22429302784,100,401845000,71000,16829829120
1790310265.6354918,22429302784,100,398658000,70000,16829829120
1790310266.636276,22429302784,100,398929000,72000,16829829120
1790310267.636803,22429302784,100,400795000,73000,16829829120
1790310268.637262,22429302784,67,391568000,70000,16829829120
1790310269.6376503,22429302784,100,396263000,70000,16829829120
1790310270.6380017,22429302784,100,396849000,71000,16829829120
1790310271.6384494,22429302784,100,397210000,70000,16829829120
1790310272.638853,22429302784,100,396806000,71000,16829829120
1790310273.639227,22429302784,100,396867000,72000,16829829120
1790310274.6396012,22429302784,93,392859000,71000,16829829120
1790310275.6399884,22429302784,100,391082000,72000,16829829120
1790310276.6404326,22429302784,67,395918000,73000,16829829120
1790310277.6410081,22429302784,92,396780000,71000,16829829120
1790310278.6414704,22429302784,100,391205000,70000,16829829120
1790310279.641917,22429302784,85,395116000,71000,16829829120
1790310280.6424747,22429302784,100,401029000,72000,16829829120
1790310281.6432543,22429302784,100,400324000,72000,16829829120
1790310282.6439035,22429302784,99,399172000,72000,16829829120
1790310283.6446435,22429302784,99,406796000,72000,16829829120
1790310284.6450508,22429302784,100,396570000,73000,16829829120
1790310285.6460428,22429302784,100,398998000,72000,16829829120
1790310286.6468267,22429302784,100,398989000,72000,16829829120
1790310287.6478775,22429302784,100,398068000,73000,16829829120
1790310288.6486318,22429302784,100,398045000,72000,16829829120
1790310289.6492262,22429302784,99,395128000,72000,16829829120
1790310290.649937,22429302784,100,402926000,74000,16829829120
1790310291.6507256,22429302784,100,393641000,72000,16829829120
1790310292.6515,22429302784,99,394706000,72000,16829829120
1790310293.652464,22429302784,100,401959000,74000,16829829120
1790310294.653177,22429302784,100,393104000,72000,16829829120
1790310295.6540668,22429302784,100,405965000,73000,16829829120
1790310296.6550224,22429302784,99,408134000,73000,16829829120
1790310297.656765,22429302784,99,411048000,73000,16829861888
1790310298.6576583,22429302784,31,234734000,62000,16829456384
1790310299.6583207,22513188864,89,244933000,69000,16829456384
1790310300.6593292,22513188864,100,373964000,70000,16829456384
1790310301.6599512,22513188864,100,390903000,72000,16829456384
1790310302.6607203,22513188864,100,391402000,72000,16829456384
1790310303.6612554,22513188864,100,384057000,71000,16829456384
1790310304.6617503,22513188864,100,382509000,70000,16829456384
1790310305.6628075,22555131904,74,332126000,72000,16829456384
1790310306.663631,22555131904,37,347403000,72000,16829456384
1790310307.6646278,22555131904,100,403420000,72000,16829456384
1790310308.6654828,22555131904,100,393900000,72000,16829456384
1790310309.666152,22555131904,94,344182000,70000,16829456384
1790310310.6667955,22555131904,65,303267000,71000,16829456384
1790310311.6673708,22555131904,100,377048000,70000,16829456384
1790310313.5193648,22555131904,0,238642000,61000,16829456384
1790310314.5199835,22555131904,100,236873000,70000,16829538304
1790310315.5206053,22555131904,100,346262000,71000,16830566400
1790310316.5213184,22555131904,100,384078000,70000,16830566400
1790310317.521923,22555131904,98,339945000,71000,16830566400
1790310318.5229948,22555131904,100,392624000,71000,16830566400
1790310319.5238547,22555131904,100,385647000,71000,16830566400
1790310320.5244641,22555131904,100,335071000,71000,16830566400
1790310321.5249949,22555131904,98,389639000,71000,16831475712
1790310322.525651,22555131904,100,308335000,70000,16831438848
1790310323.5263312,22555131904,35,338026000,67000,16831438848
1790310324.526901,22576103424,94,347950000,71000,16831438848
1790310325.5275838,22576103424,77,384824000,69000,16831438848
1790310326.5283003,22576103424,100,337479000,71000,16831438848
1790310327.5289361,22576103424,37,341750000,65000,16831438848
1790310328.5296273,22576103424,100,247760000,70000,16831438848
1790310329.5301673,22576103424,40,352849000,68000,16832086016
1790310330.5308208,22576103424,100,368782000,70000,16832086016
1790310331.5315359,22576103424,31,361449000,64000,16832122880
1790310332.5321662,22576103424,100,275895000,69000,16832811008
1790310333.5327625,22576103424,25,305985000,63000,16832815104
1790310334.5336854,22576103424,100,336150000,70000,16832815104
1790310335.534289,22576103424,100,393094000,70000,16832815104
1790310336.5349073,22576103424,100,379999000,69000,16832815104
1790310337.535915,22576103424,100,384283000,70000,16832815104
1790310338.5371027,22576103424,100,398672000,71000,16832815104
1790310339.5377915,22576103424,100,404851000,70000,16832815104
1790310340.5386093,22576103424,100,347282000,70000,16832815104
1790310341.5392423,22576103424,91,390778000,68000,16832815104
1790310342.5402818,22576103424,86,396385000,71000,16832815104
1790310343.5413904,22576103424,27,306958000,63000,16832815104
1790310344.542753,22576103424,87,269426000,68000,16832815104
1790310345.5435338,22576103424,97,353859000,69000,16832815104
1790310346.544055,22576103424,100,384165000,69000,16832815104
1790310347.544746,22576103424,100,381998000,70000,16833560576
1790310348.5453362,22576103424,100,333432000,69000,16833560576
1790310349.5461802,22576103424,100,392601000,65000,16833560576
1790310350.547317,22576103424,56,313260000,64000,16833560576
1790310351.5480747,22576103424,90,324715000,71000,16833560576
1790310352.548874,22576103424,100,400459000,71000,16833560576
1790310353.549838,22576103424,100,327752000,70000,16833560576
1790310354.5504851,22576103424,100,388148000,69000,16833560576
1790310355.5513353,22576103424,100,385630000,70000,16833560576
1790310356.5524623,22576103424,100,328897000,70000,16833560576
1790310357.5533261,22576103424,100,382519000,69000,16833560576
1790310358.554201,22576103424,79,371056000,70000,16833560576
1790310359.55548,22576103424,100,395747000,70000,16833560576
1790310360.55644,22578200576,100,389768000,70000,16834310144
1790310361.5571246,22578200576,100,348756000,70000,16834310144
1790310362.5583036,22578200576,67,370330000,66000,16834310144
1790310363.5593548,22578200576,100,370506000,71000,16834310144
1790310364.5601866,22578200576,31,227194000,63000,16834310144
1790310365.560901,22578200576,100,355273000,69000,16834310144
1790310366.561665,22578200576,100,387935000,70000,16834310144
1790310367.5624743,22578200576,100,400164000,71000,16834310144
1790310368.5642617,22578200576,55,322810000,65000,16834310144
1790310369.7038188,22578200576,100,269259000,59000,16834310144
1790310370.705621,22578200576,100,312316000,69000,16834310144
1790310371.706693,22578200576,100,386221000,70000,16834310144
1790310372.707874,22578200576,100,395542000,67000,16834310144
1790310373.7093658,22578200576,100,329303000,64000,16834310144
1790310374.7109396,22578200576,36,233470000,69000,16834310144
1790310375.7123258,22578200576,80,378799000,70000,16834310144
1790310376.7130127,22582394880,100,393161000,69000,16834310144
1790310377.7135446,22582394880,100,384346000,69000,16834310144
1790310378.7142372,22582394880,100,393464000,70000,16834310144
1790310379.714968,22582394880,39,323665000,69000,16835014656
1790310380.7157226,22582394880,100,377511000,70000,16835014656
1790310381.716367,22582394880,100,380361000,68000,16835014656
1790310382.7169902,22582394880,100,375926000,68000,16835014656
1790310383.717585,22582394880,100,384952000,68000,16835014656
1790310384.7182288,22582394880,100,379145000,68000,16835014656
1790310385.7191632,22582394880,100,372592000,66000,16835014656
1790310386.7199764,22582394880,100,323196000,69000,16835014656
1790310387.720656,22582394880,100,380137000,69000,16835014656
1790310388.7212718,22582394880,73,322498000,70000,16835014656
1790310389.7219791,22582394880,100,402465000,71000,16835014656
1790310390.7237682,22582394880,100,359076000,67000,16835014656
1790310391.7249572,22582394880,100,383437000,70000,16835014656
1790310392.725785,22582394880,100,376378000,66000,16835014656
1790310393.7265382,22582394880,100,394547000,69000,16835014656
1790310394.72715,22582394880,100,378197000,69000,16835014656
1790310395.7279022,22582394880,100,365557000,69000,16835014656
1790310396.728639,22582394880,91,385134000,71000,16835014656
1790310397.729411,22582394880,51,287698000,66000,16835014656
1790310398.7303734,22582394880,100,371388000,70000,16835014656
1790310399.731774,22582394880,100,354867000,66000,16835014656
1790310400.7326934,22582394880,60,287480000,69000,16835014656
1790310401.7334526,22582394880,100,374470000,69000,16835014656
1790310402.7343514,22582394880,100,388486000,70000,16835014656
1790310403.7352197,22582394880,100,387008000,69000,16835014656
1790310404.7361546,22582394880,100,301647000,65000,16835014656
1790310405.7372098,22582394880,100,352550000,70000,16835014656
1790310406.738334,22582394880,100,400960000,71000,16835014656
1790310407.739634,22582394880,100,403265000,71000,16835014656
1790310408.7411845,22582394880,78,315908000,67000,16835014656
1790310409.7421796,22582394880,33,322690000,69000,16835014656
1790310410.7428894,22582394880,100,385389000,71000,16846954496
1790310411.7434487,22582394880,100,387345000,70000,16835014656
1790310412.744343,22582394880,96,378668000,70000,16835014656
1790310413.7449746,22582394880,100,332022000,69000,16835014656
1790310414.7455292,22582394880,100,383934000,68000,16835014656
1790310415.7460058,22582394880,100,376655000,69000,16835014656
1790310416.746592,22582394880,90,383432000,70000,16835014656
1790310417.747069,22582394880,100,385374000,69000,16835014656
1790310418.7476945,22582394880,100,388711000,71000,16835014656
1790310419.7486844,22582394880,100,393926000,69000,16835014656
1790310420.74942,22582394880,100,395131000,70000,16835014656
1790310421.7502172,22582394880,73,375670000,71000,16835014656
1790310422.750894,22582394880,100,404087000,71000,16835014656
1790310423.7514637,22582394880,100,402745000,70000,16835014656
1790310424.7520356,22582394880,82,353825000,70000,16835014656
1790310425.75292,22582394880,100,350627000,64000,16835014656
1790310426.75373,22582394880,81,350129000,68000,16835014656
1790310427.7544808,22582394880,100,322671000,69000,16835014656
1790310428.755543,22582394880,100,371164000,66000,16835014656
1790310429.7755337,22582394880,0,123233000,59000,16835014656
1790310430.7764177,22582394880,100,305006000,69000,16835014656
1790310431.777493,22582394880,100,335689000,62000,16835014656
1790310432.7790365,22582394880,100,271945000,65000,16835014656
1790310433.7799635,22582394880,100,378709000,70000,16835014656
1790310434.7807736,22582394880,95,397777000,70000,16835014656
1790310435.781483,22582394880,100,404687000,70000,16835014656
1790310436.7822397,22582394880,100,336570000,64000,16835014656
1790310437.783006,22582394880,49,317435000,70000,16835014656
1790310438.783623,22582394880,100,388333000,69000,16835751936
1790310439.7844536,22582394880,100,342311000,68000,16835751936
1790310440.7854292,22582394880,100,382015000,70000,16835751936
1790310441.786079,22582394880,58,349920000,69000,16835751936
1790310442.7867365,22582394880,100,379985000,70000,16835751936
1790310443.7874112,22582394880,100,380832000,70000,16835751936
1790310444.7879226,22582394880,100,387779000,69000,16835751936
1790310445.788457,22582394880,100,378112000,70000,16835751936
1790310446.7889745,22582394880,100,384206000,69000,16835751936
1790310447.7900245,22582394880,100,381487000,68000,16835751936
1790310448.7908993,22582394880,100,385955000,70000,16835751936
1790310449.791544,22582394880,97,389505000,68000,16835751936
1790310450.7922187,22582394880,100,388662000,69000,16835751936
1790310451.7927287,22582394880,100,374125000,70000,16835751936
1790310452.7934437,22582394880,100,388173000,71000,16835751936
1790310453.7941277,22582394880,79,386557000,71000,16835756032
1790310454.794637,22582394880,100,387693000,69000,16835756032
1790310455.7952278,22582394880,100,380854000,69000,16835756032
1790310456.7959592,22582394880,89,354575000,64000,16835756032
1790310457.7966118,22582394880,100,362381000,71000,16835756032
1790310458.797303,22582394880,91,391693000,70000,16835756032
1790310459.7978132,22582394880,100,380479000,70000,16835756032
1790310460.7988372,22582394880,93,383182000,70000,16835756032
1790310461.7996347,22582394880,100,403264000,72000,16835756032
1790310462.8004088,22582394880,100,383454000,70000,16835756032
1790310463.8010018,22582394880,100,382926000,70000,16835756032
1790310464.8017187,22582394880,100,383609000,70000,16835756032
1790310465.8026826,22582394880,100,366195000,66000,16835756032
1790310466.8032155,22582394880,100,343032000,70000,16835756032
1790310467.8036265,22582394880,100,380390000,70000,16835756032
1790310468.8049154,22582394880,100,387639000,71000,16835756032
1790310469.8063416,22582394880,47,313280000,68000,16835756032
1790310470.807038,22582394880,100,354676000,70000,16835756032
1790310471.8077192,22582394880,100,379339000,69000,16835756032
1790310472.8083215,22582394880,100,376629000,70000,16835756032
1790310473.8088658,22582394880,100,372883000,69000,16835756032
1790310474.8094404,22582394880,100,378092000,69000,16835756032
1790310475.8102295,22582394880,100,366910000,70000,16835756032
1790310476.81092,22582394880,29,251102000,69000,16835756032
1790310477.8114233,22582394880,100,381588000,69000,16835756032
1790310478.8119159,22582394880,100,376986000,69000,16835756032
1790310479.812749,22582394880,100,404612000,71000,16835756032
1790310480.8134024,22582394880,84,329478000,70000,16835756032
1790310481.8142335,22582394880,100,380934000,69000,16835756032
1790310482.815229,22582394880,100,375726000,68000,16835756032
1790310483.8158264,22582394880,100,328933000,70000,16837210112
1790310484.8163874,22582394880,100,336513000,69000,16837210112
1790310485.816959,22582394880,99,392645000,71000,16837210112
1790310486.8174813,22582394880,100,395498000,70000,16837210112
1790310487.8179486,22582394880,100,380714000,69000,16837210112
1790310488.8185549,22582394880,100,381539000,71000,16837210112
1790310489.8192036,22582394880,100,383864000,67000,16837210112
1790310490.8197753,22582394880,100,369702000,70000,16837210112
1790310491.8205554,22582394880,80,365559000,71000,16837210112
1790310492.821258,22582394880,100,322355000,64000,16837210112
1790310493.8225706,22582394880,100,297100000,65000,16837210112
1790310495.4143658,22582394880,0,268177000,60000,16837210112
1790310496.4148867,22582394880,100,266429000,69000,16837210112
1790310497.4156048,22582394880,100,376936000,68000,16837210112
1790310498.4164636,22582394880,100,387165000,70000,16837210112
1790310499.41711,22582394880,100,327049000,70000,16837210112
1790310500.4179485,22582394880,100,379387000,69000,16837210112
1790310501.4190338,22582394880,85,384321000,70000,16837210112
1790310502.4201922,22582394880,100,373710000,71000,16837210112
1790310503.4207761,22582394880,100,393678000,69000,16837210112
1790310504.4213517,22582394880,100,374590000,70000,16837210112
1790310505.4220245,22582394880,100,382982000,70000,16837210112
1790310506.4227436,22582394880,100,384649000,70000,16837210112
1790310507.423416,22582394880,100,379924000,70000,16837210112
1790310508.4240513,22582394880,99,391542000,69000,16837210112
1790310509.4246037,22582394880,100,385796000,70000,16837210112
1790310510.4250717,22582394880,100,378284000,69000,16837210112
1790310511.4258313,22582394880,100,388485000,71000,16837210112
1790310512.4265485,22582394880,100,396369000,69000,16837210112
1790310513.427842,22582394880,92,375477000,71000,16837210112
1790310514.428464,22582394880,100,336971000,70000,16837210112
1790310515.429125,22582394880,97,402472000,72000,16837210112
1790310516.4299502,22582394880,100,390810000,70000,16837210112
1790310517.4307551,22582394880,29,315926000,64000,16837210112
1790310518.4317205,22603366400,100,327197000,71000,16837210112
1790310519.4325113,22603366400,100,404738000,71000,16837210112
1790310520.4730504,22603366400,99,403724000,70000,16837210112
1790310521.4737303,22603366400,100,388891000,70000,16837210112
1790310522.4747632,22603366400,100,382089000,70000,16837210112
1790310523.4757986,22603366400,92,392539000,72000,16837210112
1790310524.4768364,22603366400,100,399470000,71000,16837210112
1790310525.4775379,22603366400,88,393336000,71000,16837210112
1790310526.4786236,22603366400,100,395450000,70000,16837210112
1790310527.4792771,22603366400,100,391529000,71000,16837210112
1790310528.479805,22603366400,100,392040000,70000,16837210112
1790310529.4802947,22603366400,100,382169000,70000,16837210112
1790310530.480882,22603366400,100,384672000,71000,16837210112
1790310531.4815042,22603366400,29,303133000,64000,16837210112
1790310532.482066,22603366400,100,338443000,70000,16837210112
1790310533.4826353,22603366400,100,380115000,71000,16837210112
1790310534.4833267,22603366400,100,382290000,71000,16837210112
1790310535.4838912,22603366400,100,391285000,70000,16837210112
1790310536.4844959,22603366400,100,392458000,72000,16837210112
1790310537.48532,22603366400,100,398190000,71000,16838168576
1790310538.4858804,22603366400,100,322452000,70000,16838131712
1790310539.48649,22603366400,100,382509000,70000,16838131712
1790310540.4871666,22603366400,100,380464000,70000,16838131712
1790310541.4877408,22603366400,100,378409000,70000,16838131712
1790310542.488378,22603366400,100,384311000,70000,16838131712
1790310543.4892178,22603366400,91,334432000,69000,16838131712
1790310544.4897282,22603366400,100,381326000,70000,16838131712
1790310545.4909005,22603366400,100,376993000,70000,16838131712
1790310546.4918518,22603366400,58,369699000,68000,16838131712
1790310547.4925852,22603366400,100,214751000,69000,16838131712
1790310548.493123,22603366400,100,373560000,69000,16838131712
1790310549.4940727,22603366400,100,364078000,69000,16838131712
1790310550.4947865,22603366400,38,340959000,66000,16838131712
1790310551.4954484,22603366400,100,375446000,71000,16838131712
1790310552.4961896,22603366400,100,398617000,71000,16838131712
1790310553.4972394,22603366400,100,384532000,70000,16838131712
1790310554.497791,22603366400,100,380979000,69000,16838131712
1790310555.4989338,22603366400,92,385133000,71000,16838131712
1790310556.500032,22603366400,100,329806000,71000,16838131712
1790310557.500767,22603366400,100,344897000,71000,16838131712
1790310558.501507,22603366400,100,391192000,70000,16838131712
1790310559.5020456,22603366400,100,368216000,69000,16838131712
1790310560.5025601,22603366400,100,374893000,70000,16838131712
1790310561.5031333,22603366400,100,385552000,71000,16838131712
1790310562.503851,22603366400,100,400194000,72000,16838131712
1790310563.504641,22603366400,100,389256000,70000,16838131712
1790310564.5053022,22603366400,97,394190000,71000,16838131712
1790310565.5061235,22603366400,58,345716000,70000,16838131712
1790310566.7266061,22603366400,0,185279000,60000,16838131712
1790310567.7271097,22603366400,44,207398000,63000,16838131712
1790310568.7276254,22603366400,100,352886000,69000,16838131712
1790310569.7281868,22603366400,100,377167000,70000,16838131712
1790310570.728899,22603366400,100,377558000,69000,16838131712
1790310571.7295794,22603366400,100,380183000,70000,16838131712
1790310572.7302794,22603366400,100,378276000,70000,16838131712
1790310573.7308555,22603366400,100,389534000,71000,16838131712
1790310574.7324069,22603366400,100,387551000,68000,16838131712
1790310575.733133,22603366400,100,374185000,69000,16838131712
1790310576.7343543,22603366400,100,378680000,70000,16838131712
1790310577.7353463,22603366400,100,321305000,70000,16838131712
1790310578.7362552,22603366400,93,394451000,69000,16838131712
1790310579.737568,22603366400,89,388060000,71000,16838131712
1790310580.738134,22603366400,100,401823000,71000,16838131712
1790310581.7415435,22603366400,95,397077000,72000,16838131712
1790310582.7423005,22603366400,26,322464000,70000,16838131712
1790310583.7429295,22603366400,100,379708000,69000,16838131712
1790310584.7441034,22603366400,100,368712000,65000,16838131712
1790310585.7455368,22603366400,100,319799000,70000,16838131712
1790310586.746444,22603366400,100,379185000,71000,16838131712
1790310587.7471657,22603366400,100,382675000,71000,16838131712
1790310588.7480788,22603366400,88,400693000,71000,16838131712
1790310589.7490094,22603366400,100,392388000,71000,16838131712
1790310590.750372,22603366400,100,395148000,71000,16838131712
1790310591.7512548,22603366400,100,339672000,70000,16838131712
1790310592.7528632,22603366400,100,384885000,70000,16838131712
1790310593.7535307,22603366400,100,380611000,70000,16838131712
1790310594.7544532,22603366400,100,384571000,70000,16838131712
1790310595.7562816,22603366400,98,379476000,70000,16838131712
1790310596.7577026,22603366400,92,389748000,71000,16838131712
1790310597.758604,22603366400,28,335846000,64000,16838131712
1790310598.7594361,22603366400,100,356118000,70000,16838131712
1790310599.760346,22603366400,100,342395000,70000,16838131712
1790310600.7617953,22603366400,80,371514000,69000,16838131712
1790310601.7624507,22603366400,100,397787000,71000,16838131712
1790310602.76324,22603366400,2,309324000,64000,16838131712
1790310603.7639709,22603366400,100,329479000,69000,16838131712
1790310604.764916,22603366400,100,357480000,70000,16838131712
1790310605.766494,22603366400,34,247269000,65000,16838131712
1790310606.7673652,22603366400,100,358396000,68000,16838131712
1790310607.768299,22603366400,100,381515000,70000,16838131712
1790310608.769034,22603366400,100,294254000,63000,16838131712
1790310609.7697551,22603366400,100,321520000,70000,16838131712
1790310610.7722383,22603366400,100,390085000,70000,16838131712
1790310611.7729084,22603366400,100,304391000,68000,16839315456
1790310612.7737722,22603366400,100,327232000,69000,16839278592
1790310613.7752843,22603366400,100,378571000,69000,16839278592
1790310614.776014,22603366400,98,379143000,69000,16839278592
1790310615.7765326,22603366400,100,370926000,70000,16839278592
1790310616.7771463,22603366400,100,386131000,69000,16839278592
1790310617.777782,22603366400,100,385433000,69000,16839278592
1790310618.7784407,22603366400,100,395146000,71000,16839278592
1790310619.778998,22603366400,89,394922000,71000,16839278592
1790310620.7801213,22603366400,97,401517000,70000,16839278592
1790310621.7809095,22603366400,100,383877000,70000,16839278592
1790310622.7815955,22603366400,73,324075000,70000,16839278592
1790310623.7824879,22603366400,100,387680000,71000,16839278592
1790310624.7831683,22603366400,100,383094000,69000,16839278592
1790310625.7836697,22603366400,100,387926000,71000,16839278592
1790310626.7842317,22603366400,97,384092000,71000,16839278592
1790310627.7854578,22603366400,100,377276000,70000,16839278592
1790310628.786272,22603366400,100,373484000,69000,16839278592
1790310629.7870598,22603366400,100,381517000,71000,16839278592
1790310630.7876673,22603366400,100,394789000,70000,16839278592
1790310631.7887783,22603366400,100,386994000,71000,16839434240
1790310632.789289,22603366400,100,394636000,70000,16839434240
1790310633.789884,22603366400,12,331577000,70000,16840622080
1790310634.79102,22603366400,100,319894000,64000,16840622080
1790310635.7917101,22603366400,100,368475000,70000,16840622080
1790310636.7924542,22603366400,100,382814000,70000,16840622080
1790310637.793122,22603366400,100,377379000,69000,16840622080
1790310638.7937498,22603366400,100,330535000,71000,16840622080
1790310639.794824,22603366400,25,328219000,70000,16840622080
1790310640.79548,22603366400,100,401516000,72000,16840622080
1790310642.047998,22603366400,100,305459000,61000,16840622080
1790310643.048726,22603366400,100,259134000,69000,16840622080
1790310644.0494654,22603366400,100,358202000,69000,16840622080
1790310645.050183,22603366400,100,392019000,71000,16840622080
1790310646.0510578,22603366400,96,396532000,70000,16840622080
1790310647.051928,22603366400,93,384417000,71000,16840622080
1790310648.0534117,22603366400,25,282863000,64000,16840622080
1790310649.0541387,22603366400,100,373300000,70000,16840622080
1790310650.0547707,22603366400,99,394933000,70000,16840622080
1790310651.0556123,22603366400,100,383111000,69000,16840622080
1790310652.0562432,22603366400,100,376814000,70000,16840622080
1790310653.0569775,22603366400,100,389796000,70000,16840622080
1790310654.0578558,22603366400,100,361825000,66000,16840622080
1790310655.0593045,22603366400,100,283428000,69000,16840622080
1790310656.0602903,22603366400,100,384008000,69000,16840622080
1790310657.0618985,22603366400,100,401343000,71000,16840622080
1790310658.062676,22603366400,100,400335000,71000,16840622080
1790310659.063476,22603366400,100,402006000,71000,16840622080
1790310660.064081,22603366400,100,404015000,71000,16840622080
1790310661.0654902,22603366400,100,368842000,62000,16841842688
1790310662.066662,22603366400,100,218981000,63000,16841842688
1790310663.0690587,22603366400,100,304176000,71000,16841842688
1790310664.0701168,22603366400,25,289261000,64000,16841842688
1790310665.0708344,22603366400,28,248689000,70000,16841842688
1790310666.071738,22603366400,100,392251000,69000,16841842688
1790310667.0728464,22603366400,100,376207000,70000,16841842688
1790310668.0744624,22603366400,85,382435000,68000,16841842688
1790310669.0757911,22603366400,28,301623000,70000,16841842688
1790310670.076865,22603366400,100,329773000,70000,16841842688
1790310671.0777655,22603366400,100,402777000,70000,16841842688
1790310672.0788069,22603366400,100,394736000,70000,16841842688
1790310673.0795429,22603366400,100,377198000,69000,16841842688
1790310674.080793,22603366400,32,324348000,68000,16841842688
1790310675.0820303,22603366400,27,327673000,70000,16841842688
1790310676.0831695,22603366400,24,330093000,71000,16841842688
1790310677.084314,22603366400,100,403797000,70000,16841842688
1790310678.08566,22603366400,97,402201000,70000,16841842688
1790310679.0865593,22603366400,100,392590000,69000,16841842688
1790310680.0873454,22603366400,90,342009000,70000,16841842688
1790310681.0881376,22603366400,100,387336000,69000,16841842688
1790310682.088711,22603366400,100,380055000,70000,16841842688
1790310683.089482,22603366400,94,387813000,70000,16841842688
1790310684.090803,22603366400,100,399637000,70000,16841842688
1790310685.0914228,22603366400,100,391478000,70000,16841842688
1790310686.0922618,22603366400,24,318353000,67000,16841842688
1790310687.0932443,22603366400,100,327691000,69000,16841842688
1790310688.0939348,22603366400,100,379907000,70000,16841842688
1790310689.0948913,22603366400,100,381010000,69000,16841842688
1790310690.0956354,22603366400,100,344949000,65000,16841842688
1790310691.0967262,22603366400,100,351008000,70000,16841842688
1790310692.0977218,22603366400,100,387806000,71000,16841842688
1790310693.0989707,22603366400,27,323855000,71000,16841842688
1790310694.0998585,22603366400,50,297190000,67000,16841842688
1790310695.1004963,22603366400,100,371394000,70000,16841842688
1790310696.5043206,22603366400,0,314860000,60000,16841842688
1790310697.5050514,22603366400,100,273761000,69000,16841842688
1790310698.5057867,22603366400,100,374815000,70000,16841842688
1790310699.506424,22603366400,100,382031000,70000,16841842688
1790310700.5073304,22603366400,100,379897000,69000,16841842688
1790310701.5082228,22603366400,100,380059000,69000,16841842688
1790310702.5089831,22603366400,100,369602000,69000,16841842688
1790310703.5098238,22603366400,100,365287000,70000,16841842688
1790310704.5106773,22603366400,100,398422000,71000,16841842688
1790310705.511321,22603366400,100,327213000,71000,16841842688
1790310706.5118737,22603366400,89,341151000,71000,16841842688
1790310707.5212853,22603366400,100,401337000,70000,16841842688
1790310708.5221462,22603366400,100,384926000,69000,16841842688
1790310709.5231392,22603366400,94,383460000,71000,16841842688
1790310710.5242026,22603366400,100,327291000,69000,16841842688
1790310711.5248342,22603366400,100,399516000,70000,16841842688
1790310712.5255828,22603366400,100,391272000,70000,16841842688
1790310713.5263274,22603366400,54,386672000,65000,16841842688
1790310714.5270598,22603366400,100,339308000,71000,16841842688
1790310715.5281558,22603366400,100,394121000,70000,16841842688
1790310716.5289772,22603366400,100,379939000,69000,16841842688
1790310717.5297906,22603366400,100,362773000,69000,16841842688
1790310718.5310175,22603366400,100,385376000,70000,16841842688
1790310719.5319257,22603366400,100,385968000,70000,16841842688
1790310720.5330079,22603366400,100,381399000,68000,16841842688
1790310721.5338576,22603366400,100,344926000,70000,16841842688
1790310722.5345027,22603366400,91,399459000,71000,16841842688
1790310723.535586,22603366400,100,346459000,71000,16841842688
1790310724.536286,22603366400,100,396355000,70000,16841842688
1790310725.5460663,22603366400,100,386281000,70000,16841842688
1790310726.5473547,22603366400,100,385195000,72000,16841842688
1790310727.5484219,22603366400,100,374135000,71000,16841842688
1790310728.549206,22603366400,49,382331000,67000,16841842688
1790310729.5500686,22603366400,99,292888000,70000,16842321920
1790310730.5511644,22603366400,100,315850000,69000,16842981376
1790310731.552337,22603366400,100,387814000,70000,16842981376
1790310732.5534334,22603366400,100,388689000,70000,16842981376
1790310733.5546737,22603366400,82,386061000,70000,16842981376
1790310734.5553432,22603366400,100,396095000,71000,16842981376
1790310735.5560153,22603366400,100,397858000,70000,16842981376
1790310736.5569108,22603366400,100,382288000,70000,16842981376
1790310737.5581417,22603366400,100,375344000,70000,16842981376
1790310738.5592165,22603366400,100,390143000,72000,16842981376
1790310739.5598218,22603366400,100,325454000,70000,16842981376
1790310740.5610144,22603366400,35,341944000,65000,16842981376
1790310741.5617452,22603366400,100,358211000,70000,16842981376
1790310742.5629113,22603366400,100,379650000,71000,16842981376
1790310743.563652,22603366400,100,384317000,71000,16842981376
1790310744.5642984,22603366400,100,380228000,69000,16842981376
1790310745.5648835,22603366400,100,382486000,71000,16842981376
1790310746.5662231,22603366400,89,399688000,71000,16842981376
1790310747.5668485,22603366400,100,396569000,70000,16842981376
1790310748.5678456,22603366400,0,356561000,62000,16844124160
1790310749.5688398,22603366400,72,318348000,65000,16844124160
1790310750.569741,22603366400,100,278004000,71000,16844124160
1790310751.5708377,22603366400,81,385470000,71000,16844124160
1790310752.571667,22603366400,96,396582000,71000,16844124160
1790310753.572336,22603366400,78,395809000,71000,16844124160
1790310754.573026,22603366400,100,343749000,71000,16844124160
1790310755.57365,22603366400,100,392200000,70000,16844124160
1790310756.5747042,22603366400,100,387781000,71000,16844124160
1790310757.5754085,22603366400,96,399141000,70000,16844124160
1790310759.0790017,22603366400,77,182518000,60000,16844124160
1790310760.0802457,22603366400,99,262099000,71000,16844124160
1790310761.0815997,22603366400,55,317043000,64000,16844124160
1790310762.0825477,22603366400,100,343781000,71000,16844124160
1790310763.0831747,22603366400,88,326954000,64000,16844124160
1790310764.0837314,22603366400,100,323130000,70000,16844124160
1790310765.0847118,22603366400,95,387543000,69000,16844124160
1790310766.0857005,22603366400,74,362380000,70000,16844124160
1790310767.0865617,22603366400,100,382644000,69000,16844124160
1790310768.0875726,22603366400,89,389821000,71000,16844124160
1790310769.088927,22603366400,100,363635000,65000,16844124160
1790310770.089716,22603366400,100,370369000,69000,16844124160
1790310771.0909271,22603366400,100,401334000,71000,16844124160
1790310772.0916982,22603366400,96,396803000,70000,16844611584
1790310773.0923207,22603366400,6,326619000,69000,16845365248
1790310774.0934906,22603366400,100,384454000,71000,16845365248
1790310775.0943427,22603366400,100,385144000,71000,16845365248
1790310776.095308,22603366400,99,393223000,70000,16846008320
1790310777.0964568,22603366400,97,342478000,70000,16846692352
1790310778.0971484,22603366400,100,376712000,69000,16846692352
1790310779.097879,22603366400,43,290637000,63000,16846692352
1790310780.099002,22603366400,76,298055000,71000,16846692352
1790310781.0997953,22603366400,29,264065000,70000,16846692352
1790310782.100751,22603366400,100,366022000,64000,16846692352
1790310783.1015072,22603366400,100,343307000,69000,16846692352
1790310784.1023397,22603366400,100,365900000,69000,16846692352
1790310785.1031604,22603366400,100,356074000,68000,16846692352
1790310786.1043205,22603366400,100,390490000,71000,16846692352
1790310787.105342,22603366400,100,397753000,71000,16846692352
1790310788.1064086,22603366400,70,342158000,70000,16846692352
1790310789.1071696,22603366400,100,382609000,70000,16846692352
1790310790.1078458,22603366400,100,380061000,71000,16846692352
1790310791.10849,22603366400,100,383066000,69000,16846692352
1790310792.1090002,22603366400,100,375843000,70000,16846692352
1790310793.1096635,22603366400,47,321164000,70000,16846692352
1790310794.1103325,22603366400,70,375442000,70000,16846692352
1790310795.1113565,22603366400,89,393352000,69000,16846692352
1790310796.1122434,22603366400,100,335491000,69000,16846692352
1790310797.11319,22603366400,92,386127000,70000,16846692352
1790310798.1140382,22603366400,100,382596000,70000,16846692352
1790310799.1146564,22603366400,97,399789000,71000,16846692352
1790310800.1154153,22603366400,52,345817000,70000,16846692352
1790310801.115984,22603366400,100,400233000,71000,16846692352
1790310802.1167946,22603366400,100,403565000,72000,16846692352
1790310803.1175482,22603366400,47,333670000,71000,16846692352
1790310804.1185231,22603366400,100,385440000,71000,16846692352
1790310805.1195269,22603366400,100,387173000,71000,16846692352
1790310806.120123,22603366400,97,406950000,71000,16846692352
1790310807.1210964,22603366400,81,322540000,63000,16846692352
1790310808.1219652,22603366400,97,391857000,71000,16846692352
1790310809.12259,22603366400,100,400797000,71000,16846692352
1790310810.1232314,22603366400,92,400280000,72000,16846692352
1790310811.1243165,22603366400,100,405428000,72000,16846692352
1790310812.125405,22603366400,99,395869000,71000,16846692352
1790310813.126253,22603366400,100,386650000,70000,16846692352
1790310814.1270525,22603366400,100,359795000,66000,16846692352
1790310815.128339,22603366400,100,177339000,60000,16846692352
1790310816.129145,22603366400,63,267865000,70000,16846692352
1790310817.1299675,22603366400,100,398550000,71000,16846692352
1790310818.1306305,22603366400,100,385346000,69000,16846692352
1790310819.1319633,22603366400,100,382171000,69000,16846692352
1790310820.132615,22603366400,100,390844000,71000,16846692352
1790310821.133603,22603366400,24,331457000,71000,16846692352
1790310822.1345716,22603366400,100,386786000,69000,16846987264
1790310823.1350772,22603366400,0,317912000,69000,16847695872
1790310824.135694,22603366400,95,379905000,70000,16847695872
1790310825.136381,22603366400,100,398641000,71000,16847695872
1790310826.1376443,22603366400,31,265766000,64000,16847695872
1790310827.1384368,22603366400,98,386687000,70000,16847695872
1790310828.1390078,22603366400,100,389364000,70000,16847695872
1790310829.2669604,22603366400,74,331325000,70000,16847695872
1790310830.2680273,22603366400,100,397261000,71000,16847695872
1790310831.268848,22603366400,97,400240000,72000,16847695872
1790310832.269747,22603366400,35,344943000,71000,16847695872
1790310833.2709074,22603366400,100,404462000,71000,16847695872
1790310834.271744,22603366400,90,383669000,70000,16847695872
1790310835.2723565,22603366400,100,383532000,71000,16847695872
1790310836.2739081,22603366400,100,379726000,70000,16847695872
1790310837.2746966,22603366400,100,401667000,71000,16847695872
1790310838.2758088,22603366400,100,402106000,71000,16847695872
1790310839.2769592,22603366400,83,324755000,68000,16847695872
1790310840.2779639,22603366400,66,353960000,71000,16847695872
1790310841.2791631,22603366400,97,400378000,72000,16847695872
1790310842.2802827,22603366400,99,401820000,71000,16847695872
1790310843.2824416,22603366400,100,396957000,72000,16847695872
1790310844.284872,22603366400,31,341854000,70000,16847695872
1790310845.2856543,22603366400,100,395459000,71000,16847695872
1790310846.2862303,22603366400,26,281973000,64000,16847695872
1790310847.2868307,22603366400,77,304438000,70000,16847695872
1790310848.2875085,22603366400,100,398147000,71000,16847695872
1790310849.2883415,22603366400,100,398003000,70000,16847695872
1790310850.2892523,22603366400,84,319313000,71000,16847695872
1790310851.2902992,22603366400,27,360528000,64000,16847695872
1790310852.2910252,22603366400,93,214646000,69000,16847695872
1790310853.2918355,22603366400,100,343022000,71000,16847695872
1790310854.2924333,22603366400,100,399217000,69000,16847695872
1790310855.2930055,22603366400,100,331909000,69000,16848814080
1790310856.2942579,22603366400,66,380903000,71000,16848814080
1790310857.2949324,22603366400,24,287213000,63000,16848814080
1790310858.2957764,22603366400,100,302300000,70000,16848814080
1790310859.296609,22603366400,91,316250000,69000,16848814080
1790310860.2978656,22603366400,100,368182000,69000,16849289216
1790310861.2984138,22603366400,100,345339000,68000,16849993728
1790310862.299465,22603366400,94,364274000,69000,16849993728
1790310863.3001132,22603366400,100,390230000,69000,16849993728
1790310864.301273,22603366400,92,388352000,70000,16849993728
1790310865.3019176,22603366400,100,397590000,70000,16849993728
1790310866.8947709,22603366400,99,225005000,59000,16849993728
1790310867.8953204,22603366400,100,318825000,68000,16849993728
1790310868.8962603,22603366400,100,375324000,67000,16849993728
1790310869.897427,22603366400,30,304892000,66000,16849993728
1790310870.8983426,22603366400,100,311947000,64000,16849993728
1790310871.8989282,22603366400,100,266588000,61000,16851181568
1790310872.8996007,22603366400,100,344575000,68000,16870060032
1790310873.9006119,22603366400,100,339390000,66000,16851181568
1790310874.901459,22603366400,100,376008000,69000,16851181568
1790310875.902344,22603366400,100,397239000,69000,16851181568
1790310876.9041243,22603366400,100,401921000,71000,16851181568
1790310877.9048066,22603366400,97,399565000,70000,16851181568
1790310878.905725,22603366400,100,372237000,65000,16851181568
1790310879.9066265,22603366400,100,345438000,71000,16851181568
1790310880.9073398,22603366400,25,336257000,69000,16851181568
1790310881.9081419,22603366400,100,381166000,70000,16851181568
1790310882.9088013,22603366400,99,393439000,70000,16851181568
1790310883.909761,22603366400,100,401086000,71000,16851181568
1790310884.9107485,22603366400,100,313063000,67000,16851181568
1790310885.9113467,22603366400,55,331375000,70000,16851181568
1790310886.9121978,22603366400,100,402254000,71000,16851181568
1790310887.9134352,22603366400,100,325656000,67000,16851181568
1790310888.9146261,22603366400,42,282480000,63000,16851185664
1790310889.9153278,22603366400,100,304800000,69000,16851181568
1790310890.9161694,22603366400,23,253479000,69000,16851210240
1790310891.9169874,22603366400,100,394268000,69000,16851181568
1790310892.9177184,22603366400,98,403161000,70000,16851181568
1790310893.9185042,22603366400,100,385419000,69000,16851181568
1790310894.9194393,22603366400,100,317158000,68000,16852303872
1790310895.920736,22603366400,100,386029000,70000,16852303872
1790310896.9215295,22603366400,70,331046000,69000,16852303872
1790310897.9222825,22603366400,100,389012000,70000,16852303872
1790310898.9234426,22603366400,100,355106000,65000,16852303872
1790310899.9242425,22603366400,76,343881000,70000,16852303872
1790310900.9253957,22603366400,100,388277000,69000,16852303872
1790310901.9261248,22603366400,91,311850000,68000,16852303872
1790310902.9268947,22603366400,100,382715000,70000,16852303872
1790310903.928151,22603366400,100,377539000,68000,16852303872
1790310904.9296145,22603366400,100,391436000,69000,16852303872
1790310905.9302733,22603366400,100,382690000,70000,16852303872
1790310906.9310093,22603366400,100,383021000,69000,16852303872
1790310907.9318402,22603366400,100,377558000,70000,16852303872
1790310908.9327571,22603366400,97,386329000,70000,16852303872
1790310909.933738,22603366400,43,327990000,69000,16852303872
1790310910.9346733,22603366400,100,375732000,71000,16852303872
1790310911.9355848,22603366400,91,389517000,71000,16852303872
1790310912.9364142,22603366400,100,387967000,71000,16852303872
1790310913.9370837,22603366400,100,312358000,68000,16852303872
1790310914.9378319,22603366400,100,383870000,70000,16852303872
1790310915.9383318,22603366400,100,377871000,69000,16852303872
1790310916.93888,22603366400,100,392945000,71000,16852303872
1790310917.9397843,22603366400,23,325004000,71000,16852303872
1790310918.940711,22603366400,100,340968000,68000,16852303872
1790310919.941365,22603366400,100,371878000,68000,16852303872
1790310920.9432557,22603366400,100,393475000,71000,16852303872
1790310921.9449308,22603366400,80,300607000,64000,16852303872
1790310922.9458811,22603366400,100,327224000,71000,16852303872
1790310924.1213706,22603366400,15,231155000,59000,16852303872
1790310925.1222453,22603366400,29,191472000,68000,16852303872
1790310926.1233861,22603366400,98,395709000,66000,16852303872
1790310927.124245,22603366400,28,202878000,66000,16852303872
1790310928.124924,22603366400,100,370935000,69000,16852303872
1790310929.1256802,22603366400,100,384613000,69000,16852303872
1790310930.1264393,22603366400,30,331141000,69000,16852303872
1790310931.1277096,22603366400,25,266579000,69000,16852303872
1790310932.128888,22603366400,100,374191000,68000,16852303872
1790310933.1296504,22603366400,100,390263000,69000,16852303872
1790310934.1319447,22603366400,100,382887000,68000,16852303872
1790310935.1329749,22603366400,100,377648000,70000,16852303872
1790310936.1339078,22603366400,100,354597000,63000,16852303872
1790310937.1347616,22603366400,88,357474000,69000,16852303872
1790310938.1356494,22603366400,25,322728000,70000,16852303872
1790310939.1374032,22603366400,82,332036000,68000,16852303872
1790310940.1390107,22603366400,97,398847000,70000,16852303872
1790310941.139999,22603366400,100,390348000,68000,16852303872
1790310942.1408184,22603366400,100,382673000,70000,16852303872
1790310943.142131,22603366400,91,393752000,70000,16852303872
1790310944.1429648,22603366400,100,394626000,69000,16852303872
1790310945.1437323,22603366400,100,380908000,70000,16852303872
1790310946.144707,22603366400,100,383381000,69000,16852303872
1790310947.1453547,22603366400,100,378499000,69000,16852303872
1790310948.145963,22603366400,100,374171000,70000,16852303872
1790310949.265152,22603366400,30,284599000,64000,16852303872
1790310950.2659862,22603366400,100,352146000,69000,16852307968
1790310951.2666988,22603366400,100,378683000,69000,16852303872
1790310952.2681324,22603366400,100,376648000,68000,16852303872
1790310953.268955,22603366400,100,392803000,71000,16852303872
1790310954.2699952,22603366400,58,310113000,70000,16852303872
1790310955.2709622,22603366400,100,397469000,69000,16852303872
1790310956.2719982,22603366400,100,382708000,70000,16852303872
1790310957.2727034,22603366400,100,380405000,70000,16852303872
1790310958.2734494,22603366400,100,376887000,68000,16852303872
1790310959.2742047,22603366400,100,377078000,70000,16852303872
1790310960.275219,22603366400,100,318621000,64000,16852303872
1790310961.2765813,22603366400,99,323597000,70000,16852303872
1790310962.2777336,22603366400,100,407717000,71000,16852303872
1790310963.2784636,22603366400,33,263562000,69000,16853540864
1790310964.2939734,22603366400,7,339438000,69000,16853504000
1790310965.2949903,22603366400,99,396424000,70000,16853504000
1790310966.2956815,22603366400,100,402750000,70000,16853504000
1790310967.296663,22603366400,100,394521000,70000,16853504000
1790310968.2979136,22603366400,78,377754000,66000,16853504000
1790310969.29884,22603366400,100,342707000,70000,16853504000
1790310970.2998528,22603366400,100,399917000,70000,16853504000
1790310971.3180578,22603366400,100,350528000,69000,16854691840
1790310972.3188248,22603366400,100,380005000,70000,16854691840
1790310973.3199809,22603366400,100,372268000,71000,16854691840
1790310974.320768,22603366400,100,401159000,71000,16854691840
1790310975.321493,22603366400,30,362158000,64000,16854691840
1790310976.3227336,22603366400,97,355203000,71000,16854691840
1790310977.3236127,22603366400,12,356483000,68000,16855834624
1790310978.3241851,22603366400,100,367240000,70000,16855834624
1790310979.3250732,22603366400,100,391843000,67000,16857030656
1790310980.3258624,22603366400,100,346486000,70000,16856993792
1790310981.3265502,22603366400,100,391477000,70000,16856993792
1790310982.3273928,22603366400,100,391525000,70000,16856993792
1790310983.3281188,22605463552,21,340939000,69000,16858173440
1790310984.3291452,22605463552,100,367936000,70000,16858173440
1790310985.3298767,22605463552,100,390087000,71000,16858173440
1790310986.3306,22605463552,100,400344000,72000,16858173440
1790310988.1221504,22605463552,100,204968000,60000,16858173440
1790310989.1229239,22605463552,100,250657000,69000,16858173440
1790310990.1238606,22605463552,100,384245000,70000,16858173440
1790310991.124931,22605463552,98,402171000,71000,16858173440
1790310992.1261878,22605463552,34,338279000,70000,16858173440
1790310993.1270106,22605463552,78,376853000,70000,16858173440
1790310994.1281393,22605463552,33,263109000,65000,16858173440
1790310995.1288688,22605463552,100,352169000,69000,16858173440
1790310996.1297019,22605463552,98,386618000,70000,16858173440
1790310997.1305254,22605463552,100,384475000,69000,16858173440
1790310998.1313968,22605463552,100,382624000,70000,16858173440
1790310999.1322637,22605463552,100,381878000,70000,16858173440
1790311000.1339965,22605463552,100,377241000,70000,16858173440
1790311001.1350837,22605463552,100,395832000,69000,16858173440
1790311002.1362069,22605463552,86,285836000,63000,16858173440
1790311003.136887,22605463552,56,281955000,71000,16858173440
1790311004.137637,22605463552,100,400223000,70000,16858173440
1790311005.138849,22605463552,100,395745000,71000,16858173440
1790311006.1396158,22605463552,100,408065000,71000,16858173440
1790311007.1408548,22605463552,100,399623000,71000,16858173440
1790311008.141776,22605463552,100,385502000,69000,16858173440
1790311009.2538114,22605463552,100,379136000,69000,16858173440
1790311010.2548177,22605463552,100,391747000,71000,16858173440
1790311011.25542,22605463552,100,404267000,71000,16858173440
1790311012.2564313,22605463552,96,379314000,71000,16858173440
1790311013.2573962,22605463552,88,375118000,65000,16858173440
1790311014.2583172,22605463552,100,332647000,70000,16858173440
1790311015.2592416,22605463552,95,382087000,71000,16858173440
1790311016.259986,22605463552,98,397344000,70000,16858173440
1790311017.2607467,22605463552,100,382731000,70000,16858173440
1790311018.2613595,22605463552,100,377229000,69000,16858173440
1790311019.262081,22605463552,86,381992000,71000,16858173440
1790311020.2628646,22605463552,100,402615000,71000,16858173440
1790311021.2643385,22605463552,38,286316000,64000,16858173440
1790311022.2654722,22605463552,100,288105000,64000,16858173440
1790311023.2664766,22605463552,91,323651000,71000,16858173440
1790311024.283889,22605463552,100,380662000,69000,16858173440
1790311025.2848425,22605463552,100,366055000,70000,16858173440
1790311026.2855258,22605463552,100,381981000,70000,16858173440
1790311027.286488,22605463552,100,381129000,69000,16858173440
1790311028.2872844,22605463552,83,377293000,70000,16858173440
1790311029.288488,22605463552,100,380109000,70000,16858173440
1790311030.289629,22605463552,100,374797000,69000,16858173440
1790311031.290654,22605463552,90,361733000,70000,16858173440
1790311032.2913473,22605463552,100,380911000,69000,16858173440
1790311033.2920575,22605463552,100,376068000,70000,16858173440
1790311034.2935243,22605463552,23,312965000,71000,16858173440
1790311035.294876,22605463552,56,336188000,70000,16858173440
1790311036.2957466,22605463552,81,394399000,72000,16858173440
1790311037.2965355,22605463552,29,337145000,71000,16858173440
1790311038.2973075,22605463552,32,306343000,71000,16858173440
1790311039.2982996,22605463552,100,386279000,69000,16858173440
1790311040.299284,22605463552,100,389948000,71000,16858173440
1790311041.2998948,22605463552,71,387712000,65000,16858173440
1790311042.300599,22605463552,93,324993000,71000,16858173440
1790311043.3014429,22605463552,88,399203000,71000,16858173440
1790311044.302124,22605463552,100,398369000,72000,16858173440
1790311045.3035955,22605463552,0,173853000,63000,16858173440
1790311046.3050022,22605463552,92,290044000,70000,16858173440
1790311047.30598,22605463552,97,398107000,71000,16858173440
1790311048.3068163,22605463552,100,392688000,69000,16858173440
1790311049.307512,22605463552,100,321223000,68000,16859308032
1790311050.3082302,22605463552,83,355656000,70000,16859308032
1790311051.3088539,22605463552,100,392860000,70000,16859308032
1790311052.3094647,22605463552,100,310772000,70000,16860401664
1790311053.310028,22605463552,100,392108000,71000,16860401664
1790311054.310897,22605463552,40,377066000,66000,16860401664
1790311055.3114915,22605463552,100,340577000,69000,16860401664
1790311056.312232,22605463552,68,376723000,68000,16860401664
1790311057.3135152,22605463552,100,369217000,70000,16860401664
1790311058.3142185,22605463552,100,378331000,70000,16860401664
1790311059.314906,22605463552,100,379125000,70000,16860401664
1790311060.316125,22605463552,98,377527000,71000,16860401664
1790311061.317005,22605463552,100,375752000,69000,16860401664
1790311062.3177447,22605463552,100,376906000,69000,16860401664
1790311063.3184392,22605463552,100,380405000,70000,16860401664
1790311064.3190594,22605463552,100,391443000,70000,16860401664
1790311065.3199089,22605463552,100,384604000,70000,16860401664
1790311066.32081,22605463552,100,380548000,70000,16860401664
1790311067.3216395,22605463552,100,380047000,70000,16860401664
1790311068.3223639,22605463552,100,376601000,70000,16860401664
1790311069.323059,22605463552,100,383754000,69000,16860401664
1790311070.3238926,22605463552,100,377575000,69000,16860401664
1790311071.32462,22605463552,100,380360000,70000,16860401664
1790311072.32617,22605463552,100,330977000,71000,16860401664
1790311073.3269339,22605463552,100,386248000,69000,16860401664
1790311074.3280203,22605463552,28,328909000,64000,16860401664
1790311075.3289545,22605463552,35,310635000,62000,16861614080
1790311076.3298633,22605463552,100,359852000,70000,16861614080
1790311077.3305626,22605463552,23,342070000,64000,16861614080
1790311078.331845,22605463552,91,309212000,70000,16861618176
1790311079.3328807,22605463552,100,385575000,69000,16861618176
1790311080.333582,22605463552,100,381852000,70000,16861618176
1790311081.3343165,22605463552,100,400880000,71000,16861618176
1790311082.3635044,22605463552,90,389917000,67000,16861618176
1790311083.3643932,22605463552,100,327723000,70000,16862855168
1790311084.3651667,22605463552,100,392157000,71000,16862855168
1790311085.3662314,22605463552,100,404916000,70000,16862855168
1790311086.3673902,22605463552,95,386481000,71000,16862855168
1790311087.368205,22605463552,99,401789000,71000,16862855168
1790311088.3687568,22605463552,100,390801000,70000,16862855168
1790311089.3695393,22605463552,100,385653000,70000,16862855168
1790311090.4716291,22605463552,100,393809000,72000,16862855168
1790311091.472381,22605463552,100,396291000,71000,16864010240
1790311092.4732316,22605463552,100,325820000,70000,16863973376
1790311093.4741778,22605463552,100,314993000,70000,16863973376
1790311094.4749014,22605463552,100,389788000,70000,16863973376
1790311095.4758856,22605463552,34,367064000,67000,16863973376
1790311096.4769037,22605463552,100,269616000,71000,16863973376
1790311097.4775054,22605463552,100,392937000,70000,16863973376
1790311098.4782336,22605463552,100,380870000,70000,16863973376
1790311099.4790614,22605463552,100,382700000,70000,16863973376
1790311100.479827,22605463552,100,374709000,69000,16863973376
1790311101.4806376,22605463552,97,368722000,70000,16863973376
1790311102.4818304,22605463552,84,323774000,70000,16863973376
1790311103.4826944,22605463552,29,218354000,63000,16863973376
1790311104.4837635,22605463552,95,349252000,70000,16863973376
1790311105.484829,22605463552,100,397518000,70000,16863973376
1790311106.486338,22605463552,90,380697000,70000,16863973376
1790311107.486923,22605463552,100,327805000,70000,16863973376
1790311108.487584,22605463552,100,329769000,71000,16863973376
1790311109.4886374,22605463552,100,403381000,71000,16863973376
1790311110.489368,22605463552,100,398387000,71000,16863973376
1790311111.4901314,22605463552,100,350344000,71000,16891240448
1790311112.491374,22605463552,100,401642000,71000,16863973376
1790311113.491996,22605463552,100,382956000,69000,16863973376
1790311114.4926174,22605463552,93,374619000,70000,16863973376
1790311115.4934971,22605463552,100,396900000,70000,16863973376
1790311116.755297,22605463552,0,245379000,61000,16863973376
1790311117.7562208,22605463552,100,228673000,68000,16863973376
1790311118.7571347,22605463552,100,383033000,69000,16863973376
1790311119.757819,22605463552,100,386358000,69000,16863973376
1790311120.7583506,22605463552,100,387370000,71000,16863973376
1790311121.7589161,22605463552,100,386033000,70000,16863973376
1790311122.75976,22605463552,48,318466000,64000,16863973376
1790311123.7605371,22605463552,100,372916000,70000,16863973376
1790311124.7615747,22605463552,100,380638000,69000,16863973376
1790311125.7628336,22605463552,100,319914000,70000,16863973376
1790311126.763924,22605463552,99,399713000,70000,16863973376
1790311127.7651496,22605463552,83,398180000,71000,16863973376
1790311128.7658129,22605463552,100,393258000,70000,16863973376
1790311129.7665043,22605463552,100,374238000,68000,16863973376
1790311130.767213,22605463552,97,370004000,70000,16863973376
1790311131.7681496,22605463552,100,251431000,70000,16863973376
1790311132.768969,22605463552,100,400928000,71000,16863973376
1790311133.7695823,22605463552,100,394834000,70000,16863973376
1790311134.770379,22605463552,100,389023000,71000,16863973376
1790311135.7711194,22605463552,99,401126000,71000,16863973376
1790311136.7720995,22605463552,100,387149000,70000,16863973376
1790311137.7732565,22605463552,100,321953000,70000,16863973376
1790311138.774202,22605463552,100,383972000,69000,16863973376
1790311139.7751083,22605463552,100,379609000,70000,16863973376
1790311140.7762995,22605463552,100,380309000,70000,16863973376
1790311141.7771957,22605463552,100,314182000,71000,16863973376
1790311142.7781928,22605463552,100,406795000,71000,16863973376
1790311143.7792873,22605463552,100,399392000,70000,16863973376
1790311144.780156,22605463552,34,338779000,65000,16863973376
1790311145.7809842,22605463552,100,306220000,70000,16863973376
1790311146.781966,22605463552,58,318831000,64000,16863973376
1790311147.7827337,22605463552,100,380039000,70000,16865169408
1790311148.7835853,22605463552,100,319289000,69000,16865169408
1790311149.7844787,22605463552,100,319907000,70000,16865169408
1790311150.7852457,22605463552,57,367319000,67000,16866631680
1790311151.7860062,22605463552,100,297672000,69000,16866594816
1790311152.7866683,22605463552,100,377008000,69000,16866594816
1790311153.7884107,22605463552,100,365674000,70000,16866594816
1790311154.7891583,22605463552,99,385490000,71000,16866594816
1790311155.7898607,22605463552,100,386143000,69000,16866594816
1790311156.7926989,22605463552,100,395573000,71000,16866594816
1790311157.7934377,22605463552,100,327201000,69000,16866594816
1790311158.7941434,22605463552,40,358178000,66000,16866594816
1790311159.7948172,22605463552,100,342560000,70000,16866594816
1790311160.7956898,22605463552,100,375575000,69000,16866594816
1790311161.7965457,22605463552,100,377899000,70000,16866594816
1790311162.7973325,22605463552,68,372901000,65000,16866594816
1790311163.7979782,22605463552,100,318263000,69000,16866594816
1790311164.7988846,22605463552,100,375313000,70000,16867680256
1790311165.7997382,22605463552,100,352050000,69000,16867680256
1790311166.8006558,22605463552,100,380721000,70000,16867680256
1790311167.8013675,22605463552,99,387014000,70000,16867680256
1790311168.802036,22605463552,100,389781000,70000,16867680256
1790311169.8028896,22605463552,100,386241000,70000,16867680256
1790311170.8036346,22605463552,93,390360000,71000,16867680256
1790311171.8044252,22605463552,46,381057000,64000,16867680256
1790311172.805429,22605463552,100,327307000,70000,16867680256
1790311173.806773,22605463552,100,330332000,70000,16867680256
1790311174.8075757,22605463552,100,393637000,71000,16867680256
1790311175.8086944,22605463552,100,404628000,71000,16867680256
1790311176.8098283,22605463552,100,341927000,70000,16867680256
1790311177.811487,22605463552,100,349416000,70000,16867680256
1790311178.8126636,22605463552,90,382047000,70000,16867680256
1790311179.814542,22605463552,100,330286000,69000,16867680256
1790311180.8159442,22605463552,97,359611000,62000,16867680256
1790311181.8166847,22605463552,100,329432000,69000,16867680256
1790311182.8173897,22605463552,100,378530000,70000,16867680256
1790311184.1023343,22605463552,29,226576000,60000,16867680256
1790311185.103167,22605463552,85,261271000,69000,16867680256
1790311186.103861,22605463552,100,395327000,70000,16867680256
1790311187.1046033,22605463552,99,393502000,71000,16867680256
1790311188.105329,22605463552,100,380449000,69000,16867680256
1790311189.106567,22605463552,100,359819000,64000,16867680256
1790311190.1073525,22605463552,32,260801000,69000,16867680256
1790311191.1084406,22605463552,100,375239000,69000,16867680256
1790311192.1096175,22605463552,57,346061000,70000,16867680256
1790311193.1103375,22605463552,100,381762000,69000,16867680256
1790311194.1111984,22605463552,100,391856000,71000,16867680256
1790311195.112378,22605463552,100,401412000,71000,16867680256
1790311196.1133604,22605463552,100,349823000,64000,16867680256
1790311197.1142635,22605463552,89,335437000,69000,16867680256
1790311198.1151595,22605463552,100,392022000,69000,16867680256
1790311199.1160471,22605463552,100,381428000,71000,16867680256
1790311200.1173315,22605463552,100,391685000,71000,16867680256
1790311201.1182876,22605463552,75,382453000,71000,16867680256
1790311202.11905,22605463552,100,339472000,71000,16867680256
1790311203.1200573,22605463552,22,326085000,71000,16867680256
1790311204.1208217,22605463552,85,333995000,69000,16867680256
1790311205.1213048,22605463552,100,382493000,69000,16867680256
1790311206.1218858,22605463552,100,380305000,71000,16867680256
1790311207.1227262,22605463552,25,296605000,65000,16867680256
1790311208.1241376,22605463552,100,333223000,70000,16867680256
1790311209.1249924,22605463552,100,400680000,71000,16867680256
1790311210.1259446,22605463552,100,402479000,70000,16867680256
1790311211.1267233,22605463552,100,379937000,69000,16867680256
1790311212.127652,22605463552,93,382552000,71000,16867680256
1790311213.1285596,22605463552,99,397071000,71000,16867680256
1790311214.1293314,22605463552,100,390159000,71000,16868642816
1790311215.13073,22605463552,100,316490000,70000,16868642816
1790311216.1315897,22605463552,30,257349000,70000,16868642816
1790311217.1325982,22605463552,100,401135000,71000,16868642816
1790311218.1333296,22605463552,100,314735000,69000,16869781504
1790311219.257772,22605463552,87,360242000,64000,16869781504
1790311220.2590332,22605463552,100,288955000,63000,16869781504
1790311221.2598598,22605463552,28,184461000,65000,16869781504
1790311222.2609224,22605463552,100,287367000,63000,16869781504
1790311223.2619834,22605463552,31,204136000,68000,16869781504
1790311224.2629762,22605463552,100,379514000,68000,16869781504
1790311225.2644103,22605463552,96,392188000,69000,16869781504
1790311226.2653975,22605463552,100,392623000,70000,16869781504
1790311227.26633,22605463552,26,269663000,68000,16869781504
1790311228.2670221,22605463552,100,381133000,68000,16869781504
1790311229.2683449,22605463552,100,374779000,69000,16869781504
1790311230.2692294,22605463552,100,387411000,69000,16869781504
1790311231.270432,22605463552,100,387586000,69000,16869781504
1790311232.271436,22605463552,100,393311000,70000,16869781504
1790311233.2722342,22605463552,20,261239000,65000,16869781504
1790311234.2735522,22605463552,34,294553000,70000,16869781504
1790311235.64767,22605463552,0,294980000,59000,16869781504
1790311236.6484613,22605463552,100,243660000,69000,16869781504
1790311237.6495378,22605463552,100,323407000,69000,16869781504
1790311238.6500688,22605463552,100,386192000,69000,16869781504
1790311239.6508794,22605463552,100,391829000,69000,16869781504
1790311240.6520796,22605463552,100,372553000,68000,16869781504
1790311241.6527672,22605463552,83,364370000,68000,16869781504
1790311242.653804,22605463552,87,390309000,70000,16869781504
1790311243.6546,22605463552,96,394455000,70000,16869781504
1790311244.6554425,22605463552,27,367369000,64000,16869781504
1790311245.6561294,22605463552,91,327401000,71000,16869781504
1790311246.6570413,22605463552,100,403604000,70000,16869781504
1790311247.657724,22605463552,77,391159000,69000,16869781504
1790311248.6583495,22605463552,100,306671000,70000,16869781504
1790311249.6592972,22605463552,100,385648000,68000,16869781504
1790311250.6600397,22605463552,100,372390000,69000,16869781504
1790311251.6608331,22605463552,100,373616000,69000,16869781504
1790311252.6615734,22605463552,100,377342000,69000,16869781504
1790311253.662412,22605463552,100,369167000,69000,16869781504
1790311254.663164,22605463552,95,357361000,69000,16869781504
1790311255.6639326,22605463552,100,392392000,69000,16869781504
1790311256.66512,22605463552,100,386859000,71000,16869781504
1790311257.6661034,22605463552,97,334424000,71000,16869781504
1790311258.6670015,22605463552,33,377810000,64000,16869781504
1790311259.6682856,22605463552,100,344622000,70000,16869781504
1790311260.6689901,22605463552,100,381617000,69000,16869781504
1790311261.6695976,22605463552,100,379586000,69000,16869781504
1790311262.672303,22605463552,100,375146000,69000,16869781504
1790311263.6730502,22605463552,100,278051000,70000,16869781504
1790311264.6739714,22605463552,32,273838000,65000,16869781504
1790311265.6746016,22605463552,100,360277000,69000,16869781504
1790311266.6751628,22605463552,100,385912000,69000,16869781504
1790311267.6756568,22605463552,100,377629000,70000,16869781504
1790311268.6762972,22605463552,100,380158000,70000,16869781504
1790311269.677226,22605463552,100,388675000,71000,16869781504
1790311270.678078,22605463552,42,382349000,64000,16869781504
1790311271.678961,22605463552,100,339003000,71000,16869781504
1790311272.679695,22605463552,67,287392000,68000,16869781504
1790311273.6808522,22605463552,100,381600000,71000,16869781504
1790311274.6814933,22605463552,100,333635000,70000,16869781504
1790311275.6820984,22605463552,100,405606000,71000,16869781504
1790311276.682973,22605463552,100,402509000,70000,16869781504
1790311277.6834683,22605463552,100,332354000,69000,16869781504
1790311278.6842701,22605463552,100,385990000,70000,16869781504
1790311279.685009,22605463552,100,395674000,70000,16869781504
1790311280.6889222,22605463552,96,399357000,71000,16869781504
1790311281.6895156,22605463552,34,301707000,64000,16869781504
1790311282.6904058,22605463552,39,336911000,65000,16869781504
1790311283.6910446,22605463552,22,265131000,63000,16869781504
1790311284.691557,22605463552,100,338095000,70000,16869781504
1790311285.692084,22605463552,100,386572000,69000,16869781504
1790311286.692609,22605463552,100,379989000,69000,16869781504
1790311287.693214,22605463552,100,385833000,70000,16869781504
1790311288.6938756,22605463552,100,397415000,71000,16869781504
1790311289.6950228,22605463552,100,399207000,71000,16869781504
1790311290.6956482,22605463552,100,401640000,71000,16869781504
1790311291.6962295,22605463552,100,392784000,70000,16869781504
1790311292.6967936,22605463552,100,375473000,69000,16869781504
1790311293.6976898,22605463552,100,382589000,70000,16869781504
1790311294.6986246,22605463552,0,256352000,60000,16869781504
1790311295.6994553,22605463552,100,265275000,70000,16869781504
1790311296.7003534,22605463552,93,398530000,66000,16869781504
1790311297.7013884,22605463552,100,335464000,71000,16869822464
1790311298.7019727,22605463552,86,333174000,70000,16869781504
1790311299.7025049,22605463552,100,382879000,70000,16869781504
1790311300.7030952,22605463552,100,381442000,69000,16869781504
1790311301.7041368,22605463552,100,349200000,70000,16869781504
1790311302.7046762,22605463552,100,387908000,69000,16869781504
1790311303.7051742,22605463552,100,376569000,69000,16869781504
1790311304.7060182,22605463552,100,374423000,71000,16869781504
1790311305.706682,22605463552,26,344230000,63000,16869781504
1790311306.707323,22605463552,100,362580000,68000,16869781504
1790311307.7088296,22605463552,98,338136000,71000,16869781504
1790311308.7096279,22605463552,100,334104000,71000,16869781504
1790311309.7104735,22605463552,81,279606000,68000,16869781504
1790311310.7110047,22605463552,100,383525000,69000,16869781504
1790311311.7118096,22605463552,95,387335000,66000,16869781504
1790311312.7125263,22605463552,34,203436000,62000,16869781504
1790311313.7130601,22605463552,100,371913000,69000,16869781504
1790311314.7135706,22605463552,100,376613000,69000,16869781504
1790311315.714563,22605463552,91,379379000,68000,16869781504
1790311316.7157369,22605463552,89,387539000,71000,16869781504
1790311317.7164025,22605463552,100,390563000,70000,16869781504
1790311318.7168968,22605463552,100,366327000,69000,16869781504
1790311319.7174466,22605463552,100,377494000,69000,16869781504
1790311320.7179937,22605463552,100,380149000,69000,16869781504
1790311321.849477,22605463552,82,317501000,65000,16869781504
1790311322.850058,22605463552,100,389399000,70000,16869781504
1790311323.8507235,22605463552,92,395427000,71000,16869781504
1790311324.8515549,22605463552,21,328391000,70000,16869781504
1790311325.8521934,22605463552,100,387989000,70000,16869781504
1790311326.8527517,22605463552,100,392244000,71000,16869781504
1790311327.853363,22605463552,33,228544000,63000,16869781504
1790311328.8538904,22605463552,100,354434000,69000,16869781504
1790311329.8549068,22605463552,100,380868000,70000,16869781504
1790311330.855647,22605463552,33,330129000,64000,16869781504
1790311331.856231,22605463552,100,371597000,70000,16869781504
1790311332.8570063,22605463552,100,393941000,70000,16869781504
1790311333.8578641,22605463552,100,396272000,71000,16869781504
1790311334.8585103,22605463552,91,398942000,71000,16869781504
1790311335.8589785,22605463552,100,383468000,69000,16869781504
1790311336.864483,22605463552,100,376500000,70000,16869781504
1790311337.8650768,22605463552,100,387791000,71000,16869781504
1790311338.8655987,22605463552,100,331944000,69000,16869781504
1790311339.866047,22605463552,100,379803000,69000,16869781504
1790311340.866704,22605463552,88,378066000,69000,16869781504
1790311341.8673663,22605463552,100,370572000,71000,16869781504
1790311342.8679593,22605463552,29,288503000,64000,16869781504
1790311343.8685114,22605463552,93,282892000,69000,16869781504
1790311344.8691294,22605463552,100,389563000,70000,16869781504
1790311345.8697388,22605463552,100,371847000,69000,16869781504
1790311346.8707776,22605463552,43,349168000,66000,16869781504
1790311347.8714917,22605463552,100,258617000,70000,16869781504
1790311348.8723285,22605463552,100,378950000,69000,16869781504
1790311349.8738177,22605463552,100,259009000,70000,16869781504
1790311350.874538,22605463552,100,387428000,69000,16869781504
1790311351.8755622,22605463552,100,383063000,70000,16869781504
1790311352.8763871,22605463552,98,390075000,70000,16869781504
1790311353.8782184,22605463552,78,338841000,68000,16869781504
1790311354.880014,22605463552,100,333207000,70000,16869781504
1790311355.8807516,22605463552,100,397621000,71000,16869781504
1790311357.3526387,22605463552,43,245537000,60000,16869781504
1790311358.3532732,22605463552,54,240463000,69000,16869781504
1790311359.354312,22605463552,96,399947000,70000,16869781504
1790311360.483622,22605463552,100,381093000,70000,16869781504
1790311361.4842017,22605463552,100,380884000,70000,16869781504
1790311362.4849045,22605463552,100,385397000,69000,16869781504
1790311363.48673,22605463552,100,382063000,68000,16869781504
1790311364.4875345,22605463552,28,319368000,64000,16869781504
1790311365.4881995,22605463552,89,344552000,71000,16869781504
1790311366.4897811,22605463552,21,370110000,63000,16869781504
1790311367.4906728,22605463552,100,284269000,70000,16869781504
1790311368.4913065,22605463552,100,386286000,69000,16869781504
1790311369.4927278,22605463552,27,320362000,63000,16869781504
1790311370.493409,22605463552,100,272073000,70000,16869781504
1790311371.4942198,22605463552,100,345734000,69000,16870924288
1790311372.4948204,22605463552,100,389612000,69000,16870924288
1790311373.4953995,22605463552,100,385563000,69000,16870924288
1790311374.4960353,22605463552,100,387543000,69000,16870924288
1790311375.4969757,22605463552,99,383656000,65000,16870924288
1790311376.4977272,22605463552,100,313072000,68000,16870924288
1790311377.4992967,22605463552,100,371640000,67000,16870924288
1790311378.499922,22605463552,99,325674000,71000,16870924288
1790311379.5010269,22605463552,92,398036000,67000,16870924288
1790311380.5032248,22605463552,100,328708000,70000,16870924288
1790311381.5051613,22605463552,87,392530000,71000,16870924288
1790311382.5060718,22605463552,71,385796000,69000,16870924288
1790311383.5072567,22605463552,26,361757000,64000,16870924288
1790311384.5080543,22605463552,100,317791000,69000,16870924288
1790311385.5088065,22605463552,100,379951000,70000,16870924288
1790311386.5095282,22605463552,97,387107000,71000,16870928384
1790311387.5103986,22605463552,100,402534000,67000,16870924288
1790311388.511065,22605463552,100,319862000,70000,16870924288
1790311389.5117133,22605463552,89,391540000,69000,16870924288
1790311390.5137782,22605463552,100,375326000,69000,16870924288
1790311391.5148468,22605463552,100,388230000,71000,16870924288
1790311392.5154924,22605463552,100,395990000,71000,16870924288
1790311393.516624,22605463552,90,341039000,71000,16870924288
1790311394.5193534,22605463552,37,274596000,68000,16870924288
1790311395.520185,22605463552,100,371985000,70000,16870924288
1790311396.5209205,22605463552,100,383154000,69000,16870924288
1790311397.5219307,22605463552,81,377635000,70000,16870924288
1790311398.5228765,22605463552,100,317512000,70000,16870924288
1790311399.5237129,22605463552,100,384344000,69000,16870924288
1790311400.5250478,22605463552,100,361727000,68000,16870924288
1790311401.5259259,22605463552,100,376695000,70000,16870924288
1790311402.5273104,22605463552,42,371871000,66000,16870924288
1790311403.528054,22605463552,100,359607000,71000,16870924288
1790311404.5291946,22605463552,99,391668000,71000,16870924288
1790311405.5298197,22605463552,96,391438000,71000,16870924288
1790311406.5303593,22605463552,100,395809000,71000,16870924288
1790311407.5309823,22605463552,88,380439000,70000,16870924288
1790311408.531794,22605463552,100,384243000,71000,16870924288
1790311409.5326557,22605463552,100,399166000,71000,16870924288
1790311410.5333939,22605463552,28,303288000,64000,16870924288
1790311411.534311,22605463552,97,331891000,70000,16870924288
1790311412.5353615,22605463552,81,397037000,71000,16870924288
1790311414.0465226,22605463552,63,217246000,60000,16870924288
1790311415.0472608,22605463552,100,335915000,70000,16870924288
1790311416.0478654,22605463552,100,384378000,69000,16870924288
1790311417.048852,22605463552,31,266633000,68000,16870924288
1790311418.0498698,22605463552,100,344938000,64000,16870924288
1790311419.0507827,22605463552,100,348577000,70000,16870924288
1790311420.051764,22605463552,99,377888000,68000,16870924288
1790311421.0525355,22605463552,100,348987000,70000,16870924288
1790311422.0531578,22605463552,100,362487000,68000,16870924288
1790311423.0538158,22605463552,98,380954000,70000,16870924288
1790311424.0547023,22605463552,30,295964000,67000,16870924288
1790311425.0555325,22605463552,100,369787000,69000,16870924288
1790311426.0562782,22605463552,100,374339000,70000,16870924288
1790311427.0569906,22605463552,100,319262000,69000,16870924288
1790311428.058165,22605463552,100,394769000,71000,16870924288
1790311429.058863,22605463552,25,321486000,70000,16870924288
1790311430.059733,22605463552,100,398834000,70000,16870924288
1790311431.0608492,22605463552,100,392583000,70000,16870924288
1790311432.061614,22605463552,100,389675000,70000,16870924288
1790311433.062706,22605463552,100,385841000,70000,16870924288
1790311434.0636964,22605463552,31,322286000,70000,16870924288
1790311435.0643559,22605463552,100,382816000,69000,16870924288
1790311436.0652993,22605463552,90,374555000,70000,16870924288
1790311437.066775,22605463552,100,381696000,70000,16870924288
1790311438.067512,22605463552,23,316104000,71000,16870924288
1790311439.0684998,22605463552,38,321109000,69000,16870924288
1790311440.0696301,22605463552,33,333129000,71000,16870924288
1790311441.0702522,22605463552,100,384993000,69000,16870924288
1790311442.0971723,22605463552,11,371450000,65000,16872079360
1790311443.0981205,22605463552,98,383895000,70000,16872079360
1790311444.0987737,22605463552,100,383255000,70000,16872079360
1790311445.0995553,22605463552,100,380361000,71000,16872079360
1790311446.1002421,22605463552,100,396380000,70000,16872079360
1790311447.1009173,22605463552,100,378669000,69000,16872079360
1790311448.1025617,22605463552,100,378283000,70000,16872079360
1790311449.1032267,22605463552,36,275839000,70000,16872079360
1790311450.1046195,22605463552,100,352548000,64000,16872079360
1790311451.1056497,22605463552,96,342744000,69000,16872079360
1790311452.235519,22605463552,25,169582000,59000,16872079360
1790311453.4274795,22605463552,0,91226000,58000,16872161280
1790311454.4368849,22607560704,0,156044000,68000,16875413504
1790311455.4379811,22607560704,0,212260000,58000,17004539904
1790311456.4388425,23194763264,0,123781000,57000,16878866432
1790311457.4397988,23383506944,100,193795000,66000,17246613504
1790311458.4406722,23572250624,95,381048000,68000,16875413504
1790311459.441736,23572250624,100,394066000,68000,16875413504
1790311460.442254,23781965824,100,390826000,68000,16875425792
1790311461.4429905,23784062976,99,388963000,69000,16875425792
1790311462.444433,23784062976,100,393893000,71000,16875425792
1790311463.4450703,23784062976,100,389455000,68000,16875425792
1790311464.445897,23784062976,100,394530000,70000,16875425792
1790311465.4466722,23786160128,100,393759000,69000,16875425792
1790311466.44742,23786160128,100,393737000,71000,16875425792
1790311467.4483507,23786160128,100,394440000,70000,16875671552
1790311468.4490654,23786160128,100,395551000,70000,16875671552
1790311469.4498668,23786160128,100,394509000,71000,16875671552
1790311470.4503727,23786160128,100,396385000,70000,16875671552
1790311471.4510403,23786160128,99,395438000,69000,16875671552
1790311472.4518814,23786160128,100,395423000,71000,16875671552
1790311473.4526126,23786160128,100,395764000,70000,16875671552
1790311474.4533045,23786160128,99,395486000,70000,16875847680
1790311475.4540765,23786160128,100,392279000,70000,16875847680
1790311476.4550202,23786160128,100,390489000,69000,16875847680
1790311477.4557574,23786160128,99,379951000,68000,16875847680
1790311478.456426,23786160128,100,391141000,71000,16875847680
1790311479.457079,23786160128,99,384797000,70000,16875876352
1790311480.4755356,23786160128,92,393481000,72000,16875876352
1790311481.4765089,23786160128,100,387138000,71000,16875876352
1790311482.4772253,23786160128,99,382359000,70000,16875876352
1790311483.4779036,23786160128,100,393507000,71000,16875958272
1790311484.4785836,23786160128,86,384846000,70000,16875986944
1790311485.4793956,23786160128,100,393812000,72000,16875986944
1790311486.480084,23786160128,100,385929000,70000,16876302336
1790311487.4807777,23786160128,100,393116000,71000,16876302336
1790311488.4815316,23786160128,100,387011000,70000,16876486656
1790311489.4822419,23786160128,91,393184000,72000,16876486656
1790311490.4830503,23786160128,100,386868000,71000,16876748800
1790311491.4841213,23786160128,99,384401000,72000,16876748800
1790311492.4850137,23786160128,100,386915000,72000,16876748800
1790311493.485759,23786160128,99,383961000,70000,16876769280
1790311494.4866097,23786160128,100,394748000,72000,16876769280
1790311495.4873593,23786160128,100,387042000,70000,16876867584
1790311496.4879665,23786160128,99,383499000,70000,16876867584
1790311497.4885762,23786160128,100,397595000,70000,16876965888
1790311498.4894438,23786160128,100,394065000,70000,16876965888
1790311499.4901743,23788257280,100,395191000,70000,16877064192
1790311500.4909606,23788257280,100,396035000,71000,16877064192
1790311501.4917316,23788257280,100,395900000,70000,16877064192
1790311502.5489802,23788257280,100,396344000,72000,16877064192
1790311503.5497916,23788257280,100,396250000,72000,16877219840
1790311504.5504391,23788257280,100,396933000,72000,16877219840
1790311505.5510175,23788257280,100,396813000,73000,16877219840
1790311506.5517983,23788257280,100,400035000,74000,16877219840
1790311507.5526628,23788257280,100,400031000,71000,16877219840
1790311508.5532076,23788257280,100,400315000,70000,17054748672
1790311509.5536137,23788257280,100,399665000,72000,16877219840
1790311510.554003,23788257280,100,398153000,70000,16877219840
1790311511.5544245,23788257280,100,394076000,73000,16877219840
1790311512.5551255,23788257280,100,395533000,71000,16877219840
1790311513.555792,23788257280,100,394324000,72000,16877219840
1790311514.556919,23788257280,100,396693000,71000,16877219840
1790311515.5575905,23788257280,99,407121000,73000,17020874752
1790311516.5583718,23788257280,96,396401000,71000,16877219840
1790311517.5590825,23788257280,100,396308000,73000,16877219840
1790311518.559711,23788257280,100,395860000,71000,16877219840
1790311519.5603814,23788257280,100,395250000,71000,16877219840
1790311520.561002,23788257280,100,394334000,72000,16877219840
1790311521.5615613,23788257280,100,394460000,70000,16877219840
1790311522.5621243,23788257280,100,396502000,70000,16877219840
1790311523.5626833,23788257280,100,394824000,72000,16877219840
1790311524.5633311,23788257280,100,395057000,71000,16877219840
1790311525.5638866,23788257280,100,393202000,71000,16877219840
1790311526.5644033,23788257280,100,391426000,71000,16877219840
1790311527.5648158,23788257280,100,392988000,73000,16877219840
1790311528.565341,23788257280,100,392386000,71000,16877219840
1790311529.567522,23788257280,100,395270000,72000,16877572096
1790311530.567974,23788257280,100,396924000,70000,16877219840
1790311531.5683687,23788257280,100,392977000,71000,16877219840
1790311532.5687823,23788257280,99,393659000,71000,16877219840
1790311533.569216,23788257280,100,395600000,72000,16877219840
1790311534.5696096,23788257280,100,396507000,71000,16877219840
1790311535.570009,23788257280,100,398088000,74000,16877219840
1790311536.5704901,23788257280,100,395784000,74000,16877219840
1790311537.5709782,23788257280,100,394376000,73000,16877219840
1790311538.5716124,23788257280,100,394677000,71000,16877219840
1790311539.5724075,23788257280,100,395413000,73000,16877219840
1790311540.5731354,23788257280,100,394990000,71000,16877219840
1790311541.5741866,23788257280,100,396835000,72000,16877219840
1790311542.5750198,23788257280,100,396498000,72000,16877219840
1790311543.5761218,23788257280,100,387685000,73000,16877219840
1790311544.5771117,23788257280,100,386216000,73000,16877219840
1790311545.577831,23788257280,100,387536000,73000,16877219840
1790311546.5786219,23788257280,100,386312000,72000,16877219840
1790311547.5792658,23788257280,100,387993000,72000,16877219840
1790311548.5798438,23788257280,100,387332000,71000,16877219840
1790311549.5811307,23788257280,100,395578000,73000,16877219840
1790311550.5819037,23788257280,100,398182000,72000,16877219840
1790311551.5824347,23788257280,100,396110000,72000,16877219840
1790311552.583293,23788257280,100,391189000,72000,16877219840
1790311553.5840147,23788257280,100,388804000,71000,16877219840
1790311554.5844924,23788257280,100,387061000,70000,16877219840
1790311555.5852406,23788257280,100,387335000,74000,16877219840
1790311556.585978,23788257280,100,385487000,72000,16877223936
1790311557.586692,23788257280,100,390563000,71000,16877223936
1790311558.5871518,23788257280,100,400344000,71000,16877223936
1790311559.5878994,23788257280,100,399894000,72000,16877223936
1790311560.5883572,23788257280,100,399986000,72000,16877223936
1790311561.5888035,23788257280,100,399173000,71000,16877223936
1790311562.5892456,23788257280,100,400626000,73000,16877223936
1790311563.590284,23788257280,100,401192000,73000,16877223936
1790311564.590732,23788257280,100,400653000,73000,16877223936
1790311565.5911417,23788257280,100,400132000,72000,16877223936
1790311566.5916986,23788257280,100,399815000,71000,16877223936
1790311567.5922272,23788257280,100,399362000,73000,16877223936
1790311568.5927224,23788257280,100,399796000,72000,16877223936
1790311569.5933957,23788257280,100,400058000,72000,16877223936
1790311570.6445568,23788257280,74,393699000,71000,16877223936
1790311571.6450033,23788257280,99,390158000,74000,16877248512
1790311572.6454597,23872143360,100,395311000,72000,16877264896
1790311573.6459875,23872143360,99,399483000,72000,16877264896
1790311574.6464436,23872143360,100,391246000,74000,16877277184
1790311575.6468446,23872143360,100,384556000,71000,16877293568
1790311576.6472676,23872143360,100,392332000,71000,16877293568
1790311577.6476765,23872143360,100,392813000,71000,16877293568
1790311578.6481047,23872143360,100,392432000,73000,16877309952
1790311579.6484995,23872143360,100,398898000,72000,16877309952
1790311580.6489222,23872143360,100,398815000,71000,16877309952
1790311581.6494033,23872143360,68,396643000,69000,16877334528
1790311582.6498673,23872143360,100,388086000,71000,16877334528
1790311583.6503367,23872143360,100,401658000,72000,16877334528
1790311584.6507285,23872143360,100,400951000,72000,16877334528
1790311585.651136,23872143360,99,402699000,74000,16877334528
1790311586.651526,23872143360,100,391835000,70000,16877355008
1790311587.65192,23872143360,100,399394000,72000,16877355008
1790311588.6523948,23872143360,100,400123000,71000,16877355008
1790311589.6527889,23872143360,100,399925000,73000,16877355008
1790311590.6531947,23872143360,92,400313000,74000,16877355008
1790311591.6535547,23872143360,100,389513000,73000,16877371392
1790311592.653933,23872143360,100,396110000,75000,16877371392
1790311593.6543088,23872143360,100,393139000,74000,16877371392
1790311594.654881,23872143360,100,393604000,73000,16877371392
1790311595.6554549,23872143360,100,395630000,71000,16877371392
1790311596.6559436,23872143360,100,393539000,73000,16877371392
1790311597.6564176,23872143360,91,401728000,69000,16877371392
1790311598.6568065,23872143360,100,392351000,73000,16877424640
1790311599.6571898,23872143360,100,396328000,72000,16877424640
1790311600.6575675,23872143360,99,406333000,68000,16877424640
1790311601.657992,23872143360,100,393683000,73000,16877424640
1790311602.6584077,23872143360,100,396662000,72000,16877424640
1790311603.658783,23872143360,100,401662000,72000,16877424640
1790311604.6591659,23872143360,100,399999000,72000,16877436928
1790311605.6595514,23872143360,100,399286000,73000,16877453312
1790311606.6600115,23872143360,100,406864000,72000,16877473792
1790311607.6604984,23872143360,100,397058000,72000,16877481984
1790311608.6609397,23872143360,100,399178000,73000,16877490176
1790311609.6615148,23872143360,100,399204000,72000,16877490176
1790311610.6619287,23872143360,100,398483000,71000,16877490176
1790311611.6625264,23872143360,100,397109000,74000,16877490176
1790311612.6634603,23872143360,100,393307000,73000,16877490176
1790311613.663997,23872143360,99,401771000,75000,16877490176
1790311614.6645775,23872143360,100,394543000,72000,16877490176
1790311615.6651337,23872143360,100,393751000,73000,16877490176
1790311616.6656344,23872143360,99,401755000,74000,16877490176
1790311617.666265,23872143360,100,393336000,72000,16877490176
1790311618.6666636,23872143360,100,405816000,73000,16877494272
1790311619.6670861,23872143360,99,407292000,73000,16877494272
1790311620.6707537,23872143360,100,410601000,73000,16877527040
1790311621.6718347,23872143360,0,251993000,62000,16877121536
1790311622.6728597,23872143360,91,264443000,71000,16877121536
1790311623.67363,23872143360,89,406250000,72000,16877121536
1790311624.674339,23872143360,89,372381000,67000,16877121536
1790311625.6753712,23872143360,100,362585000,71000,16877121536
1790311626.6759975,23872143360,31,270823000,71000,16877121536
1790311627.6770368,23872143360,100,396164000,72000,16877121536
1790311628.6781125,23872143360,100,406620000,73000,16877121536
1790311629.6790676,23872143360,38,346053000,72000,16877121536
1790311630.680422,23872143360,100,407938000,72000,16877121536
1790311631.6813161,23872143360,100,395813000,71000,16877121536
1790311633.4933019,23872143360,100,239796000,61000,16877121536
1790311634.4944377,23872143360,100,281549000,71000,16877121536
1790311635.495316,23872143360,100,398576000,72000,16877121536
1790311636.4962819,23872143360,100,395083000,71000,16877121536
1790311637.4970481,23872143360,100,380653000,70000,16877121536
1790311638.4977467,23872143360,100,400223000,71000,16877121536
1790311639.4985433,23872143360,100,383502000,70000,16877121536
1790311640.4998198,23872143360,48,324886000,71000,16877121536
1790311641.5006795,23872143360,100,405795000,71000,16877121536
1790311642.5015438,23872143360,98,400048000,71000,16877121536
1790311643.502484,23872143360,89,392174000,71000,16877121536
1790311644.503412,23872143360,100,402755000,72000,16877121536
1790311645.5043635,23872143360,78,336038000,72000,16877121536
1790311646.5051837,23872143360,100,398964000,71000,16877121536
1790311647.5060189,23872143360,100,392431000,71000,16877121536
1790311648.5069833,23872143360,100,396229000,72000,16877121536
1790311649.5081437,23872143360,74,325193000,71000,16877121536
1790311650.5087888,23872143360,100,394724000,71000,16877121536
1790311651.5097876,23872143360,100,389447000,72000,16877121536
1790311652.5105884,23872143360,100,355825000,70000,16877121536
1790311653.511413,23872143360,100,392331000,72000,16877121536
1790311654.5122046,23872143360,100,398787000,71000,16877121536
1790311655.5130503,23872143360,35,341478000,71000,16877121536
1790311656.513988,23872143360,100,352203000,65000,16877121536
1790311657.5150626,23872143360,78,282511000,64000,16877121536
1790311658.5158393,23872143360,100,313960000,69000,16877121536
1790311659.5165634,23872143360,100,369447000,70000,16912584704
1790311660.517464,23872143360,97,381221000,70000,16877121536
1790311661.5184286,23872143360,100,378395000,70000,16877121536
1790311662.519421,23872143360,100,390970000,70000,16877121536
1790311663.5204825,23872143360,100,393889000,72000,16877121536
1790311664.521443,23872143360,100,328082000,69000,16877150208
1790311665.5223265,23872143360,90,327819000,69000,16877944832
1790311666.523477,23872143360,100,387194000,72000,16877944832
1790311667.5245407,23872143360,100,372307000,66000,16877944832
1790311668.5255167,23872143360,100,360140000,71000,16877944832
1790311669.5267553,23872143360,32,339587000,71000,16877944832
1790311670.5276346,23872143360,100,396252000,69000,16877944832
1790311671.5285542,23872143360,100,384280000,70000,16877944832
1790311672.529406,23872143360,100,380027000,69000,16877944832
1790311673.5301921,23872143360,100,388686000,71000,16877944832
1790311674.53107,23872143360,100,388708000,70000,16877944832
1790311675.531903,23872143360,100,385786000,68000,16877944832
1790311676.533011,23872143360,100,341609000,64000,16877944832
1790311677.5338318,23872143360,100,324742000,70000,16877944832
1790311678.5344663,23872143360,100,391168000,70000,16877944832
1790311679.5349336,23872143360,100,385557000,70000,16877944832
1790311680.5357788,23872143360,100,373807000,70000,16877944832
1790311681.5365791,23872143360,42,304333000,65000,16877944832
1790311682.5372095,23872143360,96,339644000,71000,16877944832
1790311683.5380168,23872143360,100,381088000,71000,16877944832
1790311684.538624,23872143360,91,406507000,72000,16877944832
1790311685.5392334,23872143360,100,394362000,71000,16877944832
1790311686.5398154,23872143360,100,393771000,72000,16877944832
1790311687.5405455,23872143360,100,350732000,70000,16877944832
1790311688.5410972,23872143360,100,394913000,71000,16877944832
1790311689.5418172,23872143360,100,393105000,70000,16877944832
1790311690.5427136,23872143360,100,401438000,71000,16877944832
1790311692.1334972,23872143360,0,278323000,61000,16877944832
1790311693.1343033,23872143360,89,242504000,71000,16877944832
1790311694.135009,23872143360,22,362962000,64000,16877944832
1790311695.1356297,23872143360,100,289495000,69000,16877944832
1790311696.1362252,23872143360,100,373251000,70000,16877944832
1790311697.1367369,23872143360,100,378749000,69000,16877944832
1790311698.1374674,23872143360,100,383122000,71000,16877944832
1790311699.2539816,23872143360,32,354045000,64000,16877944832
1790311700.2546635,23872143360,100,359474000,71000,16877944832
1790311701.2552514,23872143360,100,385168000,71000,16877944832
1790311702.2558012,23872143360,100,384878000,70000,16877944832
1790311703.2564476,23872143360,75,321401000,70000,16877944832
1790311704.2582097,23872143360,30,280834000,63000,16877944832
1790311705.2596514,23872143360,90,339420000,71000,16877944832
1790311706.2602737,23872143360,100,391925000,69000,16877944832
1790311707.260857,23872143360,100,374827000,70000,16877944832
1790311708.261715,23872143360,100,385463000,70000,16877944832
1790311709.2629209,23872143360,100,399517000,71000,16877944832
1790311710.2637622,23872143360,100,327791000,69000,16877944832
1790311711.2647052,23872143360,31,263747000,67000,16877944832
1790311712.2653205,23872143360,100,308151000,70000,16877944832
1790311713.2658021,23872143360,100,383956000,69000,16877944832
1790311714.2666893,23872143360,100,379017000,69000,16877944832
1790311715.2673082,23872143360,100,324244000,70000,16879169536
1790311716.2678614,23872143360,100,355047000,69000,16879169536
1790311717.2688212,23872143360,100,383267000,69000,16879169536
1790311718.2698112,23872143360,100,391225000,70000,16879169536
1790311719.2703133,23872143360,100,387293000,69000,16879169536
1790311720.2710662,23872143360,100,376888000,69000,16879169536
1790311721.2716978,23872143360,100,386481000,70000,16879169536
1790311722.2725034,23872143360,46,307319000,63000,16879169536
1790311723.273389,23872143360,54,282260000,66000,16879169536
1790311724.2763958,23872143360,100,366750000,69000,16879169536
1790311725.2772596,23872143360,100,385295000,70000,16879169536
1790311726.2781236,23872143360,100,396100000,71000,16879169536
1790311727.2787008,23872143360,100,394317000,69000,16879169536
1790311728.2793663,23872143360,100,378185000,69000,16879169536
1790311729.2803576,23872143360,100,383782000,70000,16879169536
1790311730.281112,23872143360,99,397015000,71000,16879169536
1790311731.2816775,23872143360,98,403478000,70000,16879169536
1790311732.282593,23872143360,100,389176000,70000,16879169536
1790311733.283239,23872143360,100,397697000,71000,16879169536
1790311734.283903,23872143360,100,403200000,71000,16879169536
1790311735.2847407,23872143360,100,382513000,70000,16879169536
1790311736.2857704,23872143360,100,393933000,70000,16879169536
1790311737.28642,23872143360,100,400893000,71000,16879169536
1790311738.2870502,23872143360,36,336008000,71000,16879169536
1790311739.2878952,23872143360,77,378853000,70000,16879169536
1790311740.2885706,23872143360,100,379146000,69000,16879169536
1790311741.289122,23872143360,100,371846000,70000,16879169536
1790311742.2901456,23872143360,100,379663000,70000,16879169536
1790311743.2907104,23872143360,99,402273000,71000,16879169536
1790311744.2916188,23872143360,87,398763000,71000,16879169536
1790311745.3235433,23872143360,100,394481000,72000,16879169536
1790311746.324437,23872143360,54,347292000,70000,16879169536
1790311747.325047,23872143360,100,372128000,70000,16879169536
1790311748.3258483,23872143360,100,364360000,69000,16879169536
1790311749.3265295,23872143360,100,397925000,71000,16879169536
1790311750.3273766,23872143360,100,391606000,70000,16879169536
1790311751.3285544,23872143360,100,370832000,69000,16879169536
1790311752.8117971,23872143360,0,107674000,59000,16879169536
1790311753.8125827,23872143360,100,347581000,69000,16879169536
1790311754.8138444,23872143360,29,328417000,63000,16879169536
1790311755.8145587,23872143360,99,373045000,70000,16879169536
1790311756.8151143,23872143360,100,389299000,69000,16879169536
1790311757.8156688,23872143360,100,384751000,69000,16879169536
1790311758.816583,23872143360,90,275034000,69000,16879169536
1790311759.8172607,23872143360,100,378964000,70000,16879169536
1790311760.8177335,23872143360,100,387409000,69000,16879169536
1790311761.8186738,23872143360,100,383632000,70000,16879169536
1790311762.8196664,23872143360,92,398153000,70000,16879169536
1790311763.8203933,23872143360,99,270576000,70000,16879169536
1790311764.8212013,23872143360,100,386488000,69000,16879169536
1790311765.8216717,23872143360,100,375281000,69000,16879169536
1790311766.8224401,23872143360,100,393727000,71000,16879169536
1790311767.8231208,23872143360,100,400188000,70000,16879169536
1790311768.8237574,23872143360,100,395455000,70000,16879169536
1790311769.8244638,23872143360,99,401688000,71000,16879169536
1790311770.8251123,23872143360,100,402193000,71000,16879169536
1790311771.8258672,23872143360,100,400873000,71000,16879169536
1790311772.8264875,23872143360,100,341421000,71000,16879169536
1790311773.8272474,23872143360,100,406859000,70000,16879169536
1790311774.8277726,23872143360,100,390552000,69000,16879169536
1790311775.8282566,23872143360,100,381036000,70000,16879169536
1790311776.829019,23872143360,100,382363000,70000,16879169536
1790311777.829614,23872143360,100,392670000,71000,16879169536
1790311778.8303194,23872143360,100,385322000,70000,16879169536
1790311779.8308387,23872143360,100,389490000,71000,16879169536
1790311780.8315852,23872143360,100,344149000,70000,16879169536
1790311781.8322456,23872143360,100,397618000,70000,16879169536
1790311782.8328001,23872143360,99,393276000,70000,16879169536
1790311783.8334997,23872143360,87,397119000,69000,16879169536
1790311784.834101,23872143360,89,381172000,70000,16879169536
1790311785.8352268,23872143360,48,289491000,65000,16879169536
1790311786.8360386,23872143360,100,387661000,71000,16879169536
1790311787.8366287,23872143360,100,390291000,69000,16879169536
1790311788.8372865,23872143360,100,385157000,71000,16879169536
1790311789.838158,23872143360,91,392869000,71000,16879169536
1790311790.8388045,23872143360,100,346325000,70000,16879169536
1790311791.8394983,23872143360,89,392496000,69000,16879169536
1790311792.8400266,23872143360,100,378036000,70000,16879169536
1790311793.8406525,23872143360,100,367705000,70000,16879169536
1790311794.8414114,23872143360,94,316263000,69000,16879169536
1790311795.841986,23872143360,100,331566000,70000,16879169536
1790311796.843006,23872143360,86,312729000,70000,16879169536
1790311797.8438358,23872143360,83,391423000,69000,16879169536
1790311798.8445766,23872143360,0,345847000,62000,16880304128
1790311799.845036,23872143360,100,338721000,69000,16880304128
1790311800.8458047,23872143360,100,373483000,70000,16880304128
1790311801.8467083,23872143360,100,364741000,68000,16880304128
1790311802.848286,23872143360,85,372351000,69000,16880304128
1790311803.8491838,23872143360,0,351220000,62000,16879562752
1790311804.8498383,23872143360,100,330181000,69000,16879562752
1790311805.857571,23872143360,100,388026000,71000,16879562752
1790311806.8587313,23872143360,100,289489000,69000,16879562752
1790311807.8593931,23872143360,36,342128000,64000,16879562752
1790311808.8599555,23872143360,98,318774000,70000,16879562752
1790311809.8605657,23872143360,100,389561000,69000,16879562752
1790311810.8611062,23872143360,100,373326000,69000,16879562752
1790311811.8617835,23872143360,100,319252000,70000,16879562752
1790311812.8625443,23872143360,100,399818000,71000,16879562752
1790311813.863289,23872143360,100,326311000,70000,16879562752
1790311814.8649287,23872143360,92,386850000,70000,16879562752
1790311815.8656423,23872143360,100,397673000,70000,16879562752
1790311817.0273635,23872143360,0,285078000,60000,16879562752
1790311818.0279372,23872143360,100,250401000,68000,16882528256
1790311819.0286076,23872143360,100,376452000,69000,16882528256
1790311820.029324,23872143360,100,383597000,69000,16882528256
1790311821.0302494,23872143360,100,324176000,70000,16882528256
1790311822.030834,23872143360,100,321202000,69000,16882528256
1790311823.0314217,23872143360,100,385964000,69000,16882528256
1790311824.0319383,23872143360,100,313361000,67000,16883724288
1790311825.0328224,23872143360,100,331078000,70000,16883724288
1790311826.0334506,23872143360,100,359976000,69000,16883724288
1790311827.0342925,23872143360,100,389640000,70000,16883724288
1790311828.0349495,23872143360,99,345953000,70000,16883724288
1790311829.0356822,23872143360,100,388489000,70000,16883724288
1790311830.0363903,23872143360,100,377934000,69000,16883724288
1790311831.036971,23872143360,100,377974000,69000,16883724288
1790311832.0375273,23872143360,100,387349000,70000,16883724288
1790311833.0381677,23872143360,100,383132000,69000,16883724288
1790311834.0389385,23872143360,43,367633000,66000,16883724288
1790311835.039906,23872143360,100,321527000,69000,16883724288
1790311836.0407708,23872143360,100,386425000,70000,16883724288
1790311837.0419374,23872143360,100,329201000,70000,16883724288
1790311838.042714,23872143360,48,362114000,66000,16883724288
1790311839.0435035,23872143360,100,363342000,69000,16883724288
1790311840.0443861,23872143360,30,361404000,65000,16883724288
1790311841.0450215,23872143360,100,304008000,69000,16883724288
1790311842.045547,23872143360,100,378937000,69000,16883724288
1790311843.0463965,23872143360,95,378255000,70000,16883724288
1790311844.0471747,23872143360,100,379435000,71000,16883724288
1790311845.0480397,23872143360,100,387506000,69000,16883724288
1790311846.048958,23872143360,100,398803000,71000,16883724288
1790311847.049546,23872143360,100,386882000,70000,16883724288
1790311848.0502808,23872143360,100,383083000,69000,16883724288
1790311849.0508778,23872143360,100,385382000,70000,16883724288
1790311850.0515451,23872143360,85,384049000,70000,16883724288
1790311851.0530407,23872143360,100,391048000,71000,16883728384
1790311852.0537663,23872143360,100,400589000,71000,16883724288
1790311853.0545778,23872143360,100,388975000,71000,16883724288
1790311854.0551956,23872143360,100,342453000,69000,16883724288
1790311855.0559607,23872143360,100,382792000,71000,16883724288
1790311856.0568397,23872143360,98,395001000,71000,16883724288
1790311857.0576832,23872143360,91,256761000,67000,16883724288
1790311858.0582888,23872143360,100,349315000,69000,16884887552
1790311859.0592518,23872143360,100,381295000,69000,16884887552
1790311860.060521,23872143360,73,369975000,68000,16884887552
1790311861.0612013,23872143360,100,383726000,70000,16884887552
1790311862.061724,23872143360,100,388708000,69000,16884887552
1790311863.063011,23872143360,85,375426000,70000,16884887552
1790311864.0638754,23872143360,83,384058000,70000,16884887552
1790311865.0645275,23872143360,100,323619000,70000,16884887552
1790311866.065073,23872143360,100,393470000,69000,16884887552
1790311867.0655663,23872143360,100,386236000,70000,16884887552
1790311868.0662708,23872143360,100,381231000,70000,16884887552
1790311869.066962,23872143360,100,382940000,70000,16918949888
1790311870.0685294,23872143360,100,394020000,71000,16893820928
1790311871.0691285,23872143360,100,391995000,69000,16884887552
1790311872.0698056,23872143360,91,383221000,71000,16884887552
1790311873.0704384,23872143360,100,311262000,69000,16884887552
1790311874.0711653,23872143360,86,374640000,71000,16884887552
1790311875.0720727,23872143360,42,356181000,65000,16884887552
1790311876.073188,23872143360,100,358605000,69000,16884887552
1790311877.073821,23872143360,88,371598000,70000,16884887552
1790311878.074715,23872143360,100,399034000,71000,16884887552
1790311879.075272,23872143360,100,374743000,70000,16884887552
1790311880.0762405,23872143360,100,380153000,71000,16884887552
1790311881.5433023,23872143360,0,133413000,59000,16884887552
1790311882.5442305,23872143360,25,144039000,68000,16884887552
1790311883.5449185,23872143360,39,249944000,62000,16884887552
1790311884.545497,23872143360,100,355805000,68000,16884887552
1790311885.546268,23872143360,100,379943000,68000,16884887552
1790311886.547167,23872143360,100,294715000,62000,16884887552
1790311887.5478702,23872143360,33,261719000,68000,16884887552
1790311888.5483243,23872143360,100,375666000,68000,16884887552
1790311889.5494208,23872143360,100,372450000,69000,16884887552
1790311890.5501711,23872143360,45,314340000,68000,16884887552
1790311891.551059,23872143360,65,327052000,69000,16884887552
1790311892.5518415,23872143360,93,348904000,69000,16884887552
1790311893.5533998,23872143360,98,393037000,65000,16884887552
1790311894.5544171,23872143360,100,325129000,63000,16884887552
1790311895.5549297,23872143360,100,327586000,69000,16884887552
1790311896.5556388,23872143360,100,380368000,69000,16884887552
1790311897.5563674,23872143360,90,390942000,70000,16884887552
1790311898.5574775,23872143360,100,387741000,69000,16884887552
1790311899.5581813,23872143360,77,361673000,70000,16884887552
1790311900.5588822,23872143360,100,385272000,69000,16884887552
1790311901.5595906,23872143360,100,381257000,70000,16884887552
1790311902.5601244,23872143360,100,379409000,68000,16884887552
1790311903.5610585,23872143360,100,374453000,69000,16884887552
1790311904.5620635,23872143360,100,379146000,69000,16884887552
1790311905.563279,23872143360,100,357298000,65000,16884887552
1790311906.564133,23872143360,28,190691000,67000,16884887552
1790311907.5648324,23872143360,96,376918000,70000,16884887552
1790311908.5657184,23872143360,100,353149000,64000,16884887552
1790311909.5672846,23872143360,86,334673000,70000,16884887552
1790311910.568624,23872143360,100,392315000,70000,16884887552
1790311911.5692124,23872143360,77,386612000,70000,16884887552
1790311912.5701568,23872143360,100,382621000,69000,16884887552
1790311913.5714862,23872143360,28,325785000,70000,16884887552
1790311914.5722933,23872143360,100,343460000,70000,16884887552
1790311915.5728421,23872143360,100,396869000,69000,16884887552
1790311916.579027,23872143360,98,389878000,70000,16884891648
1790311917.580031,23872143360,91,359531000,64000,16884891648
1790311918.58079,23872143360,100,348476000,69000,16884891648
1790311919.5814388,23872143360,100,384281000,70000,16884891648
1790311920.5818748,23872143360,100,380070000,69000,16884891648
1790311921.5829945,23872143360,100,376803000,70000,16884891648
1790311922.5835688,23872143360,100,388137000,69000,16884891648
1790311923.5841858,23872143360,100,370237000,68000,16884891648
1790311924.584928,23872143360,99,382416000,70000,16884891648
1790311925.5856616,23872143360,100,380256000,69000,16884891648
1790311926.5875251,23872143360,100,378562000,65000,16884891648
1790311927.5883515,23872143360,99,325271000,71000,16884891648
1790311928.588935,23872143360,69,324024000,70000,16884891648
1790311929.589529,23872143360,100,387073000,70000,16884891648
1790311930.5901303,23872143360,100,383387000,69000,16884891648
1790311931.59082,23872143360,100,393414000,70000,16884891648
1790311932.5914662,23872143360,100,404723000,71000,16884891648
1790311933.5925741,23872143360,100,398193000,71000,16884891648
1790311934.5931702,23872143360,100,402796000,71000,16884891648
1790311935.5944178,23872143360,29,277510000,64000,16884891648
1790311936.9683473,23872143360,0,146034000,59000,16884891648
1790311937.9690628,23872143360,100,295042000,69000,16884891648
1790311938.9698308,23872143360,60,344152000,66000,16884891648
1790311939.970496,23872143360,26,346891000,63000,16884891648
1790311940.9712083,23872143360,100,344509000,70000,16884891648
1790311941.9717534,23872143360,100,383596000,70000,16884891648
1790311942.9725285,23872143360,100,377545000,68000,16884891648
1790311943.973145,23872143360,100,384655000,70000,16884891648
1790311944.9742005,23872143360,100,379048000,69000,16884891648
1790311945.9755871,23872143360,100,395520000,71000,16884891648
1790311946.9766278,23872143360,100,375990000,70000,16884891648
1790311947.9773004,23872143360,100,342261000,70000,16884891648
1790311948.9777694,23872143360,100,385746000,70000,16884891648
1790311949.978468,23872143360,100,374687000,69000,16884891648
1790311950.9794006,23872143360,100,380362000,71000,16884891648
1790311951.981024,23872143360,96,268853000,69000,16884891648
1790311952.982443,23872143360,97,380676000,70000,16884891648
1790311953.9830232,23872143360,26,374411000,64000,16884891648
1790311954.9843876,23872143360,96,326307000,68000,16884891648
1790311955.9851418,23872143360,100,341631000,70000,16884891648
1790311956.9860067,23872143360,100,386160000,69000,16884891648
1790311957.9869459,23872143360,99,310661000,70000,16884891648
1790311958.9877894,23872143360,100,334691000,69000,16884891648
1790311959.9886992,23872143360,100,329660000,69000,16884891648
1790311960.9894218,23872143360,100,387135000,70000,16884891648
1790311961.990988,23872143360,98,382566000,70000,16884891648
1790311962.9927263,23872143360,89,394268000,70000,16884891648
1790311963.9934964,23872143360,100,396503000,70000,16884891648
1790311964.9947727,23872143360,31,331813000,62000,16884891648
1790311965.9955132,23872143360,100,355243000,70000,16884891648
1790311966.99715,23872143360,100,395567000,70000,16884891648
1790311967.9979732,23872143360,39,370072000,65000,16884891648
1790311968.9988177,23872143360,100,346260000,69000,16884891648
1790311969.9995348,23872143360,100,386095000,70000,16884891648
1790311971.0005896,23872143360,98,394593000,71000,16884891648
1790311972.0014338,23872143360,100,404767000,71000,16884891648
1790311973.0024178,23872143360,100,401764000,71000,16884891648
1790311974.0032759,23872143360,100,399488000,70000,16884891648
1790311975.0038495,23872143360,100,382051000,70000,16884891648
1790311976.004965,23872143360,98,388968000,71000,16884891648
1790311977.006142,23872143360,87,394237000,67000,16884891648
1790311978.0066943,23872143360,100,377433000,70000,16884891648
1790311979.007223,23872143360,100,391775000,71000,16884891648
1790311980.0079052,23872143360,100,334918000,71000,16884891648
1790311981.0086486,23872143360,100,398827000,71000,16884891648
1790311982.0095558,23872143360,100,391758000,70000,16884891648
1790311983.0104837,23872143360,100,380324000,70000,16884891648
1790311984.0115323,23872143360,66,388983000,65000,16884891648
1790311985.0128937,23872143360,0,288233000,61000,16886136832
1790311986.013675,23872143360,100,335861000,69000,16886136832
1790311987.016121,23872143360,100,392952000,70000,16887279616
1790311988.0168843,23872143360,100,322762000,70000,16887242752
1790311989.0176907,23872143360,100,381300000,71000,16887242752
1790311990.0183444,23872143360,100,385663000,69000,16887242752
1790311991.0190814,23872143360,100,380920000,71000,16887242752
1790311992.0205681,23872143360,100,385698000,71000,16887242752
1790311993.021067,23872143360,100,374880000,69000,16887246848
1790311994.0216115,23872143360,98,386583000,71000,16887881728
1790311995.0222583,23872143360,100,321532000,70000,16888750080
1790311996.0229151,23872143360,100,320309000,69000,16888750080
1790311997.589576,23872143360,34,189051000,59000,16888750080
1790311998.5902514,23872143360,49,204257000,69000,16888750080
1790311999.590827,23872143360,100,391813000,69000,16888750080
1790312000.5916967,23872143360,100,384589000,70000,16888750080
1790312001.5928085,23872143360,100,370204000,68000,16888754176
1790312002.5939207,23872143360,25,222550000,67000,16888754176
1790312003.5946786,23872143360,29,311568000,70000,16888754176
1790312004.5952256,23872143360,100,342507000,70000,16888754176
1790312005.5959578,23872143360,97,398383000,71000,16888754176
1790312006.5970747,23872143360,100,395972000,71000,16888754176
1790312007.5980551,23872143360,100,403809000,71000,16888754176
1790312008.5992596,23872143360,97,401522000,71000,16888754176
1790312009.5999105,23872143360,100,387596000,70000,16888754176
1790312010.6007411,23872143360,83,394797000,70000,16888754176
1790312011.601262,23872143360,100,389249000,70000,16888754176
1790312012.6020596,23872143360,100,383916000,71000,16888754176
1790312013.602907,23872143360,100,385953000,70000,16888754176
1790312014.6033387,23872143360,100,382516000,69000,16888754176
1790312015.6044524,23872143360,86,385585000,71000,16888754176
1790312016.6050057,23872143360,97,403061000,70000,16888754176
1790312017.6057367,23872143360,100,384335000,69000,16888754176
1790312018.6066952,23872143360,100,377945000,69000,16888754176
1790312019.6073556,23872143360,100,380839000,69000,16888754176
1790312020.6080754,23872143360,100,379804000,70000,16888754176
1790312021.6091244,23872143360,100,387096000,71000,16888754176
1790312022.6098013,23872143360,91,403754000,72000,16888754176
1790312023.6104336,23872143360,100,326021000,64000,16888754176
1790312024.6110501,23872143360,96,377998000,71000,16888754176
1790312025.6119473,23872143360,26,338988000,71000,16888754176
1790312026.612829,23872143360,100,402821000,71000,16888754176
1790312027.613495,23872143360,100,404120000,71000,16888754176
1790312028.6143298,23872143360,100,392643000,70000,16888754176
1790312029.6148584,23872143360,100,381468000,70000,16888754176
1790312030.6156044,23872143360,100,388863000,71000,16888754176
1790312031.616326,23872143360,95,316410000,69000,16888754176
1790312032.617262,23872143360,100,377465000,69000,16888754176
1790312033.6178617,23872143360,100,387991000,70000,16888754176
1790312034.6184359,23872143360,100,391946000,71000,16888754176
1790312035.6193652,23872143360,100,330733000,70000,16888754176
1790312036.6200058,23872143360,100,398260000,71000,16888754176
1790312037.6209111,23872143360,100,390945000,70000,16888754176
1790312038.6220093,23872143360,100,390369000,71000,16888754176
1790312039.6228478,23872143360,76,372213000,69000,16888754176
1790312040.6237583,23872143360,100,392808000,71000,16888754176
1790312041.6245127,23872143360,100,398450000,71000,16888754176
1790312042.6253374,23872143360,100,383667000,70000,16888754176
1790312043.6263442,23872143360,100,371951000,71000,16888754176
1790312044.627556,23872143360,100,364008000,67000,16888754176
1790312045.62829,23872143360,72,293450000,68000,16888754176
1790312046.6289656,23872143360,100,332805000,65000,16888754176
1790312047.6296508,23872143360,100,304910000,71000,16888754176
1790312048.6306584,23872143360,100,400408000,70000,16888754176
1790312049.6317968,23872143360,97,394891000,72000,16888754176
1790312050.6323783,23872143360,100,389462000,70000,16888754176
1790312051.6333108,23872143360,100,392992000,72000,16888754176
1790312052.6341393,23872143360,100,391993000,70000,16888754176
1790312053.6348453,23872143360,93,331624000,70000,16888754176
1790312054.6359022,23872143360,100,269687000,61000,16888754176
1790312055.6366086,23872143360,100,266652000,70000,16888754176
1790312056.6373484,23872143360,95,393971000,70000,16888754176
1790312057.6381323,23872143360,100,394338000,70000,16888754176
1790312058.6387644,23872143360,100,361966000,65000,16888754176
1790312059.6393485,23872143360,100,338492000,70000,16888754176
1790312060.6398346,23872143360,100,379954000,70000,16888754176
1790312061.6403964,23872143360,100,387471000,71000,16888754176
1790312062.6409354,23872143360,100,395219000,70000,16888754176
1790312063.6416323,23872143360,100,392243000,71000,16888754176
1790312064.642164,23872143360,85,400672000,72000,16888754176
1790312065.642829,23872143360,99,383339000,67000,16888754176
1790312066.6434464,23872143360,100,296874000,68000,16888754176
1790312067.6442153,23872143360,100,389215000,70000,16888754176
1790312068.6450658,23872143360,100,382010000,71000,16888754176
1790312069.6459458,23872143360,100,402783000,69000,16888754176
1790312070.6465802,23872143360,100,403953000,72000,16888754176
1790312071.6473265,23872143360,100,395918000,71000,16888754176
1790312072.647925,23872143360,97,401605000,72000,16888754176
1790312073.6487584,23872143360,100,395425000,72000,16888754176
1790312074.6493082,23872143360,31,332081000,70000,16888754176
1790312075.6500273,23872143360,100,379072000,70000,16888754176
1790312076.650702,23872143360,100,392334000,72000,16888754176
1790312077.6513267,23872143360,100,395487000,72000,16888754176
1790312078.6524227,23872143360,100,389599000,71000,16888754176
1790312079.6532652,23872143360,100,332678000,71000,16909746176
1790312080.6538754,23872143360,100,401963000,72000,16888754176
1790312081.655027,23872143360,83,402728000,71000,16888754176
1790312082.6557298,23872143360,100,404063000,71000,16888754176
1790312083.6567128,23872143360,100,386146000,71000,16888754176
1790312084.6573794,23872143360,73,319766000,71000,16888754176
1790312085.6580837,23872143360,100,390684000,70000,16888754176
1790312086.6589181,23872143360,100,345248000,65000,16888754176
1790312087.6596081,23872143360,100,312899000,71000,16888754176
1790312088.6602085,23872143360,100,329526000,71000,16888754176
1790312089.6609902,23872143360,100,398543000,72000,16888754176
1790312090.6618307,23872143360,100,396973000,71000,16888754176
1790312091.6624584,23872143360,94,302923000,65000,16888754176
1790312092.6630692,23872143360,98,335007000,71000,16888754176
1790312093.6636443,23872143360,100,387131000,70000,16888754176
1790312094.6643808,23872143360,100,382635000,71000,16888754176
1790312095.6655662,23872143360,20,303471000,71000,16888754176
1790312096.666355,23872143360,100,395394000,71000,16888754176
1790312097.6669905,23872143360,100,394759000,70000,16888754176
1790312098.6676738,23872143360,91,401427000,71000,16888758272
1790312099.668385,23872143360,56,361827000,72000,16888754176
1790312100.6692083,23872143360,100,402883000,72000,16888754176
1790312101.6886613,23872143360,100,402120000,72000,16888754176
1790312102.6894224,23872143360,24,246641000,70000,16888754176
1790312103.6901555,23872143360,72,368321000,70000,16888754176
1790312104.6909227,23872143360,100,386037000,70000,16888754176
1790312105.6916268,23872143360,100,397528000,72000,16888754176
1790312106.6927035,23872143360,34,338921000,71000,16888754176
1790312107.693341,23872143360,100,398298000,70000,16888754176
1790312108.693836,23872143360,100,387915000,70000,16888754176
1790312110.3220272,23872143360,0,181401000,60000,16888754176
1790312111.3226159,23872143360,100,342883000,70000,16888754176
1790312112.3233235,23872143360,100,354219000,65000,16888754176
1790312113.324288,23872143360,35,222067000,70000,16888754176
1790312114.3253143,23872143360,100,402495000,70000,16888754176
1790312115.3260589,23872143360,100,393063000,70000,16888754176
1790312116.32661,23872143360,100,390827000,70000,16888754176
1790312117.327379,23872143360,100,381879000,69000,16888754176
1790312118.3279815,23872143360,100,319795000,70000,16888754176
1790312119.3289385,23872143360,99,403023000,70000,16888754176
1790312120.3296783,23872143360,100,331641000,64000,16888754176
1790312121.3303282,23872143360,100,344830000,68000,16889688064
1790312122.330804,23872143360,100,379661000,70000,16889688064
1790312123.3316662,23872143360,86,333124000,64000,16889688064
1790312124.3322272,23872143360,99,400920000,71000,16889688064
1790312125.3329768,23872143360,94,398529000,71000,16889688064
1790312126.3339102,23872143360,96,334201000,70000,16889688064
1790312127.3348734,23872143360,100,405023000,72000,16889688064
1790312128.3356278,23872143360,100,337750000,70000,16889688064
1790312129.3363562,23872143360,100,382811000,70000,16889688064
1790312130.336971,23872143360,100,385372000,70000,16889688064
1790312131.3378081,23872143360,100,298642000,63000,16889688064
1790312132.3389714,23872143360,100,327732000,70000,16889688064
1790312133.339565,23872143360,45,338606000,70000,16890855424
1790312134.3403413,23872143360,100,341301000,64000,16890855424
1790312135.341057,23872143360,100,368566000,69000,16890855424
1790312136.3416839,23872143360,100,385849000,70000,16890855424
1790312137.3422637,23872143360,100,381319000,70000,16890855424
1790312138.3430777,23872143360,100,380005000,69000,16890855424
1790312139.3438494,23872143360,100,376041000,71000,16890855424
1790312140.4608784,23872143360,96,401631000,71000,16890855424
1790312141.461523,23872143360,100,393159000,70000,16890855424
1790312142.4620614,23872143360,100,384648000,70000,16890855424
1790312143.463339,23872143360,100,381989000,70000,16890855424
1790312144.4642127,23872143360,82,375447000,71000,16890855424
1790312145.4653137,23872143360,75,335694000,72000,16890855424
1790312146.4659152,23872143360,28,258689000,68000,16890855424
1790312147.4664927,23872143360,100,377231000,70000,16890855424
1790312148.467036,23872143360,100,380333000,70000,16890855424
1790312149.4675455,23872143360,99,380797000,70000,16890855424
1790312150.468211,23872143360,100,370592000,69000,16890855424
1790312151.468833,23872143360,90,362583000,65000,16890855424
1790312152.4696562,23872143360,100,344102000,70000,16890855424
1790312153.4702487,23872143360,100,389113000,71000,16890855424
1790312154.4711957,23872143360,88,364898000,68000,16890855424
1790312155.4718316,23872143360,100,374200000,72000,16890855424
1790312156.4727504,23872143360,89,363229000,66000,16890855424
1790312157.4734185,23872143360,100,346411000,70000,16890855424
1790312158.4739714,23872143360,100,378599000,70000,16890855424
1790312159.4745002,23872143360,100,382018000,70000,16890855424
1790312160.4750593,23872143360,99,385160000,70000,16890855424
1790312161.5124726,23872143360,100,378296000,70000,16890855424
1790312162.5133007,23872143360,90,299287000,64000,16890855424
1790312163.513893,23872143360,100,340036000,71000,16890855424
1790312164.5145638,23872143360,26,287828000,69000,16890855424
1790312165.5156896,23872143360,87,352569000,64000,16890855424
1790312166.5163457,23872143360,40,282223000,70000,16890855424
1790312167.517113,23872143360,100,394999000,70000,16890855424
1790312168.517832,23872143360,22,320177000,70000,16890855424
1790312170.1275842,23872143360,0,256436000,59000,16890855424
1790312171.1284351,23872143360,100,261191000,70000,16890859520
1790312172.1289792,23872143360,100,388368000,68000,16890855424
1790312173.12945,23872143360,100,359571000,67000,16890855424
1790312174.1300216,23872143360,80,292377000,69000,16890855424
1790312175.130672,23872143360,100,397988000,70000,16890855424
1790312176.1312056,23872143360,100,389394000,68000,16890855424
1790312177.1316953,23872143360,100,373541000,69000,16890855424
1790312178.1324356,23872143360,100,373548000,70000,16890855424
1790312179.1332383,23872143360,88,380021000,70000,16890855424
1790312180.1338289,23872143360,34,353282000,64000,16890855424
1790312181.1347506,23872143360,93,362121000,71000,16890855424
1790312182.1353824,23872143360,100,342387000,69000,16890855424
1790312183.136573,23872143360,100,379493000,69000,16890855424
1790312184.137342,23872143360,100,329775000,70000,16890855424
1790312185.138003,23872143360,100,396832000,71000,16890855424
1790312186.138497,23872143360,100,390195000,69000,16890855424
1790312187.139325,23872143360,39,379698000,66000,16890855424
1790312188.1399472,23872143360,100,231844000,68000,16890855424
1790312189.1404386,23872143360,100,381487000,69000,16890855424
1790312190.1410077,23872143360,100,376346000,68000,16890855424
1790312191.1434433,23872143360,100,329009000,70000,16890855424
1790312192.1443737,23872143360,20,346102000,63000,16890859520
1790312193.145025,23872143360,28,282771000,66000,16890855424
1790312194.2661643,23872143360,60,356968000,65000,16890855424
1790312195.2668223,23872143360,32,280914000,68000,16890855424
1790312196.2673972,23872143360,100,381258000,71000,16890855424
1790312197.267937,23872143360,100,386089000,69000,16890855424
1790312198.2686121,23872143360,100,377713000,69000,16890855424
1790312199.269239,23872143360,100,332618000,69000,16890855424
1790312200.2698696,23872143360,90,374239000,70000,16890855424
1790312201.270633,23872143360,90,392145000,70000,16890855424
1790312202.2713325,23872143360,87,397930000,69000,16890855424
1790312203.2723446,23872143360,100,332491000,69000,16890855424
1790312204.2729409,23872143360,100,399986000,71000,16890855424
1790312205.2736049,23872143360,96,393086000,71000,16890855424
1790312206.2742167,23872143360,81,388175000,67000,16890855424
1790312207.2749286,23872143360,100,337531000,70000,16890855424
1790312208.2754304,23872143360,100,377341000,69000,16890855424
1790312209.2768486,23872143360,100,380453000,71000,16890855424
1790312210.277442,23872143360,100,335014000,70000,16925138944
1790312211.2780166,23872143360,100,379393000,69000,16890855424
1790312212.2786708,23872143360,100,363154000,69000,16890855424
1790312213.2795331,23872143360,100,371644000,71000,16890855424
1790312214.2801013,23872143360,66,392563000,67000,16890855424
1790312215.2808425,23872143360,50,340106000,65000,16890855424
1790312216.2814772,23872143360,18,309232000,63000,16890855424
1790312217.2820125,23872143360,100,320697000,68000,16890855424
1790312218.2824516,23872143360,100,378069000,69000,16890855424
1790312219.2831018,23872143360,100,389065000,67000,16890855424
1790312220.2837243,23872143360,48,232557000,64000,16890855424
1790312221.2843444,23872143360,99,325042000,69000,16890855424
1790312222.2849462,23872143360,100,379184000,69000,16890855424
1790312223.285492,23872143360,100,379519000,66000,16890855424
1790312224.2862346,23872143360,100,332990000,69000,16890855424
1790312225.2866971,23872143360,100,382513000,69000,16890855424
1790312226.287574,23872143360,91,380636000,71000,16890855424
1790312227.2882028,23872143360,100,402359000,71000,16890855424
1790312228.2889135,23872143360,100,397844000,70000,16890855424
1790312229.2895477,23872143360,100,349652000,71000,16890855424
1790312230.2901223,23872143360,100,394468000,69000,16890855424
1790312231.2906315,23872143360,100,379355000,69000,16890855424
1790312232.3442779,23872143360,0,153465000,59000,16890855424
1790312233.3451853,23872143360,90,235886000,62000,16890855424
1790312234.345842,23872143360,100,302214000,63000,16890855424
1790312235.3468037,23872143360,88,337240000,70000,16890855424
1790312236.347951,23872143360,88,330299000,70000,16890855424
1790312237.348524,23872143360,100,401040000,70000,16891326464
1790312238.3492367,23872143360,100,313561000,69000,16892006400
1790312239.3503292,23872143360,41,231180000,63000,16892006400
1790312240.3509939,23872143360,99,299258000,68000,16892006400
1790312241.3515978,23872143360,100,377088000,68000,16892006400
1790312242.3523283,23872143360,100,376729000,70000,16892006400
1790312243.3531516,23872143360,84,353078000,70000,16892006400
1790312244.3536937,23872143360,100,396037000,70000,16892006400
1790312245.3544743,23872143360,100,333104000,68000,16892006400
1790312246.3553813,23872143360,80,361929000,64000,16892006400
1790312247.3561366,23872143360,100,277671000,62000,16892006400
1790312248.3568645,23872143360,100,311455000,69000,16892006400
1790312249.3574924,23872143360,100,387139000,68000,16892006400
1790312250.3580751,23872143360,100,396523000,70000,16892006400
1790312251.3589606,23872143360,100,386016000,69000,16892006400
1790312252.3595693,23872143360,77,357693000,68000,16892006400
1790312253.360306,23872143360,100,372082000,70000,16892006400
1790312254.3611417,23872143360,100,398966000,69000,16892006400
1790312255.361761,23872143360,100,382376000,69000,16892006400
1790312256.3626254,23872143360,90,383282000,70000,16892006400
1790312257.36338,23872143360,100,393122000,69000,16892006400
1790312258.3640566,23872143360,95,366078000,66000,16892006400
1790312259.3646333,23872143360,100,325215000,61000,16893247488
1790312260.4857929,23872143360,100,330573000,68000,16893247488
1790312261.4864225,23872143360,100,373870000,70000,16893247488
1790312262.4872837,23872143360,100,390607000,69000,16893247488
1790312263.4879315,23872143360,100,382771000,69000,16893247488
1790312264.48852,23872143360,100,371925000,69000,16893247488
1790312265.4891574,23872143360,40,329242000,69000,16893247488
1790312266.4898922,23872143360,100,378558000,70000,16893247488
1790312267.4905026,23872143360,100,369436000,69000,16893247488
1790312268.4912176,23872143360,100,359071000,68000,16893247488
1790312269.4918416,23872143360,18,253494000,70000,16893247488
1790312270.4924343,23872143360,100,362372000,65000,16893247488
1790312271.492974,23872143360,96,367048000,70000,16893247488
1790312272.493759,23872143360,96,398819000,70000,16893247488
1790312273.4944777,23872143360,26,266084000,69000,16893247488
1790312274.4950116,23872143360,100,384032000,69000,16893247488
1790312275.495764,23872143360,100,378949000,70000,16893247488
1790312276.4963918,23872143360,33,324526000,70000,16893247488
1790312277.497024,23872143360,100,396250000,70000,16893247488
1790312278.4975839,23872143360,100,388934000,69000,16893247488
1790312279.4981568,23872143360,100,378164000,70000,16893247488
1790312280.4994025,23872143360,100,310588000,69000,16893247488
1790312281.5001028,23872143360,71,363843000,70000,16893247488
1790312282.5006402,23872143360,100,380927000,69000,16893247488
1790312283.501237,23872143360,100,376636000,68000,16893247488
1790312284.5019047,23872143360,100,325010000,63000,16893247488
1790312285.5028698,23872143360,100,359240000,70000,16893247488
1790312286.503517,23872143360,100,330518000,69000,16893247488
1790312287.5040402,23872143360,100,381971000,69000,16893247488
1790312288.5046437,23872143360,100,376596000,70000,16893247488
1790312289.5060148,23872143360,26,319114000,70000,16893247488
1790312290.5100791,23872143360,93,397911000,70000,16893247488
1790312291.5107086,23872143360,100,396388000,69000,16893247488
1790312292.5112143,23872143360,100,384689000,69000,16893247488
1790312293.5123358,23872143360,100,380123000,69000,16893247488
1790312294.781641,23872143360,81,247113000,60000,16893247488
1790312295.7823424,23872143360,16,180034000,63000,16893247488
1790312296.78316,23872143360,100,300210000,69000,16893247488
1790312297.7837102,23872143360,89,388452000,69000,16893247488
1790312298.784575,23872143360,100,372336000,68000,16893247488
1790312299.785293,23872143360,100,381951000,68000,16893247488
1790312300.7859926,23872143360,28,328095000,70000,16893247488
1790312301.786923,23872143360,100,342098000,70000,16893247488
1790312302.7877188,23872143360,100,329236000,67000,16893247488
1790312303.7882733,23872143360,100,339861000,70000,16893247488
1790312304.7893062,23872143360,100,388233000,68000,16893247488
1790312305.7899356,23872143360,100,380273000,69000,16893247488
1790312306.7904835,23872143360,100,377117000,69000,16893247488
1790312307.791294,23872143360,100,375670000,68000,16893247488
1790312308.792368,23872143360,38,349246000,70000,16893247488
1790312309.7930186,23872143360,100,399233000,69000,16893247488
1790312310.793602,23872143360,100,380992000,69000,16893247488
1790312311.7941363,23872143360,100,388617000,70000,16893247488
1790312312.7947514,23872143360,100,384352000,69000,16893247488
1790312313.7953365,23872143360,93,374669000,70000,16893247488
1790312314.7962298,23872143360,100,388598000,69000,16893247488
1790312315.7973044,23872143360,100,383245000,69000,16893247488
1790312316.7980373,23872143360,32,338587000,70000,16893247488
1790312317.7987313,23872143360,100,394620000,69000,16893247488
1790312318.7994792,23872143360,100,397001000,71000,16893247488
1790312319.8000562,23872143360,40,336665000,70000,16893247488
1790312320.800916,23872143360,100,390630000,70000,16893247488
1790312321.8015814,23872143360,35,336682000,71000,16893247488
1790312322.8023798,23872143360,100,404549000,71000,16893247488
1790312323.8031201,23872143360,90,377485000,62000,16894324736
1790312324.8036952,23872143360,100,319763000,69000,16894324736
1790312325.8042822,23872143360,100,389004000,70000,16894324736
1790312326.8048055,23872143360,100,379481000,69000,16894324736
1790312327.8053274,23872143360,100,378019000,70000,16894324736
1790312328.8058126,23872143360,100,387026000,70000,16894324736
1790312329.8064148,23872143360,100,381876000,69000,16894324736
1790312330.806926,23872143360,100,380994000,69000,16894324736
1790312331.807476,23872143360,100,379679000,71000,16894324736
1790312332.808498,23872143360,100,389342000,71000,16894324736
1790312333.8094554,23872143360,100,326239000,68000,16894324736
1790312334.8103,23872143360,100,385730000,70000,16894324736
1790312335.8111267,23872143360,100,386284000,70000,16894324736
1790312336.811755,23872143360,100,342614000,71000,16894324736
1790312337.8126314,23872143360,100,391992000,71000,16894324736
1790312338.8131523,23872143360,100,390966000,70000,16894324736
1790312339.8136525,23872143360,100,382271000,70000,16894324736
1790312340.814146,23872143360,100,378409000,69000,16894324736
1790312341.8147218,23872143360,100,380435000,70000,16894324736
1790312342.8153377,23872143360,100,384564000,71000,16894324736
1790312343.816605,23872143360,100,380468000,70000,16894324736
1790312344.818079,23872143360,42,292969000,70000,16894324736
1790312345.819915,23872143360,88,401936000,71000,16894324736
1790312346.8205018,23872143360,87,398232000,71000,16894324736
1790312347.8211765,23872143360,100,397039000,72000,16894324736
1790312348.8217466,23872143360,100,403981000,70000,16894324736
1790312349.82259,23872143360,100,381585000,70000,16894324736
1790312350.8231592,23872143360,89,377505000,70000,16894324736
1790312351.8238795,23872143360,100,381000000,72000,16894324736
1790312352.8245585,23872143360,100,391168000,70000,16894324736
1790312353.8252206,23872143360,100,390106000,71000,16894324736
1790312354.8260007,23872143360,100,359510000,64000,16894324736
1790312355.8272,23872143360,100,341387000,69000,16894324736
1790312356.8278344,23872143360,100,321435000,64000,16894324736
1790312357.8288784,23872143360,100,323022000,71000,16894324736
1790312358.8297994,23872143360,99,400597000,71000,16894324736
1790312359.8306015,23872143360,100,382863000,71000,16894324736
1790312360.8315027,23872143360,100,385565000,72000,16916795392
1790312361.8328755,23872143360,31,339835000,72000,16894324736
1790312362.8336482,23872143360,80,389291000,70000,16894324736
1790312363.8344653,23872143360,100,387889000,70000,16894324736
1790312365.4753406,23872143360,0,199009000,60000,16894324736
1790312366.476456,23872143360,100,238167000,70000,16894324736
1790312367.4774284,23872143360,92,400268000,70000,16894324736
1790312368.478274,23872143360,32,337320000,70000,16894324736
1790312369.4794383,23872143360,100,388303000,70000,16894324736
1790312370.4802017,23872143360,100,393853000,71000,16894324736
1790312371.4812026,23872143360,81,336850000,70000,16894324736
1790312372.4821372,23872143360,30,340761000,71000,16894324736
1790312373.4834507,23872143360,52,348386000,71000,16894324736
1790312374.484587,23872143360,27,331282000,71000,16894324736
1790312375.485831,23872143360,96,385014000,64000,16894324736
1790312376.486791,23872143360,56,294945000,71000,16894324736
1790312377.4874928,23872143360,79,355052000,70000,16894324736
1790312378.4883034,23872143360,100,401910000,70000,16894324736
1790312379.4891891,23872143360,100,385818000,68000,16894324736
1790312380.4903529,23872143360,100,369195000,69000,16894324736
1790312381.4910607,23872143360,57,347580000,70000,16894324736
1790312382.4921892,23872143360,98,398246000,71000,16894324736
1790312383.4934163,23872143360,87,396326000,71000,16894324736
1790312384.4943945,23872143360,100,366791000,64000,16894324736
1790312385.496555,23872143360,100,287691000,70000,16894324736
1790312386.4974372,23872143360,100,381903000,69000,16894324736
1790312387.4981658,23872143360,100,380919000,70000,16894324736
1790312388.4990792,23872143360,90,342025000,71000,16894324736
1790312389.5005717,23872143360,100,342687000,68000,16894324736
1790312390.501438,23872143360,100,319200000,64000,16894324736
1790312391.502499,23872143360,100,371742000,71000,16894324736
1790312392.5033202,23872143360,100,396749000,71000,16894324736
1790312393.5040767,23872143360,100,401218000,71000,16894324736
1790312394.5047805,23872143360,85,402691000,71000,16894324736
1790312395.5061746,23872143360,100,384462000,65000,16894324736
1790312396.5068324,23872143360,100,321080000,69000,16894324736
1790312397.5077257,23872143360,100,376749000,70000,16894324736
1790312398.5090759,23872143360,100,395338000,72000,16894324736
1790312399.5102594,23872143360,94,404013000,71000,16894324736
1790312400.5110297,23872143360,91,377387000,72000,16894324736
1790312401.5115812,23872143360,98,403951000,68000,16894324736
1790312402.5121217,23872143360,92,382429000,70000,16894324736
1790312403.5127048,23872143360,100,383348000,70000,16894324736
1790312404.513629,23872143360,100,377045000,70000,16894324736
1790312405.514339,23872143360,32,330005000,71000,16894324736
1790312406.5159712,23872143360,100,351862000,64000,16894324736
1790312407.5168328,23872143360,74,231330000,69000,16894324736
1790312408.5178492,23872143360,100,368506000,69000,16894324736
1790312409.5192668,23872143360,90,372196000,71000,16894324736
1790312410.5208185,23872143360,92,403132000,70000,16894324736
1790312411.5216413,23872143360,100,386135000,69000,16894324736
1790312413.128905,23872143360,0,266536000,61000,16894324736
1790312414.129668,23872143360,100,170439000,67000,16895537152
1790312415.1306577,23872143360,97,377566000,70000,16895537152
1790312416.1318877,23872143360,100,395295000,70000,16895537152
1790312417.1325421,23872143360,100,338903000,70000,16895537152
1790312418.133308,23872143360,100,384640000,69000,16895537152
1790312419.1346157,23872143360,100,379988000,69000,16895537152
1790312420.1353614,23872143360,100,382489000,69000,16895537152
1790312421.1360571,23872143360,100,376137000,69000,16895537152
1790312422.1368966,23872143360,100,379329000,71000,16895537152
1790312423.137726,23872143360,100,401293000,70000,16895537152
1790312424.1383011,23872143360,100,388690000,71000,16895537152
1790312425.1388326,23872143360,100,403449000,71000,16895537152
1790312426.1398785,23872143360,93,393415000,71000,16895537152
1790312427.1405442,23872143360,100,366596000,70000,16895537152
1790312428.141285,23872143360,100,388054000,72000,16895537152
1790312429.1419744,23872143360,100,402629000,71000,16895537152
1790312430.1425266,23872143360,82,348726000,70000,16895537152
1790312431.1434126,23872143360,89,392403000,72000,16895537152
1790312432.144501,23872143360,100,398435000,71000,16895537152
1790312433.1450803,23872143360,100,397739000,71000,16895537152
1790312434.2745707,23872143360,48,328283000,68000,16895537152
1790312435.275059,23872143360,100,372841000,70000,16895537152
1790312436.2755988,23872143360,100,383793000,70000,16895537152
1790312437.2762108,23872143360,100,380005000,70000,16895537152
1790312438.2769232,23872143360,99,372578000,70000,16895537152
1790312439.2781348,23872143360,96,389221000,72000,16895537152
1790312440.2787292,23872143360,100,397634000,71000,16895537152
1790312441.2795775,23872143360,100,382017000,70000,16895537152
1790312442.2806985,23872143360,100,376621000,69000,16895537152
1790312443.2817576,23872143360,28,314260000,65000,16895537152
1790312444.2823231,23872143360,100,338563000,72000,16895537152
1790312445.2834036,23872143360,100,392259000,70000,16895537152
1790312446.2840781,23872143360,100,378579000,70000,16895537152
1790312447.285184,23872143360,29,263439000,63000,16895537152
1790312448.2860098,23872143360,41,180896000,65000,16895537152
1790312449.2867138,23872143360,100,328440000,69000,16895537152
1790312450.287806,23872143360,80,342296000,70000,16895537152
1790312451.2886035,23872143360,21,374556000,64000,16895537152
1790312452.2896082,23872143360,56,308105000,66000,16895537152
1790312453.2901444,23872143360,100,349322000,70000,16895537152
1790312454.2907095,23872143360,100,382867000,70000,16895537152
1790312455.2916377,23872143360,89,376823000,71000,16895537152
1790312456.292563,23872143360,26,364226000,64000,16895537152
1790312457.2934296,23872143360,100,347843000,70000,16895537152
1790312458.2942328,23872143360,100,330610000,70000,16895537152
1790312459.2955098,23872143360,93,387363000,71000,16895537152
1790312460.2962756,23872143360,100,404405000,71000,16895541248
1790312461.2968163,23872143360,100,401096000,70000,16895537152
1790312462.3251834,23872143360,100,394082000,71000,16895537152
1790312463.3258135,23872143360,100,388444000,71000,16895537152
1790312464.3263633,23872143360,100,381803000,69000,16895537152
1790312465.3271284,23872143360,96,381142000,71000,16895537152
1790312466.3277962,23872143360,100,401567000,71000,16895537152
1790312467.3287191,23872143360,87,301747000,71000,16895537152
1790312468.3293507,23872143360,100,397343000,71000,16895537152
1790312469.329915,23872143360,100,338768000,71000,16895537152
1790312470.3327684,23872143360,100,404258000,71000,16895537152
1790312471.333673,23872143360,99,287930000,71000,16895537152
1790312472.6848948,23872143360,12,233859000,60000,16895537152
1790312473.6856499,23872143360,100,282952000,69000,16895537152
1790312474.6866536,23872143360,100,376783000,69000,16895537152
1790312475.6872702,23872143360,95,393019000,70000,16895537152
1790312476.6878579,23872143360,100,395852000,70000,16895537152
1790312477.6885827,23872143360,100,394396000,70000,16895537152
1790312478.6893804,23872143360,100,339149000,64000,16895537152
1790312479.6899724,23872143360,93,306235000,70000,16895537152
1790312480.6909854,23872143360,34,330985000,69000,16895537152
1790312481.6916099,23872143360,100,382293000,69000,16895537152
1790312482.692774,23872143360,100,375321000,69000,16895537152
1790312483.693503,23872143360,33,327954000,70000,16895537152
1790312484.6940703,23872143360,100,401534000,71000,16895537152
1790312485.6949565,23872143360,38,329365000,69000,16895537152
1790312486.6957366,23872143360,100,356363000,67000,16895537152
1790312487.6962605,23872143360,100,385402000,70000,16895537152
1790312488.6969361,23872143360,100,364773000,65000,16895537152
1790312489.6975288,23872143360,100,326596000,70000,16895537152
1790312490.6980612,23872143360,100,378281000,70000,16895537152
1790312491.6992707,23872143360,100,340138000,64000,16895537152
1790312492.7001612,23872143360,100,360380000,71000,16895537152
1790312493.7013283,23872143360,100,379057000,69000,16895537152
1790312494.7020688,23872143360,100,379035000,70000,16895537152
1790312495.702609,23872143360,38,335501000,69000,16895537152
1790312496.703454,23872143360,100,382104000,69000,16895537152
1790312497.7044384,23872143360,100,385503000,69000,16895537152
1790312498.7053351,23872143360,100,342695000,64000,16895537152
1790312499.7064493,23872143360,100,356626000,71000,16895537152
1790312500.7073839,23872143360,100,383305000,70000,16895537152
1790312501.7082226,23872143360,55,347916000,69000,16895537152
1790312502.7086935,23872143360,100,383348000,70000,16895537152
1790312503.7097728,23872143360,100,378918000,70000,16895537152
1790312504.7105649,23872143360,100,335652000,70000,16895537152
1790312505.7114418,23872143360,100,335510000,64000,16895537152
1790312506.7120242,23872143360,100,356291000,71000,16895537152
1790312507.7131743,23872143360,100,398579000,71000,16895537152
1790312508.713967,23872143360,100,399414000,70000,16895537152
1790312509.714984,23872143360,100,364737000,71000,16895537152
1790312510.715774,23872143360,88,392498000,70000,16895537152
1790312511.716631,23872143360,100,375166000,70000,16895537152
1790312512.7173574,23872143360,100,368546000,70000,16895537152
1790312513.7181523,23872143360,100,384742000,71000,16895537152
1790312514.7192223,23872143360,100,379514000,70000,16895537152
1790312515.7200017,23872143360,100,394888000,71000,16895537152
1790312516.7208471,23872143360,100,330870000,71000,16895537152
1790312517.7217371,23872143360,93,402634000,72000,16895537152
1790312518.7227902,23872143360,32,262260000,63000,16895537152
1790312519.724014,23872143360,31,231165000,69000,16895537152
1790312520.725526,23872143360,100,320111000,63000,16895537152
1790312521.72676,23872143360,32,205260000,69000,16895537152
1790312522.7279222,23872143360,34,340888000,69000,16895537152
1790312523.7291307,23872143360,83,352022000,63000,16895537152
1790312524.7300706,23872143360,47,254942000,63000,16895537152
1790312526.288303,23872143360,0,190950000,58000,16895537152
1790312527.2895036,23872143360,100,255069000,68000,16936017920
1790312528.2906566,23872143360,88,361487000,68000,16895537152
1790312529.2916121,23872143360,100,380391000,68000,16895537152
1790312530.2922914,23872143360,100,387327000,70000,16895537152
1790312531.2934618,23872143360,98,396130000,70000,16895537152
1790312532.2945337,23872143360,100,360187000,70000,16895537152
1790312533.2953184,23872143360,100,402498000,70000,16895537152
1790312534.2965162,23872143360,100,338977000,69000,16895537152
1790312535.2978816,23872143360,100,398010000,70000,16895537152
1790312536.2988982,23872143360,100,381554000,68000,16895537152
1790312537.29968,23872143360,100,373446000,70000,16895537152
1790312538.300572,23872143360,38,289052000,63000,16895537152
1790312539.303152,23872143360,100,348949000,68000,16895537152
1790312540.304068,23872143360,100,374408000,69000,16895537152
1790312541.3047144,23872143360,100,375907000,70000,16895537152
1790312542.30548,23872143360,100,390215000,70000,16895537152
1790312543.3066053,23872143360,100,380260000,69000,16895537152
1790312544.3084898,23872143360,100,388573000,69000,16896659456
1790312545.3092687,23872143360,100,320957000,69000,16896622592
1790312546.3100445,23872143360,100,324617000,69000,16896622592
1790312547.3108516,23872143360,100,398117000,68000,16896622592
1790312548.3115518,23872143360,100,324841000,68000,16896622592
1790312549.3125243,23872143360,100,380049000,69000,16896622592
1790312550.313731,23872143360,100,374924000,69000,16896622592
1790312551.3144433,23872143360,100,382529000,69000,16898101248
1790312552.315117,23872143360,100,332775000,69000,16898064384
1790312553.3162384,23872143360,99,371405000,71000,16898064384
1790312554.3169496,23872143360,91,330146000,68000,16898064384
1790312555.3175993,23872143360,100,382605000,68000,16898064384
1790312556.3180823,23872143360,100,378481000,69000,16898064384
1790312557.3188782,23872143360,92,383646000,70000,16898064384
1790312558.3199444,23872143360,100,382862000,69000,16898064384
1790312559.3205853,23872143360,100,380834000,69000,16898097152
1790312560.3214502,23872143360,100,322143000,68000,16899252224
1790312561.3223743,23872143360,92,374751000,71000,16899252224
1790312562.3231368,23872143360,100,377011000,68000,16899252224
1790312563.323859,23872143360,100,360316000,69000,16899252224
1790312564.324745,23872143360,23,268514000,62000,16899252224
1790312565.325625,23872143360,100,302749000,70000,16899252224
1790312566.3267028,23872143360,100,402698000,70000,16899252224
1790312567.3275182,23872143360,100,396224000,70000,16899252224
1790312568.3282924,23872143360,100,392602000,70000,16899252224
1790312569.329141,23872143360,100,384171000,69000,16899252224
1790312570.3300726,23872143360,100,376337000,69000,16899252224
1790312571.3309577,23872143360,100,386315000,71000,16899252224
1790312572.3327966,23872143360,100,401131000,71000,16899252224
1790312573.3334415,23872143360,91,318805000,70000,16899252224
1790312574.334119,23872143360,100,389937000,70000,16899252224
1790312575.3348725,23872143360,91,376576000,71000,16899284992
1790312576.3356373,23872143360,100,350196000,69000,16900325376
1790312577.3363202,23872143360,100,382616000,70000,16900325376
1790312578.3372114,23872143360,95,325483000,68000,16900325376
1790312579.3385623,23872143360,100,398845000,70000,16900325376
1790312580.339156,23872143360,100,322339000,69000,16900325376
1790312581.340618,23872143360,89,390972000,71000,16900325376
1790312582.3418255,23872143360,100,394380000,71000,16900325376
1790312583.3426669,23872143360,100,401317000,70000,16900325376
1790312584.3436294,23872143360,86,367408000,70000,16900325376
1790312585.3445473,23872143360,100,391046000,70000,16900325376
1790312586.3452811,23872143360,35,324741000,64000,16900325376
1790312587.3462257,23872143360,100,260908000,71000,16900325376
1790312588.3467739,23872143360,100,385929000,69000,16900325376
1790312589.3482015,23872143360,100,387801000,71000,16900325376
1790312590.4747572,23872143360,93,322744000,69000,16900325376
1790312591.4757206,23872143360,100,379729000,69000,16900325376
1790312592.5347507,23872143360,0,193395000,59000,16900325376
1790312593.5355117,23872143360,99,323648000,68000,16900325376
1790312594.5362039,23872143360,100,379217000,70000,16900325376
1790312595.537583,23872143360,100,393125000,70000,16900325376
1790312596.538426,23872143360,100,389111000,70000,16900325376
1790312597.5396268,23872143360,100,377730000,69000,16900325376
1790312598.5405831,23872143360,100,366270000,69000,16900325376
1790312599.542041,23872143360,100,371198000,69000,16900325376
1790312600.5429218,23872143360,100,376531000,71000,16900325376
1790312601.5436747,23872143360,100,404773000,71000,16900325376
1790312602.5443904,23872143360,92,385260000,70000,16900325376
1790312603.5452948,23872143360,100,380353000,67000,16900325376
1790312604.5463731,23872143360,33,286854000,70000,16900325376
1790312605.54704,23872143360,98,395613000,70000,16900325376
1790312606.5487618,23872143360,97,385634000,71000,16900325376
1790312607.5500565,23872143360,99,401345000,70000,16900325376
1790312608.576865,23872143360,89,391945000,71000,16900333568
1790312609.578268,23872143360,0,333439000,69000,16901357568
1790312610.5800664,23872143360,100,322472000,67000,16901357568
1790312611.5816188,23872143360,100,361996000,70000,16901357568
1790312612.5827165,23872143360,100,384745000,71000,16901357568
1790312613.5835514,23872143360,100,369139000,70000,16901357568
1790312614.5845075,23872143360,97,381000000,71000,16901357568
1790312615.5854948,23872143360,100,396620000,72000,16901357568
1790312616.5863445,23872143360,32,327594000,69000,16901357568
1790312617.587106,23872143360,100,373523000,71000,16901357568
1790312618.5880406,23872143360,100,381474000,71000,16901357568
1790312619.589548,23872143360,100,403774000,71000,16901357568
1790312620.5904903,23872143360,80,389807000,71000,16902651904
1790312621.5914376,23872143360,100,338945000,70000,16902717440
1790312622.5920203,23872143360,100,392297000,71000,16902717440
1790312623.5929477,23872143360,25,328389000,70000,16902717440
1790312624.593561,23872143360,85,383553000,71000,16902717440
1790312625.5947633,23872143360,82,334544000,68000,16902717440
1790312626.6026888,23872143360,100,397524000,68000,16902717440
1790312627.6035342,23872143360,100,329636000,70000,16902717440
1790312628.6044536,23872143360,85,355630000,65000,16902717440
1790312629.6053686,23872143360,100,344108000,71000,16902717440
1790312630.6061697,23872143360,100,385119000,69000,16902717440
1790312631.6067817,23872143360,100,372474000,70000,16902717440
1790312632.6074674,23872143360,100,384193000,70000,16902717440
1790312633.6080167,23872143360,100,380099000,70000,16902717440
1790312634.6086001,23872143360,85,384632000,71000,16902717440
1790312635.609233,23872143360,100,382594000,69000,16902717440
1790312636.6102765,23872143360,100,375561000,70000,16902717440
1790312637.611242,23872143360,100,320451000,70000,16902717440
1790312638.6122296,23872143360,100,379490000,69000,16902717440
1790312639.613174,23872143360,100,379335000,68000,16902717440
1790312640.6139245,23872143360,25,265780000,69000,16902717440
1790312641.6147876,23872143360,100,303015000,68000,16902717440
1790312642.615561,23872143360,100,386626000,69000,16902717440
1790312643.6161623,23872143360,100,366859000,68000,16902717440
1790312644.61721,23872143360,100,363985000,71000,16902717440
1790312645.6183174,23872143360,100,393418000,71000,16902717440
1790312646.6195672,23872143360,91,403736000,71000,16902717440
1790312647.6202128,23872143360,100,398459000,70000,16902717440
1790312648.6208427,23872143360,100,382449000,69000,16902717440
1790312649.6215312,23872143360,100,379013000,69000,16902717440
1790312650.6231093,23872143360,100,324167000,71000,16902717440
1790312651.624187,23872143360,100,325739000,71000,16902717440
1790312652.6264486,23872143360,100,375227000,68000,16902717440
1790312653.6275933,23872143360,32,263196000,65000,16902717440
1790312654.8108163,23872143360,18,201374000,59000,16902717440
1790312655.8117783,23872143360,27,206199000,69000,16902717440
1790312656.8127503,23872143360,100,398794000,70000,16902717440
1790312657.8135438,23872143360,100,389009000,69000,16902717440
1790312658.8143094,23872143360,100,383162000,70000,16902717440
1790312659.8164892,23872143360,100,382564000,69000,16902717440
1790312660.818142,23872143360,100,377110000,69000,16902717440
1790312661.8195534,23872143360,100,392194000,70000,16902717440
1790312662.8205981,23872143360,100,383009000,69000,16902717440
1790312663.821311,23872143360,100,385147000,69000,16902717440
1790312664.8237514,23872143360,100,374627000,67000,16902717440
1790312665.8247387,23872143360,37,258099000,69000,16902717440
1790312666.8253875,23872143360,96,401235000,71000,16902717440
1790312667.8262644,23872143360,100,400709000,71000,16902717440
1790312668.8273492,23872143360,100,315837000,63000,16902717440
1790312669.8284683,23872143360,100,326023000,69000,16902717440
1790312670.8293235,23872143360,100,377433000,69000,16902717440
1790312671.830157,23872143360,100,382320000,71000,16902717440
1790312672.8309221,23872143360,100,390716000,70000,16902717440
1790312673.8314297,23872143360,100,354320000,65000,16902717440
1790312674.8322268,23872143360,100,325746000,70000,16902717440
1790312675.83308,23872143360,92,392881000,71000,16902717440
1790312676.8342257,23872143360,100,395819000,70000,16902717440
1790312677.8350809,23872143360,100,378028000,70000,16902717440
1790312678.8366952,23872143360,99,364256000,67000,16902717440
1790312679.837453,23872143360,92,328108000,71000,16902717440
1790312680.8392966,23872143360,100,405530000,71000,16902717440
1790312681.8399775,23872143360,38,340926000,71000,16902717440
1790312682.8408682,23872143360,100,391766000,70000,16902717440
1790312683.841855,23872143360,100,390212000,70000,16902717440
1790312684.8434749,23872143360,32,335446000,70000,16902717440
1790312685.844435,23872143360,58,298309000,69000,16902717440
1790312686.845872,23872143360,33,342760000,70000,16902717440
1790312687.846905,23872143360,100,401142000,71000,16902717440
1790312688.8480058,23872143360,100,389882000,69000,16902717440
1790312689.8487463,23872143360,100,381413000,69000,16902717440
1790312690.8496218,23872143360,100,385504000,70000,16902717440
1790312691.8508158,23872143360,83,384414000,71000,16902717440
1790312692.8518858,23872143360,49,356634000,71000,16902717440
1790312693.8530333,23872143360,34,341252000,71000,16902717440
1790312694.8541965,23872143360,99,394826000,70000,16902717440
1790312695.8548284,23872143360,100,321684000,68000,16902717440
1790312696.8556936,23872143360,100,373864000,68000,16902717440
1790312697.8563745,23872143360,100,365778000,70000,16902717440
1790312698.8575068,23872143360,100,385563000,70000,16902717440
1790312699.8582418,23872143360,100,381053000,70000,16902717440
1790312700.8596246,23872143360,33,245798000,62000,16902717440
1790312701.9250753,23872143360,35,314819000,70000,16902717440
1790312702.9258413,23872143360,100,384913000,69000,16902717440
1790312703.9266038,23872143360,100,381223000,69000,16902717440
1790312704.9273825,23872143360,99,387927000,70000,16902717440
1790312705.9284322,23872143360,25,323644000,69000,16902717440
1790312706.9291399,23872143360,100,396943000,71000,16902717440
1790312707.9299953,23872143360,100,391308000,70000,16902717440
1790312708.9309123,23872143360,100,320969000,63000,16902717440
1790312709.931842,23872143360,100,357318000,68000,16902717440
1790312710.932764,23872143360,100,382503000,69000,16902717440
1790312711.933279,23872143360,100,384569000,70000,16902717440
1790312712.9339721,23872143360,100,393256000,71000,16902717440
1790312713.935243,23872143360,100,401936000,70000,16902717440
1790312714.9362903,23872143360,100,390106000,70000,16902717440
1790312715.937273,23872143360,100,386854000,69000,16902717440
1790312716.93811,23872143360,100,351452000,70000,16902717440
1790312717.939002,23872143360,100,392694000,70000,16902717440
1790312719.7528946,23872143360,59,187789000,60000,16902717440
1790312720.7543478,23872143360,100,279149000,69000,16902717440
1790312721.7551632,23872143360,100,394170000,69000,16902717440
1790312722.7560627,23872143360,100,391687000,70000,16902717440
1790312723.757065,23872143360,33,292150000,70000,16902717440
1790312724.7577796,23872143360,93,399866000,70000,16902717440
1790312725.7586358,23872143360,27,327603000,70000,16902717440
1790312726.759836,23872143360,100,396026000,70000,16902717440
1790312727.7612016,23872143360,21,323818000,71000,16902717440
1790312728.761906,23872143360,99,403681000,71000,16902717440
1790312729.7628222,23872143360,100,391703000,69000,16902717440
1790312730.7636735,23872143360,100,385681000,70000,16902717440
1790312731.764531,23872143360,100,390689000,71000,16902717440
1790312732.7656887,23872143360,100,398248000,71000,16902717440
1790312733.7668445,23872143360,53,360379000,71000,16902717440
1790312734.767589,23872143360,79,334774000,70000,16902717440
1790312735.7686064,23872143360,92,402539000,70000,16902717440
1790312736.7696695,23872143360,100,348076000,65000,16902717440
1790312737.7702594,23872143360,100,355843000,70000,16902717440
1790312738.7712398,23872143360,99,389607000,70000,16902717440
1790312739.7721996,23872143360,100,384137000,70000,16902717440
1790312740.7734253,23872143360,94,385865000,70000,16902717440
1790312741.7744107,23872143360,100,384040000,70000,16902717440
1790312742.7750003,23872143360,100,395281000,70000,16902717440
1790312743.775804,23872143360,100,380256000,71000,16902717440
1790312744.7765145,23872143360,100,381288000,71000,16902717440
1790312745.7771897,23872143360,100,399414000,70000,16902717440
1790312746.7778897,23872143360,100,339445000,64000,16902717440
1790312747.7786393,23872143360,100,351458000,70000,16902717440
1790312748.779749,23872143360,100,393877000,72000,16902717440
1790312749.7804186,23872143360,91,401617000,72000,16902717440
1790312750.7811902,23872143360,100,402690000,71000,16902717440
1790312751.7818396,23872143360,100,388414000,70000,16902717440
1790312752.7825086,23872143360,100,385201000,70000,16902717440
1790312753.7830553,23872143360,80,339809000,70000,16902717440
1790312754.7835848,23872143360,100,391505000,71000,16902717440
1790312755.7843797,23872143360,100,385262000,70000,16902717440
1790312756.7850547,23872143360,100,396643000,72000,16902717440
1790312757.7857003,23872143360,24,324003000,70000,16902717440
1790312758.7865582,23872143360,100,386169000,71000,16902717440
1790312760.0397823,23872143360,100,380283000,69000,16902717440
1790312761.209507,23872143360,0,128933000,60000,16902717440
1790312762.3202372,23874240512,97,129191000,68000,16907259904
1790312763.321849,24461443072,0,250068000,59000,16926941184
1790312764.322941,24650186752,100,251646000,67000,16907264000
1790312765.3352468,24650186752,62,382728000,69000,16907350016
1790312766.3360462,24838930432,99,384476000,71000,16907272192
1790312767.336975,25048645632,100,393767000,69000,16907505664
1790312768.3376472,25048645632,77,391717000,70000,16907505664
1790312769.338581,25050742784,99,387795000,71000,16907505664
1790312770.339825,25050742784,100,393563000,69000,16907505664
1790312771.3406909,25050742784,100,397178000,70000,16907505664
1790312772.3413997,25052839936,100,397302000,70000,16907526144
1790312773.3423712,25052839936,100,397061000,69000,16907526144
1790312774.3432114,25052839936,100,396740000,70000,16907714560
1790312775.3440523,25052839936,100,397260000,69000,16907714560
1790312776.3447835,25052839936,100,397526000,72000,16907714560
1790312777.3455255,25052839936,100,396861000,72000,16907714560
1790312778.346251,25052839936,100,396917000,70000,16907714560
1790312779.3469484,25052839936,100,397534000,72000,16907714560
1790312780.347598,25052839936,100,397213000,71000,16907714560
1790312781.3484187,25052839936,100,396995000,71000,16907976704
1790312782.3490376,25052839936,100,395320000,71000,16907976704
1790312783.349686,25052839936,100,390960000,72000,16907976704
1790312784.350297,25052839936,87,388572000,68000,16907976704
1790312785.3510256,25052839936,88,385335000,72000,16908066816
1790312786.3516731,25052839936,100,383407000,72000,16908300288
1790312787.354295,25052839936,99,394625000,71000,16908300288
1790312788.355172,25052839936,100,388337000,72000,16908300288
1790312789.3560178,25052839936,67,384471000,71000,16908300288
1790312790.356868,25052839936,93,387983000,70000,16908300288
1790312791.3574977,25052839936,100,383566000,71000,16908300288
1790312792.3586745,25052839936,99,395015000,72000,16908300288
1790312793.3595648,25052839936,100,387379000,71000,16908525568
1790312794.3603075,25052839936,97,394376000,71000,16908525568
1790312795.361245,25052839936,100,387542000,71000,16908771328
1790312796.3621044,25052839936,99,395251000,73000,16908771328
1790312797.3629816,25052839936,100,387695000,71000,16908771328
1790312798.3638353,25052839936,99,394320000,71000,16908771328
1790312799.3647137,25052839936,100,388823000,71000,16908865536
1790312800.4793108,25052839936,100,384861000,70000,16908959744
1790312801.4800646,25052839936,99,396355000,72000,16908959744
1790312802.4806798,25052839936,100,387800000,73000,16909058048
1790312803.4813828,25052839936,83,390476000,69000,16909058048
1790312804.482081,25052839936,100,388759000,71000,16909156352
1790312805.4828024,25052839936,100,394495000,70000,16909156352
1790312806.4836621,25054937088,100,396579000,70000,16909254656
1790312807.4843464,25054937088,100,397307000,73000,16909254656
1790312808.484953,25054937088,100,397489000,70000,16909254656
1790312809.4855955,25054937088,100,401253000,70000,16909254656
1790312810.486372,25054937088,100,399245000,70000,16909410304
1790312811.487076,25054937088,100,401199000,70000,16909410304
1790312812.4877973,25054937088,100,398199000,71000,16909410304
1790312813.4890623,25054937088,100,399843000,71000,16909410304
1790312814.4898453,25054937088,100,401733000,70000,16909410304
1790312815.490513,25054937088,100,398660000,70000,16909410304
1790312816.4910686,25054937088,100,399077000,70000,16909410304
1790312817.4919708,25054937088,100,396546000,74000,16909410304
1790312818.4923663,25054937088,100,398424000,72000,16909410304
1790312819.4930465,25054937088,100,395595000,71000,16909410304
1790312820.4937673,25054937088,100,395977000,71000,16909410304
1790312821.4942634,25054937088,100,396675000,71000,16909410304
1790312822.495044,25054937088,99,408057000,72000,16909410304
1790312823.4958336,25054937088,100,399341000,72000,16909410304
1790312824.4965506,25054937088,100,396708000,72000,16909410304
1790312825.4972012,25054937088,100,397879000,71000,16909414400
1790312826.4979296,25054937088,100,395699000,70000,16909410304
1790312827.4987195,25054937088,100,394185000,71000,16909410304
1790312828.4994295,25054937088,100,394636000,74000,16909410304
1790312829.5002906,25054937088,100,394464000,70000,16909410304
1790312830.500993,25054937088,100,396962000,72000,16909410304
1790312831.5020018,25054937088,100,394237000,72000,16909410304
1790312832.5029414,25054937088,100,392158000,71000,16909410304
1790312833.5036478,25054937088,100,393173000,71000,16909410304
1790312834.5040686,25054937088,100,391415000,72000,16909410304
1790312835.5048213,25054937088,100,394771000,72000,16909410304
1790312836.5053647,25054937088,100,397950000,71000,16909410304
1790312837.5057874,25054937088,100,395484000,71000,16909410304
1790312838.506389,25054937088,100,394685000,71000,16909410304
1790312839.5069246,25054937088,100,396632000,73000,16909410304
1790312840.5077481,25054937088,100,396287000,71000,16909410304
1790312841.50861,25054937088,100,398232000,72000,16909410304
1790312842.509359,25054937088,100,398162000,71000,16909410304
1790312843.5099816,25054937088,100,394981000,73000,16909410304
1790312844.5105891,25054937088,100,394354000,71000,16909410304
1790312845.511526,25054937088,100,395533000,72000,16909410304
1790312846.5121343,25054937088,100,392738000,72000,16909410304
1790312847.5127878,25054937088,100,397743000,72000,16909410304
1790312848.5133622,25054937088,100,396858000,72000,16909410304
1790312849.514232,25054937088,100,394475000,70000,16909410304
1790312850.5149045,25054937088,100,385598000,71000,16909410304
1790312851.515566,25054937088,100,385904000,72000,16909410304
1790312852.516296,25054937088,100,386646000,74000,16909410304
1790312853.5170047,25054937088,100,386518000,74000,16909410304
1790312854.5176194,25054937088,100,386466000,73000,16909410304
1790312855.5187006,25054937088,100,387519000,72000,16909410304
1790312856.5192878,25054937088,100,396667000,72000,16909410304
1790312857.5198119,25054937088,100,398159000,71000,16909410304
1790312858.5205553,25054937088,100,396192000,71000,16909410304
1790312859.521698,25054937088,100,388920000,72000,16909410304
1790312860.5224268,25054937088,100,391533000,74000,16909414400
1790312861.5231621,25054937088,100,389201000,72000,16909414400
1790312862.523903,25054937088,100,390769000,71000,16909414400
1790312863.5248039,25054937088,100,389073000,73000,16909414400
1790312864.525506,25054937088,100,389936000,72000,16909414400
1790312865.5261655,25054937088,100,400455000,72000,16909414400
1790312866.5267944,25054937088,99,399822000,71000,16909414400
1790312867.5275476,25054937088,100,399845000,72000,16909414400
1790312868.5281217,25054937088,100,400316000,72000,16909414400
1790312869.5285492,25054937088,100,400997000,73000,16909414400
1790312870.5289462,25054937088,100,401470000,73000,16909414400
1790312871.5296838,25054937088,100,400294000,72000,16909561856
1790312872.530664,25054937088,100,400496000,71000,16909565952
1790312873.531275,25054937088,100,400893000,72000,16909721600
1790312874.5318477,25054937088,100,400474000,72000,16909873152
1790312875.5327673,25054937088,100,399302000,72000,16909885440
1790312876.5335944,25054937088,100,401551000,73000,16910045184
1790312877.5343742,25054937088,92,404580000,75000,16910045184
1790312878.5351546,25054937088,100,392422000,70000,16910168064
1790312879.5360353,25054937088,99,393558000,73000,16910168064
1790312880.536675,25138823168,100,400204000,73000,16910168064
1790312881.5372882,25138823168,100,392397000,72000,16910168064
1790312882.5383356,25138823168,99,389737000,69000,16910168064
1790312883.5392451,25138823168,100,382397000,71000,16910168064
1790312884.5400276,25138823168,100,392332000,74000,16910168064
1790312885.5412803,25138823168,99,391903000,73000,16910168064
1790312886.5419219,25138823168,100,398572000,74000,16910168064
1790312887.5427334,25138823168,100,398430000,74000,16910168064
1790312888.5435982,25138823168,100,404094000,73000,16910168064
1790312889.5443933,25138823168,100,391369000,73000,16910168064
1790312890.544963,25138823168,100,401356000,71000,16910168064
1790312891.5457366,25138823168,100,399213000,71000,16910168064
1790312892.5466928,25138823168,100,403708000,73000,16910168064
1790312893.547387,25138823168,100,393704000,72000,16910168064
1790312894.5481207,25138823168,100,401039000,73000,16910168064
1790312895.5491667,25138823168,100,397871000,71000,16910168064
1790312896.5499218,25138823168,100,399065000,74000,16910168064
1790312897.5506132,25138823168,100,399396000,75000,16910168064
1790312898.5518298,25138823168,98,389933000,74000,16910168064
1790312899.5525496,25138823168,100,396194000,73000,16910168064
1790312900.5534034,25138823168,100,397651000,70000,16910168064
1790312901.5540292,25138823168,100,393092000,72000,16910168064
1790312902.5551956,25138823168,100,394845000,72000,16910168064
1790312903.555963,25138823168,100,394556000,70000,16910168064
1790312904.5568564,25138823168,100,401492000,74000,16910168064
1790312905.5575829,25138823168,100,393815000,72000,16910168064
1790312906.5582886,25138823168,99,396372000,73000,16910168064
1790312907.5591214,25138823168,100,405136000,74000,16910168064
1790312908.5598562,25138823168,100,394134000,72000,16910168064
1790312909.5605924,25138823168,99,396390000,72000,16910168064
1790312910.561356,25138823168,100,401495000,72000,16910168064
1790312911.5621588,25138823168,100,400574000,73000,16910168064
1790312912.5627742,25138823168,100,399507000,72000,16910168064
1790312913.5637026,25138823168,100,406336000,73000,16910168064
1790312914.564463,25138823168,100,398019000,72000,16910168064
1790312915.5651553,25138823168,100,399223000,72000,16910168064
1790312916.5657525,25138823168,99,399651000,73000,16910168064
1790312917.5671775,25138823168,100,398398000,72000,16910168064
1790312918.5678928,25138823168,100,397824000,73000,16910168064
1790312919.5685854,25138823168,99,394496000,72000,16910168064
1790312920.569286,25138823168,100,400211000,73000,16910168064
1790312921.5706546,25138823168,100,395596000,73000,16910168064
1790312922.5714126,25138823168,99,394909000,73000,16910168064
1790312923.5720575,25138823168,100,401934000,74000,16910168064
1790312924.5727873,25138823168,100,394056000,72000,16910168064
1790312925.5735698,25138823168,99,405128000,73000,16910168064
1790312926.5743835,25138823168,100,406031000,74000,16910168064
1790312927.5753257,25138823168,100,409744000,73000,16910168064
1790312928.590988,25138823168,0,267959000,63000,16909795328
1790312929.5917637,25138823168,28,230463000,67000,16909795328
1790312930.592566,25138823168,100,345031000,72000,16909795328
1790312931.5932374,25138823168,100,348769000,66000,16909795328
1790312932.5938232,25138823168,100,317357000,69000,16909795328
1790312933.5943153,25138823168,100,386298000,70000,16909795328
1790312934.5948582,25138823168,100,391482000,72000,16909795328
1790312935.5954742,25138823168,100,388656000,72000,16909795328
1790312936.5962064,25138823168,100,357592000,67000,16909795328
1790312937.5969255,25138823168,32,267172000,71000,16909795328
1790312938.5976598,25138823168,100,406497000,71000,16909795328
1790312939.5983036,25138823168,100,404809000,72000,16909795328
1790312940.5991132,25138823168,26,323457000,71000,16909795328
1790312941.970269,25138823168,91,283211000,61000,16909795328
1790312942.970958,25138823168,14,232735000,70000,16909795328
1790312943.971557,25138823168,95,398105000,70000,16909795328
1790312944.9726443,25138823168,100,387114000,70000,16909795328
1790312945.9736345,25138823168,100,379816000,69000,16909795328
1790312946.9743598,25138823168,89,387054000,71000,16909795328
1790312947.975094,25138823168,91,404909000,72000,16909795328
1790312948.976175,25138823168,25,302617000,66000,16909795328
1790312949.9773521,25138823168,90,351064000,71000,16909795328
1790312950.9782348,25138823168,22,280629000,66000,16909795328
1790312951.9790063,25138823168,93,262941000,63000,16909795328
1790312952.979727,25138823168,100,316277000,69000,16909795328
1790312953.9806406,25138823168,100,380570000,70000,16909795328
1790312954.9813,25138823168,40,280426000,63000,16909795328
1790312955.9819405,25138823168,100,350340000,70000,16909795328
1790312956.982509,25138823168,93,382085000,69000,16909795328
1790312957.983125,25138823168,100,379840000,69000,16909795328
1790312958.983997,25138823168,100,388942000,71000,16909795328
1790312959.9846628,25138823168,87,385289000,71000,16909795328
1790312960.9852552,25138823168,100,406065000,71000,16909795328
1790312961.985794,25138823168,100,399596000,70000,16909795328
1790312962.9864218,25138823168,100,388282000,69000,16909795328
1790312963.9870048,25138823168,100,397732000,70000,16909795328
1790312964.9877648,25138823168,100,391613000,71000,16909795328
1790312965.9883528,25138823168,98,403828000,71000,16909795328
1790312966.9896202,25138823168,80,379650000,70000,16909795328
1790312967.9903138,25138823168,98,371799000,66000,16909799424
1790312968.9909363,25138823168,100,318429000,70000,16909795328
1790312969.991607,25138823168,100,385332000,70000,16909795328
1790312970.99249,25138823168,100,379855000,70000,16909795328
1790312971.9934049,25138823168,100,390193000,70000,16909795328
1790312972.9943035,25138823168,100,387373000,70000,16909795328
1790312973.99515,25138823168,53,295377000,71000,16909795328
1790312974.9958014,25138823168,91,393843000,71000,16909795328
1790312975.9965794,25138823168,100,385401000,70000,16909795328
1790312976.9971395,25138823168,100,328500000,70000,16909795328
1790312977.9982674,25138823168,100,389669000,70000,16909795328
1790312978.9989166,25138823168,100,386057000,70000,16912801792
1790312979.9994988,25138823168,100,354054000,70000,16913362944
1790312981.00048,25138823168,100,384603000,70000,16913362944
1790312982.0015228,25138823168,34,257672000,64000,16913362944
1790312983.0023742,25138823168,100,336517000,70000,16916639744
1790312984.0035791,25138823168,61,299557000,70000,16913362944
1790312985.0043318,25138823168,88,334782000,64000,16913362944
1790312986.0051823,25138823168,100,357363000,69000,16913362944
1790312987.0058699,25138823168,100,386771000,71000,16913362944
1790312988.0063746,25138823168,29,332538000,70000,16913362944
1790312989.0071375,25138823168,100,383416000,69000,16913362944
1790312990.0076344,25138823168,100,377812000,69000,16913362944
1790312991.008505,25138823168,100,378345000,70000,16913362944
1790312992.0091848,25138823168,100,280011000,64000,16913362944
1790312993.0102932,25138823168,91,369019000,68000,16913362944
1790312994.0109203,25138823168,100,396134000,70000,16913362944
1790312995.0118265,25138823168,100,381668000,70000,16913362944
1790312996.0126293,25138823168,100,393667000,70000,16913362944
1790312997.0135484,25138823168,100,390210000,71000,16913362944
1790312998.146704,25138823168,0,184351000,59000,16913362944
1790312999.1474802,25138823168,51,285880000,65000,16913362944
1790313000.1480846,25138823168,100,351537000,70000,16913362944
1790313001.148618,25138823168,100,399779000,71000,16913362944
1790313002.2370458,25138823168,100,388523000,69000,16913362944
1790313003.2375839,25138823168,100,381372000,70000,16913362944
1790313004.2810137,25138823168,100,379595000,69000,16913362944
1790313005.281848,25138823168,100,384222000,70000,16913362944
1790313006.2825766,25138823168,100,399276000,70000,16913362944
1790313007.283133,25138823168,100,383368000,70000,16913362944
1790313008.2842503,25138823168,100,378841000,69000,16913362944
1790313009.2850564,25138823168,100,392726000,71000,16913362944
1790313010.2857296,25138823168,100,401915000,70000,16913362944
1790313011.2869425,25138823168,100,387712000,70000,16913362944
1790313012.2877164,25138823168,100,392777000,71000,16913362944
1790313013.2884736,25138823168,100,405680000,71000,16913362944
1790313014.289216,25138823168,100,398508000,70000,16913362944
1790313015.290396,25138823168,100,392154000,71000,16913362944
1790313016.291106,25138823168,100,385463000,70000,16913362944
1790313017.291626,25138823168,100,381566000,70000,16913362944
1790313018.2921858,25138823168,100,378234000,69000,16913362944
1790313019.2928143,25138823168,96,388476000,71000,16913362944
1790313020.293624,25138823168,91,387175000,71000,16913362944
1790313021.2942185,25138823168,100,385810000,70000,16913362944
1790313022.2949843,25138823168,28,345725000,64000,16913362944
1790313023.2955656,25138823168,100,343276000,71000,16913362944
1790313024.2965605,25138823168,33,338766000,64000,16913362944
1790313025.2973728,25138823168,100,326513000,70000,16913362944
1790313026.2979114,25138823168,100,400211000,71000,16913362944
1790313027.2992687,25138823168,100,392002000,71000,16913362944
1790313028.299938,25138823168,100,401522000,70000,16913362944
1790313029.3005443,25138823168,92,261923000,70000,16913362944
1790313030.3012016,25138823168,100,387419000,69000,16913362944
1790313031.3018875,25138823168,98,389233000,71000,16913362944
1790313032.302446,25138823168,100,395413000,70000,16913362944
1790313033.302883,25138823168,100,389564000,70000,16913367040
1790313034.3037987,25138823168,44,326587000,68000,16913367040
1790313035.3047426,25138823168,100,368450000,70000,16913367040
1790313036.305772,25138823168,100,394625000,70000,16913367040
1790313037.307082,25138823168,29,341034000,64000,16913367040
1790313038.308588,25138823168,96,287050000,69000,16913367040
1790313039.3096569,25138823168,100,336869000,70000,16913367040
1790313040.3106735,25138823168,97,383553000,70000,16913367040
1790313041.3115485,25138823168,30,314932000,63000,16913367040
1790313042.3123183,25138823168,89,297815000,69000,16913367040
1790313043.3133976,25138823168,92,392402000,71000,16913367040
1790313044.3145685,25138823168,100,335352000,69000,16913367040
1790313045.3154624,25138823168,100,390522000,70000,16913367040
1790313046.31728,25138823168,71,385615000,68000,16913367040
1790313047.319332,25138823168,100,373013000,71000,16913367040
1790313048.3201988,25138823168,98,390453000,71000,16913367040
1790313049.3209393,25138823168,100,403743000,71000,16913367040
1790313050.3218944,25138823168,100,384340000,69000,16913367040
1790313051.3225458,25138823168,100,379805000,71000,16913367040
1790313052.3234138,25138823168,100,405301000,71000,16913367040
1790313053.3242404,25138823168,100,400942000,71000,16913367040
1790313054.3250246,25138823168,100,335015000,70000,16913367040
1790313055.3258173,25138823168,100,387121000,69000,16913367040
1790313056.3268592,25138823168,100,392579000,71000,16913367040
1790313057.5641513,25138823168,0,170669000,59000,16913367040
1790313058.5651298,25138823168,100,325384000,69000,16913367040
1790313059.5660815,25138823168,100,381063000,70000,16913367040
1790313060.5668929,25138823168,30,334509000,69000,16913367040
1790313061.5676782,25138823168,91,392910000,69000,16913367040
1790313062.5685554,25138823168,100,377695000,65000,16913367040
1790313063.5694833,25138823168,100,332233000,70000,16913367040
1790313064.570295,25138823168,100,382666000,70000,16913367040
1790313065.571121,25138823168,100,386795000,71000,16913367040
1790313066.5723848,25138823168,31,256513000,68000,16913367040
1790313067.5730352,25138823168,31,294118000,69000,16913367040
1790313068.5738065,25138823168,100,381255000,69000,16913367040
1790313069.5752985,25138823168,100,373753000,69000,16913367040
1790313070.5759826,25138823168,100,385020000,70000,16913367040
1790313071.5766582,25138823168,100,381931000,69000,16913367040
1790313072.5777178,25138823168,98,387397000,70000,16913367040
1790313073.5785174,25138823168,100,378239000,69000,16913367040
1790313074.5793443,25138823168,100,372848000,71000,16913367040
1790313075.5807443,25138823168,100,404714000,70000,16913367040
1790313076.5817964,25138823168,92,396760000,71000,16913367040
1790313077.5834317,25138823168,88,386291000,69000,16913367040
1790313078.5842795,25138823168,100,372978000,69000,16913367040
1790313079.5854099,25138823168,100,378777000,69000,16913367040
1790313080.5866473,25138823168,98,381835000,66000,16913367040
1790313081.5876787,25138823168,30,273981000,70000,16913367040
1790313082.5886898,25138823168,100,320506000,63000,16913367040
1790313083.5896485,25138823168,100,304889000,67000,16913367040
1790313084.5958664,25138823168,91,300028000,63000,16913367040
1790313085.596461,25138823168,80,318508000,69000,16913367040
1790313086.597047,25138823168,100,386755000,70000,16913367040
1790313087.59791,25138823168,100,365562000,63000,16913367040
1790313088.5993738,25138823168,100,333433000,71000,16913367040
1790313089.6008112,25138823168,52,339131000,69000,16913367040
1790313090.6015546,25138823168,100,378355000,68000,16913367040
1790313091.6022046,25138823168,100,360765000,69000,16913367040
1790313092.6032128,25138823168,100,376602000,70000,16913367040
1790313093.6038551,25138823168,100,395119000,70000,16913367040
1790313094.604495,25138823168,90,381728000,69000,16913367040
1790313095.6052914,25138823168,100,382863000,69000,16913367040
1790313096.6059306,25138823168,27,326438000,69000,16913367040
1790313097.6066847,25138823168,100,389712000,70000,16913367040
1790313098.6075137,25138823168,100,339562000,63000,16913367040
1790313099.6088464,25138823168,100,363609000,70000,16913367040
1790313100.6094637,25138823168,91,395629000,69000,16913367040
1790313101.6099675,25138823168,100,387541000,69000,16913367040
1790313102.610784,25138823168,100,343545000,64000,16913367040
1790313103.6115963,25138823168,100,297617000,68000,16914530304
1790313104.6124191,25138823168,100,376568000,70000,16914530304
1790313105.6133366,25138823168,100,404112000,70000,16914530304
1790313106.614055,25138823168,92,401868000,71000,16914530304
1790313107.6148055,25138823168,100,391509000,69000,16914530304
1790313108.6160073,25138823168,100,380891000,70000,16914530304
1790313109.6168811,25138823168,90,367291000,66000,16914530304
1790313110.6175857,25138823168,26,227764000,69000,16914530304
1790313111.6187353,25138823168,100,351541000,63000,16914530304
1790313112.6198497,25138823168,100,364057000,67000,16914530304
1790313113.620621,25138823168,100,341950000,69000,16914530304
1790313114.6213038,25138823168,100,376661000,69000,16914530304
1790313115.6225755,25138823168,100,375652000,70000,16914530304
1790313116.6232998,25138823168,78,344189000,70000,16914530304
1790313117.6242273,25138823168,100,387962000,70000,16914530304
1790313118.6258333,25138823168,100,391531000,71000,16914530304
1790313119.6268811,25138823168,19,305383000,69000,16914530304
1790313120.6277966,25138823168,32,317958000,70000,16914530304
1790313121.6338003,25138823168,0,217410000,59000,16914530304
1790313122.6346097,25138823168,100,241108000,68000,16914530304
1790313123.6360443,25138823168,100,398002000,70000,16914530304
1790313124.637065,25138823168,100,393654000,69000,16914530304
1790313125.638009,25138823168,100,381478000,68000,16914530304
1790313126.6398268,25138823168,100,377191000,69000,16914530304
1790313127.641236,25138823168,100,381817000,67000,16914530304
1790313128.6422946,25138823168,97,354048000,70000,16914530304
1790313129.643444,25138823168,31,331882000,69000,16914530304
1790313130.6443582,25138823168,96,390270000,70000,16914530304
1790313131.645267,25138823168,49,356557000,70000,16914530304
1790313132.6471684,25138823168,46,329391000,67000,16914530304
1790313133.6480844,25138823168,91,349536000,69000,16914530304
1790313134.6486933,25138823168,100,381344000,70000,16914530304
1790313135.6497073,25138823168,100,400446000,69000,16914530304
1790313136.6515098,25138823168,64,340960000,70000,16914530304
1790313137.6524796,25138823168,34,325645000,70000,16914530304
1790313138.653626,25138823168,100,401443000,70000,16914530304
1790313139.6546743,25138823168,100,392594000,70000,16914530304
1790313140.6553836,25138823168,100,381354000,70000,16914530304
1790313141.657071,25138823168,99,351620000,64000,16914530304
1790313142.6582224,25138823168,100,357662000,66000,16914530304
1790313143.6590626,25138823168,100,325969000,70000,16914530304
1790313144.6598046,25138823168,22,326860000,70000,16914530304
1790313145.6605158,25138823168,100,397324000,69000,16914530304
1790313146.6618364,25138823168,100,380987000,69000,16914530304
1790313147.6632435,25138823168,100,383562000,70000,16914530304
1790313148.6641195,25138823168,93,391775000,71000,16914530304
1790313149.6647444,25138823168,32,312815000,67000,16915714048
1790313150.6654978,25138823168,100,315063000,68000,16915677184
1790313151.6662593,25138823168,60,320036000,69000,16915677184
1790313152.6669374,25138823168,100,376017000,69000,16915677184
1790313153.6676745,25138823168,100,367946000,69000,16915677184
1790313154.6686072,25138823168,100,356320000,65000,16915677184
1790313155.6696932,25138823168,99,328511000,66000,16915677184
1790313156.6705925,25138823168,100,263347000,65000,16915677184
1790313157.6713362,25138823168,100,351631000,69000,16915677184
1790313158.6722512,25138823168,100,390799000,69000,16915677184
1790313159.6736171,25138823168,100,397858000,70000,16915677184
1790313160.6751626,25138823168,100,343677000,64000,16915677184
1790313161.675908,25138823168,100,368225000,69000,16915677184
1790313162.6766756,25138823168,99,404847000,71000,16915677184
1790313163.6770735,25138823168,100,386707000,69000,16915677184
1790313164.6781394,25138823168,100,379790000,69000,16915677184
1790313165.6790369,25138823168,95,390088000,70000,16915677184
1790313166.6866586,25138823168,100,391986000,70000,16915677184
1790313167.6879294,25138823168,100,399254000,70000,16915677184
1790313168.6889265,25138823168,96,386639000,67000,16915677184
1790313169.6897826,25138823168,93,342225000,71000,16915681280
1790313170.6910233,25138823168,87,299788000,64000,16915677184
1790313171.691664,25138823168,100,344687000,69000,16915677184
1790313172.6923833,25138823168,95,389578000,71000,16915677184
1790313173.6936255,25138823168,92,360400000,65000,16915677184
1790313174.6943686,25138823168,100,296519000,63000,16915677184
1790313175.9056485,25138823168,100,312953000,61000,16915677184
1790313176.9063687,25138823168,100,245642000,69000,16915677184
1790313177.9080126,25138823168,96,386582000,70000,16915677184
1790313178.908671,25138823168,100,390118000,69000,16915677184
1790313179.9103706,25138823168,100,325184000,63000,16915677184
1790313180.9114716,25138823168,44,290839000,70000,16915677184
1790313181.9123085,25138823168,87,406292000,70000,16915677184
1790313182.9129078,25138823168,100,399214000,69000,16915677184
1790313183.9133725,25138823168,100,384569000,70000,16915677184
1790313184.9141874,25138823168,100,389863000,70000,16915677184
1790313185.9149287,25138823168,88,375153000,70000,16915677184
1790313186.9159734,25138823168,87,351789000,63000,16915677184
1790313187.916555,25138823168,29,190326000,67000,16915677184
1790313188.917218,25138823168,100,378022000,68000,16915677184
1790313189.9178324,25138823168,32,259770000,67000,16915677184
1790313190.9183385,25138823168,100,387859000,68000,16915677184
1790313191.9189975,25138823168,100,383388000,69000,16915677184
1790313192.9206176,25138823168,49,329230000,70000,16915677184
1790313193.9213085,25138823168,26,195542000,62000,16915677184
1790313194.9219096,25138823168,100,317651000,68000,16916951040
1790313195.922928,25138823168,100,388013000,68000,16916951040
1790313196.923553,25138823168,75,323792000,67000,16916951040
1790313197.9240625,25138823168,100,380671000,68000,16916951040
1790313198.9248066,25138823168,100,375107000,69000,16916951040
1790313199.9256039,25138823168,90,374300000,68000,16916951040
1790313200.9262571,25138823168,32,263761000,68000,16916951040
1790313201.926865,25138823168,100,378573000,68000,16916951040
1790313202.9281673,25138823168,100,372859000,67000,16916951040
1790313203.9288387,25138823168,9,209287000,62000,16930205696
1790313204.9298573,25138823168,95,269887000,63000,16916951040
1790313205.930685,25138823168,100,362133000,69000,16916951040
1790313206.9313428,25138823168,51,310071000,68000,16916951040
1790313207.9321363,25138823168,100,378342000,68000,16916951040
1790313208.9328203,25138823168,89,289880000,62000,16916951040
1790313209.9334283,25138823168,100,325376000,68000,16916951040
1790313210.9341938,25138823168,100,379703000,68000,16916951040
1790313211.9351418,25138823168,100,390534000,70000,16916951040
1790313212.9356763,25138823168,33,328307000,69000,16916951040
1790313213.9362504,25138823168,100,385105000,69000,16916951040
1790313214.937379,25138823168,100,383078000,69000,16916951040
1790313215.9388099,25138823168,100,387561000,69000,16916951040
1790313216.9395962,25138823168,89,382753000,68000,16916951040
1790313217.9405694,25138823168,55,320994000,69000,16916951040
1790313218.9413455,25138823168,100,388079000,70000,16916951040
1790313219.9420762,25138823168,96,369497000,66000,16916951040
1790313220.942709,25138823168,99,333818000,70000,16916951040
1790313221.943642,25138823168,100,399357000,70000,16916951040
1790313222.9441316,25138823168,100,314281000,69000,16916951040
1790313223.9447672,25138823168,100,362884000,68000,16916951040
1790313224.945419,25138823168,100,371490000,70000,16916951040
1790313225.9462247,25138823168,100,390900000,69000,16916951040
1790313226.947162,25138823168,29,288178000,67000,16916951040
1790313227.947867,25138823168,91,347608000,63000,16916951040
1790313228.9484582,25138823168,100,336789000,69000,16916951040
1790313229.9499702,25138823168,100,379978000,69000,16916951040
1790313230.9510396,25138823168,89,285953000,62000,16916951040
1790313231.952529,25138823168,24,261349000,68000,16916951040
1790313232.9534478,25138823168,100,389581000,69000,16916951040
1790313233.9542432,25138823168,50,344784000,70000,16916951040
1790313234.9548464,25138823168,100,399949000,70000,16916951040
1790313235.9554622,25138823168,100,384101000,68000,16916951040
1790313237.824459,25138823168,13,220673000,59000,16916951040
1790313238.8252254,25138823168,88,269260000,69000,16916951040
1790313239.826028,25138823168,100,396062000,69000,16916951040
1790313240.8265855,25138823168,100,334057000,69000,16916951040
1790313241.8274105,25138823168,100,390390000,69000,16917385216
1790313242.8282328,25138823168,28,325111000,70000,16916951040
1790313243.8292766,25138823168,96,391227000,69000,16916951040
1790313244.8308342,25138823168,100,393155000,69000,16916951040
1790313245.8318086,25138823168,96,398103000,71000,16916951040
1790313246.8328924,25138823168,100,392520000,70000,16916951040
1790313247.834638,25138823168,24,233734000,62000,16916951040
1790313248.8355794,25138823168,34,253717000,69000,16916951040
1790313249.8361049,25138823168,100,383672000,67000,16916951040
1790313250.836694,25138823168,100,371266000,69000,16916951040
1790313251.837246,25138823168,100,378963000,67000,16916951040
1790313252.837813,25138823168,100,366004000,67000,16916951040
1790313253.8385205,25138823168,100,319717000,64000,16916951040
1790313254.8394127,25138823168,100,377778000,69000,16916951040
1790313255.8405504,25138823168,100,386017000,70000,16916951040
1790313256.8415637,25138823168,100,397944000,70000,16916951040
1790313257.8422928,25138823168,100,393071000,70000,16916951040
1790313258.8429189,25138823168,100,400677000,71000,16916951040
1790313259.8435943,25138823168,96,335992000,63000,16916951040
1790313260.8441932,25138823168,100,354070000,66000,16916951040
1790313261.844908,25138823168,91,344360000,70000,16916951040
1790313262.8454635,25138823168,100,389623000,68000,16916951040
1790313263.850327,25138823168,100,366687000,68000,16916951040
1790313264.851375,25138823168,51,332745000,69000,16916951040
1790313265.8519495,25138823168,100,384243000,69000,16916951040
1790313266.852515,25138823168,100,381399000,69000,16916987904
1790313267.8530695,25138823168,100,338509000,70000,16918003712
1790313268.8539321,25138823168,100,378752000,70000,16918003712
1790313269.8545492,25138823168,100,393643000,69000,16918003712
1790313270.855385,25138823168,45,346956000,70000,16918003712
1790313271.856297,25138823168,100,381000000,70000,16918003712
1790313272.8568344,25138823168,100,384546000,68000,16918003712
1790313273.8574524,25138823168,100,358027000,69000,16918003712
1790313274.8579922,25138823168,30,247595000,68000,16918003712
1790313275.8586857,25138823168,100,381996000,70000,16918003712
1790313276.8604035,25138823168,91,395845000,71000,16918294528
1790313277.8610651,25138823168,100,393542000,70000,16918003712
1790313278.861859,25138823168,36,331295000,69000,16918003712
1790313279.8628736,25138823168,96,384997000,69000,16918003712
1790313280.863395,25138823168,100,370307000,68000,16918003712
1790313281.8640032,25138823168,100,358223000,66000,16918003712
1790313282.8649964,25138823168,90,294100000,64000,16918003712
1790313283.8657992,25138823168,100,334725000,69000,16918003712
1790313284.8665845,25138823168,100,383175000,69000,16918003712
1790313285.8670123,25138823168,100,384265000,69000,16918003712
1790313286.8682022,25138823168,100,385020000,70000,16918003712
1790313287.8695052,25138823168,31,260807000,68000,16918003712
1790313288.8712196,25138823168,100,285936000,62000,16918003712
1790313289.8724365,25138823168,31,188380000,68000,16918003712
1790313290.8730636,25138823168,100,391671000,70000,16918003712
1790313291.8738263,25138823168,100,381650000,69000,16918003712
1790313292.8748946,25138823168,100,310045000,66000,16918003712
1790313293.8754928,25138823168,90,364981000,68000,16918003712
1790313294.8761995,25138823168,100,374158000,68000,16918003712
1790313295.8771863,25138823168,100,378266000,70000,16918003712
1790313297.2906528,25138823168,0,219595000,59000,16918003712
1790313298.2913089,25138823168,100,263339000,68000,16918003712
1790313299.2923236,25138823168,100,374050000,68000,16918003712
1790313300.2928991,25138823168,97,368407000,69000,16918003712
1790313301.293531,25138823168,26,328481000,63000,16918003712
1790313302.29418,25138823168,85,340718000,68000,16918003712
1790313303.2951207,25138823168,100,374428000,69000,16918003712
1790313304.2959182,25138823168,100,376789000,68000,16918003712
1790313305.2964683,25138823168,100,367427000,68000,16918003712
1790313306.2971873,25138823168,93,364077000,68000,16918003712
1790313307.2977455,25138823168,100,379182000,69000,16918003712
1790313308.2985926,25138823168,100,375648000,70000,16918003712
1790313309.2994823,25138823168,100,383931000,69000,16919265280
1790313310.3005607,25138823168,100,314955000,69000,16919228416
1790313311.3130946,25138823168,92,392036000,68000,16919228416
1790313312.3140166,25138823168,100,397869000,71000,16919228416
1790313313.3147702,25138823168,100,401349000,70000,16919228416
1790313314.3154013,25138823168,93,395777000,71000,16919228416
1790313315.3161652,25138823168,100,393847000,71000,16919232512
1790313316.3167994,25138823168,100,398888000,70000,16919228416
1790313317.317306,25138823168,100,385721000,69000,16919228416
1790313318.3183334,25138823168,100,377970000,70000,16919228416
1790313319.319003,25138823168,87,384137000,71000,16919228416
1790313320.319764,25138823168,18,369586000,63000,16919228416
1790313321.3206074,25138823168,100,324074000,69000,16919228416
1790313322.3212872,25138823168,100,378760000,70000,16919228416
1790313323.3218462,25138823168,94,377276000,70000,16919228416
1790313324.3226106,25138823168,90,387332000,71000,16919228416
1790313325.3233423,25138823168,100,391586000,70000,16919228416
1790313326.3243282,25138823168,100,380394000,69000,16919228416
1790313327.3255904,25138823168,24,325926000,63000,16919228416
1790313328.3264964,25138823168,100,364234000,70000,16919228416
1790313329.3273766,25138823168,89,380608000,70000,16919228416
1790313330.328186,25138823168,100,335631000,70000,16919228416
1790313331.3288157,25138823168,100,382327000,69000,16919228416
1790313332.3301907,25138823168,100,378292000,69000,16919228416
1790313333.3313746,25138823168,100,339300000,70000,16919228416
1790313334.332599,25138823168,100,382884000,69000,16919228416
1790313335.3340764,25138823168,100,376860000,71000,16919228416
1790313336.3348548,25138823168,100,339317000,71000,16919228416
1790313337.3354917,25138823168,38,337950000,68000,16920698880
1790313338.3364134,25138823168,100,355418000,69000,16920698880
1790313339.3373325,25138823168,100,394625000,71000,16920698880
1790313340.3387332,25138823168,100,402349000,71000,16920698880
1790313341.3400662,25138823168,100,402371000,71000,16920698880
1790313342.341268,25138823168,87,402127000,70000,16920698880
1790313343.3420308,25138823168,30,379394000,65000,16920698880
1790313344.342855,25138823168,100,262634000,71000,16920698880
1790313345.3437085,25138823168,100,403878000,71000,16920698880
1790313346.3448265,25138823168,100,388310000,70000,16920698880
1790313347.3460357,25138823168,25,354806000,64000,16920698880
1790313348.3467557,25138823168,100,330002000,69000,16920698880
1790313349.347441,25138823168,100,358609000,69000,16920698880
1790313350.3481157,25138823168,100,366709000,72000,16920698880
1790313351.3487291,25138823168,100,401108000,71000,16920698880
1790313352.349248,25138823168,100,385126000,71000,16920698880
1790313353.3498275,25138823168,100,381227000,70000,16920698880
1790313354.350972,25138823168,100,389484000,72000,16960237568
1790313355.3527553,25138823168,100,405193000,71000,16920698880
1790313356.3535166,25138823168,100,391416000,71000,16920698880
1790313357.3541796,25138823168,100,391623000,72000,16920698880
1790313358.3551834,25138823168,100,378070000,68000,16920698880
1790313359.3558266,25138823168,100,334814000,70000,16920698880
1790313360.3564746,25138823168,100,383608000,71000,16920698880
1790313361.3574772,25138823168,100,398660000,72000,16920698880
1790313362.3583722,25138823168,100,332454000,71000,16920698880
1790313363.3589242,25138823168,92,346941000,71000,16920698880
1790313364.654732,25138823168,0,192767000,60000,16920698880
1790313365.6561396,25138823168,100,260367000,64000,16920698880
1790313366.6571877,25138823168,100,368927000,71000,16920698880
1790313367.6592934,25138823168,100,390310000,70000,16920698880
1790313368.6597812,25138823168,100,382451000,71000,16920698880
1790313369.6602693,25138823168,100,380016000,70000,16920698880
1790313370.6608467,25138823168,100,395262000,69000,16920698880
1790313371.6614053,25138823168,100,387373000,71000,16920698880
1790313372.662125,25138823168,100,384959000,70000,16920698880
1790313373.6632192,25138823168,31,329801000,71000,16920698880
1790313374.6643035,25138823168,100,399819000,71000,16920698880
1790313375.66513,25138823168,100,347461000,70000,16920698880
1790313376.665749,25138823168,92,342969000,63000,16920698880
1790313377.6663158,25138823168,76,289415000,71000,16920698880
1790313378.6668372,25138823168,100,384823000,70000,16920698880
1790313379.667608,25138823168,100,379092000,69000,16920698880
1790313380.6685543,25138823168,91,380903000,70000,16920698880
1790313381.6692014,25138823168,100,390570000,71000,16920698880
1790313382.6698744,25138823168,100,396789000,71000,16920698880
1790313383.670662,25138823168,99,396987000,70000,16920698880
1790313384.6713362,25138823168,100,384168000,70000,16920698880
1790313385.6720467,25138823168,100,377675000,70000,16920698880
1790313386.6726165,25138823168,100,383576000,70000,16920698880
1790313387.6738107,25138823168,97,398452000,71000,16920698880
1790313388.6749465,25138823168,95,396129000,71000,16920698880
1790313389.67559,25138823168,71,308869000,69000,16920698880
1790313390.67614,25138823168,100,372470000,71000,16920698880
1790313391.6766787,25138823168,100,398890000,72000,16920698880
1790313392.6775243,25138823168,100,373374000,66000,16920698880
1790313393.6781206,25138823168,100,329054000,69000,16920698880
1790313394.6786025,25138823168,100,378766000,70000,16920698880
1790313395.679258,25138823168,100,386328000,71000,16920698880
1790313396.6805518,25138823168,100,402086000,71000,16920698880
1790313397.6813588,25138823168,100,391700000,71000,16920698880
1790313398.682765,25138823168,100,392715000,72000,16920698880
1790313399.6840107,25138823168,67,312916000,70000,16920698880
1790313400.6847508,25138823168,100,393034000,71000,16920698880
1790313401.685921,25138823168,98,368635000,65000,16920698880
1790313402.68644,25138823168,100,333882000,70000,16920698880
1790313403.6869233,25138823168,100,378036000,70000,16920698880
1790313404.6875036,25138823168,100,385860000,71000,16920698880
1790313405.688072,25138823168,100,401116000,72000,16920698880
1790313406.6889534,25138823168,100,401400000,72000,16920698880
1790313407.6895163,25138823168,100,389787000,70000,16920698880
1790313408.6907024,25138823168,100,380168000,70000,16920698880
1790313409.6915452,25138823168,100,324210000,69000,16920698880
1790313410.692638,25138823168,98,387405000,71000,16920698880
1790313411.69334,25138823168,28,238979000,68000,16920698880
1790313412.6941311,25138823168,30,311912000,70000,16920698880
1790313413.694687,25138823168,100,384631000,70000,16920698880
1790313414.6953168,25138823168,100,381284000,70000,16920698880
1790313415.6961858,25138823168,100,383037000,69000,16920698880
1790313416.6968331,25138823168,100,393557000,70000,16920698880
1790313417.697595,25138823168,100,379842000,71000,16920698880
1790313418.6982558,25138823168,100,385780000,70000,16920698880
1790313419.6989758,25138823168,100,379994000,70000,16920698880
1790313420.699829,25138823168,91,376347000,70000,16920698880
1790313421.7003207,25138823168,100,380248000,70000,16920698880
1790313422.7014968,25138823168,100,389212000,71000,16920698880
1790313423.702026,25138823168,100,377564000,70000,16920698880
1790313424.7030392,25138823168,93,363907000,66000,16920698880
1790313425.7038717,25138823168,98,284376000,66000,16920698880
1790313426.7044868,25138823168,100,332509000,69000,16920698880
1790313427.7059722,25138823168,100,370125000,69000,16920698880
1790313428.706674,25138823168,100,329539000,65000,16920698880
1790313430.4208975,25138823168,0,248172000,60000,16920698880
1790313431.4598713,25138823168,100,255092000,69000,16920698880
1790313432.460421,25138823168,100,388212000,69000,16920698880
1790313433.461448,25138823168,97,385276000,69000,16920698880
1790313434.4628863,25138823168,100,401086000,71000,16920698880
1790313435.4638078,25138823168,100,395541000,71000,16920698880
1790313436.464906,25138823168,77,386421000,68000,16920698880
1790313437.4654927,25138823168,100,382111000,70000,16920698880
1790313438.4662495,25138823168,100,375340000,69000,16920698880
1790313439.467079,25138823168,79,340831000,71000,16920698880
1790313440.4679399,25138823168,100,289036000,70000,16920698880
1790313441.4689445,25138823168,100,327416000,70000,16920698880
1790313442.4697082,25138823168,100,325170000,69000,16920698880
1790313443.4710257,25138823168,100,397182000,70000,16920698880
1790313444.471804,25138823168,89,386721000,71000,16920698880
1790313445.4723842,25138823168,100,393784000,70000,16921567232
1790313446.4728925,25138823168,100,347056000,70000,16921567232
1790313447.4738038,25138823168,85,373674000,67000,16921567232
1790313448.47567,25138823168,100,384685000,70000,16921567232
1790313449.4762158,25138823168,100,385200000,69000,16921567232
1790313450.4769475,25138823168,98,381929000,70000,16921567232
1790313451.4778466,25138823168,96,389603000,70000,16921567232
1790313452.4791923,25138823168,100,389912000,71000,16921567232
1790313453.4802194,25138823168,100,323057000,70000,16921567232
1790313454.4820344,25138823168,51,379879000,68000,16962928640
1790313455.4828851,25138823168,100,331209000,71000,16921567232
1790313456.4845629,25138823168,100,391088000,70000,16921567232
1790313457.4855802,25138823168,100,394589000,71000,16921567232
1790313458.4861634,25138823168,92,399131000,69000,16921567232
1790313459.4867835,25138823168,100,382648000,70000,16921567232
1790313460.4884014,25138823168,100,377830000,70000,16921567232
1790313461.4890285,25138823168,100,384487000,71000,16921567232
1790313462.4895375,25138823168,100,381805000,69000,16921567232
1790313463.4902751,25138823168,100,374307000,70000,16921567232
1790313464.49086,25138823168,100,361224000,71000,16922718208
1790313465.491659,25138823168,100,343293000,70000,16922681344
1790313466.492768,25138823168,94,383151000,71000,16922681344
1790313467.4935355,25138823168,100,393810000,70000,16922681344
1790313468.4942691,25138823168,100,382757000,70000,16922681344
1790313469.4951286,25138823168,100,392943000,71000,16922681344
1790313470.4961152,25138823168,100,384795000,70000,16922681344
1790313471.4969695,25138823168,100,383509000,70000,16922681344
1790313472.4979665,25138823168,100,377374000,70000,16922681344
1790313473.4986897,25138823168,91,386414000,71000,16922681344
1790313474.4994888,25138823168,100,322572000,72000,16922681344
1790313475.5003743,25138823168,100,402282000,71000,16922681344
1790313476.5011013,25138823168,100,359952000,71000,16922681344
1790313477.5025504,25138823168,100,335155000,71000,16922681344
1790313478.503261,25138823168,99,382779000,70000,16922681344
1790313479.504044,25138823168,100,387152000,70000,16922681344
1790313480.5050185,25138823168,100,380794000,71000,16922681344
1790313481.5057404,25138823168,97,393226000,72000,16922681344
1790313482.5069864,25138823168,100,274858000,71000,16922681344
1790313483.507922,25138823168,100,394927000,70000,16922681344
1790313484.508758,25138823168,100,384564000,70000,16922681344
1790313485.509929,25138823168,96,382126000,71000,16923475968
1790313486.5107665,25138823168,100,395368000,71000,16922681344
1790313487.5115607,25138823168,100,382745000,71000,16922681344
1790313488.5121095,25138823168,100,383748000,71000,16922681344
1790313489.5137687,25138823168,94,397193000,72000,16922681344
1790313490.5152972,25138823168,100,390611000,71000,16922681344
1790313491.516078,25138823168,100,380435000,70000,16922681344
1790313492.5167835,25138823168,100,384426000,70000,16922681344
1790313493.517534,25138823168,100,378691000,70000,16922681344
1790313494.518491,25138823168,98,329576000,72000,16922681344
1790313495.5192277,25138823168,100,346751000,69000,16922681344
1790313496.5199003,25138823168,100,377188000,69000,16922681344
1790313498.441749,25138823168,0,285334000,61000,16922681344
1790313499.4429262,25138823168,100,241041000,70000,16922681344
1790313500.443837,25138823168,100,387064000,71000,16922681344
1790313501.4450097,25138823168,100,396154000,70000,16922681344
1790313502.4460554,25138823168,100,386354000,70000,16922681344
1790313503.4467297,25138823168,100,391184000,72000,16922681344
1790313504.4475336,25138823168,100,395067000,71000,16922681344
1790313505.4482522,25138823168,100,387000000,70000,16922681344
1790313506.449488,25138823168,47,380341000,72000,16922681344
1790313507.450242,25138823168,100,331749000,70000,16922681344
1790313508.450969,25138823168,100,387139000,71000,16922681344
1790313509.4519439,25138823168,91,338163000,68000,16922681344
1790313510.4526823,25138823168,100,382167000,70000,16922681344
1790313511.4543486,25138823168,100,379518000,70000,16922681344
1790313512.4555526,25138823168,93,388270000,71000,16922681344
1790313513.4564085,25138823168,83,375602000,70000,16922681344
1790313514.45716,25138823168,98,394023000,70000,16922681344
1790313515.4578567,25138823168,100,399929000,70000,16922681344
1790313516.458617,25138823168,100,384006000,69000,16922681344
1790313517.4593663,25138823168,100,378591000,71000,16922681344
1790313518.46015,25138823168,100,385266000,70000,16922681344
1790313519.4610758,25138823168,100,378657000,71000,16922681344
1790313520.462716,25138823168,93,391122000,72000,16922681344
1790313521.4636512,25138823168,100,399353000,72000,16922681344
1790313522.4649115,25138823168,100,404100000,71000,16922681344
1790313523.4660382,25138823168,27,331078000,64000,16922681344
1790313524.467129,25138823168,100,295948000,70000,16922681344
1790313525.4680276,25138823168,100,382960000,71000,16922681344
1790313526.4693587,25138823168,100,401080000,70000,16922681344
1790313527.4705918,25138823168,59,371866000,68000,16922681344
1790313528.47145,25138823168,100,382419000,67000,16922681344
1790313529.4726777,25138823168,90,293536000,66000,16922681344
1790313530.473784,25138823168,100,323569000,70000,16922681344
1790313531.4757752,25138823168,33,354140000,65000,16922783744
1790313532.4770236,25138823168,100,238708000,70000,16922681344
1790313533.4777997,25138823168,100,397670000,70000,16922681344
1790313534.4783604,25138823168,94,326946000,69000,16922681344
1790313535.4788935,25138823168,100,387249000,69000,16922681344
1790313536.4794645,25138823168,100,382930000,70000,16922681344
1790313537.480597,25138823168,100,389559000,71000,16922681344
1790313538.481147,25138823168,100,345498000,70000,16922681344
1790313539.481723,25138823168,100,385369000,70000,16922681344
1790313540.4822454,25138823168,100,381121000,70000,16922681344
1790313541.4830477,25138823168,100,392312000,68000,16922681344
1790313542.4836667,25138823168,100,326102000,70000,16922681344
1790313543.4844089,25138823168,93,398459000,71000,16922681344
1790313544.4850633,25138823168,100,335016000,71000,16922681344
1790313545.486018,25138823168,100,402232000,70000,16922681344
1790313546.4867842,25138823168,100,402483000,72000,16922681344
1790313547.487351,25138823168,26,216783000,63000,16922681344
1790313548.4879785,25138823168,100,288914000,69000,16922681344
1790313549.4886134,25138823168,100,385492000,70000,16922681344
1790313550.4918163,25138823168,100,384744000,69000,16922681344
1790313551.5447724,25138823168,99,382147000,70000,16922681344
1790313552.5452843,25138823168,100,376706000,69000,16922681344
1790313553.5463152,25138823168,33,328273000,71000,16922681344
1790313554.5470076,25138823168,100,401988000,71000,16922681344
1790313555.5475938,25138823168,100,397179000,70000,16922681344
1790313556.5481484,25138823168,100,389002000,71000,16922681344
1790313557.5486388,25138823168,100,383542000,70000,16922681344
1790313558.5491934,25138823168,70,332469000,70000,16922681344
1790313559.5497663,25138823168,58,351675000,71000,16922681344
1790313560.550444,25138823168,100,401055000,71000,16922681344
1790313561.9941325,25138823168,100,290139000,60000,16922681344
1790313562.994743,25138823168,0,214258000,69000,16922681344
1790313563.9953585,25138823168,100,369926000,70000,16922681344
1790313564.9958885,25138823168,100,332310000,69000,16922681344
1790313565.9970837,25138823168,100,373163000,65000,16922681344
1790313566.9979062,25138823168,100,333434000,71000,16922681344
1790313567.998423,25138823168,100,392661000,69000,16922681344
1790313568.9988928,25138823168,100,375313000,70000,16922681344
1790313569.9995477,25138823168,100,375639000,71000,16922681344
1790313571.0002887,25138823168,100,398120000,70000,16922681344
1790313572.0013478,25138823168,100,396782000,71000,16922681344
1790313573.0019062,25138823168,34,345722000,71000,16922681344
1790313574.0031576,25138823168,100,393763000,70000,16922681344
1790313575.0037596,25138823168,88,393285000,71000,16922681344
1790313576.0046854,25138823168,30,331328000,71000,16922681344
1790313577.0054107,25138823168,100,405754000,71000,16922681344
1790313578.0064247,25138823168,83,388431000,70000,16922681344
1790313579.0070379,25138823168,100,386347000,70000,16922681344
1790313580.0076413,25138823168,100,392220000,71000,16922681344
1790313581.008302,25138823168,100,404321000,71000,16922681344
1790313582.0088952,25138823168,100,397034000,70000,16922681344
1790313583.0095534,25138823168,100,375357000,69000,16922681344
1790313584.0114422,25138823168,71,355481000,71000,16922681344
1790313585.0119555,25138823168,100,394562000,69000,16922681344
1790313586.012576,25138823168,100,383098000,71000,16922681344
1790313587.013412,25138823168,100,404406000,72000,16922681344
1790313588.014561,25138823168,89,403659000,71000,16922681344
1790313589.0173156,25138823168,65,340517000,71000,16922681344
1790313590.017884,25138823168,60,357672000,70000,16922681344
1790313591.0186002,25138823168,100,380619000,70000,16926683136
1790313592.0192292,25138823168,80,363795000,70000,16922681344
1790313593.0197463,25138823168,100,382025000,69000,16922681344
1790313594.0206468,25138823168,100,383414000,72000,16922681344
1790313595.0213091,25138823168,100,408403000,72000,16922681344
1790313596.0219076,25138823168,100,398465000,70000,16922681344
1790313597.0224535,25138823168,100,380775000,70000,16922681344
1790313598.0234854,25138823168,100,339914000,65000,16922681344
1790313599.02534,25138823168,100,359507000,71000,16922681344
1790313600.0262854,25138823168,88,390319000,72000,16922681344
1790313601.027081,25138823168,100,354211000,65000,16922681344
1790313602.028287,25138823168,100,294148000,68000,16922681344
1790313603.028944,25138823168,35,318007000,71000,16922681344
1790313604.0298061,25138823168,100,402556000,71000,16922681344
1790313605.0310266,25138823168,100,404087000,71000,16922681344
1790313606.0317414,25138823168,89,394935000,70000,16922681344
1790313607.0325155,25138823168,100,383528000,71000,16922681344
1790313608.0330524,25138823168,100,386463000,70000,16922681344
1790313609.0339808,25138823168,100,335026000,65000,16922681344
1790313610.034533,25138823168,84,318069000,70000,16922681344
1790313611.0352437,25138823168,100,385141000,71000,16922681344
1790313612.0360243,25138823168,100,388823000,71000,16922681344
1790313613.0366569,25138823168,100,392707000,71000,16922681344
1790313614.0373619,25138823168,100,397163000,71000,16922681344
1790313615.0382435,25138823168,100,404452000,72000,16922681344
1790313616.0388877,25138823168,100,404816000,71000,16922681344
1790313617.0395765,25138823168,100,393759000,72000,16922681344
1790313618.0403342,25138823168,54,328713000,65000,16922685440
1790313619.5603757,25138823168,0,105918000,59000,16922681344
1790313620.561293,25138823168,90,280372000,69000,16922681344
1790313621.5619428,25138823168,100,389493000,69000,16922681344
1790313622.5624695,25138823168,100,381529000,69000,16922681344
1790313623.5630417,25138823168,97,385744000,70000,16922681344
1790313624.563713,25138823168,100,332919000,64000,16922681344
1790313625.564245,25138823168,100,356894000,69000,16922681344
1790313626.5648727,25138823168,100,380204000,69000,16922681344
1790313627.565997,25138823168,100,387154000,69000,16922681344
1790313628.5668426,25138823168,100,400838000,69000,16922681344
1790313629.5676537,25138823168,100,380454000,69000,16922681344
1790313630.568236,25138823168,91,379139000,70000,16922681344
1790313631.5687096,25138823168,100,377866000,69000,16922681344
1790313632.5697727,25138823168,38,262364000,67000,16922681344
1790313633.570781,25138823168,100,308363000,69000,16922681344
1790313634.571703,25138823168,63,309591000,63000,16922681344
1790313635.572605,25138823168,100,315010000,69000,16922681344
1790313636.5738528,25138823168,78,300631000,64000,16922681344
1790313637.5751119,25138823168,100,330359000,68000,16922681344
1790313638.5757477,25138823168,100,389483000,69000,16922681344
1790313639.576434,25138823168,100,383565000,69000,16922681344
1790313640.5773451,25138823168,100,379427000,71000,16922681344
1790313641.577882,25138823168,100,383300000,69000,16922681344
1790313642.5785763,25138823168,100,378183000,70000,16922681344
1790313643.5794377,25138823168,94,383387000,71000,16922681344
1790313644.580415,25138823168,100,339626000,67000,16922681344
1790313645.581416,25138823168,100,364152000,69000,16922681344
1790313646.582268,25138823168,100,397008000,70000,16922681344
1790313647.5828767,25138823168,100,387235000,70000,16922681344
1790313648.5841358,25138823168,100,370845000,71000,16922681344
1790313649.5852547,25138823168,88,392211000,71000,16922681344
1790313650.5860143,25138823168,100,390260000,70000,16922681344
1790313651.5868375,25138823168,100,394187000,72000,16922681344
1790313652.5879292,25138823168,100,406989000,70000,16922681344
1790313653.5895395,25138823168,100,400117000,71000,16922681344
1790313654.5903854,25138823168,100,402418000,71000,16922681344
1790313655.5910234,25138823168,100,395060000,71000,16922681344
1790313656.5924299,25138823168,100,386274000,69000,16922681344
1790313657.593343,25138823168,100,386048000,70000,16922681344
1790313658.5943837,25138823168,88,386949000,72000,16922681344
1790313659.595316,25138823168,99,393465000,66000,16922681344
1790313660.5962467,25138823168,85,333108000,71000,16922681344
1790313661.5971243,25138823168,100,312122000,63000,16922681344
1790313662.597829,25138823168,100,329123000,70000,16922681344
1790313663.598656,25138823168,100,388666000,70000,16922681344
1790313664.5992239,25138823168,100,383814000,69000,16922681344
1790313665.600134,25138823168,100,400477000,72000,16922681344
1790313666.6009917,25138823168,88,396683000,70000,16922681344
1790313667.6018429,25138823168,100,389552000,70000,16922681344
1790313668.6027372,25138823168,93,343428000,69000,16922681344
1790313669.6041713,25138823168,19,308918000,71000,16922681344
1790313670.6055038,25138823168,100,380967000,65000,16922681344
1790313671.606619,25138823168,100,333283000,70000,16922681344
1790313672.6076972,25138823168,100,380539000,69000,16922681344
1790313673.608413,25138823168,89,388520000,70000,16922681344
1790313674.6091092,25138823168,76,319382000,65000,16922681344
1790313675.6101663,25138823168,76,319543000,71000,16922681344
1790313676.6113243,25138823168,100,402008000,71000,16922681344
1790313677.6125839,25138823168,100,385980000,70000,16922681344
1790313678.613757,25138823168,100,366236000,69000,16922681344
1790313679.6145356,25138823168,100,316753000,70000,16922681344
1790313680.6154652,25138823168,98,405483000,71000,16922681344
1790313681.616343,25138823168,88,394175000,71000,16922681344
1790313683.0485752,25138823168,0,165231000,59000,16922681344
1790313684.0494504,25138823168,37,238819000,64000,16922681344
1790313685.0503454,25138823168,100,393345000,70000,16922681344
1790313686.0514112,25138823168,100,402069000,71000,16922681344
1790313687.0525143,25138823168,28,320582000,63000,16922681344
1790313688.0540469,25138823168,69,304265000,67000,16989790208
1790313689.0548575,25138823168,100,385485000,71000,16989790208
1790313690.055569,25138823168,100,388338000,71000,16989790208
1790313691.0564072,25138823168,100,383602000,69000,16989790208
1790313692.057245,25138823168,100,333084000,69000,16989790208
1790313693.0583258,25138823168,100,344336000,69000,16991010816
1790313694.05917,25138823168,25,354391000,64000,16991010816
1790313695.0605106,25138823168,100,341735000,71000,16991010816
1790313696.0611653,25138823168,100,395469000,70000,16991010816
1790313697.0619547,25138823168,100,384187000,70000,16991010816
1790313698.0633636,25138823168,100,392989000,71000,16991010816
1790313699.0645878,25138823168,100,399602000,71000,16991010816
1790313700.066137,25138823168,100,400936000,71000,16991010816
1790313701.0670571,25138823168,100,345087000,69000,16991010816
1790313702.0681782,25138823168,93,398321000,71000,16991010816
1790313703.0688195,25138823168,100,337384000,70000,16991010816
1790313704.0697572,25138823168,100,387276000,69000,16991010816
1790313705.0709307,25138823168,100,392475000,71000,16991010816
1790313706.0716233,25138823168,100,389985000,70000,16991010816
1790313707.0724826,25138823168,100,378769000,70000,16991010816
1790313708.0737245,25138823168,100,368013000,71000,16991010816
1790313709.074229,25138823168,100,401853000,71000,16991010816
1790313710.0754123,25138823168,36,354561000,65000,16991010816
1790313711.0761223,25138823168,100,367436000,70000,16991043584
1790313712.0766747,25138823168,100,345023000,70000,16992124928
1790313713.0772634,25138823168,41,354987000,66000,16992124928
1790313714.077835,25138823168,100,358145000,71000,16992124928
1790313715.0784984,25138823168,100,399760000,70000,16992124928
1790313716.0790758,25138823168,100,391797000,71000,16992124928
1790313717.0798073,25138823168,100,402288000,71000,16992124928
1790313718.0804613,25138823168,100,388762000,70000,16992124928
1790313719.0813353,25138823168,33,279086000,64000,16992124928
1790313720.0821872,25138823168,100,348569000,71000,16992124928
1790313721.0828314,25138823168,100,390237000,70000,16992124928
1790313722.0836275,25138823168,100,381331000,70000,16992124928
1790313723.0847754,25138823168,98,389091000,71000,16992124928
1790313724.0854294,25138823168,100,394485000,70000,16992612352
1790313725.0862575,25138823168,100,344661000,70000,16993296384
1790313726.087376,25138823168,29,318254000,64000,16993296384
1790313727.0879753,25138823168,100,374289000,71000,16993296384
1790313728.0888379,25138823168,100,395914000,71000,16993296384
1790313729.089769,25138823168,100,392769000,70000,16993296384
1790313730.0903885,25138823168,100,384360000,70000,16993296384
1790313731.0911598,25138823168,100,380355000,70000,16993296384
1790313732.0918508,25138823168,100,330198000,71000,16993296384
1790313733.0931492,25138823168,100,333245000,71000,16993296384
1790313734.0937393,25138823168,100,392756000,71000,16993296384
1790313735.0944161,25138823168,100,385004000,70000,16993296384
1790313736.0948951,25138823168,100,383175000,70000,16993296384
1790313737.0953825,25138823168,100,384854000,70000,16993296384
1790313738.09672,25138823168,90,383638000,72000,16993296384
1790313739.0974526,25138823168,100,340280000,71000,16993296384
1790313740.0981557,25138823168,42,376256000,66000,16993296384
1790313741.098821,25138823168,33,320546000,65000,16993296384
1790313742.0997243,25138823168,100,358872000,71000,16993296384
1790313743.1004703,25138823168,100,391527000,71000,16993296384
1790313744.101053,25138823168,100,383827000,71000,16993296384
1790313745.1017492,25138823168,86,388565000,67000,16993296384
1790313746.4932663,25138823168,0,286367000,61000,16993296384
1790313747.4938493,25138823168,100,227763000,69000,16993296384
1790313748.494744,25138823168,100,394572000,71000,16993296384
1790313749.4953148,25138823168,100,390701000,70000,16993296384
1790313750.4959946,25138823168,100,384821000,69000,16993296384
1790313751.4974475,25138823168,100,390611000,71000,16993296384
1790313752.498454,25138823168,100,389658000,70000,16993296384
1790313753.499057,25138823168,100,387266000,71000,16993296384
1790313754.4998496,25138823168,100,390053000,70000,16993296384
1790313755.5003572,25138823168,100,389278000,71000,16993296384
1790313756.501008,25138823168,100,382383000,70000,16993296384
1790313757.50152,25138823168,100,379639000,70000,16993296384
1790313758.5020444,25138823168,100,390951000,71000,16993296384
1790313759.5032606,25138823168,25,339851000,64000,16993296384
1790313760.5038393,25138823168,31,279849000,64000,16993296384
1790313761.5045636,25138823168,90,281517000,70000,16993296384
1790313762.505242,25138823168,100,395062000,70000,16993296384
1790313763.5064678,25138823168,37,334001000,65000,16993296384
1790313764.5073538,25138823168,100,319851000,70000,16993296384
1790313765.508476,25138823168,100,390976000,69000,16993296384
1790313766.5099711,25138823168,100,387300000,71000,16993296384
1790313767.5110106,25138823168,100,400018000,70000,16993296384
1790313768.512523,25138823168,100,391728000,69000,16993296384
1790313769.513787,25138823168,100,380904000,70000,16993296384
1790313770.5144775,25138823168,100,371225000,71000,16993296384
1790313771.5150554,25138823168,100,331668000,70000,16993296384
1790313772.5157514,25138823168,100,383817000,70000,16993296384
1790313773.5167239,25138823168,100,378123000,70000,16993296384
1790313774.5175896,25138823168,100,277524000,70000,16993296384
1790313775.5186567,25138823168,100,328557000,70000,16993296384
1790313776.5195181,25138823168,100,335568000,70000,16993296384
1790313777.5204318,25138823168,100,280920000,68000,16993296384
1790313778.5212793,25138823168,100,398270000,70000,16993296384
1790313779.5221004,25138823168,100,390150000,70000,16993296384
1790313780.52287,25138823168,100,387103000,69000,16993296384
1790313781.5235388,25138823168,100,387035000,70000,16993296384
1790313782.5240548,25138823168,100,387482000,70000,16993296384
1790313783.524744,25138823168,100,382466000,69000,16993296384
1790313784.5256093,25138823168,100,327912000,69000,16993296384
1790313785.5264814,25138823168,84,333728000,67000,16993296384
1790313786.5273788,25138823168,100,388854000,69000,16993296384
1790313787.5281296,25138823168,100,386046000,71000,17022468096
1790313788.5291371,25138823168,100,325973000,70000,16993296384
1790313789.5300043,25138823168,100,403716000,71000,16993296384
1790313790.5306623,25138823168,100,388213000,69000,16993296384
1790313791.5315244,25138823168,100,385900000,70000,16993296384
1790313792.5326028,25138823168,31,321743000,64000,16993296384
1790313793.5334814,25138823168,100,315935000,70000,17039437824
1790313794.534425,25138823168,100,278584000,70000,16993296384
1790313795.5351753,25138823168,97,392312000,70000,16993296384
1790313796.5358946,25138823168,90,371992000,70000,16993296384
1790313797.5373557,25138823168,96,399383000,71000,16993296384
1790313798.5383327,25138823168,38,317826000,66000,16993296384
1790313799.5393078,25138823168,100,338560000,70000,16993296384
1790313800.5404534,25138823168,100,383895000,69000,16993296384
1790313801.5416927,25138823168,97,401827000,71000,16993296384
1790313803.0835836,25138823168,0,190846000,59000,16993296384
1790313804.0844612,25138823168,100,342848000,69000,16993296384
1790313805.0852897,25138823168,100,344361000,69000,16994443264
1790313806.086308,25138823168,98,386460000,70000,16994443264
1790313807.087256,25138823168,33,346397000,64000,16994443264
1790313808.087871,25138823168,100,348969000,70000,16994443264
1790313809.0893955,25138823168,83,386010000,65000,16994443264
1790313810.09051,25138823168,100,321119000,68000,16994443264
1790313811.0911155,25138823168,100,375523000,70000,16994443264
1790313812.0918565,25138823168,89,398028000,70000,17036210176
1790313813.0924447,25138823168,100,380132000,69000,16994443264
1790313814.0932014,25138823168,100,385279000,71000,16994443264
1790313815.093717,25138823168,100,395212000,70000,16994443264
1790313816.094413,25138823168,32,334433000,64000,16994443264
1790313817.0952082,25138823168,100,229201000,69000,16994443264
1790313818.0977857,25138823168,100,388012000,67000,16994443264
1790313819.0984905,25138823168,100,311876000,69000,16994443264
1790313820.0989738,25138823168,100,384269000,69000,16994443264
1790313821.0996408,25138823168,34,360256000,63000,16994443264
1790313822.100748,25138823168,100,329865000,70000,16994443264
1790313823.101687,25138823168,34,337760000,67000,16994443264
1790313824.1023967,25138823168,97,373344000,70000,16994443264
1790313825.1030228,25138823168,75,384874000,69000,16994443264
1790313826.1036901,25138823168,100,287307000,69000,16994443264
1790313827.104862,25138823168,100,319389000,70000,16994443264
1790313828.1057792,25138823168,100,330070000,70000,16994443264
1790313829.1064355,25138823168,100,351685000,70000,16995643392
1790313830.1075246,25138823168,100,382907000,68000,16995643392
1790313831.1081877,25138823168,100,374772000,69000,16995643392
1790313832.1087496,25138823168,100,382267000,69000,16995643392
1790313833.1095247,25138823168,100,375030000,69000,16995643392
1790313834.1101074,25138823168,100,387728000,69000,16995643392
1790313835.1107297,25138823168,100,382939000,69000,16995643392
1790313836.111378,25138823168,100,384463000,69000,16995643392
1790313837.112004,25138823168,25,322413000,63000,16995643392
1790313838.1125572,25138823168,100,362295000,70000,16995643392
1790313839.113071,25138823168,100,386947000,69000,16995643392
1790313840.1136005,25138823168,60,373947000,64000,16995643392
1790313841.1141706,25138823168,100,313848000,69000,16995643392
1790313842.114754,25138823168,100,392834000,70000,16995643392
1790313843.1160324,25138823168,100,397499000,68000,16995643392
1790313844.1166267,25138823168,81,327125000,69000,16995643392
1790313845.1175227,25138823168,88,310219000,70000,16995643392
1790313846.1181135,25138823168,100,386013000,69000,16995643392
1790313847.1185896,25138823168,100,381561000,70000,16995643392
1790313848.119342,25138823168,100,317303000,70000,16995643392
1790313849.119917,25138823168,100,380792000,69000,16995643392
1790313850.1204777,25138823168,100,376102000,70000,16995643392
1790313851.1217494,25138823168,100,384918000,68000,16995643392
1790313852.1223474,25138823168,96,323612000,70000,16995643392
1790313853.122971,25138823168,97,392537000,70000,16995643392
1790313854.123759,25138823168,100,388395000,69000,16995643392
1790313855.1242778,25138823168,100,388298000,69000,16995643392
1790313856.124699,25138823168,100,383141000,69000,16995643392
1790313857.1261222,25138823168,100,384158000,70000,16995643392
1790313858.1269062,25138823168,96,401146000,71000,16995643392
1790313859.129027,25138823168,100,329059000,71000,16995643392
1790313860.1313698,25138823168,100,388107000,69000,16995643392
1790313861.1331306,25138823168,34,343223000,64000,16995643392
1790313862.1338053,25138823168,100,318599000,70000,16995643392
1790313863.1344833,25138823168,95,384201000,71000,16995643392
1790313864.1353633,25138823168,100,389072000,71000,16995643392
1790313865.13646,25138823168,100,392620000,70000,16995643392
1790313866.5353985,25138823168,0,217581000,60000,16995643392
1790313867.5361044,25138823168,100,206503000,68000,16995643392
1790313868.5370228,25138823168,100,389277000,69000,16995643392
1790313869.5379066,25138823168,99,394845000,70000,16995643392
1790313870.5385597,25138823168,98,392554000,70000,16995643392
1790313871.539068,25138823168,100,378222000,69000,16995643392
1790313872.539813,25138823168,100,368046000,68000,16995643392
1790313873.540642,25138823168,31,306971000,64000,16995643392
1790313874.5419924,25138823168,100,326017000,69000,16995643392
1790313875.542973,25138823168,100,391028000,70000,17018380288
1790313876.5437493,25138823168,100,373065000,70000,16995643392
1790313877.5443523,25138823168,100,397886000,70000,16995643392
1790313878.5449104,25138823168,86,381666000,70000,16995643392
1790313879.5456955,25138823168,79,379518000,69000,16995643392
1790313880.546222,25138823168,100,381612000,69000,16995643392
1790313881.546884,25138823168,100,377737000,71000,16995643392
1790313882.5476503,25138823168,100,393377000,70000,16995643392
1790313883.5483992,25138823168,100,392050000,70000,16995643392
1790313884.5489933,25138823168,100,377778000,70000,16995643392
1790313885.5496137,25138823168,100,371530000,70000,16995643392
1790313886.550335,25138823168,100,385562000,70000,16995643392
1790313887.550881,25138823168,100,384787000,70000,16995643392
1790313888.5515065,25138823168,100,386587000,71000,16995643392
1790313889.5521996,25138823168,100,402314000,71000,16995643392
1790313890.5527537,25138823168,88,394421000,70000,16995643392
1790313891.5536761,25138823168,100,373539000,62000,16996712448
1790313892.5542846,25138823168,100,332474000,71000,16996675584
1790313893.554889,25138823168,18,313999000,68000,16996675584
1790313894.5557976,25138823168,29,239984000,68000,16996675584
1790313895.5563672,25138823168,100,374608000,70000,16996675584
1790313896.5569553,25138823168,100,379047000,69000,16996675584
1790313897.557521,25138823168,100,377615000,69000,16996675584
1790313898.55813,25138823168,100,378612000,70000,16996675584
1790313899.5586882,25138823168,100,394769000,70000,16996675584
1790313900.559307,25138823168,100,382740000,70000,16996675584
1790313901.5600326,25138823168,100,377800000,69000,16996675584
1790313902.561057,25138823168,49,348783000,68000,16996675584
1790313903.5617912,25138823168,25,266127000,71000,16996675584
1790313904.5624082,25138823168,100,399385000,70000,16996675584
1790313905.5631406,25138823168,100,386628000,71000,16996675584
1790313906.5638862,25138823168,100,407927000,71000,16996675584
1790313907.5645285,25138823168,100,394660000,70000,16996675584
1790313908.5657,25138823168,100,383182000,71000,16996675584
1790313909.5664282,25138823168,100,388466000,72000,16996675584
1790313910.5670307,25138823168,28,289127000,64000,16996675584
1790313911.5676255,25138823168,100,357425000,69000,16996675584
1790313912.5683963,25138823168,100,381887000,70000,16996675584
1790313913.5691946,25138823168,87,386398000,71000,16996675584
1790313914.569777,25138823168,67,338517000,70000,16996675584
1790313915.5705802,25138823168,100,387392000,70000,16996675584
1790313916.5711763,25138823168,100,387553000,71000,16996675584
1790313917.5719216,25138823168,100,391415000,72000,16996675584
1790313918.5725753,25138823168,26,229352000,64000,16996675584
1790313919.57333,25138823168,100,366060000,70000,16996675584
1790313920.5744057,25138823168,100,338970000,64000,16996675584
1790313921.5750299,25138823168,100,305433000,69000,16996675584
1790313922.5755942,25138823168,100,384575000,70000,16996675584
1790313923.576205,25138823168,100,384364000,71000,16996675584
1790313924.576755,25138823168,79,308788000,69000,16996679680
1790313925.5780828,25138823168,100,383139000,70000,16996679680
1790313926.579052,25138823168,24,326253000,71000,16996679680
1790313927.5798562,25138823168,100,375375000,70000,16996679680
1790313928.5805104,25138823168,100,402977000,70000,16996679680
1790313929.5810137,25138823168,100,391452000,70000,16996679680
1790313930.5815668,25138823168,100,385196000,69000,16996679680
1790313931.582505,25138823168,100,387557000,70000,16996679680
1790313932.8009408,25138823168,5,207026000,59000,16996679680
1790313933.8017156,25138823168,37,185603000,63000,16996679680
1790313934.8024056,25138823168,100,325524000,69000,16996679680
1790313935.8033032,25138823168,92,385408000,69000,16996679680
1790313936.8042722,25138823168,100,385354000,69000,16996683776
1790313937.8051887,25138823168,100,338160000,69000,16996679680
1790313938.8057668,25138823168,97,391895000,70000,16996679680
1790313939.8063495,25138823168,27,260885000,69000,16996679680
1790313940.80798,25138823168,100,384565000,70000,16996679680
1790313941.8089588,25138823168,100,357785000,64000,16996679680
1790313942.8095603,25138823168,100,362794000,71000,16996679680
1790313943.8102694,25138823168,100,390297000,69000,16996679680
1790313944.8112864,25138823168,97,322107000,69000,16996679680
1790313945.812041,25138823168,100,393333000,71000,16996679680
1790313946.8138924,25138823168,28,253705000,70000,16996679680
1790313947.8146825,25138823168,100,397233000,70000,16996679680
1790313948.8158438,25138823168,100,380704000,66000,16996679680
1790313949.8168788,25138823168,62,241179000,66000,16996679680
1790313950.817463,25138823168,100,359312000,68000,16996679680
1790313951.8185554,25138823168,100,378801000,69000,16996679680
1790313952.8193495,25138823168,92,286235000,63000,16996679680
1790313953.8201246,25138823168,100,341734000,69000,16996679680
1790313954.8208532,25138823168,100,386216000,69000,16996679680
1790313955.8217697,25138823168,44,304033000,70000,16996679680
1790313956.8229775,25138823168,100,399876000,70000,16996679680
1790313957.8242564,25138823168,100,399191000,70000,16996679680
1790313958.8250294,25138823168,87,386616000,70000,16996679680
1790313959.825944,25138823168,100,396454000,71000,17048866816
1790313960.8267512,25138823168,41,252756000,62000,16996679680
1790313961.827373,25138823168,100,327138000,69000,16996679680
1790313962.8281672,25138823168,100,375568000,69000,16996679680
1790313963.828873,25138823168,100,385627000,70000,16996679680
1790313964.8298023,25138823168,100,327735000,64000,16996679680
1790313965.8303623,25138823168,100,363176000,69000,16996679680
1790313966.8309214,25138823168,45,316545000,70000,16996679680
1790313967.8315072,25138823168,100,387948000,69000,16996712448
1790313968.83218,25138823168,100,329396000,68000,16997986304
1790313969.832959,25138823168,100,323856000,64000,16997986304
1790313970.8339157,25138823168,31,279964000,70000,16997986304
1790313971.834736,25138823168,100,389682000,69000,16997986304
1790313972.8352208,25138823168,100,369146000,69000,16997986304
1790313973.8365653,25138823168,100,346712000,63000,16997986304
1790313974.8372166,25138823168,100,265894000,62000,16997986304
1790313975.8383477,25138823168,86,247463000,63000,16997986304
1790313976.838978,25138823168,100,360999000,68000,16997986304
1790313977.8396676,25138823168,100,374671000,68000,16997986304
1790313978.8404436,25138823168,100,382599000,69000,16997986304
1790313979.8413935,25138823168,100,396254000,70000,16997986304
1790313980.8419895,25138823168,83,338405000,69000,16997986304
1790313981.842555,25138823168,100,345294000,64000,16997986304
1790313982.8431332,25138823168,100,353014000,69000,16997986304
1790313983.8436651,25138823168,100,375865000,69000,16997986304
1790313984.8442101,25138823168,100,380806000,70000,16997986304
1790313985.84469,25138823168,100,383350000,69000,16997986304
1790313986.84563,25138823168,100,381660000,69000,16997986304
1790313987.8464572,25138823168,31,288337000,64000,16997986304
1790313989.0731914,25138823168,0,153362000,58000,16997986304
1790313990.073939,25138823168,100,290413000,68000,16997986304
1790313991.074773,25138823168,100,383342000,67000,16997986304
1790313992.0756588,25138823168,28,251940000,62000,16997986304
1790313993.076333,25138823168,100,259901000,68000,16997986304
1790313994.0770783,25138823168,100,380295000,68000,16997986304
1790313995.0779195,25138823168,67,367150000,68000,16997986304
1790313996.0787604,25138823168,53,285973000,65000,16997986304
1790313997.0793195,25138823168,96,379555000,69000,16997986304
1790313998.080101,25138823168,100,392968000,68000,16997986304
1790313999.0807755,25138823168,21,270130000,61000,16997986304
1790314000.0815575,25138823168,85,303282000,65000,16997986304
1790314001.0821137,25138823168,100,376634000,69000,16997986304
1790314002.082578,25138823168,100,373721000,68000,16997986304
1790314003.0831468,25138823168,100,379815000,68000,16997986304
1790314004.0837307,25138823168,100,389780000,70000,16997986304
1790314005.0845225,25138823168,96,396382000,70000,16997986304
1790314006.0856204,25138823168,94,400034000,70000,16997986304
1790314007.0864851,25138823168,100,396680000,70000,16997986304
1790314008.0872965,25138823168,100,393467000,70000,16997986304
1790314009.0878484,25138823168,100,336394000,70000,16997986304
1790314010.0885522,25138823168,100,394480000,69000,16997986304
1790314011.0890946,25138823168,100,378806000,69000,16997986304
1790314012.0896475,25138823168,91,377321000,69000,16997986304
1790314013.0908382,25138823168,100,397993000,69000,16997986304
1790314014.0914907,25138823168,100,320791000,70000,16997986304
1790314015.0920403,25138823168,100,371605000,69000,16997986304
1790314016.0925875,25138823168,100,393355000,70000,16997986304
1790314017.0932283,25138823168,100,342720000,69000,16999170048
1790314018.0939126,25138823168,100,380671000,69000,16999170048
1790314019.0945897,25138823168,100,330184000,69000,16999170048
1790314020.0955932,25138823168,100,381297000,69000,16999170048
1790314021.0964544,25138823168,93,375278000,68000,16999170048
1790314022.0971503,25138823168,37,282936000,65000,16999170048
1790314023.0978339,25138823168,72,310315000,66000,16999170048
1790314024.0985208,25138823168,93,388942000,69000,16999170048
1790314025.099401,25138823168,98,397849000,70000,16999170048
1790314026.1000445,25138823168,100,387305000,69000,16999170048
1790314027.101245,25138823168,100,376170000,69000,16999170048
1790314028.101791,25138823168,100,376508000,69000,16999170048
1790314029.1023936,25138823168,88,385061000,70000,16999170048
1790314030.103035,25138823168,97,383251000,69000,16999170048
1790314031.10392,25138823168,99,381790000,69000,16999170048
1790314032.1047373,25138823168,100,396672000,69000,16999170048
1790314033.1055477,25138823168,100,383052000,70000,16999170048
1790314034.1061778,25138823168,25,331133000,63000,16999170048
1790314035.106936,25138823168,100,360152000,70000,16999170048
1790314036.1076772,25138823168,100,378694000,69000,16999170048
1790314037.1088293,25138823168,40,316221000,64000,16999170048
1790314038.1098907,25138823168,90,385010000,71000,16999170048
1790314039.1105707,25138823168,100,386225000,70000,16999170048
1790314040.1110826,25138823168,100,384554000,70000,16999170048
1790314041.1117327,25138823168,100,394979000,71000,16999170048
1790314042.1122513,25138823168,100,379587000,69000,16999170048
1790314043.1130266,25138823168,88,363774000,69000,16999170048
1790314044.1136675,25138823168,100,396224000,71000,16999170048
1790314045.1142218,25138823168,100,384048000,69000,16999170048
1790314046.1148088,25138823168,100,368716000,69000,16999170048
1790314047.1157987,25138823168,34,342225000,65000,16999170048
1790314048.1180563,25138823168,31,186252000,63000,16999170048
1790314049.119102,25138823168,100,296207000,69000,16999170048
1790314050.1197703,25138823168,100,391577000,71000,16999170048
1790314051.120619,25138823168,100,389541000,70000,16999170048
1790314052.9340086,25138823168,22,233700000,60000,16999170048
1790314053.9345987,25138823168,28,203630000,69000,16999170048
1790314054.9355237,25138823168,100,379528000,70000,16999170048
1790314055.9366026,25138823168,100,397960000,71000,16999170048
1790314056.9373074,25138823168,78,353913000,68000,16999170048
1790314057.9380715,25138823168,100,369177000,67000,16999170048
1790314058.9387531,25138823168,100,397268000,70000,16999170048
1790314059.9396222,25138823168,100,303386000,63000,16999170048
1790314060.9403713,25138823168,35,283789000,70000,16999170048
1790314061.9409983,25138823168,100,392457000,71000,17037725696
1790314062.941911,25138823168,86,397359000,70000,16999170048
1790314063.9429488,25138823168,100,379989000,69000,16999170048
1790314064.9436367,25138823168,100,382503000,70000,16999170048
1790314065.9442065,25138823168,100,381457000,70000,16999174144
1790314066.9447017,25138823168,100,376781000,69000,16999174144
1790314067.945256,25138823168,100,377077000,69000,16999174144
1790314068.9460936,25138823168,100,377966000,69000,16999174144
1790314069.9467413,25138823168,40,331295000,70000,16999174144
1790314070.9472613,25138823168,100,386698000,69000,16999174144
1790314071.9478543,25138823168,100,377131000,70000,16999174144
1790314072.948662,25138823168,89,322057000,64000,16999174144
1790314073.9492297,25138823168,100,363052000,70000,16999174144
1790314074.9498556,25138823168,100,377672000,69000,16999174144
1790314075.9505398,25138823168,89,326687000,66000,16999174144
1790314076.9514718,25138823168,100,376007000,69000,16999174144
1790314077.9523175,25138823168,32,330557000,71000,16999174144
1790314078.9530363,25138823168,88,396494000,70000,16999174144
1790314079.9537027,25138823168,100,394474000,71000,16999174144
1790314080.9550045,25138823168,100,401973000,71000,16999174144
1790314082.1273613,25138823168,0,199525000,60000,16999174144
1790314083.3319597,25138823168,0,92095000,59000,16999174144
1790314084.3337917,25140920320,100,157476000,68000,17000960000
1790314085.3351436,25140920320,0,223252000,58000,17001766912
1790314086.3358645,25140920320,0,134518000,57000,17154605056
1790314087.3365448,25728122880,100,121024000,65000,17173180416
1790314088.3371131,10641211392,75,284657000,57000,17000960000
1790314089.3378158,10829955072,100,364816000,68000,17000964096
1790314090.4806798,10976755712,99,395094000,70000,17000964096
1790314091.4813137,11186470912,100,387433000,68000,17000972288
1790314092.4819787,11188568064,100,388510000,68000,17000972288
1790314093.4824622,11253579776,99,396052000,68000,17000972288
1790314094.4830782,13749190656,100,386880000,69000,17000972288
1790314095.483839,13751287808,100,395146000,67000,17000972288
1790314096.4846454,13751287808,100,394800000,68000,17000972288
1790314097.4850438,13751287808,100,394514000,70000,17000972288
1790314098.4856904,13751287808,100,395260000,71000,17001218048
1790314099.4861417,13772259328,100,395574000,69000,17001218048
1790314100.4866555,13772259328,100,395340000,68000,17001218048
1790314101.4872308,14149746688,100,396204000,69000,17001218048
1790314102.4877965,14149746688,100,394527000,68000,17001218048
1790314103.4883847,14149746688,100,396319000,69000,17001218048
1790314104.4889183,14149746688,100,395188000,69000,17001218048
1790314105.4896472,14149746688,100,395014000,69000,17001218048
1790314106.4903278,14149746688,100,390853000,69000,17001218048
1790314107.4907353,14149746688,90,386759000,71000,17001218048
1790314108.491319,14149746688,100,380995000,70000,17001218048
1790314109.4918141,14149746688,99,391997000,70000,17001218048
1790314110.4925148,14149746688,100,384273000,71000,17001394176
1790314111.493225,14149746688,77,381117000,70000,17001394176
1790314112.493693,14149746688,91,384642000,70000,17001394176
1790314113.4942377,14149746688,100,380866000,71000,17001394176
1790314114.4947898,14149746688,99,392119000,70000,17001394176
1790314115.4953334,14149746688,100,385389000,70000,17001394176
1790314116.4958525,14149746688,99,392000000,70000,17001394176
1790314117.4964612,14149746688,100,385020000,72000,17001664512
1790314118.4969516,14149746688,70,384168000,68000,17001664512
1790314119.497533,14149746688,100,387400000,70000,17001852928
1790314120.49829,14149746688,100,381287000,71000,17001852928
1790314121.4988148,14149746688,100,396718000,71000,17002115072
1790314122.4995773,14149746688,100,382314000,71000,17002115072
1790314123.500042,14149746688,99,393673000,71000,17002115072
1790314124.5007298,14149746688,100,385751000,71000,17002135552
1790314125.501212,14149746688,99,391658000,66000,17002135552
1790314126.5017953,14149746688,100,388083000,69000,17002233856
1790314127.5025308,14149746688,100,382330000,71000,17002332160
1790314128.5031333,17064787968,100,395262000,70000,17002332160
1790314129.5037324,17064787968,100,395065000,72000,17002332160
1790314130.5043561,17066885120,100,394215000,70000,17002430464
1790314131.5049176,17905745920,100,396734000,71000,17002430464
1790314132.505476,17905745920,100,397114000,70000,17002430464
1790314133.5060346,17905745920,100,397171000,71000,17002590208
1790314134.5065985,17905745920,100,397706000,69000,17002590208
1790314135.5071213,19226951680,100,397547000,70000,17002590208
1790314136.5075576,19226951680,100,398114000,73000,17002590208
1790314137.5079353,19226951680,100,397643000,74000,17002590208
1790314138.508665,19226951680,100,399948000,70000,17002590208
1790314139.5093908,19226951680,100,398172000,74000,17056247808
1790314140.5098128,20254556160,99,398309000,70000,17002590208
1790314141.5951421,20254556160,100,395265000,70000,17002590208
1790314142.5957863,20254556160,100,392548000,74000,17002590208
1790314143.5965924,20254556160,100,394175000,69000,17002590208
1790314144.597261,20254556160,100,395681000,74000,17002590208
1790314145.598083,20254556160,99,405578000,72000,17002590208
1790314146.598978,20254556160,100,398222000,71000,17095016448
1790314147.5997388,20254556160,100,394311000,71000,17002594304
1790314148.6004937,20254556160,100,396007000,73000,17002590208
1790314149.6012144,20254556160,100,396670000,71000,17002590208
1790314150.601794,20254556160,100,393140000,73000,17002590208
1790314151.6022727,20254556160,100,396136000,73000,17002590208
1790314152.6030855,20254556160,100,393730000,70000,17002590208
1790314153.6043577,20254556160,100,395635000,72000,17002594304
1790314154.604998,20254556160,98,394027000,71000,17002590208
1790314155.6056116,20254556160,100,392189000,71000,17002590208
1790314156.6062613,20254556160,100,391384000,72000,17002590208
1790314157.6069195,20254556160,100,392104000,70000,17002590208
1790314158.6074824,20254556160,100,393706000,74000,17002590208
1790314159.6078851,20254556160,100,393648000,71000,17002590208
1790314160.6083705,20254556160,100,395325000,71000,17002590208
1790314161.6087575,20254556160,100,396149000,70000,17002590208
1790314162.6091685,20254556160,100,394670000,72000,17002590208
1790314163.6096635,20254556160,99,396267000,72000,17002590208
1790314164.6102004,20254556160,100,395619000,71000,17002590208
1790314165.6107907,20254556160,100,398085000,73000,17002590208
1790314166.611361,20254556160,100,396991000,70000,17002590208
1790314167.6118128,20254556160,100,393593000,73000,17002590208
1790314168.6122415,20254556160,100,393861000,73000,17002590208
1790314169.6125858,20254556160,100,394567000,71000,17002590208
1790314170.6129966,20254556160,100,395698000,72000,17002590208
1790314171.6136045,20254556160,100,397022000,72000,17002590208
1790314172.614154,20254556160,100,396335000,72000,17002590208
1790314173.6145942,22393651200,100,387063000,70000,17002590208
1790314174.6150155,22393651200,100,382838000,71000,17002590208
1790314175.6153784,22393651200,100,385707000,70000,17002590208
1790314176.6159437,22393651200,100,387013000,70000,17002590208
1790314177.6165047,22393651200,100,384115000,70000,17002590208
1790314178.6169007,22393651200,100,384942000,71000,17002590208
1790314179.6174707,22393651200,98,392207000,72000,17002590208
1790314180.6181839,22393651200,100,397980000,73000,17002590208
1790314181.6188486,22393651200,100,395659000,73000,17002590208
1790314182.620678,22393651200,100,393087000,71000,17002590208
1790314183.6213377,22393651200,100,384610000,71000,17002590208
1790314184.622123,22393651200,100,387936000,70000,17002590208
1790314185.623994,22393651200,100,384047000,73000,17002590208
1790314186.6245754,22393651200,100,388578000,70000,17002590208
1790314187.62536,22393651200,100,386275000,72000,17002590208
1790314188.6257443,22393651200,100,395069000,71000,17002590208
1790314189.6271825,22393651200,100,398917000,71000,17002590208
1790314190.6279922,22393651200,100,398356000,71000,17002590208
1790314191.628636,22393651200,100,398419000,73000,17002590208
1790314192.6292655,22393651200,100,398611000,72000,17002590208
1790314193.6298397,22393651200,100,399206000,71000,17002590208
1790314194.6305153,22393651200,100,399173000,72000,17002590208
1790314195.63116,22393651200,100,399335000,73000,17002590208
1790314196.632184,22393651200,100,398828000,72000,17002590208
1790314197.6327536,22393651200,100,398767000,72000,17002590208
1790314198.633253,22393651200,100,399350000,72000,17002590208
1790314199.6336687,22393651200,99,399695000,73000,17002590208
1790314200.6341298,22393651200,100,400081000,72000,17002590208
1790314201.7744272,22393651200,99,393075000,72000,17002590208
1790314202.7749937,22393651200,100,400124000,73000,17002590208
1790314203.775496,22477537280,100,392088000,72000,17002590208
1790314204.7759185,22477537280,99,388937000,72000,17002590208
1790314205.7764904,22477537280,100,396299000,74000,17002590208
1790314206.7769547,22477537280,99,384151000,72000,17002590208
1790314207.7774768,22477537280,100,390945000,71000,17002590208
1790314208.7783954,22477537280,100,391537000,73000,17002590208
1790314209.7788153,22477537280,64,394905000,72000,17002590208
1790314210.7793596,22477537280,100,397064000,72000,17002590208
1790314211.7798848,22477537280,100,397966000,74000,17002590208
1790314212.7803283,22477537280,99,390721000,72000,17002590208
1790314213.7807178,22477537280,100,399934000,72000,17002590208
1790314214.7811925,22477537280,100,399276000,71000,17002590208
1790314215.7815833,22477537280,100,399295000,74000,17002590208
1790314216.7819943,22477537280,91,393487000,74000,17002590208
1790314217.782453,22477537280,100,388064000,72000,17002590208
1790314218.7828639,22477537280,100,400059000,72000,17002590208
1790314219.783256,22477537280,100,400006000,72000,17002590208
1790314220.783661,22477537280,100,400226000,72000,17002590208
1790314221.7842882,22477537280,100,402698000,73000,17002590208
1790314222.7848322,22477537280,100,387605000,73000,17002590208
1790314223.785335,22477537280,100,395776000,75000,17002590208
1790314224.785826,22477537280,100,395869000,74000,17002590208
1790314225.7862902,22477537280,100,393761000,71000,17002590208
1790314226.7866683,22477537280,100,397982000,70000,17002590208
1790314227.7900329,22477537280,100,395071000,70000,17002590208
1790314228.7904642,22477537280,99,393562000,73000,17002590208
1790314229.7911506,22477537280,100,400210000,74000,17002590208
1790314230.7916315,22477537280,100,392851000,72000,17002590208
1790314231.7920582,22477537280,99,393358000,72000,17002590208
1790314232.7924762,22477537280,100,399686000,74000,17002590208
1790314233.7928975,22477537280,100,393895000,72000,17002590208
1790314234.793392,22477537280,100,398051000,72000,17002590208
1790314235.7939742,22477537280,99,397825000,73000,17002590208
1790314236.7947652,22477537280,100,395843000,72000,17002590208
1790314237.7957335,22477537280,99,401753000,72000,17002590208
1790314238.7962568,22477537280,100,394288000,72000,17002590208
1790314239.7967727,22477537280,100,395322000,72000,17002590208
1790314240.7973077,22477537280,100,395800000,71000,17002590208
1790314241.7977035,22477537280,100,394643000,72000,17002590208
1790314242.7981427,22477537280,100,394241000,74000,17002590208
1790314243.7985694,22477537280,67,393993000,73000,17002590208
1790314244.7990808,22477537280,93,391451000,71000,17002590208
1790314245.7994847,22477537280,100,387653000,74000,17002590208
1790314246.7998648,22477537280,95,393270000,73000,17002590208
1790314247.8003871,22477537280,99,390449000,72000,17002590208
1790314248.8010197,22477537280,100,398814000,73000,17002590208
1790314249.801833,22477537280,100,402126000,72000,17002590208
1790314250.8022373,22477537280,100,405813000,73000,17002590208
1790314251.8028014,22477537280,100,366896000,63000,17002622976
1790314252.803602,22477537280,100,170572000,61000,17002217472
1790314253.8041334,22477537280,34,245174000,71000,17002217472
1790314254.8048203,22477537280,100,396826000,70000,17002217472
1790314255.8056498,22582394880,49,288113000,71000,17002217472
1790314256.8064053,22582394880,100,406124000,71000,17002217472
1790314257.807002,22582394880,100,394406000,71000,17002217472
1790314258.8080022,22582394880,97,322363000,71000,17002217472
1790314259.812006,22582394880,100,403849000,70000,17002217472
1790314260.8129938,22603366400,35,330334000,67000,17002217472
1790314261.8135216,22603366400,91,325707000,70000,17002217472
1790314262.8144426,22603366400,100,394280000,71000,17002217472
1790314263.8151352,22603366400,100,389616000,70000,17002217472
1790314264.8157523,22603366400,100,382864000,70000,17002217472
1790314265.8171933,22603366400,100,321467000,69000,17002217472
1790314266.8178632,22603366400,100,394454000,70000,17002217472
1790314267.8183596,22603366400,100,388918000,70000,17002217472
1790314268.8190348,22603366400,100,381460000,70000,17002217472
1790314269.8200023,22603366400,33,330719000,70000,17002217472
1790314270.8205233,22603366400,100,385613000,70000,17002217472
1790314271.8222897,22624337920,100,380558000,70000,17002217472
1790314272.8231604,22624337920,83,376724000,66000,17002217472
1790314273.823728,22624337920,36,291064000,70000,17002217472
1790314274.8242579,22624337920,100,390779000,70000,17002217472
1790314275.8250525,22624337920,66,307084000,64000,17002217472
1790314276.8259413,22624337920,100,345098000,70000,17002217472
1790314277.8266582,22624337920,100,376928000,69000,17002217472
1790314278.8272803,22624337920,100,383739000,71000,17002217472
1790314279.8287058,22624337920,100,339132000,64000,17002217472
1790314281.032621,22624337920,86,225439000,60000,17002217472
1790314282.0331857,22624337920,0,173247000,67000,17003155456
1790314283.0338292,22624337920,100,375989000,69000,17003155456
1790314284.0344794,22624337920,100,383433000,68000,17003155456
1790314285.0354865,22624337920,100,377971000,69000,17003155456
1790314286.0362582,22624337920,98,386536000,71000,17003155456
1790314287.0374024,22624337920,100,399841000,71000,17003155456
1790314288.0396392,22624337920,100,382211000,69000,17003155456
1790314289.040393,22624337920,100,376842000,70000,17003155456
1790314290.0411892,22624337920,100,321358000,64000,17003155456
1790314291.0418868,22624337920,26,328122000,70000,17003155456
1790314292.0427744,22624337920,100,398443000,70000,17003155456
1790314293.0435505,22624337920,26,329620000,70000,17003155456
1790314294.0442395,22624337920,100,386008000,70000,17003155456
1790314295.044644,22624337920,100,378881000,69000,17003155456
1790314296.0453413,22624337920,100,381135000,70000,17003155456
1790314297.0464134,22624337920,100,375018000,69000,17003155456
1790314298.0474813,22624337920,92,387593000,71000,17003155456
1790314299.0487478,22624337920,100,355840000,65000,17003155456
1790314300.0498135,22624337920,88,355554000,70000,17003155456
1790314301.0506043,22624337920,97,397467000,71000,17003155456
1790314302.0513859,22624337920,100,397102000,71000,17003155456
1790314303.0521436,22624337920,33,308374000,70000,17003155456
1790314304.052783,22624337920,30,327990000,70000,17003155456
1790314305.0536637,22624337920,93,333468000,69000,17003155456
1790314306.0546203,22624337920,100,384432000,69000,17003155456
1790314307.0557885,22624337920,100,391423000,71000,17003155456
1790314308.0567286,22624337920,100,397812000,71000,17003155456
1790314309.0576243,22624337920,100,386830000,67000,17003155456
1790314310.0583189,22624337920,100,318104000,67000,17003155456
1790314311.059123,22624337920,100,360531000,65000,17003155456
1790314312.0599787,22624337920,92,292114000,64000,17003155456
1790314313.0608072,22624337920,25,216441000,69000,17003155456
1790314314.0614562,22624337920,100,375408000,64000,17003155456
1790314315.0620432,22624337920,89,319671000,70000,17003155456
1790314316.0627685,22624337920,100,391989000,70000,17003155456
1790314317.0638807,22624337920,95,398943000,70000,17003155456
1790314318.0645776,22624337920,100,389958000,69000,17003155456
1790314319.065737,22624337920,100,377686000,68000,17003155456
1790314320.0665746,22624337920,87,383655000,70000,17003155456
1790314321.0672681,22624337920,65,367841000,70000,17003159552
1790314322.0681932,22624337920,100,391410000,71000,17003155456
1790314323.0689762,22624337920,51,357125000,70000,17003155456
1790314324.0697825,22624337920,92,394170000,71000,17003155456
1790314325.070455,22624337920,100,366000000,71000,17003155456
1790314326.0713158,22624337920,88,396663000,71000,17003155456
1790314327.0719275,22624337920,100,395853000,70000,17003155456
1790314328.0726244,22624337920,40,340333000,70000,17003155456
1790314329.0731776,22624337920,100,382545000,71000,17003155456
1790314330.0739744,22624337920,100,395078000,70000,17003155456
1790314331.0748208,22624337920,100,380202000,70000,17003155456
1790314332.0756814,22624337920,100,391626000,71000,17003155456
1790314333.0767055,22624337920,100,396653000,71000,17003155456
1790314334.0772052,22624337920,100,381520000,70000,17003155456
1790314335.0778408,22624337920,100,378580000,69000,17003155456
1790314336.0789404,22624337920,100,347449000,65000,17003155456
1790314337.309078,22624337920,0,190046000,59000,17003155456
1790314338.3096685,22624337920,100,329836000,69000,17003155456
1790314339.3104067,22624337920,100,384090000,69000,17003155456
1790314340.310925,22624337920,100,381930000,68000,17003155456
1790314341.3116853,22624337920,100,377409000,69000,17003155456
1790314342.3129363,22624337920,87,327771000,70000,17003155456
1790314343.3135746,22624337920,98,395162000,70000,17003155456
1790314344.3146036,22624337920,100,391379000,70000,17003155456
1790314345.3153064,22624337920,92,396763000,70000,17003155456
1790314346.3161926,22624337920,25,283045000,63000,17003155456
1790314347.3169315,22624337920,100,219828000,69000,17003155456
1790314348.3175213,22624337920,100,379476000,68000,17003155456
1790314349.3181489,22624337920,100,389051000,70000,17003155456
1790314350.3191943,22624337920,35,354688000,64000,17003155456
1790314351.3203893,22624337920,100,350381000,71000,17003155456
1790314352.3209794,22624337920,100,399935000,71000,17003155456
1790314353.3216803,22624337920,100,331949000,69000,17003155456
1790314354.3222651,22624337920,100,392239000,70000,17003155456
1790314355.322907,22624337920,100,382632000,69000,17003155456
1790314356.3237858,22624337920,27,321468000,63000,17003155456
1790314357.324749,22624337920,96,298468000,69000,17003155456
1790314358.3267868,22624337920,100,393222000,68000,17003155456
1790314359.3273132,22624337920,100,381909000,69000,17003155456
1790314360.3280108,22624337920,59,383061000,64000,17003155456
1790314361.3286285,22624337920,94,296312000,70000,17003155456
1790314362.3295393,22624337920,32,342677000,63000,17003155456
1790314363.3300483,22624337920,100,354969000,69000,17003155456
1790314364.3305492,22624337920,100,379976000,69000,17003155456
1790314365.3311334,22624337920,100,387345000,70000,17003155456
1790314366.3324606,22624337920,71,343509000,69000,17003155456
1790314367.333039,22624337920,91,388304000,71000,17003155456
1790314368.3340185,22624337920,100,328135000,70000,17003155456
1790314369.334847,22624337920,100,389941000,69000,17003155456
1790314370.335321,22624337920,100,376764000,69000,17003155456
1790314371.3358686,22624337920,100,382041000,70000,17003155456
1790314372.3370728,22624337920,25,329747000,66000,17003155456
1790314373.3377223,22624337920,97,309271000,68000,17003155456
1790314374.3383937,22624337920,100,388230000,71000,17003155456
1790314375.3389359,22624337920,100,374528000,69000,17003155456
1790314376.3396442,22624337920,61,352740000,67000,17003155456
1790314377.340266,22624337920,100,293951000,69000,17003155456
1790314378.3411264,22624337920,100,328545000,68000,17004355584
1790314379.342127,22624337920,58,355246000,64000,17004355584
1790314380.342923,22624337920,97,267929000,70000,17004355584
1790314381.3435044,22624337920,100,397880000,69000,17004355584
1790314382.3443136,22624337920,100,391702000,71000,17004355584
1790314383.3449702,22624337920,85,396047000,71000,17004355584
1790314384.3455763,22624337920,100,312915000,69000,17004355584
1790314385.346341,22624337920,100,393464000,70000,17004355584
1790314386.3469212,22624337920,93,335798000,69000,17004355584
1790314387.347423,22624337920,100,383166000,69000,17004355584
1790314388.3479705,22624337920,100,378590000,70000,17004355584
1790314389.349244,22624337920,27,253084000,62000,17004355584
1790314390.4578557,22624337920,100,316594000,70000,17004355584
1790314391.4586098,22624337920,78,384191000,68000,17004355584
1790314392.459229,22624337920,100,321885000,68000,17004355584
1790314393.460279,22624337920,100,387029000,69000,17004355584
1790314394.460876,22624337920,100,379008000,68000,17004355584
1790314396.4033387,22624337920,0,122440000,58000,17004355584
1790314397.4039168,22624337920,100,302361000,68000,17004355584
1790314398.4045582,22624337920,100,387561000,69000,17004355584
1790314399.4052248,22624337920,30,351960000,63000,17004355584
1790314400.4060514,22624337920,79,340187000,68000,17004355584
1790314401.4066873,22624337920,100,382670000,70000,17004355584
1790314402.4072244,22624337920,100,402540000,70000,17004355584
1790314403.407858,22624337920,100,406211000,70000,17004355584
1790314404.4084961,22624337920,97,330534000,70000,17004355584
1790314405.4093127,22624337920,100,346046000,70000,17004355584
1790314406.4099452,22624337920,100,324699000,68000,17004355584
1790314407.410717,22624337920,87,395720000,65000,17004355584
1790314408.4113557,22624337920,100,295535000,69000,17004355584
1790314409.4124746,22624337920,98,377104000,69000,17004355584
1790314410.4130816,22624337920,24,324475000,63000,17004355584
1790314411.4136293,22624337920,100,353666000,67000,17004355584
1790314412.4144688,22624337920,100,374251000,68000,17004355584
1790314413.41524,22624337920,93,313897000,69000,17004355584
1790314414.4160597,22624337920,84,393087000,67000,17004355584
1790314415.416714,22624337920,100,394981000,69000,17004355584
1790314416.417422,22624337920,100,401605000,66000,17004355584
1790314417.4179587,22624337920,100,384371000,69000,17004355584
1790314418.4189265,22624337920,100,393018000,70000,17004355584
1790314419.4200664,22624337920,100,385217000,70000,17004355584
1790314420.4267633,22624337920,100,395530000,71000,17004355584
1790314421.4730191,22624337920,67,247306000,68000,17004355584
1790314422.4736059,22624337920,100,371518000,68000,17004355584
1790314423.4747581,22624337920,100,389604000,69000,17004355584
1790314424.4753835,22624337920,100,330975000,69000,17004355584
1790314425.475888,22624337920,100,387178000,69000,17004355584
1790314426.476894,22624337920,100,384231000,70000,17004355584
1790314427.477435,22624337920,100,386990000,70000,17004355584
1790314428.4781163,22624337920,100,380317000,69000,17004355584
1790314429.4792395,22624337920,100,378690000,70000,17004355584
1790314430.4800594,22624337920,100,404832000,70000,17004355584
1790314431.480667,22624337920,100,389758000,70000,17004355584
1790314432.481223,22624337920,100,379853000,69000,17004355584
1790314433.4817872,22624337920,83,372818000,70000,17004355584
1790314434.4825947,22624337920,29,367940000,64000,17004355584
1790314435.4833596,22624337920,100,329382000,71000,17004355584
1790314436.4839635,22624337920,100,323940000,69000,17004355584
1790314437.484653,22624337920,100,338318000,70000,17004355584
1790314438.485445,22624337920,100,399338000,69000,17004355584
1790314439.4861581,22624337920,100,327787000,71000,17004355584
1790314440.4867423,22624337920,100,405775000,71000,17004355584
1790314441.4874253,22624337920,100,391929000,67000,17004355584
1790314442.488096,22624337920,70,327931000,70000,17004355584
1790314443.4887903,22624337920,97,395907000,69000,17004355584
1790314444.489383,22624337920,100,388351000,70000,17004355584
1790314445.4899027,22624337920,92,388229000,70000,17004355584
1790314446.490415,22624337920,100,385974000,69000,17004355584
1790314447.4911513,22624337920,91,384248000,70000,17004355584
1790314448.491787,22624337920,100,381910000,71000,17004355584
1790314449.4927325,22624337920,100,393126000,70000,17004355584
1790314450.4942079,22624337920,98,380082000,70000,17004355584
1790314451.4949465,22624337920,100,385838000,70000,17004355584
1790314452.4957347,22624337920,100,324197000,70000,17004355584
1790314453.4963965,22624337920,100,336509000,71000,17004355584
1790314454.5436606,22624337920,0,155655000,59000,17004355584
1790314455.5445788,22645309440,95,330322000,68000,17004355584
1790314456.545504,22645309440,100,392083000,70000,17004355584
1790314457.5463226,22645309440,48,367695000,66000,17004355584
1790314458.5470464,22645309440,80,358008000,70000,17004355584
1790314459.5476985,22645309440,100,393762000,69000,17004355584
1790314460.5483441,22645309440,100,384788000,69000,17004355584
1790314461.5492713,22645309440,94,379565000,66000,17004355584
1790314462.5498066,22645309440,33,275357000,67000,17004355584
1790314463.5508852,22645309440,100,372633000,69000,17004355584
1790314464.5514596,22645309440,100,380412000,68000,17004355584
1790314465.5521185,22645309440,31,345242000,65000,17004355584
1790314466.5529456,22645309440,100,342218000,70000,17004355584
1790314467.5535593,22645309440,100,385927000,69000,17004355584
1790314468.5542424,22645309440,100,398147000,71000,17004355584
1790314469.5549724,22645309440,100,396649000,70000,17004355584
1790314470.55631,22645309440,88,394153000,70000,17004355584
1790314471.5569687,22645309440,25,360766000,64000,17004355584
1790314472.5575995,22645309440,100,329866000,70000,17004355584
1790314473.558176,22645309440,100,391605000,71000,17004355584
1790314474.5587184,22645309440,100,395564000,71000,17004355584
1790314475.5601304,22645309440,100,403633000,71000,17004355584
1790314476.561017,22645309440,99,353104000,70000,17004355584
1790314477.5617604,22645309440,100,384655000,69000,17004355584
1790314478.5626333,22645309440,100,386999000,71000,17004355584
1790314479.5636342,22645309440,100,402097000,70000,17004355584
1790314480.5642476,22645309440,100,385224000,70000,17004355584
1790314481.5648599,22645309440,100,392874000,71000,17004355584
1790314482.5654323,22645309440,100,388529000,70000,17004355584
1790314483.5659635,22645309440,100,384390000,71000,17004355584
1790314484.5668252,22645309440,96,392043000,71000,17004355584
1790314485.567599,22645309440,98,408143000,72000,17004355584
1790314486.5682669,22645309440,100,354557000,71000,17004355584
1790314487.5689774,22645309440,100,405098000,70000,17004355584
1790314488.569695,22645309440,27,362798000,65000,17004355584
1790314489.5702832,22645309440,99,346988000,71000,17004355584
1790314490.5715213,22645309440,97,400862000,72000,17004355584
1790314491.5721188,22645309440,100,398102000,70000,17004355584
1790314492.5729067,22645309440,100,391615000,70000,17004355584
1790314493.5735078,22645309440,100,386378000,71000,17004355584
1790314494.5740988,22645309440,91,395681000,72000,17004355584
1790314495.574927,22645309440,100,407504000,71000,17004355584
1790314496.5761786,22645309440,100,348790000,70000,17004355584
1790314497.5768256,22645309440,100,396008000,72000,17004355584
1790314498.5778048,22645309440,100,274327000,71000,17004355584
1790314499.5783598,22645309440,100,329634000,70000,17004355584
1790314500.5789745,22645309440,100,383665000,70000,17004355584
1790314501.6202903,22645309440,100,379160000,70000,17004355584
1790314502.6209142,22645309440,100,378036000,70000,17004355584
1790314503.6215627,22645309440,34,357967000,67000,17004355584
1790314504.6220756,22645309440,88,275333000,71000,17004355584
1790314505.6228256,22645309440,100,387499000,70000,17004355584
1790314506.6233764,22645309440,100,384270000,70000,17004355584
1790314507.6241708,22645309440,26,389461000,66000,17004355584
1790314508.6247585,22645309440,100,255671000,70000,17004355584
1790314509.625385,22645309440,100,386287000,70000,17004355584
1790314510.6264887,22645309440,100,383189000,70000,17004355584
1790314511.6272964,22645309440,100,338815000,70000,17004355584
1790314512.627966,22645309440,100,340803000,70000,17004355584
1790314513.6288886,22645309440,100,400157000,71000,17004355584
1790314514.6295972,22645309440,100,404072000,71000,17004355584
1790314516.2754414,22645309440,66,147090000,59000,17004355584
1790314517.2759998,22645309440,100,269261000,68000,17004355584
1790314518.276687,22645309440,100,380449000,70000,17004355584
1790314519.27781,22645309440,100,388502000,69000,17004355584
1790314520.278313,22645309440,100,370948000,68000,17004355584
1790314521.2788234,22645309440,100,374547000,69000,17004355584
1790314522.279361,22645309440,100,376684000,69000,17004355584
1790314523.2852936,22645309440,100,369161000,69000,17004355584
1790314524.2858312,22645309440,72,300114000,70000,17004355584
1790314525.2863355,22645309440,100,370150000,68000,17004355584
1790314526.2870812,22645309440,100,373921000,70000,17004355584
1790314527.287778,22645309440,56,351624000,71000,17004355584
1790314528.2884517,22645309440,63,251271000,63000,17004355584
1790314529.2891326,22645309440,100,356074000,68000,17004355584
1790314530.289688,22645309440,100,377165000,68000,17004355584
1790314531.2907016,22645309440,100,313998000,63000,17004355584
1790314532.2914174,22645309440,29,242757000,69000,17004355584
1790314533.2919652,22645309440,95,396249000,70000,17004355584
1790314534.2929158,22645309440,100,383033000,70000,17004355584
1790314535.2940176,22645309440,40,349756000,70000,17004355584
1790314536.2949572,22645309440,100,339455000,67000,17004355584
1790314537.2962155,22645309440,100,391041000,69000,17004355584
1790314538.2967634,22645309440,100,394963000,69000,17004355584
1790314539.2973428,22645309440,100,384235000,69000,17004355584
1790314540.2980611,22645309440,100,379564000,69000,17004355584
1790314541.2990284,22645309440,100,393415000,71000,17004355584
1790314542.3001525,22645309440,100,402092000,71000,17004355584
1790314543.3011303,22645309440,100,400215000,70000,17004355584
1790314544.3023982,22645309440,100,323744000,63000,17004355584
1790314545.3039172,22645309440,100,382927000,71000,17004355584
1790314546.3045802,22645309440,100,393785000,69000,17004355584
1790314547.3054855,22645309440,92,390980000,71000,17004355584
1790314548.3065965,22645309440,40,288651000,68000,17004355584
1790314549.3077781,22645309440,100,346103000,64000,17034190848
1790314550.3084233,22645309440,100,360529000,71000,17004355584
1790314551.3094058,22645309440,100,319363000,69000,17004355584
1790314552.3101044,22645309440,100,389853000,70000,17004355584
1790314553.310655,22645309440,100,381272000,68000,17004355584
1790314554.3111944,22645309440,100,376670000,68000,17004355584
1790314555.3117886,22645309440,100,388602000,71000,17004355584
1790314556.3124087,22645309440,100,386236000,69000,17004355584
1790314557.313874,22645309440,100,377727000,70000,17004355584
1790314558.3144119,22645309440,100,382891000,70000,17004355584
1790314559.3150773,22645309440,100,377893000,70000,17004355584
1790314560.3160276,22645309440,100,328321000,67000,17004355584
1790314561.317109,22645309440,100,316038000,69000,17004355584
1790314562.3178613,22645309440,100,382026000,71000,17004355584
1790314563.31842,22645309440,25,322453000,70000,17004355584
1790314564.31903,22645309440,90,392129000,71000,17004355584
1790314565.3195705,22645309440,100,380655000,70000,17004355584
1790314566.3201873,22645309440,73,314103000,69000,17004355584
1790314567.32208,22645309440,47,321823000,68000,17004355584
1790314568.3226275,22645309440,100,315388000,70000,17004355584
1790314569.3231874,22645309440,100,362269000,69000,17004355584
1790314570.3237526,22645309440,100,375943000,70000,17004355584
1790314571.3243878,22645309440,99,395409000,69000,17004355584
1790314572.3251307,22645309440,100,352006000,65000,17004355584
1790314573.32773,22645309440,100,366737000,68000,17004355584
1790314574.329927,22645309440,83,311444000,70000,17004355584
1790314575.3306186,22645309440,100,384547000,69000,17004355584
1790314576.331879,22645309440,100,382631000,71000,17004355584
1790314577.3324447,22645309440,100,393373000,70000,17004355584
1790314578.3338225,22645309440,100,380316000,71000,17004355584
1790314579.6743205,22645309440,0,147909000,59000,17004355584
1790314580.6750312,22645309440,100,300909000,69000,17004355584
1790314581.6761317,22645309440,100,393150000,69000,17004359680
1790314582.6771262,22645309440,100,392430000,71000,17004359680
1790314583.6782854,22645309440,21,212441000,61000,17033269248
1790314584.6790738,22645309440,100,293437000,68000,17004359680
1790314585.6800172,22645309440,100,376080000,68000,17004359680
1790314586.680702,22645309440,51,353189000,64000,17004359680
1790314587.6815133,22645309440,100,311708000,69000,17004359680
1790314588.6820233,22645309440,100,378144000,69000,17004359680
1790314589.6825583,22645309440,100,371343000,69000,17004359680
1790314590.6832721,22645309440,100,388386000,70000,17005707264
1790314591.6842408,22645309440,92,402604000,71000,17004359680
1790314592.6848524,22645309440,100,390116000,71000,17004359680
1790314593.6855175,22645309440,100,374147000,70000,17004359680
1790314594.6862779,22645309440,98,381019000,71000,17004359680
1790314595.68723,22645309440,100,405786000,70000,17004359680
1790314596.687799,22645309440,100,380381000,69000,17004359680
1790314597.6890178,22645309440,57,325344000,67000,17004359680
1790314598.6899304,22645309440,100,329332000,69000,17004359680
1790314599.6908119,22645309440,100,354731000,68000,17004359680
1790314600.6913724,22647406592,100,381738000,69000,17004359680
1790314601.6919615,22647406592,100,374304000,69000,17004359680
1790314602.6927066,22647406592,100,388358000,71000,17004359680
1790314603.693563,22647406592,100,401999000,70000,17004359680
1790314604.694258,22647406592,100,305820000,70000,17004359680
1790314605.6948268,22647406592,100,361342000,70000,17004359680
1790314606.6953897,22647406592,100,391180000,70000,17004359680
1790314607.6960433,22647406592,88,373040000,69000,17004359680
1790314608.6968997,22647406592,90,394308000,71000,17004359680
1790314609.6975625,22647406592,100,401203000,71000,17004359680
1790314610.698178,22647406592,100,388370000,69000,17004359680
1790314611.6987412,22647406592,99,386293000,71000,17004359680
1790314612.699449,22647406592,100,400666000,71000,17004359680
1790314613.7000017,22647406592,100,392651000,71000,17004359680
1790314614.7005825,22647406592,36,364963000,65000,17004359680
1790314615.701078,22647406592,100,341757000,69000,17004359680
1790314616.7015827,22647406592,100,360337000,69000,17004359680
1790314617.702234,22647406592,78,243461000,65000,17004359680
1790314618.7028644,22647406592,100,390961000,70000,17004359680
1790314619.7035124,22647406592,100,374338000,70000,17004359680
1790314620.704056,22647406592,100,387159000,71000,17004359680
1790314621.7048075,22647406592,89,381413000,70000,17004359680
1790314622.706233,22647406592,100,354117000,71000,17004359680
1790314623.7073216,22647406592,89,283707000,69000,17004359680
1790314624.707857,22647406592,94,341863000,71000,17004359680
1790314625.7083962,22647406592,100,381390000,70000,17004359680
1790314626.7090187,22647406592,100,373511000,68000,17004359680
1790314627.7095678,22647406592,100,378803000,70000,17004359680
1790314628.710332,22647406592,100,378670000,69000,17004359680
1790314629.711002,22647406592,47,312612000,63000,17004359680
1790314630.711549,22647406592,100,372123000,69000,17004359680
1790314631.7121167,22647406592,100,381835000,70000,17004359680
1790314632.7128637,22647406592,100,319874000,70000,17004359680
1790314633.7135053,22647406592,100,395999000,71000,17004359680
1790314634.7141156,22647406592,99,400704000,71000,17004359680
1790314635.715479,22647406592,88,383012000,70000,17004359680
1790314636.716223,22647406592,95,400117000,71000,17004359680
1790314637.716841,22647406592,100,320363000,70000,17004359680
1790314638.7173584,22647406592,100,377160000,70000,17004359680
1790314639.71797,22647406592,100,320359000,70000,17004359680
1790314640.7188492,22647406592,100,386740000,71000,17004359680
1790314641.7196457,22647406592,100,398909000,71000,17004359680
1790314642.7202218,22647406592,94,406505000,71000,17004359680
1790314643.720775,22647406592,100,380379000,70000,17004359680
1790314644.9779499,22647406592,0,289971000,61000,17004359680
1790314645.9785376,22647406592,100,230268000,68000,17004359680
1790314646.9791174,22647406592,100,379586000,69000,17004359680
1790314647.9797196,22647406592,100,390920000,70000,17004359680
1790314648.9804544,22647406592,100,384686000,69000,17004359680
1790314649.9809504,22647406592,100,377974000,70000,17004359680
1790314650.9818642,22647406592,100,320554000,70000,17004359680
1790314651.9824474,22647406592,100,388945000,70000,17004359680
1790314652.9833922,22647406592,100,388287000,70000,17004359680
1790314653.9840586,22647406592,91,325691000,70000,17004359680
1790314654.984667,22647406592,100,382649000,69000,17004359680
1790314655.9853563,22647406592,33,341171000,65000,17004359680
1790314656.9863043,22647406592,82,288312000,69000,17004359680
1790314657.9875488,22647406592,100,399306000,70000,17004359680
1790314658.9884732,22647406592,100,393881000,69000,17004359680
1790314659.9894881,22647406592,81,377921000,70000,17004359680
1790314660.9904318,22647406592,100,331995000,70000,17004359680
1790314661.9910245,22647406592,100,341378000,70000,17004359680
1790314662.9916463,22647406592,100,409044000,71000,17004359680
1790314663.9923615,22647406592,100,402288000,70000,17004359680
1790314664.992994,22647406592,100,321297000,69000,17004359680
1790314665.9935544,22647406592,100,388084000,70000,17004359680
1790314666.9944544,22647406592,93,385001000,70000,17004359680
1790314667.9954786,22647406592,65,387884000,68000,17004359680
1790314668.996388,22647406592,100,387166000,72000,17004359680
1790314669.9971187,22647406592,24,317441000,64000,17004359680
1790314670.9983592,22647406592,79,281149000,70000,17004359680
1790314671.9992874,22647406592,25,347452000,64000,17004359680
1790314673.0002944,22647406592,85,223740000,68000,17004359680
1790314674.001305,22647406592,22,347883000,63000,17004359680
1790314675.0022814,22647406592,28,192801000,62000,17004359680
1790314676.0029716,22647406592,100,333063000,70000,17004359680
1790314677.0041277,22647406592,20,341189000,62000,17004359680
1790314678.0047684,22647406592,100,347483000,68000,17004359680
1790314679.0053477,22647406592,100,365975000,68000,17004359680
1790314680.0061314,22647406592,100,375010000,70000,17004359680
1790314681.0068216,22647406592,100,400866000,71000,17004359680
1790314682.0074964,22647406592,100,270687000,69000,17004359680
1790314683.0082796,22647406592,87,384744000,70000,17004359680
1790314684.0088093,22647406592,100,381417000,69000,17004359680
1790314685.0095842,22647406592,100,376822000,68000,17004359680
1790314686.010471,22647406592,100,388743000,69000,17004359680
1790314687.0110419,22647406592,100,309935000,69000,17004359680
1790314688.0122085,22647406592,32,358492000,64000,17004359680
1790314689.0132887,22647406592,100,350031000,70000,17004359680
1790314690.0139844,22647406592,100,328441000,69000,17004359680
1790314691.014778,22647406592,100,385882000,69000,17004359680
1790314692.0154147,22647406592,30,348019000,64000,17004359680
1790314693.0161057,22647406592,100,353814000,71000,17004359680
1790314694.0182664,22647406592,37,344599000,64000,17004359680
1790314695.0208988,22647406592,90,309257000,68000,17004359680
1790314696.0217123,22647406592,100,304601000,70000,17004359680
1790314697.831879,22647406592,0,136000000,58000,17004359680
1790314698.8325028,22647406592,100,227370000,68000,17004359680
1790314699.8333042,22647406592,100,394830000,69000,17004359680
1790314700.833933,22647406592,100,399890000,69000,17004359680
1790314701.8348205,22647406592,100,398257000,70000,17004359680
1790314702.8355854,22647406592,100,331676000,70000,17004359680
1790314703.8362088,22647406592,44,329527000,63000,17004359680
1790314704.8368754,22647406592,82,376868000,70000,17004359680
1790314705.8374295,22647406592,100,380336000,69000,17004359680
1790314706.8382225,22647406592,100,377561000,69000,17004359680
1790314707.8389065,22647406592,89,317692000,67000,17004359680
1790314708.8395143,22647406592,87,390873000,70000,17004359680
1790314709.8407001,22647406592,100,399723000,69000,17004359680
1790314710.8414826,22647406592,33,285508000,63000,17004359680
1790314711.8423996,22647406592,27,323146000,63000,17004359680
1790314712.843113,22647406592,98,328100000,69000,17004359680
1790314713.843746,22647406592,93,297005000,70000,17004359680
1790314714.8449297,22647406592,99,391570000,70000,17004359680
1790314715.8455982,22647406592,100,387846000,69000,17004359680
1790314716.846239,22647406592,100,378251000,68000,17004359680
1790314717.8468862,22647406592,97,377009000,70000,17004359680
1790314718.847485,22647406592,100,324611000,69000,17004359680
1790314719.8479972,22647406592,100,382113000,70000,17004359680
1790314720.8485148,22647406592,100,397159000,70000,17004359680
1790314721.849283,22647406592,100,380497000,70000,17004359680
1790314722.8499455,22647406592,100,383232000,71000,17004359680
1790314723.850614,22647406592,100,393449000,69000,17004359680
1790314724.8513482,22647406592,37,331384000,68000,17004359680
1790314725.8519936,22647406592,88,375418000,71000,17004359680
1790314726.8526182,22647406592,97,397484000,71000,17004359680
1790314727.8537607,22647406592,100,321604000,70000,17004359680
1790314728.8550346,22647406592,100,393174000,69000,17004359680
1790314729.8556545,22647406592,100,318319000,69000,17004359680
1790314730.8565214,22647406592,91,377264000,71000,17004359680
1790314731.8572073,22647406592,100,389829000,69000,17004359680
1790314732.8577602,22647406592,100,382980000,70000,17004359680
1790314733.8584294,22647406592,100,379431000,70000,17004359680
1790314734.8590622,22647406592,100,391957000,71000,17004359680
1790314735.8596134,22647406592,100,380001000,69000,17004359680
1790314736.8602903,22647406592,100,372597000,71000,17004359680
1790314737.8611138,22647406592,100,386563000,70000,17004359680
1790314738.861811,22647406592,100,382348000,71000,17004359680
1790314739.8625324,22647406592,100,393236000,71000,17004359680
1790314740.8631473,22647406592,71,394865000,65000,17004359680
1790314741.8638144,22647406592,100,268132000,69000,17004359680
1790314742.8647385,22647406592,100,379158000,70000,17004359680
1790314743.865331,22647406592,100,374614000,70000,17004359680
1790314744.8663363,22647406592,100,379535000,70000,17004359680
1790314745.8671198,22647406592,90,389021000,70000,17004359680
1790314746.8678753,22647406592,100,378898000,70000,17004359680
1790314747.8687973,22647406592,65,309553000,68000,17004359680
1790314748.8697693,22647406592,100,373286000,66000,17004359680
1790314749.8705115,22647406592,100,329919000,71000,17004359680
1790314750.8712292,22647406592,40,358562000,65000,17004359680
1790314751.8718908,22647406592,100,347283000,69000,17004359680
1790314752.8725033,22647406592,100,378761000,69000,17004359680
1790314753.8733861,22647406592,100,383993000,70000,17004359680
1790314754.8743575,22647406592,90,321344000,71000,17004359680
1790314755.8749752,22647406592,100,341331000,70000,17004359680
1790314756.8755488,22647406592,100,382316000,69000,17004359680
1790314757.8762777,22647406592,100,328846000,70000,17004359680
1790314758.8769004,22647406592,100,401395000,70000,17004359680
1790314760.8673067,22647406592,0,176479000,59000,17004359680
1790314761.868001,22647406592,82,245291000,68000,17004359680
1790314762.868685,22647406592,95,255285000,69000,17004359680
1790314763.8694437,22647406592,100,391563000,69000,17004359680
1790314764.8700771,22647406592,93,391124000,70000,17004359680
1790314765.8706634,22647406592,33,367641000,64000,17004359680
1790314766.8712046,22647406592,100,336988000,70000,17004359680
1790314767.8718858,22647406592,100,375298000,70000,17004359680
1790314768.8728685,22647406592,80,312433000,69000,17004359680
1790314769.8740506,22647406592,84,305859000,68000,17004359680
1790314770.8748593,22647406592,27,339836000,63000,17004359680
1790314771.87583,22647406592,100,357676000,69000,17004359680
1790314772.876624,22647406592,100,379752000,69000,17004359680
1790314773.8773324,22647406592,100,336081000,69000,17004359680
1790314774.8782098,22647406592,88,374032000,70000,17004359680
1790314775.8788707,22647406592,60,307514000,69000,17004359680
1790314776.879598,22647406592,100,378242000,70000,17004359680
1790314777.88069,22647406592,100,387136000,69000,17004359680
1790314778.8813238,22647406592,100,382142000,69000,17004359680
1790314779.8822653,22647406592,99,377546000,67000,17004359680
1790314780.8833413,22647406592,100,356637000,69000,17004359680
1790314781.8842335,22647406592,100,394545000,71000,17004359680
1790314782.8846993,22647406592,100,389058000,70000,17004359680
1790314783.8852422,22647406592,100,381345000,69000,17004359680
1790314784.8858013,22647406592,100,381720000,69000,17004359680
1790314785.8866456,22647406592,100,375349000,67000,17004359680
1790314786.8873804,22647406592,82,390728000,66000,17004359680
1790314787.888204,22647406592,38,197995000,63000,17004359680
1790314788.8890243,22647406592,32,255331000,63000,17004359680
1790314789.8896673,22647406592,100,366461000,69000,17004359680
1790314790.890268,22647406592,96,383766000,70000,17004359680
1790314791.8908687,22647406592,100,387634000,69000,17004359680
1790314792.8914351,22647406592,100,377633000,69000,17004359680
1790314793.892002,22647406592,98,374338000,70000,17004359680
1790314794.8925564,22647406592,85,381779000,71000,17004359680
1790314795.8932412,22647406592,88,389580000,69000,17004359680
1790314796.8937254,22647406592,100,382855000,70000,17004359680
1790314797.8943858,22647406592,100,380469000,70000,17004359680
1790314798.8950567,22647406592,91,393475000,71000,17004359680
1790314799.8960965,22647406592,100,398070000,70000,17004359680
1790314800.8967803,22647406592,99,394839000,71000,17004359680
1790314801.9549074,22647406592,39,354519000,66000,17004359680
1790314802.9557056,22647406592,100,359179000,67000,17004359680
1790314803.9562352,22647406592,100,326318000,70000,17004359680
1790314804.9567256,22647406592,100,382054000,69000,17004359680
1790314805.9573574,22647406592,100,381533000,71000,17004359680
1790314806.9586053,22647406592,100,381775000,72000,17004359680
1790314807.959414,22647406592,28,308888000,64000,17004359680
1790314808.9603388,22647406592,31,181229000,65000,17004359680
1790314809.9609816,22647406592,100,331518000,70000,17004359680
1790314810.961708,22647406592,100,383036000,70000,17004359680
1790314811.9623513,22647406592,100,378668000,69000,17004359680
1790314812.9645066,22647406592,100,340154000,71000,17004359680
1790314814.443338,22647406592,0,115142000,59000,17004359680
1790314815.4442668,22647406592,0,179640000,68000,17004359680
1790314816.4448683,22647406592,60,316880000,67000,17004359680
1790314817.4453866,22647406592,100,384035000,68000,17004359680
1790314818.446173,22647406592,100,379099000,69000,17004359680
1790314819.4469337,22647406592,23,252378000,67000,17004359680
1790314820.447809,22647406592,46,316968000,69000,17004359680
1790314821.448584,22647406592,100,376741000,68000,17004359680
1790314822.449338,22647406592,100,377280000,68000,17004359680
1790314823.4498918,22647406592,100,395236000,69000,17004359680
1790314824.4507167,22647406592,100,367446000,67000,17004359680
1790314825.4515493,22647406592,100,377460000,70000,17004359680
1790314826.4523933,22647406592,100,402346000,65000,17004359680
1790314827.4529417,22647406592,100,330404000,69000,17004359680
1790314828.4533923,22647406592,100,383620000,70000,17004359680
1790314829.4541347,22647406592,100,387482000,70000,17004359680
1790314830.4550312,22647406592,99,391168000,69000,17004359680
1790314831.4558303,22647406592,85,385726000,70000,17004359680
1790314832.4566798,22647406592,100,392499000,69000,17004359680
1790314833.4573493,22647406592,99,393468000,70000,17004359680
1790314834.4581985,22647406592,100,384126000,70000,17004359680
1790314835.4592123,22647406592,100,382142000,69000,17004359680
1790314836.4597793,22647406592,100,388266000,71000,17004359680
1790314837.4606159,22647406592,100,382823000,69000,17004359680
1790314838.4612358,22647406592,78,373998000,69000,17004359680
1790314839.4617424,22647406592,100,372967000,69000,17004359680
1790314840.4632325,22647406592,100,342708000,64000,17004359680
1790314841.4641213,22647406592,100,345137000,71000,17004359680
1790314842.4653041,22647406592,28,334293000,71000,17004359680
1790314843.466214,22647406592,88,402147000,70000,17004359680
1790314844.4669933,22647406592,100,387833000,70000,17004359680
1790314845.4676578,22647406592,100,386163000,70000,17004359680
1790314846.4686565,22647406592,25,268085000,63000,17004359680
1790314847.4694898,22647406592,85,344811000,70000,17004359680
1790314848.470075,22647406592,90,390078000,70000,17004359680
1790314849.4711072,22647406592,100,372225000,68000,17004359680
1790314850.471703,22647406592,95,385795000,71000,17004359680
1790314851.4725356,22647406592,100,393788000,70000,17004359680
1790314852.473118,22647406592,22,317213000,70000,17004359680
1790314853.4739528,22647406592,100,382162000,70000,17004359680
1790314854.47457,22647406592,100,382283000,70000,17004359680
1790314855.4750848,22647406592,99,391420000,71000,17004359680
1790314856.475685,22647406592,89,394797000,70000,17004359680
1790314857.4771748,22647406592,100,335818000,70000,17004359680
1790314858.477903,22647406592,92,377944000,69000,17004359680
1790314859.4787629,22647406592,22,285847000,70000,17004359680
1790314860.480479,22647406592,50,350210000,66000,17004359680
1790314861.4811804,22647406592,100,288451000,63000,17004359680
1790314862.4818463,22647406592,100,301600000,69000,17004359680
1790314863.4825077,22647406592,100,377484000,69000,17004359680
1790314864.4831421,22647406592,100,392945000,71000,17004359680
1790314865.4838686,22647406592,100,403897000,70000,17004359680
1790314866.4849632,22647406592,100,398436000,71000,17043431424
1790314867.485858,22647406592,73,330989000,70000,17004359680
1790314868.487124,22647406592,28,331029000,71000,17004359680
1790314869.4880097,22647406592,77,359476000,70000,17004359680
1790314870.4891088,22647406592,100,384969000,70000,17004359680
1790314871.4897969,22647406592,100,387391000,71000,17004359680
1790314872.4903362,22647406592,93,394977000,70000,17004359680
1790314873.4910295,22647406592,100,332682000,61000,17005502464
1790314874.4918003,22647406592,100,356523000,69000,17005502464
1790314875.8005414,22647406592,0,130196000,59000,17005502464
1790314876.801241,22647406592,100,290483000,70000,17005506560
1790314877.8023612,22647406592,52,347568000,60000,17006682112
1790314878.8031607,22647406592,100,372123000,68000,17006682112
1790314879.803906,22647406592,89,307679000,67000,17006682112
1790314880.8050346,22647406592,100,392438000,70000,17006682112
1790314881.8058927,22647406592,100,271955000,69000,17006682112
1790314882.80689,22647406592,39,334060000,64000,17006682112
1790314883.8076165,22647406592,100,368200000,69000,17006682112
1790314884.808662,22647406592,31,325909000,64000,17006682112
1790314885.80925,22647406592,100,315305000,68000,17006682112
1790314886.810288,22647406592,56,365184000,66000,17006682112
1790314887.8110204,22647406592,100,285967000,70000,17006682112
1790314888.811924,22647406592,100,406174000,70000,17006682112
1790314889.812702,22647406592,59,323224000,66000,17006682112
1790314890.8134072,22647406592,23,322464000,63000,17006682112
1790314891.8139932,22647406592,100,341235000,69000,17006682112
1790314892.8146374,22647406592,25,354278000,63000,17006682112
1790314893.81541,22647406592,29,318260000,65000,17006682112
1790314894.8160088,22647406592,99,272527000,69000,17006682112
1790314895.8165925,22647406592,100,387375000,68000,17006682112
1790314896.8171403,22647406592,100,375644000,70000,17006682112
1790314897.8178678,22647406592,32,368504000,65000,17006682112
1790314898.8188467,22647406592,100,342283000,70000,17006682112
1790314899.819686,22647406592,100,399198000,70000,17006682112
1790314900.820316,22647406592,100,327034000,68000,17006682112
1790314901.821258,22647406592,100,389617000,69000,17006682112
1790314902.822338,22647406592,94,332058000,69000,17006682112
1790314903.8234718,22647406592,100,391053000,69000,17006682112
1790314904.8243027,22647406592,100,380642000,70000,17006682112
1790314905.82489,22647406592,100,379648000,68000,17006682112
1790314906.8262715,22647406592,98,375802000,69000,17006682112
1790314907.826972,22647406592,99,382902000,70000,17006682112
1790314908.8283215,22647406592,100,376683000,70000,17006682112
1790314909.8292103,22647406592,100,390941000,71000,17006682112
1790314910.829799,22647406592,100,382316000,70000,17006682112
1790314911.8306847,22647406592,100,387706000,71000,17006682112
1790314912.8318334,22647406592,100,318631000,69000,17006682112
1790314913.8334835,22647406592,91,378453000,70000,17006682112
1790314914.8341076,22647406592,92,397884000,70000,17006682112
1790314915.8346198,22647406592,100,404045000,71000,17006682112
1790314916.8358705,22647406592,51,367362000,67000,17006682112
1790314917.8366199,22647406592,67,365199000,71000,17006682112
1790314918.8375037,22647406592,100,322448000,70000,17006682112
1790314919.8389924,22647406592,100,375859000,69000,17006682112
1790314920.8397105,22647406592,100,379135000,71000,17006682112
1790314921.938929,22647406592,100,398642000,71000,17006682112
1790314922.94533,22647406592,100,386461000,70000,17006682112
1790314923.945911,22647406592,100,386395000,71000,17006682112
1790314924.9466424,22647406592,100,393340000,71000,17006682112
1790314925.947645,22647406592,100,390247000,71000,17006682112
1790314926.94839,22647406592,100,387273000,70000,17006682112
1790314927.9494648,22647406592,100,395159000,71000,17006682112
1790314928.9506726,22647406592,100,390238000,71000,17006682112
1790314929.952589,22647406592,100,381906000,71000,17006682112
1790314930.953518,22647406592,100,375135000,69000,17006682112
1790314931.9542787,22647406592,100,321453000,70000,17006682112
1790314933.8287787,22647406592,0,198955000,60000,17006682112
1790314934.830062,22647406592,100,274887000,69000,17006682112
1790314935.8307226,22647406592,100,376172000,69000,17006682112
1790314936.8315113,22647406592,100,370350000,69000,17006682112
1790314937.8323314,22647406592,99,378983000,70000,17006682112
1790314938.833167,22647406592,99,397762000,71000,17006682112
1790314939.8341784,22647406592,100,385027000,69000,17006682112
1790314940.8349478,22647406592,100,387386000,70000,17006682112
1790314941.8358107,22647406592,100,378724000,68000,17006682112
1790314942.8368888,22647406592,100,373320000,69000,17006682112
1790314943.837579,22647406592,75,353563000,70000,17006682112
1790314944.8382134,22647406592,100,360828000,70000,17006682112
1790314945.8390172,22647406592,100,378068000,70000,17006682112
1790314946.839669,22647406592,98,378641000,71000,17006682112
1790314947.8403003,22647406592,100,392326000,70000,17006682112
1790314948.8409514,22647406592,82,386529000,69000,17006682112
1790314949.841695,22647406592,100,378541000,70000,17006682112
1790314950.8439238,22647406592,100,376382000,69000,17006682112
1790314951.8452992,22647406592,85,312274000,70000,17006682112
1790314952.8463786,22647406592,100,385888000,71000,17006682112
1790314953.8472598,22647406592,100,384346000,70000,17006682112
1790314954.8480713,22647406592,100,381182000,70000,17006682112
1790314955.850663,22647406592,100,384217000,71000,17006682112
1790314956.851673,22647406592,100,324570000,70000,17006682112
1790314957.8524258,22647406592,100,386971000,69000,17006682112
1790314958.853669,22647406592,99,383488000,70000,17006682112
1790314959.8545651,22647406592,97,385701000,70000,17006682112
1790314960.8552713,22647406592,100,396634000,72000,17006682112
1790314961.8562298,22647406592,40,340433000,62000,17007828992
1790314962.856936,22647406592,100,367635000,69000,17007828992
1790314963.8576562,22647406592,100,380239000,70000,17007828992
1790314964.8587794,22647406592,91,372610000,72000,17014116352
1790314965.859577,22647406592,100,390428000,71000,17007828992
1790314966.860477,22647406592,96,375252000,70000,17007828992
1790314967.8614433,22647406592,100,394180000,70000,17007828992
1790314968.8624077,22647406592,100,381415000,70000,17007828992
1790314969.8893795,22647406592,30,321395000,64000,17007828992
1790314970.8903265,22647406592,100,237711000,70000,17007828992
1790314971.892329,22647406592,28,346420000,64000,17007828992
1790314972.8933754,22647406592,100,292897000,71000,17007828992
1790314973.8944304,22647406592,95,373817000,70000,17007828992
1790314974.895656,22647406592,100,381421000,71000,17007828992
1790314975.8965876,22647406592,100,388768000,71000,17007828992
1790314976.8979511,22647406592,100,388377000,71000,17007828992
1790314977.8988822,22647406592,99,393253000,72000,17007828992
1790314978.900252,22647406592,100,386274000,70000,17007828992
1790314979.9011161,22647406592,100,378489000,69000,17007828992
1790314980.9024694,22647406592,100,392652000,71000,17007828992
1790314981.9035866,22647406592,100,394559000,71000,17007828992
1790314982.9042497,22647406592,25,308483000,64000,17007828992
1790314983.905405,22647406592,100,324521000,70000,17007828992
1790314984.9061496,22647406592,100,381342000,70000,17007828992
1790314985.906898,22647406592,100,385363000,69000,17007828992
1790314986.908021,22647406592,100,377491000,71000,17007828992
1790314987.908646,22647406592,100,384498000,71000,17007828992
1790314988.9098785,22647406592,96,395965000,70000,17062907904
1790314989.9104433,22647406592,100,387853000,70000,17007828992
1790314990.9113853,22647406592,100,378417000,71000,17007828992
1790314991.9121718,22647406592,100,380408000,70000,17007828992
1790314992.913165,22647406592,100,380313000,71000,17007828992
1790314993.9139369,22647406592,31,269144000,68000,17007828992
1790314994.9150085,22647406592,39,355708000,66000,17007828992
1790314995.915939,22647406592,100,335519000,70000,17007828992
1790314996.9168937,22647406592,100,384142000,71000,17007828992
1790314997.9178655,22647406592,100,398633000,72000,17007828992
1790314998.918981,22647406592,31,351672000,65000,17007828992
1790314999.9199378,22647406592,100,361384000,71000,17007828992
1790315000.9209723,22647406592,100,395905000,71000,17007828992
1790315001.9216611,22647406592,100,400270000,71000,17007828992
1790315002.922277,22647406592,100,325433000,70000,17007828992
1790315003.9228318,22647406592,94,389220000,71000,17007828992
1790315004.923461,22647406592,100,386781000,70000,17007828992
1790315005.9240215,22647406592,100,381636000,71000,17007828992
1790315006.924639,22647406592,22,290615000,63000,17007828992
1790315008.0114758,22647406592,0,221818000,60000,17007828992
1790315009.0120652,22647406592,100,271109000,69000,17007828992
1790315010.0129166,22647406592,100,382194000,70000,17007828992
1790315011.0135543,22647406592,100,327355000,69000,17007828992
1790315012.0142148,22647406592,100,387536000,70000,17007828992
1790315013.0149617,22647406592,100,397824000,70000,17007828992
1790315014.015672,22647406592,100,363559000,70000,17007828992
1790315015.0164115,22647406592,100,398166000,71000,17007828992
1790315016.017187,22647406592,86,351553000,70000,17007828992
1790315017.018287,22647406592,78,301348000,69000,17007828992
1790315018.0191014,22647406592,100,318951000,70000,17007828992
1790315019.019979,22647406592,100,363504000,70000,17007828992
1790315020.0207381,22647406592,95,389200000,71000,17007828992
1790315021.02149,22647406592,97,402307000,67000,17007828992
1790315022.0222063,22647406592,100,326778000,70000,17007828992
1790315023.0233986,22647406592,32,363762000,65000,17007828992
1790315024.0241156,22647406592,85,242706000,70000,17007828992
1790315025.0249999,22647406592,100,393662000,71000,17007828992
1790315026.0259151,22647406592,100,394413000,70000,17007828992
1790315027.0266616,22647406592,100,380245000,70000,17007828992
1790315028.027504,22647406592,100,383908000,71000,17007828992
1790315029.0284393,22647406592,100,371606000,71000,17007828992
1790315030.029258,22647406592,100,378143000,69000,17007828992
1790315031.0300336,22647406592,98,373851000,70000,17007828992
1790315032.0306566,22647406592,100,390543000,71000,17007828992
1790315033.0315661,22647406592,87,400800000,71000,17007828992
1790315034.0346947,22647406592,89,330609000,71000,17007828992
1790315035.0354788,22647406592,100,346078000,70000,17007828992
1790315036.0360632,22647406592,100,389178000,70000,17007828992
1790315037.037541,22647406592,100,385056000,70000,17007828992
1790315038.038643,22647406592,100,374005000,69000,17007828992
1790315039.0396802,22647406592,100,395686000,69000,17007828992
1790315040.0408912,22647406592,100,379851000,71000,17007828992
1790315041.041777,22647406592,100,326897000,71000,17007828992
1790315042.0430763,22647406592,27,381003000,65000,17007828992
1790315043.0439055,22647406592,100,290498000,70000,17007828992
1790315044.044604,22647406592,100,397192000,71000,17007828992
1790315045.0452807,22647406592,100,327294000,71000,17007828992
1790315046.0459561,22647406592,100,324902000,71000,17007828992
1790315047.0466702,22647406592,100,386819000,69000,17007828992
1790315048.0474217,22647406592,100,389708000,70000,17007828992
1790315049.0484521,22647406592,100,385071000,71000,17007828992
1790315050.0492377,22647406592,100,374317000,71000,17007828992
1790315051.0499415,22647406592,100,394248000,70000,17007828992
1790315052.0507226,22647406592,100,392574000,71000,17007828992
1790315053.051425,22647406592,90,401760000,72000,17007828992
1790315054.0568104,22647406592,100,331305000,71000,17007828992
1790315055.0579267,22647406592,100,388733000,71000,17007828992
1790315056.0587246,22647406592,100,400010000,71000,17007828992
1790315057.0595667,22647406592,22,350867000,64000,17007828992
1790315058.0602758,22647406592,100,214916000,69000,17007828992
1790315059.0613863,22647406592,100,386325000,66000,17007828992
1790315060.631011,22647406592,0,170927000,59000,17007828992
1790315061.6319275,22647406592,100,295888000,70000,17007828992
1790315062.6324425,22647406592,100,383560000,69000,17007828992
1790315063.6329408,22647406592,100,376854000,69000,17007828992
1790315064.6335468,22647406592,88,365430000,70000,17007828992
1790315065.6341987,22647406592,100,400419000,71000,17007828992
1790315066.6347766,22647406592,43,342212000,69000,17007828992
1790315067.63588,22647406592,100,380982000,69000,17007828992
1790315068.6369412,22647406592,100,377423000,69000,17007828992
1790315069.6376,22647406592,76,321311000,69000,17007828992
1790315070.6381207,22647406592,100,375794000,70000,17007828992
1790315071.6388783,22647406592,100,376269000,71000,17007828992
1790315072.639544,22647406592,95,397809000,70000,17007828992
1790315073.6402981,22647406592,100,388086000,70000,17007828992
1790315074.640897,22647406592,100,401616000,71000,17007828992
1790315075.642176,22647406592,100,401226000,71000,17007828992
1790315076.6428225,22647406592,90,339071000,71000,17007828992
1790315077.6435058,22647406592,100,383240000,71000,17007828992
1790315078.6444654,22647406592,100,398672000,71000,17007828992
1790315079.6454716,22647406592,56,324185000,71000,17007828992
1790315080.646086,22647406592,100,397312000,71000,17007828992
1790315081.6469667,22647406592,100,403120000,72000,17007828992
1790315082.64782,22647406592,100,395150000,72000,17007828992
1790315083.6489587,22647406592,100,325370000,70000,17007828992
1790315084.649499,22647406592,100,379719000,69000,17007828992
1790315085.6501887,22647406592,100,344897000,64000,17007828992
1790315086.6511292,22647406592,100,350998000,70000,17007828992
1790315087.651727,22647406592,23,243071000,66000,17007828992
1790315088.6523056,22647406592,51,319715000,71000,17007828992
1790315089.6533592,22647406592,100,362640000,65000,17007828992
1790315090.6541758,22647406592,100,340288000,71000,17074937856
1790315091.6547334,22647406592,100,390853000,70000,17074937856
1790315092.6552222,22647406592,100,378735000,70000,17074937856
1790315093.6562386,22647406592,99,381160000,69000,17074937856
1790315094.6569088,22647406592,100,365551000,69000,17117032448
1790315095.65791,22647406592,63,324454000,71000,17074937856
1790315096.6585824,22647406592,100,392925000,70000,17074937856
1790315097.6595497,22647406592,100,342427000,70000,17074937856
1790315098.6602283,22647406592,84,379230000,70000,17074937856
1790315099.660781,22647406592,100,381494000,69000,17074937856
1790315100.6614738,22647406592,100,375889000,69000,17074941952
1790315101.6620986,22647406592,100,379579000,69000,17074937856
1790315102.6630738,22647406592,100,381604000,71000,17074937856
1790315103.663706,22647406592,100,298698000,64000,17074937856
1790315104.6642256,22647406592,100,346402000,70000,17074937856
1790315105.6647177,22647406592,100,381740000,69000,17074937856
1790315106.6661084,22647406592,100,387792000,71000,17074937856
1790315107.6671088,22647406592,100,393244000,71000,17074937856
1790315108.668263,22647406592,100,382368000,69000,17074937856
1790315109.6688766,22647406592,100,320657000,71000,17074937856
1790315110.6693892,22647406592,100,380531000,69000,17074937856
1790315111.670041,22647406592,100,390599000,72000,17074937856
1790315112.6707702,22647406592,100,397144000,67000,17074937856
1790315113.6714232,22647406592,90,391208000,72000,17074937856
1790315114.672138,22647406592,100,395025000,70000,17074937856
1790315115.6736407,22647406592,86,390613000,72000,17074937856
1790315116.6743567,22647406592,100,401059000,71000,17074937856
1790315117.6750026,22647406592,100,402062000,72000,17074937856
1790315119.6793237,22647406592,0,138402000,60000,17074937856
1790315120.6803339,22647406592,91,301871000,70000,17074937856
1790315121.6808722,22647406592,100,396072000,70000,17074937856
1790315122.6815338,22647406592,100,381272000,70000,17074937856
1790315123.6823022,22647406592,100,376260000,70000,17074941952
1790315124.6829054,22647406592,49,329447000,70000,17074941952
1790315125.683964,22647406592,100,321595000,64000,17074941952
1790315126.6846514,22647406592,100,375812000,69000,17074941952
1790315127.6851966,22647406592,100,379077000,69000,17074941952
1790315128.6857936,22647406592,100,374643000,69000,17074941952
1790315129.686431,22647406592,100,383487000,70000,17074941952
1790315130.6870058,22647406592,100,378909000,71000,17074941952
1790315131.6875336,22647406592,100,364613000,68000,17074941952
1790315132.688129,22647406592,100,355410000,70000,17074941952
1790315133.6886907,22647406592,100,382954000,71000,17074941952
1790315134.6892602,22647406592,100,379456000,70000,17074941952
1790315135.6900396,22647406592,100,387886000,70000,17074941952
1790315136.690618,22647406592,100,387996000,71000,17074941952
1790315137.6915917,22647406592,85,385594000,71000,17074941952
1790315138.692791,22647406592,96,400309000,70000,17074941952
1790315139.6934357,22647406592,100,393235000,70000,17074941952
1790315140.693946,22647406592,100,386036000,70000,17074941952
1790315141.6946442,22647406592,100,381669000,70000,17074941952
1790315142.6954422,22647406592,100,397757000,72000,17074941952
1790315143.6960664,22647406592,100,399611000,71000,17074941952
1790315144.696867,22647406592,100,397090000,72000,17074941952
1790315145.6975212,22647406592,100,322161000,70000,17074941952
1790315146.6980565,22647406592,100,380342000,70000,17074941952
1790315147.6989577,22647406592,100,387823000,72000,17074941952
1790315148.6995916,22647406592,100,394760000,70000,17074941952
1790315149.7001228,22647406592,100,373047000,70000,17074941952
1790315150.7009997,22647406592,100,364249000,69000,17074941952
1790315151.7021327,22647406592,100,401120000,72000,17074941952
1790315152.7243688,22647406592,100,391139000,70000,17074954240
1790315153.7250059,22647406592,44,331422000,69000,17076113408
1790315154.7256558,22647406592,100,325491000,64000,17076113408
1790315155.7263138,22647406592,100,342999000,70000,17076113408
1790315156.7272992,22647406592,100,400258000,72000,17076113408
1790315157.727936,22647406592,81,376075000,71000,17076113408
1790315158.7286074,22647406592,99,386345000,71000,17076113408
1790315159.7292314,22647406592,91,392010000,71000,17076113408
1790315160.7297766,22647406592,100,384474000,70000,17076113408
1790315161.730322,22647406592,100,381885000,72000,17076113408
1790315162.7308393,22647406592,100,389510000,70000,17076113408
1790315163.731548,22647406592,100,384665000,71000,17076113408
1790315164.7321067,22647406592,100,385314000,71000,17076113408
1790315165.7327168,22647406592,100,378210000,71000,17076117504
1790315166.7335372,22647406592,85,378718000,72000,17076113408
1790315167.7348099,22647406592,100,401840000,72000,17076113408
1790315168.7354262,22647406592,31,331441000,70000,17076113408
1790315169.736009,22647406592,100,377091000,70000,17076113408
1790315170.7367997,22647406592,100,378972000,72000,17076113408
1790315171.738031,22647406592,100,353375000,65000,17076113408
1790315172.7389772,22647406592,87,299957000,72000,17076113408
1790315173.7400765,22647406592,100,374871000,67000,17076113408
1790315174.7408612,22647406592,100,360643000,71000,17076113408
1790315175.7414005,22647406592,100,384279000,70000,17076113408
1790315176.7422876,22647406592,100,368124000,67000,17076113408
1790315177.7431178,22647406592,100,352023000,71000,17076113408
1790315178.7442644,22647406592,51,286359000,64000,17076113408
1790315179.7448902,22647406592,100,325615000,70000,17076113408
1790315180.7456105,22647406592,100,389720000,70000,17076113408
1790315181.74666,22647406592,100,389486000,70000,17076113408
1790315182.7473855,22647406592,100,383527000,71000,17076113408
1790315183.7485688,22647406592,77,379631000,71000,17076113408
1790315184.7491446,22647406592,100,404219000,71000,17076113408
1790315185.749962,22647406592,100,401591000,71000,17076113408
1790315186.7505121,22647406592,80,327002000,71000,17076113408
1790315187.7517915,22647406592,100,301870000,65000,17076113408
1790315188.7524028,22647406592,30,275664000,70000,17076113408
1790315189.7529645,22647406592,100,385138000,70000,17076113408
1790315190.7539153,22647406592,100,388427000,70000,17076113408
1790315191.7549672,22647406592,99,389639000,71000,17076113408
1790315193.5198584,22647406592,0,226186000,60000,17076113408
1790315194.5205827,22647406592,78,157231000,68000,17076113408
1790315195.521542,22647406592,88,373465000,70000,17076113408
1790315196.5222013,22647406592,100,394907000,70000,17076113408
1790315197.522931,22647406592,100,395997000,71000,17076113408
1790315198.5236728,22647406592,45,365431000,66000,17076113408
1790315199.524498,22647406592,100,294245000,70000,17076113408
1790315200.5252566,22647406592,100,327173000,70000,17076113408
1790315201.525919,22647406592,91,380200000,70000,17076113408
1790315202.5265093,22647406592,100,393164000,70000,17076113408
1790315203.5271475,22647406592,100,402202000,71000,17076113408
1790315204.5277755,22647406592,68,331931000,68000,17076113408
1790315205.5283287,22647406592,100,381439000,70000,17076113408
1790315206.5291333,22647406592,100,378911000,70000,17076113408
1790315207.5301375,22647406592,100,392015000,70000,17076113408
1790315208.5311384,22647406592,75,326638000,64000,17076113408
1790315209.5319138,22647406592,22,353951000,64000,17076113408
1790315210.5326886,22647406592,100,338709000,70000,17076113408
1790315211.5335252,22647406592,100,395629000,71000,17076113408
1790315212.534246,22647406592,100,403817000,71000,17076113408
1790315213.534875,22647406592,87,396724000,71000,17076113408
1790315214.5357587,22647406592,100,401174000,72000,17076113408
1790315215.5363388,22647406592,100,396888000,71000,17076113408
1790315216.5371022,22647406592,100,401300000,71000,17076113408
1790315217.5377834,22647406592,100,389419000,71000,17076113408
1790315218.538438,22647406592,100,392057000,70000,17076113408
1790315219.5390384,22647406592,100,384224000,70000,17076113408
1790315220.5396967,22647406592,99,380934000,70000,17076113408
1790315221.6029863,22647406592,100,386729000,70000,17076113408
1790315222.6034763,22647406592,100,381851000,69000,17076113408
1790315223.6041305,22647406592,100,376811000,70000,17076113408
1790315224.6047857,22647406592,100,379412000,70000,17076113408
1790315225.6053586,22647406592,100,376298000,69000,17076113408
1790315226.6059093,22647406592,100,314458000,69000,17076113408
1790315227.6065614,22647406592,100,335319000,64000,17076113408
1790315228.6074417,22647406592,100,322686000,71000,17076113408
1790315229.6080601,22647406592,97,405655000,72000,17076113408
1790315230.6090455,22647406592,100,392973000,69000,17076113408
1790315231.6096058,22647406592,100,395486000,71000,17076113408
1790315232.6103048,22647406592,100,398047000,72000,17076113408
1790315233.6110134,22647406592,27,332811000,70000,17076113408
1790315234.6115131,22647406592,100,384886000,70000,17076113408
1790315235.6120415,22647406592,100,391898000,69000,17076113408
1790315236.6125212,22647406592,100,387104000,71000,17076113408
1790315237.6134481,22647406592,100,392468000,71000,17076113408
1790315238.614066,22647406592,100,392015000,71000,17076113408
1790315239.6145666,22647406592,100,378244000,70000,17076113408
1790315240.6153176,22647406592,95,390831000,71000,17076113408
1790315241.6158981,22647406592,100,391920000,72000,17076113408
1790315242.616635,22647406592,100,395014000,72000,17076113408
1790315243.6172886,22647406592,99,394574000,72000,17076113408
1790315244.618897,22647406592,25,247434000,69000,17076113408
1790315245.619594,22647406592,71,317422000,71000,17076117504
1790315246.6203575,22647406592,100,322182000,64000,17076113408
1790315247.6209574,22647406592,100,345298000,71000,17076113408
1790315248.6215494,22647406592,100,392684000,70000,17076113408
1790315249.6225562,22647406592,100,384791000,71000,17076113408
1790315250.6230812,22647406592,100,393670000,70000,17076113408
1790315251.6239145,22647406592,94,400001000,72000,17076113408
1790315252.624716,22647406592,37,285440000,70000,17076113408
1790315253.6254153,22647406592,100,320115000,71000,17076113408
1790315254.9432774,22647406592,12,233442000,60000,17076113408
1790315255.943998,22647406592,80,247692000,69000,17076113408
1790315256.944949,22647406592,88,395494000,70000,17076113408
1790315257.9458852,22647406592,100,393531000,70000,17076113408
1790315258.9464657,22647406592,100,390419000,70000,17076113408
1790315259.9471295,22647406592,100,375217000,70000,17076113408
1790315260.947951,22647406592,100,372021000,70000,17076113408
1790315261.9485478,22647406592,100,385600000,71000,17076113408
1790315262.9490025,22647406592,100,385738000,70000,17076113408
1790315263.9499288,22647406592,100,382545000,70000,17076113408
1790315264.951062,22647406592,40,247253000,64000,17076113408
1790315265.9519637,22647406592,96,307358000,69000,17076113408
1790315266.9527533,22647406592,100,393426000,71000,17076113408
1790315267.953392,22647406592,100,402325000,70000,17076113408
1790315268.9540734,22647406592,100,386639000,70000,17076113408
1790315269.9551964,22647406592,98,394934000,71000,17076113408
1790315270.9559467,22647406592,100,323236000,70000,17076113408
1790315271.9565282,22647406592,28,332534000,71000,17076113408
1790315272.9578056,22647406592,100,319409000,63000,17076117504
1790315273.9587367,22647406592,20,260936000,70000,17076113408
1790315274.959285,22647406592,100,393236000,71000,17076113408
1790315275.9598992,22647406592,100,403634000,68000,17076113408
1790315276.9609165,22647406592,100,357173000,69000,17076113408
1790315277.9623895,22647406592,100,377197000,69000,17076113408
1790315278.9632306,22647406592,92,345803000,67000,17076113408
1790315279.963845,22647406592,100,382731000,71000,17076113408
1790315280.965065,22647406592,100,387191000,69000,17076113408
1790315281.9662948,22647406592,100,395538000,71000,17076113408
1790315282.9671366,22647406592,16,315653000,70000,17076113408
1790315283.9685538,22647406592,19,268174000,69000,17076113408
1790315284.9691691,22647406592,100,391127000,69000,17076113408
1790315285.969751,22647406592,100,381498000,69000,17076113408
1790315286.9702988,22647406592,100,376332000,69000,17076113408
1790315287.970906,22647406592,89,366346000,66000,17076113408
1790315288.9716184,22647406592,100,335487000,69000,17076113408
1790315289.9729223,22647406592,100,396426000,70000,17076113408
1790315290.9736779,22647406592,100,394057000,70000,17076113408
1790315291.9743397,22647406592,100,383176000,69000,17076113408
1790315292.9749167,22647406592,100,388714000,69000,17076113408
1790315293.9770715,22647406592,100,383645000,70000,17076113408
1790315294.9784253,22647406592,97,388435000,71000,17076113408
1790315295.9789402,22647406592,100,373485000,69000,17076113408
1790315296.9799504,22647406592,100,364037000,69000,17076113408
1790315297.9807127,22647406592,100,386911000,71000,17076113408
1790315298.981323,22647406592,100,400021000,71000,17076113408
1790315299.9819207,22647406592,96,396891000,70000,17076113408
1790315300.9829123,22647406592,100,391038000,72000,17076113408
1790315301.9834888,22647406592,91,390583000,68000,17076113408
1790315302.9842877,22647406592,100,378008000,70000,17076113408
1790315303.9851778,22647406592,100,393674000,72000,17076113408
1790315304.9858322,22647406592,46,328241000,70000,17076113408
1790315305.9866998,22647406592,100,400140000,71000,17076113408
1790315306.987357,22647406592,100,401189000,72000,17076113408
1790315307.9882143,22647406592,100,390335000,70000,17076113408
1790315308.9888597,22647406592,76,328447000,71000,17076113408
1790315309.9895556,22647406592,86,385844000,71000,17076113408
1790315310.990209,22647406592,100,377865000,69000,17076113408
1790315312.6469991,22647406592,0,148103000,60000,17076113408
1790315313.6476288,22647406592,78,339476000,70000,17076113408
1790315314.6481147,22647406592,100,377000000,69000,17076113408
1790315315.6493518,22647406592,100,376883000,70000,17076113408
1790315316.650009,22647406592,100,395768000,71000,17076113408
1790315317.650594,22647406592,95,397847000,71000,17076113408
1790315318.6513608,22647406592,47,352712000,71000,17076113408
1790315319.6519098,22647406592,100,384971000,71000,17076113408
1790315320.6523652,22647406592,100,375941000,70000,17076113408
1790315321.6529925,22647406592,95,388843000,71000,17076113408
1790315322.653624,22647406592,100,395168000,71000,17076113408
1790315323.6542404,22647406592,100,396218000,71000,17076113408
1790315324.6549134,22647406592,100,390199000,70000,17076113408
1790315325.655439,22647406592,100,383010000,70000,17076113408
1790315326.656287,22647406592,100,382367000,70000,17076113408
1790315327.657356,22647406592,100,388376000,71000,17076113408
1790315328.6580133,22647406592,100,389100000,72000,17076113408
1790315329.6585557,22647406592,100,334328000,70000,17076113408
1790315330.6592546,22647406592,100,402085000,72000,17076113408
1790315331.659891,22647406592,32,337826000,72000,17076113408
1790315332.6603541,22647406592,100,386682000,70000,17076113408
1790315333.661026,22647406592,100,375640000,70000,17076113408
1790315334.6618683,22647406592,98,384318000,71000,17076113408
1790315335.662734,22647406592,100,386766000,70000,17076113408
1790315336.6635303,22647406592,100,388640000,72000,17076113408
1790315337.6646256,22647406592,100,403959000,71000,17076113408
1790315338.6652741,22647406592,100,401920000,71000,17076113408
1790315339.666781,22647406592,60,343954000,70000,17076113408
1790315340.6673646,22647406592,100,383188000,71000,17076113408
1790315341.6678948,22647406592,100,381930000,70000,17076113408
1790315342.6683583,22647406592,100,375611000,70000,17076113408
1790315343.6689594,22647406592,99,381425000,70000,17076113408
1790315344.6695774,22647406592,100,380998000,70000,17076113408
1790315345.6703806,22647406592,100,332856000,69000,17076113408
1790315346.6709337,22647406592,99,380000000,70000,17076113408
1790315347.671581,22647406592,100,388071000,71000,17076113408
1790315348.6727495,22647406592,95,391603000,72000,17109061632
1790315349.6735115,22647406592,31,326413000,71000,17076113408
1790315350.6741548,22647406592,26,278135000,67000,17076113408
1790315351.6748066,22647406592,94,352457000,65000,17076113408
1790315352.6760542,22647406592,100,342605000,71000,17076113408
1790315353.676678,22647406592,100,395055000,70000,17076113408
1790315354.6771865,22647406592,100,376967000,70000,17076113408
1790315355.6776676,22647406592,100,366106000,69000,17076113408
1790315356.678397,22647406592,100,327023000,69000,17076113408
1790315357.6791546,22647406592,100,366257000,71000,17076113408
1790315358.681081,22647406592,100,324279000,66000,17076113408
1790315359.6822746,22647406592,100,319771000,69000,17076113408
1790315360.6830242,22647406592,100,378326000,71000,17076113408
1790315361.6837664,22647406592,100,386231000,70000,17076113408
1790315362.6849134,22647406592,100,380904000,70000,17076113408
1790315363.6860838,22647406592,100,393635000,72000,17076113408
1790315364.6868815,22647406592,100,401144000,71000,17076113408
1790315365.6876805,22647406592,100,386580000,67000,17076113408
1790315366.688688,22647406592,100,386119000,70000,17076113408
1790315367.689688,22647406592,100,395551000,71000,17076113408
1790315368.6914518,22647406592,100,390778000,70000,17076113408
1790315369.6924357,22647406592,100,391483000,72000,17076113408
1790315370.6935136,22647406592,100,398738000,71000,17076113408
1790315371.6944928,22647406592,100,392630000,71000,17076113408
1790315372.6951947,22647406592,100,392859000,71000,17076113408
1790315373.6961255,22647406592,21,291757000,64000,17076113408
1790315374.6970415,22647406592,100,266829000,70000,17077272576
1790315375.6977072,22647406592,100,350566000,70000,17077272576
1790315376.6983938,22647406592,30,365862000,65000,17077272576
1790315377.699039,22647406592,85,323809000,71000,17077272576
1790315378.6997368,22647406592,100,386447000,70000,17077272576
1790315379.7004857,22647406592,100,380447000,70000,17119711232
1790315380.7012968,22647406592,100,380068000,70000,17077272576
1790315381.7017817,22647406592,100,374354000,69000,17077272576
1790315382.7027307,22647406592,100,379612000,71000,17077272576
1790315383.9671497,22647406592,0,215983000,60000,17077272576
1790315384.968056,22647406592,100,288753000,70000,17077272576
1790315385.969257,22647406592,100,381399000,65000,17077272576
1790315386.9704702,22647406592,89,327799000,71000,17077272576
1790315387.9713535,22647406592,32,340391000,69000,17077272576
1790315388.9721432,22647406592,100,385804000,70000,17077272576
1790315389.9730253,22647406592,100,385414000,70000,17077272576
1790315390.9743876,22647406592,100,371239000,66000,17077272576
1790315391.9752586,22647406592,100,313556000,64000,17077272576
1790315392.976245,22647406592,100,354736000,70000,17077272576
1790315393.9771955,22647406592,100,387015000,67000,17077272576
1790315394.977896,22647406592,100,374800000,69000,17077272576
1790315395.9786959,22647406592,100,338630000,64000,17077272576
1790315396.9797523,22647406592,100,349071000,69000,17077272576
1790315397.9805775,22647406592,100,375144000,69000,17077272576
1790315398.98124,22647406592,100,375846000,69000,17077272576
1790315399.9824228,22647406592,100,386291000,71000,17077272576
1790315400.9839196,22647406592,100,318938000,66000,17077272576
1790315401.984516,22647406592,100,361389000,70000,17077272576
1790315402.9864628,22647406592,27,254926000,68000,17077272576
1790315403.9870636,22647406592,62,336195000,70000,17077272576
1790315404.987628,22647406592,100,377435000,69000,17077272576
1790315405.989047,22647406592,100,371597000,70000,17077272576
1790315406.9901247,22647406592,35,232453000,63000,17077272576
1790315408.142811,22647406592,91,329217000,62000,17077272576
1790315409.3364348,22647406592,0,126978000,58000,17077313536
1790315410.4135327,22649503744,100,211341000,69000,17081921536
1790315411.4513707,22649503744,0,120572000,57000,17081921536
1790315412.4523706,22649503744,0,74327000,56000,17411866624
1790315413.4532108,23425449984,100,174878000,66000,17081925632
1790315414.4538453,23425449984,100,381155000,67000,17280192512
1790315415.4545648,23614193664,99,391596000,68000,17081937920
1790315416.4552963,23823908864,100,388744000,68000,17081958400
1790315417.4559014,23823908864,100,385502000,67000,17081958400
1790315418.4564614,23826006016,99,390448000,70000,17081958400
1790315419.4570506,23826006016,100,386508000,68000,17081958400
1790315420.457495,23826006016,100,390672000,68000,17081958400
1790315421.4580808,23828103168,100,392179000,68000,17082089472
1790315422.4585745,23828103168,100,391452000,69000,17082089472
1790315423.459128,23828103168,100,391499000,68000,17082400768
1790315424.4595861,23828103168,100,391682000,70000,17082400768
1790315425.459993,23828103168,100,391858000,68000,17082400768
1790315426.4605331,23828103168,100,392721000,70000,17082400768
1790315427.4609802,23828103168,100,393367000,68000,17082400768
1790315428.4615824,23828103168,100,391318000,71000,17082400768
1790315429.462148,23828103168,100,392197000,69000,17082400768
1790315430.4628615,23828103168,100,393008000,70000,17082540032
1790315431.4634907,23828103168,100,389108000,70000,17082540032
1790315432.4641235,23828103168,100,386834000,70000,17082540032
1790315433.4646447,23828103168,81,377349000,67000,17082540032
1790315434.465216,23828103168,99,384400000,69000,17082634240
1790315435.4659648,23828103168,100,382866000,70000,17082634240
1790315436.4670258,23828103168,99,390096000,70000,17082863616
1790315437.4675705,23828103168,100,382784000,69000,17082863616
1790315438.4685671,23828103168,100,380050000,71000,17082863616
1790315439.4692478,23828103168,99,390569000,71000,17082863616
1790315440.4745345,23828103168,100,381758000,71000,17082863616
1790315441.4749465,23828103168,99,391100000,72000,17082863616
1790315442.4756644,23828103168,100,382562000,71000,17083097088
1790315443.4763484,23828103168,99,389748000,71000,17083097088
1790315444.4769416,23828103168,100,383520000,70000,17083322368
1790315445.4775252,23828103168,99,389632000,72000,17083322368
1790315446.478189,23828103168,100,383763000,70000,17083322368
1790315447.4794786,23828103168,69,381400000,71000,17083322368
1790315448.4801106,23828103168,91,382923000,72000,17083424768
1790315449.4807768,23828103168,100,380458000,70000,17083424768
1790315450.481311,23828103168,99,391576000,71000,17083514880
1790315451.4819264,23828103168,100,383919000,70000,17083613184
1790315452.4824,23828103168,100,380499000,70000,17083613184
1790315453.483183,23828103168,99,394168000,70000,17083711488
1790315454.483692,23828103168,100,391069000,70000,17083711488
1790315455.484303,23830200320,100,392175000,70000,17083809792
1790315456.4847167,23830200320,100,392240000,72000,17083809792
1790315457.4851246,23830200320,100,393407000,70000,17083809792
1790315458.485683,23830200320,100,394119000,72000,17083809792
1790315459.4862566,23830200320,100,395842000,70000,17083965440
1790315460.4871964,23830200320,100,396329000,73000,17083965440
1790315461.487881,23830200320,100,395169000,70000,17083965440
1790315462.4883132,23830200320,100,398590000,73000,17083965440
1790315463.4888725,23830200320,100,399517000,70000,17083965440
1790315464.4895787,23830200320,100,401106000,70000,17083965440
1790315465.4904733,23830200320,100,399838000,71000,17083965440
1790315466.4913018,23830200320,100,399033000,70000,17083965440
1790315467.4919555,23830200320,100,394315000,71000,17083965440
1790315468.492705,23830200320,100,396043000,70000,17083965440
1790315469.4937766,23830200320,100,394389000,70000,17083965440
1790315470.4951143,23830200320,100,395330000,72000,17083965440
1790315471.4959877,23830200320,100,406333000,71000,17083965440
1790315472.4968002,23830200320,100,397304000,71000,17083965440
1790315473.4976027,23830200320,100,395362000,70000,17083969536
1790315474.4983416,23830200320,100,395946000,72000,17083965440
1790315475.4992216,23830200320,100,396087000,70000,17083965440
1790315476.4998686,23830200320,100,395120000,70000,17083965440
1790315477.5006237,23830200320,100,394355000,72000,17083965440
1790315478.501422,23830200320,100,395874000,74000,17083965440
1790315479.5022013,23830200320,100,395291000,72000,17083965440
1790315480.5029125,23830200320,100,394117000,72000,17083965440
1790315481.5035796,23830200320,100,393350000,72000,17083965440
1790315482.504269,23830200320,100,391790000,71000,17083965440
1790315483.5049615,23830200320,100,392530000,71000,17083965440
1790315484.505856,23830200320,100,393796000,71000,17083965440
1790315485.5069287,23830200320,100,394801000,70000,17083965440
1790315486.5079305,23830200320,100,396153000,72000,17083965440
1790315487.5087554,23830200320,100,391990000,70000,17083965440
1790315488.5100546,23830200320,100,394204000,73000,17083965440
1790315489.510994,23830200320,100,396376000,71000,17083965440
1790315490.5117323,23830200320,100,396736000,72000,17083965440
1790315491.512471,23830200320,100,398758000,71000,17083965440
1790315492.5130525,23830200320,100,396621000,73000,17083965440
1790315493.5137613,23830200320,100,394974000,73000,17083965440
1790315494.514586,23830200320,100,394256000,71000,17083965440
1790315495.5153582,23830200320,100,394853000,71000,17083965440
1790315496.5162723,23830200320,100,395348000,72000,17083965440
1790315497.5169485,23830200320,100,396751000,73000,17083965440
1790315498.5177703,23830200320,100,396250000,72000,17083965440
1790315499.5185614,20384579584,72,360751000,65000,17083965440
1790315500.5194142,20384579584,100,343215000,70000,17083965440
1790315501.5200799,20384579584,100,382315000,71000,17083965440
1790315502.5209196,20384579584,100,384778000,71000,17083965440
1790315503.5215714,20384579584,100,383771000,69000,17083965440
1790315504.5224195,20384579584,100,386350000,70000,17083965440
1790315505.523109,20386676736,100,393291000,72000,17083965440
1790315506.5240054,20386676736,100,398712000,72000,17083965440
1790315507.5248246,20386676736,100,395842000,72000,17083965440
1790315508.5259037,20386676736,100,394553000,72000,17145982976
1790315509.526581,20386676736,100,386062000,72000,17083965440
1790315510.5272694,20386676736,100,387762000,72000,17083965440
1790315511.5279093,20386676736,100,385438000,70000,17083965440
1790315512.5286355,20386676736,100,391814000,70000,17083965440
1790315513.529482,20386676736,100,388105000,73000,17083965440
1790315514.5301101,20386676736,100,393896000,73000,17083965440
1790315515.5308764,20386676736,98,399425000,71000,17083965440
1790315516.5316572,20386676736,100,399140000,71000,17083965440
1790315517.532471,20386676736,100,399293000,74000,17083965440
1790315518.5332708,20386676736,100,399230000,72000,17083965440
1790315519.5340395,20386676736,100,400097000,72000,17083965440
1790315520.535027,20386676736,100,399105000,71000,17083965440
1790315521.5357265,20386676736,100,399965000,73000,17083965440
1790315522.5366032,20386676736,100,399304000,73000,17083965440
1790315523.5373824,20386676736,100,399195000,72000,17083965440
1790315524.5382156,20994850816,100,399266000,72000,17083965440
1790315525.5390215,21204566016,100,399556000,73000,17083965440
1790315526.540171,21210857472,89,396483000,72000,17083965440
1790315527.5410755,21441544192,100,392110000,71000,17083965440
1790315528.5418603,21441544192,99,399976000,73000,17083965440
1790315529.5427268,21651259392,100,393362000,73000,17083965440
1790315530.5434825,21651259392,100,389605000,72000,17083965440
1790315531.5442142,21651259392,99,397343000,73000,17083965440
1790315532.545294,21651259392,100,383622000,71000,17083965440
1790315533.5461402,21651259392,100,390436000,72000,17083965440
1790315534.5468788,21653356544,99,391610000,72000,17083965440
1790315535.5475705,21653356544,100,395350000,72000,17083965440
1790315536.548258,21655453696,100,397044000,72000,17083965440
1790315537.5490696,21655453696,100,397771000,73000,17083965440
1790315538.5498474,21655453696,100,392879000,72000,17083965440
1790315539.550664,21655453696,100,401096000,72000,17083965440
1790315540.5514464,21655453696,100,401377000,71000,17083965440
1790315541.552516,21655453696,100,399713000,74000,17083965440
1790315542.5533931,21655453696,58,394659000,70000,17083965440
1790315543.554394,21655453696,100,385851000,72000,17083965440
1790315544.5553985,21655453696,100,399578000,70000,17083965440
1790315545.5561292,21655453696,100,398405000,71000,17083965440
1790315546.556813,21655453696,100,399412000,72000,17083965440
1790315547.5577157,22179741696,99,402419000,74000,17083965440
1790315548.558731,22179741696,100,387043000,73000,17083965440
1790315549.5592797,22179741696,100,396723000,73000,17083965440
1790315550.5598762,22179741696,100,394970000,73000,17083965440
1790315551.5604994,22179741696,100,395667000,73000,17083965440
1790315552.5613534,22179741696,100,395634000,73000,17083965440
1790315553.562141,22179741696,100,394332000,72000,17083965440
1790315554.5628376,22179741696,100,395234000,72000,17083965440
1790315555.5636165,22179741696,99,403383000,74000,17083965440
1790315556.5643394,22179741696,100,394992000,72000,17083965440
1790315557.5651507,22179741696,100,396182000,72000,17083965440
1790315558.565809,22179741696,99,402397000,73000,17083965440
1790315559.5671623,22179741696,100,396721000,72000,17083965440
1790315560.56789,22179741696,100,401365000,73000,17083965440
1790315561.5688019,22179741696,100,400451000,72000,17083965440
1790315562.5694923,22179741696,100,398699000,72000,17083965440
1790315563.57115,22179741696,100,404990000,72000,17083965440
1790315564.5718458,22179741696,99,396690000,72000,17083965440
1790315565.5731483,22179741696,100,398062000,72000,17083965440
1790315566.5738888,22179741696,100,398979000,72000,17083965440
1790315567.5746078,22179741696,100,398186000,72000,17083965440
1790315568.5754187,22179741696,99,397800000,74000,17083965440
1790315569.576188,22179741696,100,396013000,72000,17083965440
1790315570.5775447,22179741696,68,394315000,71000,17083965440
1790315571.5782363,22179741696,99,390658000,74000,17083965440
1790315572.5792556,22179741696,100,397106000,72000,17083965440
1790315573.57991,22179741696,100,392167000,72000,17083965440
1790315574.5804071,22179741696,100,401397000,73000,17083965440
1790315575.5811298,22179741696,100,404936000,72000,17083965440
1790315576.5821579,22179741696,100,408802000,73000,17083965440
1790315577.5844996,22179741696,0,367335000,63000,17083756544
1790315578.5852795,22179741696,40,181138000,70000,17083592704
1790315579.5865405,22221684736,100,376509000,71000,17083592704
1790315580.5876255,22242656256,85,330908000,72000,17083592704
1790315581.5881808,22242656256,100,400271000,72000,17083592704
1790315582.591456,22244753408,100,395764000,72000,17083592704
1790315583.5922055,22244753408,100,383909000,71000,17083592704
1790315584.593169,22244753408,100,390987000,72000,17083592704
1790315585.5940044,22244753408,100,398291000,71000,17083592704
1790315586.5949771,22244753408,100,388410000,72000,17083592704
1790315587.5959046,22244753408,100,385700000,71000,17083592704
1790315588.5970373,22244753408,100,399868000,70000,17083592704
1790315589.598126,22244753408,100,400863000,72000,17083592704
1790315590.6687713,22244753408,100,387518000,71000,17083592704
1790315591.6696978,22244753408,100,391062000,72000,17083592704
1790315592.6704633,22248947712,100,396401000,71000,17083592704
1790315593.671271,22248947712,100,386701000,72000,17083592704
1790315594.6728392,22248947712,100,387267000,72000,17083592704
1790315595.6735716,22248947712,100,407016000,72000,17083592704
1790315596.6743767,22269919232,96,404873000,73000,17083592704
1790315597.675399,22269919232,100,408228000,73000,17083592704
1790315598.6764297,22269919232,100,336970000,72000,17083592704
1790315599.6771593,22269919232,89,403683000,72000,17083592704
1790315600.6786602,22269919232,57,263025000,69000,17083592704
1790315601.6793427,22269919232,100,356994000,71000,17083592704
1790315602.680186,22269919232,100,406484000,73000,17083592704
1790315603.6808445,22269919232,100,399595000,71000,17083592704
1790315604.6814692,22269919232,100,379692000,72000,17083592704
1790315606.534512,22269919232,0,167526000,60000,17083592704
1790315607.5364122,22269919232,59,153860000,70000,17083592704
1790315608.537429,22269919232,100,388226000,70000,17083592704
1790315609.5383134,22269919232,100,327089000,71000,17083592704
1790315610.5395966,22269919232,100,397879000,71000,17083592704
1790315611.5404215,22269919232,100,362178000,70000,17083592704
1790315612.5418923,22290890752,100,364797000,71000,17083592704
1790315613.5426052,22290890752,100,394108000,70000,17083592704
1790315614.543319,22290890752,100,388799000,70000,17083592704
1790315615.5445206,22290890752,100,391671000,71000,17083596800
1790315616.5453937,22290890752,82,398782000,70000,17083596800
1790315617.5460415,22290890752,100,398583000,71000,17083596800
1790315618.5472372,22290890752,100,388163000,71000,17083596800
1790315619.5479589,22290890752,100,378774000,71000,17083596800
1790315620.5485997,22290890752,30,287817000,64000,17083596800
1790315621.5496173,22290890752,100,350046000,71000,17083596800
1790315622.5505538,22290890752,84,366813000,70000,17083596800
1790315623.55107,22290890752,100,387673000,70000,17083596800
1790315624.552202,22290890752,100,328442000,70000,17083596800
1790315625.5538027,22290890752,88,376342000,71000,17083596800
1790315626.5554569,22290890752,92,331769000,71000,17083596800
1790315627.5562427,22290890752,100,404334000,72000,17083596800
1790315628.5575695,22290890752,26,337946000,67000,17083596800
1790315629.5595262,22290890752,100,375986000,71000,17083596800
1790315630.5606177,22290890752,100,403818000,71000,17083596800
1790315631.5615766,22290890752,100,396088000,70000,17083596800
1790315632.5631127,22290890752,82,376286000,69000,17083596800
1790315633.5639749,22290890752,100,388644000,72000,17083596800
1790315634.5648427,22290890752,96,400112000,71000,17083596800
1790315635.5658035,22290890752,89,396818000,71000,17083596800
1790315636.5667439,22290890752,78,394053000,69000,17083596800
1790315637.5676064,22290890752,100,308194000,70000,17083596800
1790315638.5697882,22290890752,100,394538000,72000,17083596800
1790315639.5709221,22290890752,36,329433000,65000,17083596800
1790315640.572071,22290890752,92,346517000,70000,17083596800
1790315641.5727184,22290890752,100,324578000,70000,17083596800
1790315642.5735369,22290890752,100,375689000,69000,17083596800
1790315643.5741785,22290890752,100,394547000,71000,17083596800
1790315644.5748289,22290890752,100,402753000,71000,17083596800
1790315645.5755718,22290890752,100,401813000,72000,17083596800
1790315646.5763817,22290890752,100,393026000,70000,17083596800
1790315647.5775414,22290890752,100,387813000,71000,17083596800
1790315648.5783718,22290890752,100,378970000,71000,17083596800
1790315649.5791936,22290890752,100,386280000,70000,17083596800
1790315650.5801404,22290890752,89,320761000,69000,17083596800
1790315651.5807226,22290890752,100,385778000,71000,17083596800
1790315652.5818908,22290890752,100,382219000,69000,17083596800
1790315653.5831478,22290890752,100,271005000,69000,17083596800
1790315654.5840154,22290890752,100,377148000,69000,17083596800
1790315655.5854578,22290890752,100,391225000,70000,17083596800
1790315656.5867343,22290890752,98,392687000,71000,17083596800
1790315657.587714,22290890752,100,379974000,69000,17083596800
1790315658.5893207,22290890752,100,379187000,71000,17083596800
1790315659.5902119,22290890752,100,402174000,71000,17083596800
1790315660.590993,22290890752,100,321613000,70000,17083596800
1790315661.7571018,22290890752,0,252413000,60000,17083596800
1790315662.7616374,22290890752,18,196121000,62000,17083596800
1790315663.7624393,22290890752,100,272703000,68000,17083596800
1790315664.7632976,22290890752,100,378584000,69000,17083629568
1790315665.7643833,22290890752,100,312064000,67000,17084309504
1790315666.7653153,22290890752,34,343846000,64000,17084309504
1790315667.7661142,22290890752,100,352590000,69000,17084309504
1790315668.766682,22290890752,100,378536000,68000,17084309504
1790315669.7674062,22290890752,59,329851000,64000,17084309504
1790315670.7680328,22290890752,100,380297000,69000,17084309504
1790315671.7690294,22290890752,100,373364000,68000,17084309504
1790315672.7700431,22290890752,100,267671000,68000,17084309504
1790315673.7709653,22290890752,93,401873000,68000,17084309504
1790315674.7721157,22290890752,100,376215000,68000,17084309504
1790315675.7729747,22290890752,90,388277000,71000,17084309504
1790315676.773662,22290890752,100,389325000,69000,17084309504
1790315677.774621,22290890752,100,386253000,69000,17084309504
1790315678.7755327,22290890752,100,390064000,70000,17084309504
1790315679.7766607,22290890752,90,389999000,70000,17084309504
1790315680.7778063,22290890752,100,393202000,70000,17084309504
1790315681.7785165,22290890752,100,387229000,69000,17084309504
1790315682.7796094,22290890752,100,386500000,71000,17084309504
1790315683.7803185,22290890752,85,289332000,68000,17084309504
1790315684.7815259,22290890752,100,393668000,71000,17084309504
1790315685.7823336,22290890752,100,408249000,71000,17084309504
1790315686.7832496,22290890752,100,392798000,70000,17084309504
1790315687.7838044,22290890752,100,384592000,69000,17084309504
1790315688.784901,22290890752,100,318354000,70000,17084309504
1790315689.7864764,22290890752,40,367172000,65000,17084309504
1790315690.7872632,22290890752,100,368934000,71000,17084309504
1790315691.7881439,22290890752,100,387432000,69000,17084309504
1790315692.7888775,22290890752,100,380772000,69000,17084309504
1790315693.7896547,22290890752,100,388091000,69000,17084309504
1790315694.7907577,22290890752,100,383633000,70000,17084309504
1790315695.7916164,22290890752,34,374126000,67000,17084309504
1790315696.7929077,22290890752,100,340046000,70000,17084309504
1790315697.7938027,22290890752,100,357848000,70000,17084309504
1790315698.794655,22290890752,100,344409000,70000,17084309504
1790315699.7957108,22290890752,100,383221000,69000,17084309504
1790315700.7964625,22290890752,100,391796000,70000,17084309504
1790315701.7970655,22290890752,100,337521000,65000,17084309504
1790315702.7980611,22290890752,100,380342000,71000,17084309504
1790315703.7990649,22290890752,100,390218000,70000,17084309504
1790315704.799832,22290890752,100,385896000,71000,17084309504
1790315705.8006034,22290890752,97,394874000,71000,17084309504
1790315706.8013074,22290890752,100,382196000,69000,17084309504
1790315707.8024106,22290890752,88,395750000,71000,17084309504
1790315708.8033154,22290890752,100,394543000,69000,17084309504
1790315709.8039474,22290890752,100,367628000,69000,17084309504
1790315710.8048534,22290890752,100,367037000,70000,17084309504
1790315711.8056207,22290890752,100,386524000,69000,17084309504
1790315712.806363,22290890752,100,382639000,70000,17084309504
1790315713.807049,22290890752,21,326747000,71000,17084309504
1790315714.8084176,22290890752,100,405172000,72000,17084309504
1790315715.8098698,22290890752,100,394348000,69000,17084309504
1790315716.8106823,22290890752,100,381799000,70000,17084309504
1790315717.8115933,22290890752,99,397498000,71000,17084309504
1790315718.8127732,22290890752,88,400442000,71000,17084309504
1790315719.8136325,22290890752,78,386309000,70000,17084309504
1790315720.8143463,22290890752,100,390898000,70000,17084309504
1790315721.8154624,22290890752,100,394398000,71000,17084309504
1790315722.8161252,22290890752,100,393040000,71000,17084309504
1790315723.8170335,22290890752,96,405074000,72000,17084309504
1790315724.8183627,22290890752,21,260044000,70000,17084309504
1790315725.8192554,22290890752,40,333928000,69000,17084309504
1790315726.820685,22290890752,100,377672000,68000,17084309504
1790315727.8216588,22290890752,100,307474000,65000,17084309504
1790315728.8225222,22290890752,100,341478000,70000,17084309504
1790315730.7403452,22290890752,0,223235000,60000,17084309504
1790315731.7412028,22290890752,100,236333000,69000,17084309504
1790315732.7420325,22290890752,100,347053000,68000,17084309504
1790315733.742806,22290890752,99,393770000,70000,17084309504
1790315734.7443247,22290890752,85,383200000,69000,17084309504
1790315735.7457976,22290890752,100,393613000,71000,17084309504
1790315736.7467382,22290890752,100,402134000,70000,17084309504
1790315737.747441,22290890752,100,391906000,71000,17084309504
1790315738.747997,22290890752,100,397268000,70000,17084309504
1790315739.748833,22290890752,100,382355000,69000,17084309504
1790315740.7501104,22290890752,96,377027000,70000,17084309504
1790315741.7509077,22290890752,100,397334000,71000,17084309504
1790315742.7518477,22290890752,100,334135000,71000,17084309504
1790315743.7527528,22290890752,100,381267000,71000,17084309504
1790315744.753825,22290890752,100,380157000,71000,17084309504
1790315745.7545323,22290890752,98,337351000,71000,17084309504
1790315746.7555103,22290890752,100,383863000,69000,17084309504
1790315747.7567325,22290890752,100,386228000,70000,17084346368
1790315748.757858,22290890752,100,337356000,69000,17085046784
1790315749.7591994,22290890752,100,382055000,70000,17085046784
1790315750.7605174,22290890752,100,333172000,69000,17085046784
1790315751.7613418,22290890752,100,387248000,70000,17085046784
1790315752.7626035,22290890752,100,380842000,69000,17085046784
1790315753.763908,22290890752,100,395835000,71000,17085046784
1790315754.765131,22290890752,94,404560000,71000,17085046784
1790315755.7669473,22290890752,66,336660000,65000,17085046784
1790315756.7678099,22290890752,100,380795000,71000,17085046784
1790315757.7685223,22290890752,99,397142000,71000,17085046784
1790315758.7693143,22290890752,100,389585000,70000,17085046784
1790315759.7699976,22290890752,100,379384000,69000,17085046784
1790315760.7711535,22290890752,100,368546000,69000,17085046784
1790315761.7719247,22290890752,98,391460000,70000,17085046784
1790315762.7728019,22290890752,100,343005000,71000,17085046784
1790315763.7738616,22290890752,35,298712000,64000,17085046784
1790315764.774977,22290890752,100,344331000,69000,17085046784
1790315765.7756665,22290890752,90,389338000,69000,17085046784
1790315766.7764428,22290890752,100,389145000,69000,17085046784
1790315767.7771606,22290890752,100,381083000,71000,17085046784
1790315768.779018,22290890752,100,380060000,70000,17085046784
1790315769.7801456,22290890752,100,387722000,70000,17085046784
1790315770.7813394,22290890752,100,384420000,69000,17085046784
1790315771.7827497,22290890752,100,386692000,69000,17085046784
1790315772.7837143,22290890752,43,347343000,69000,17085046784
1790315773.7846413,22290890752,51,367456000,66000,17085046784
1790315774.7852707,22290890752,100,333973000,70000,17085046784
1790315775.7860608,22311862272,100,384770000,69000,17085046784
1790315776.786859,22311862272,97,384497000,71000,17085046784
1790315777.7876427,22311862272,100,396404000,69000,17085046784
1790315778.7890818,22311862272,100,388211000,70000,17085046784
1790315779.789939,22311862272,100,388475000,70000,17085853696
1790315780.7906656,22311862272,100,339285000,70000,17085816832
1790315781.7916665,22311862272,46,364642000,67000,17085816832
1790315782.792609,22311862272,30,210667000,64000,17085816832
1790315783.7932632,22311862272,100,355386000,70000,17085816832
1790315784.7940342,22311862272,100,382909000,70000,17085816832
1790315785.794915,22311862272,100,377158000,69000,17086464000
1790315786.7956433,22311862272,100,327879000,68000,17086464000
1790315787.7962747,22311862272,100,375205000,70000,17086464000
1790315788.797178,22311862272,100,394978000,71000,17086464000
1790315789.7986317,22311862272,100,379560000,71000,17086464000
1790315790.799695,22311862272,100,373415000,71000,17086464000
1790315791.8003733,22311862272,100,400370000,71000,17086464000
1790315792.8011947,22311862272,100,395545000,70000,17086464000
1790315793.8019385,22311862272,100,382875000,69000,17086464000
1790315794.80267,22311862272,100,381003000,71000,17086464000
1790315795.8035047,22311862272,100,394850000,70000,17086464000
1790315796.8044782,22311862272,100,390590000,70000,17086464000
1790315797.805449,22311862272,100,380832000,69000,17086464000
1790315799.6054816,22311862272,0,216219000,60000,17086464000
1790315800.6068172,22311862272,100,258432000,69000,17086464000
1790315801.6077368,22311862272,100,381958000,70000,17086464000
1790315802.6087842,22311862272,100,377447000,68000,17086464000
1790315803.6096606,22311862272,100,307905000,70000,17086464000
1790315804.6104348,22311862272,100,390658000,70000,17086464000
1790315805.6111505,22311862272,100,382270000,69000,17086464000
1790315806.611981,22311862272,98,387155000,71000,17086464000
1790315807.6127765,22311862272,87,399458000,71000,17086464000
1790315808.613645,22311862272,21,282107000,65000,17086464000
1790315809.6143043,22311862272,100,360856000,70000,17086464000
1790315810.6149814,22311862272,100,382178000,69000,17086464000
1790315811.61608,22311862272,100,383406000,69000,17086464000
1790315812.61698,22311862272,87,373636000,70000,17086464000
1790315813.6177964,22311862272,84,388351000,71000,17086464000
1790315814.619422,22311862272,100,400139000,70000,17086464000
1790315815.620413,22311862272,24,270027000,63000,17086464000
1790315816.6216052,22311862272,89,237228000,70000,17086464000
1790315817.6225052,22311862272,100,401881000,70000,17086464000
1790315818.6230469,22311862272,96,397541000,71000,17086464000
1790315819.62384,22311862272,35,372902000,65000,17086464000
1790315820.6245952,22311862272,100,348372000,70000,17086464000
1790315821.6255078,22311862272,100,383913000,70000,17086464000
1790315822.6265216,22311862272,100,377678000,70000,17086464000
1790315823.6272945,22311862272,100,381039000,70000,17086464000
1790315824.628004,22311862272,100,389227000,70000,17086464000
1790315825.6288261,22311862272,100,393996000,71000,17086464000
1790315826.6294274,22311862272,98,394876000,70000,17086464000
1790315827.630105,22311862272,100,394860000,70000,17086464000
1790315828.630861,22311862272,100,388961000,71000,17086464000
1790315829.6315317,22311862272,100,384315000,71000,17086464000
1790315830.6322572,22311862272,100,396554000,71000,17086464000
1790315831.6335747,22311862272,100,395198000,71000,17086464000
1790315832.6342936,22311862272,89,387920000,70000,17086464000
1790315833.635243,22311862272,100,396592000,71000,17086464000
1790315834.6360106,22311862272,96,398835000,72000,17086464000
1790315835.6373863,22311862272,34,356274000,66000,17086464000
1790315836.6382616,22311862272,100,356322000,70000,17086464000
1790315837.6390603,22311862272,100,389564000,70000,17086464000
1790315838.6400278,22311862272,100,383236000,70000,17086464000
1790315839.6411421,22311862272,100,386492000,71000,17086464000
1790315840.6431344,22311862272,100,392799000,70000,17086464000
1790315841.644081,22311862272,100,323151000,71000,17086464000
1790315842.6448653,22311862272,100,397526000,70000,17086464000
1790315843.6456635,22311862272,100,381562000,70000,17086464000
1790315844.6467535,22311862272,100,388698000,71000,17086464000
1790315845.6475432,22311862272,100,323468000,70000,17086464000
1790315846.6486912,22311862272,100,382051000,70000,17086464000
1790315847.6497252,22311862272,100,377674000,69000,17086464000
1790315848.6506772,22311862272,29,361361000,66000,17086623744
1790315849.6522443,22311862272,37,317537000,67000,17086464000
1790315850.6530006,22311862272,87,302567000,71000,17086468096
1790315851.653732,22311862272,100,379539000,70000,17086464000
1790315852.654678,22311862272,22,318957000,63000,17086464000
1790315853.655383,22311862272,100,269028000,70000,17086464000
1790315854.6560378,22311862272,100,402192000,71000,17086464000
1790315855.6568172,22311862272,100,405950000,71000,17086464000
1790315856.6575894,22311862272,21,337306000,63000,17086464000
1790315857.6588032,22311862272,93,306624000,70000,17086464000
1790315858.6598856,22311862272,100,368163000,71000,17086464000
1790315859.6611874,22311862272,35,309999000,64000,17086464000
1790315860.7899947,22311862272,0,268192000,61000,17086464000
1790315861.7908278,22311862272,100,255005000,69000,17086464000
1790315862.7920485,22311862272,100,380089000,69000,17086464000
1790315863.7928293,22311862272,94,328616000,70000,17086464000
1790315864.7936976,22311862272,88,321743000,67000,17128411136
1790315865.7945218,22311862272,100,385439000,69000,17086464000
1790315866.7952049,22311862272,100,276932000,69000,17086464000
1790315867.796176,22311862272,29,356782000,64000,17086464000
1790315868.797153,22311862272,72,298392000,65000,17086464000
1790315869.797855,22311862272,100,379263000,69000,17086464000
1790315870.7987614,22311862272,100,380414000,69000,17086464000
1790315871.7993314,22311862272,100,329752000,69000,17086464000
1790315872.8002841,22311862272,94,390233000,70000,17086468096
1790315873.801323,22311862272,3,234574000,59000,17086464000
1790315874.8021057,22311862272,100,281898000,68000,17086464000
1790315875.8028803,22311862272,99,385587000,70000,17086464000
1790315876.803654,22311862272,100,393581000,69000,17086464000
1790315877.8042321,22311862272,100,384092000,68000,17086464000
1790315878.8052716,22311862272,100,384152000,69000,17086464000
1790315879.8059971,22311862272,100,381621000,69000,17086464000
1790315880.8068612,22311862272,98,377797000,70000,17086464000
1790315881.8078477,22311862272,38,382076000,65000,17086464000
1790315882.8814707,22311862272,100,330137000,69000,17086464000
1790315883.8823233,22311862272,100,358948000,68000,17086464000
1790315884.8831437,22311862272,100,376542000,69000,17086464000
1790315885.8847146,22311862272,100,381738000,69000,17086464000
1790315886.8856351,22311862272,100,393645000,70000,17086464000
1790315887.8869548,22311862272,100,393645000,71000,17086464000
1790315888.8882906,22311862272,100,342649000,67000,17086464000
1790315889.8892112,22311862272,98,396495000,70000,17086464000
1790315890.8905125,22311862272,100,393260000,70000,17086464000
1790315891.89137,22311862272,100,319485000,69000,17086464000
1790315892.8921185,22311862272,100,382952000,69000,17086464000
1790315893.8927982,22311862272,99,377744000,70000,17086464000
1790315894.893786,22311862272,86,396780000,70000,17086464000
1790315895.8950038,22311862272,68,321003000,67000,17086464000
1790315896.8957515,22311862272,100,384297000,70000,17086464000
1790315897.8965867,22311862272,100,387394000,70000,17086464000
1790315898.8973992,22311862272,100,379061000,69000,17086464000
1790315899.8981864,22311862272,100,373270000,69000,17086464000
1790315900.8991559,22311862272,100,378025000,70000,17086464000
1790315901.9002957,22311862272,73,369518000,69000,17086464000
1790315902.9011583,22311862272,94,375628000,71000,17086464000
1790315903.9022403,22311862272,100,403057000,71000,17086464000
1790315904.9033477,22311862272,100,395623000,71000,17086464000
1790315905.9042597,22311862272,89,393851000,71000,17086464000
1790315906.9051156,22311862272,100,398283000,71000,17086464000
1790315907.9058406,22311862272,100,397262000,70000,17086464000
1790315908.9079823,22311862272,100,376595000,69000,17086464000
1790315909.9095442,22311862272,33,345085000,64000,17086464000
1790315910.9106326,22311862272,90,362043000,71000,17086464000
1790315911.912327,22311862272,90,397317000,72000,17086464000
1790315912.9131145,22311862272,100,346691000,69000,17086464000
1790315913.9139566,22311862272,97,380966000,71000,17086464000
1790315914.9156096,22311862272,100,397134000,71000,17086464000
1790315915.9164193,22311862272,100,335844000,70000,17086464000
1790315916.917071,22311862272,100,395126000,70000,17086464000
1790315917.9180584,22311862272,100,384189000,71000,17086464000
1790315918.918922,22311862272,100,400187000,70000,17086464000
1790315919.919819,22311862272,92,400288000,71000,17086464000
1790315920.920564,22311862272,100,400518000,72000,17086464000
1790315921.921213,22311862272,42,389755000,65000,17086464000
1790315923.369218,22311862272,100,291071000,60000,17086464000
1790315924.3703454,22311862272,36,234390000,70000,17086464000
1790315925.371316,22311862272,100,390621000,66000,17086464000
1790315926.3736825,22311862272,100,345755000,71000,17086464000
1790315927.374375,22311862272,100,379610000,69000,17086464000
1790315928.3750563,22311862272,100,378356000,70000,17086464000
1790315929.376964,22311862272,100,379986000,69000,17086464000
1790315930.378139,22311862272,100,329884000,64000,17086464000
1790315931.3792977,22311862272,98,257463000,65000,17086464000
1790315932.3808033,22311862272,32,276960000,70000,17086464000
1790315933.3815382,22311862272,100,391023000,70000,17086464000
1790315934.3821464,22311862272,100,392834000,69000,17086464000
1790315935.3828783,22311862272,100,394299000,69000,17086464000
1790315936.383625,22311862272,100,378702000,71000,17086464000
1790315937.3842494,22311862272,100,393667000,71000,17086464000
1790315938.3850744,22311862272,100,397426000,70000,17086464000
1790315939.3860037,22311862272,100,383188000,71000,17086464000
1790315940.386949,22311862272,78,380834000,71000,17086464000
1790315941.3876271,22311862272,100,402310000,71000,17086464000
1790315942.3886964,22311862272,100,391751000,69000,17086464000
1790315943.3897598,22311862272,85,390036000,70000,17086464000
1790315944.3906484,22311862272,100,387088000,70000,17086464000
1790315945.3921304,22311862272,100,382131000,69000,17086464000
1790315946.3941114,22311862272,100,386196000,69000,17086464000
1790315947.3950336,22311862272,100,381431000,70000,17086464000
1790315948.3957205,22311862272,100,382090000,69000,17086464000
1790315949.3964913,22311862272,100,376575000,69000,17086464000
1790315950.457516,22311862272,90,297333000,65000,17086464000
1790315951.4585283,22311862272,100,357826000,70000,17086464000
1790315952.4593296,22311862272,95,395815000,70000,17086464000
1790315953.4603665,22311862272,100,394817000,72000,17086464000
1790315954.461224,22311862272,100,403085000,71000,17086464000
1790315955.4621751,22311862272,100,400408000,71000,17086464000
1790315956.4631984,22311862272,100,396351000,71000,17086464000
1790315957.4637997,22311862272,30,277533000,70000,17086464000
1790315958.4657516,22311862272,100,350760000,65000,17086464000
1790315959.4664738,22311862272,98,365347000,70000,17086464000
1790315960.4671822,22311862272,100,397787000,70000,17086464000
1790315961.4678926,22311862272,100,391596000,70000,17086464000
1790315962.4688022,22311862272,100,385001000,70000,17086464000
1790315963.4694524,22311862272,100,384284000,70000,17086464000
1790315964.4707909,22311862272,100,385281000,70000,17086464000
1790315965.4714842,22311862272,77,384123000,69000,17086464000
1790315966.4726796,22311862272,48,238391000,70000,17086464000
1790315967.4732416,22311862272,100,370597000,70000,17086464000
1790315968.4741602,22311862272,96,382126000,70000,17086464000
1790315969.474738,22311862272,100,385130000,69000,17086464000
1790315970.4758947,22311862272,98,373748000,71000,17086464000
1790315971.4764144,22311862272,100,393826000,70000,17086464000
1790315972.4772518,22311862272,100,385305000,70000,17086464000
1790315973.4780219,22311862272,99,398633000,71000,17086464000
1790315974.4793966,22311862272,21,293194000,63000,17086464000
1790315975.4801517,22311862272,87,272798000,71000,17086464000
1790315976.4813814,22311862272,97,394576000,71000,17086464000
1790315977.4819603,22311862272,31,305067000,64000,17086464000
1790315978.4825006,22311862272,100,291566000,70000,17086464000
1790315979.483166,22311862272,100,398034000,71000,17086464000
1790315980.4837542,22311862272,100,391648000,69000,17086464000
1790315981.4849465,22311862272,27,350143000,65000,17086464000
1790315983.0506864,22311862272,0,133168000,59000,17086464000
1790315984.0517027,22311862272,97,316200000,64000,17086464000
1790315985.052385,22311862272,100,322131000,69000,17086464000
1790315986.053259,22311862272,100,381439000,69000,17086464000
1790315987.0537844,22311862272,100,380073000,70000,17086464000
1790315988.0552983,22311862272,100,400831000,69000,17086464000
1790315989.056186,22311862272,100,355196000,69000,17086464000
1790315990.0569537,22311862272,100,372600000,69000,17086464000
1790315991.05786,22311862272,100,382546000,69000,17086464000
1790315992.0585258,22311862272,100,379910000,69000,17086464000
1790315993.059485,22311862272,99,385596000,69000,17086464000
1790315994.061391,22311862272,100,385392000,69000,17086464000
1790315995.062541,22311862272,91,342814000,70000,17086464000
1790315996.0636299,22311862272,100,375271000,67000,17086464000
1790315997.0646849,22311862272,100,384767000,70000,17086464000
1790315998.0654886,22311862272,100,403401000,71000,17086464000
1790315999.0663216,22311862272,32,332274000,70000,17086464000
1790316000.067714,22311862272,100,382993000,70000,17086464000
1790316001.068461,22311862272,100,325521000,69000,17086464000
1790316002.0692322,22311862272,100,375519000,70000,17086464000
1790316003.070161,22311862272,100,338004000,71000,17086464000
1790316004.070764,22311862272,58,301076000,67000,17086464000
1790316005.0719063,22311862272,100,361414000,69000,17086464000
1790316006.0729914,22311862272,100,363786000,68000,17086464000
1790316007.0737927,22311862272,98,381035000,63000,17086464000
1790316008.074616,22311862272,51,268432000,69000,17086464000
1790316009.0752656,22311862272,100,382697000,69000,17086464000
1790316010.0761545,22311862272,99,390823000,69000,17086464000
1790316011.0771406,22311862272,95,393264000,70000,17086464000
1790316012.0779572,22311862272,100,385182000,70000,17086464000
1790316013.0792603,22311862272,100,380775000,69000,17086464000
1790316014.0802035,22311862272,100,383300000,70000,17086464000
1790316015.0810072,22311862272,99,375003000,71000,17086464000
1790316016.0818949,22311862272,100,386553000,69000,17086464000
1790316017.0827303,22311862272,100,325277000,68000,17132601344
1790316018.083458,22311862272,100,398197000,70000,17086464000
1790316019.084304,22311862272,100,373311000,69000,17086464000
1790316020.0852182,22311862272,100,369993000,69000,17086464000
1790316021.0866842,22311862272,100,368271000,69000,17086464000
1790316022.0883286,22311862272,92,341941000,70000,17086464000
1790316023.089623,22311862272,28,276888000,64000,17086464000
1790316024.091349,22311862272,27,306502000,70000,17086464000
1790316025.0922132,22311862272,90,377261000,69000,17086464000
1790316026.0927498,22311862272,100,375077000,69000,17086464000
1790316027.093874,22311862272,100,386523000,70000,17086464000
1790316028.0952973,22311862272,100,403637000,71000,17086464000
1790316029.0964036,22311862272,100,407431000,71000,17086464000
1790316030.0979812,22311862272,74,291327000,63000,17086464000
1790316031.0988045,22311862272,54,292680000,67000,17086464000
1790316032.0995114,22311862272,100,371007000,69000,17086464000
1790316033.1014497,22311862272,100,364967000,69000,17086464000
1790316034.1022103,22311862272,100,383356000,70000,17086464000
1790316035.1034667,22311862272,99,391816000,71000,17086464000
1790316036.1059413,22311862272,35,340282000,70000,17086464000
1790316037.1068509,22311862272,100,391911000,70000,17086464000
1790316038.107589,22311862272,75,311456000,65000,17086464000
1790316039.1087255,22311862272,100,359744000,70000,17086464000
1790316040.8860004,22311862272,0,254054000,60000,17086464000
1790316041.8870463,22311862272,56,208977000,65000,17086464000
1790316042.8876731,22311862272,91,377365000,70000,17086464000
1790316043.8883123,22311862272,90,321665000,69000,17086464000
1790316044.8892007,22311862272,93,395536000,69000,17086464000
1790316045.8899527,22311862272,27,294354000,62000,17086464000
1790316046.8905606,22311862272,100,351701000,70000,17086464000
1790316047.891415,22311862272,98,300853000,69000,17086464000
1790316048.8922038,22311862272,100,401742000,70000,17086464000
1790316049.8929577,22311862272,30,347100000,63000,17086464000
1790316050.8935952,22311862272,100,354419000,69000,17086464000
1790316051.8944304,22311862272,100,374590000,70000,17086464000
1790316052.8950057,22311862272,23,357067000,63000,17086464000
1790316053.8955505,22311862272,100,336283000,69000,17086464000
1790316054.896046,22311862272,100,384762000,69000,17086464000
1790316055.8966262,22311862272,100,379636000,68000,17086464000
1790316056.897413,22311862272,100,375026000,68000,17086464000
1790316057.8979745,22311862272,100,382471000,70000,17086464000
1790316058.8989487,22311862272,100,379877000,69000,17086464000
1790316059.899466,22311862272,100,380546000,69000,17086464000
1790316060.9002726,22311862272,99,375378000,69000,17086464000
1790316061.901204,22311862272,56,372772000,66000,17086464000
1790316062.9025958,22311862272,100,331931000,69000,17086464000
1790316063.9032016,22311862272,100,324109000,70000,17086464000
1790316064.9036756,22311862272,100,384656000,68000,17086464000
1790316065.904525,22311862272,86,375653000,69000,17086464000
1790316066.905111,22311862272,100,376192000,69000,17086464000
1790316067.9252682,22311862272,27,329585000,63000,17086476288
1790316068.9258165,22311862272,100,303863000,68000,17087205376
1790316069.9264445,22311862272,91,389574000,69000,17087205376
1790316070.9270337,22311862272,100,318262000,69000,17087205376
1790316071.927789,22311862272,100,380771000,69000,17087205376
1790316072.928824,22311862272,38,365478000,66000,17087205376
1790316073.930314,22311862272,100,347115000,71000,17087205376
1790316074.9309678,22311862272,100,396035000,70000,17087205376
1790316075.9315987,22311862272,100,377762000,69000,17087205376
1790316076.9323342,22311862272,93,379405000,70000,17087205376
1790316077.933383,22311862272,100,386839000,69000,17087205376
1790316078.9344275,22311862272,49,371523000,67000,17087205376
1790316079.9350219,22311862272,100,340778000,70000,17087205376
1790316080.9356291,22311862272,100,379353000,70000,17087205376
1790316081.9362085,22311862272,100,397959000,70000,17087205376
1790316082.937127,22311862272,64,365796000,68000,17087205376
1790316083.937762,22311862272,100,373588000,71000,17087205376
1790316084.9385567,22311862272,100,391381000,70000,17087205376
1790316085.9395463,22311862272,100,382333000,70000,17087205376
1790316086.9402673,22311862272,90,389217000,69000,17087205376
1790316087.94091,22311862272,100,391653000,72000,17087205376
1790316088.9417136,22311862272,100,396029000,70000,17087205376
1790316089.942746,22311862272,100,382364000,70000,17087205376
1790316090.9434195,22311862272,99,379898000,71000,17087205376
1790316091.9439976,22311862272,98,318711000,71000,17087242240
1790316092.9445705,22311862272,100,329689000,69000,17088020480
1790316093.9453473,22311862272,40,350059000,66000,17088020480
1790316094.9460332,22311862272,100,361066000,71000,17088020480
1790316095.9466314,22311862272,100,393803000,69000,17088020480
1790316096.947208,22311862272,100,383047000,70000,17088020480
1790316097.9478505,22311862272,100,393523000,71000,17088020480
1790316098.948787,22311862272,100,391544000,70000,17088020480
1790316099.949363,22311862272,100,381731000,70000,17088020480
1790316100.9499528,22311862272,100,380357000,70000,17088020480
1790316101.9505918,22311862272,99,376780000,70000,17088020480
1790316102.951266,22311862272,57,321670000,66000,17088020480
1790316103.9518049,22311862272,100,355679000,70000,17088020480
1790316104.9523408,22311862272,100,378714000,69000,17088020480
1790316105.9531229,22311862272,100,384619000,71000,17088020480
1790316106.9541135,22311862272,100,374125000,70000,17088020480
1790316107.9548974,22311862272,100,388193000,71000,17090420736
1790316108.9555323,22311862272,100,333680000,69000,17088020480
1790316110.8637967,22311862272,0,237080000,60000,17088020480
1790316111.8644412,22311862272,99,239839000,70000,17088020480
1790316112.8650692,22311862272,100,399451000,69000,17088020480
1790316113.865622,22311862272,100,378531000,69000,17088020480
1790316114.866402,22311862272,100,376466000,70000,17088020480
1790316115.8673942,22311862272,100,397628000,70000,17088020480
1790316116.8682704,22311862272,96,397958000,71000,17088020480
1790316117.8689425,22311862272,99,394851000,71000,17088020480
1790316118.8700154,22311862272,100,397530000,71000,17088020480
1790316119.8706794,22311862272,100,388495000,71000,17088020480
1790316120.8711975,22311862272,100,383037000,69000,17088020480
1790316121.8722298,22311862272,100,379599000,69000,17088020480
1790316122.8731055,22311862272,27,377389000,64000,17088020480
1790316123.873946,22311862272,59,302698000,68000,17088020480
1790316124.8749194,22311862272,100,309162000,71000,17088020480
1790316125.8756688,22311862272,100,396931000,71000,17088020480
1790316126.8764338,22311862272,31,334751000,68000,17088020480
1790316127.8771827,22311862272,100,375948000,70000,17088020480
1790316128.8777776,22311862272,100,384956000,69000,17088020480
1790316129.878282,22311862272,100,377461000,70000,17088020480
1790316130.8789024,22311862272,100,377721000,71000,17088020480
1790316131.8796272,22311862272,96,400503000,69000,17088020480
1790316132.880286,22311862272,100,399274000,70000,17088020480
1790316133.881042,22311862272,49,374367000,65000,17088020480
1790316134.8818521,22311862272,100,324937000,71000,17088020480
1790316135.882453,22311862272,100,374085000,71000,17088020480
1790316136.8834949,22311862272,100,376935000,69000,17088020480
1790316137.8842878,22311862272,30,275198000,63000,17088020480
1790316138.8849268,22311862272,97,348348000,71000,17088020480
1790316139.8854613,22311862272,100,394277000,70000,17088020480
1790316140.8858924,22311862272,100,379481000,70000,17088020480
1790316141.8866286,22311862272,86,383725000,71000,17088020480
1790316142.8875911,22311862272,100,390924000,71000,17088020480
1790316143.888178,22311862272,100,393884000,71000,17088020480
1790316144.8887224,22311862272,100,388344000,69000,17088020480
1790316145.8900664,22311862272,100,382002000,71000,17088020480
1790316146.8907528,22311862272,100,391313000,70000,17088020480
1790316147.891251,22311862272,100,386508000,70000,17088020480
1790316148.8918438,22311862272,100,381130000,70000,17088020480
1790316149.8923974,22311862272,100,385708000,71000,17088020480
1790316150.8935142,22311862272,100,397228000,71000,17088020480
1790316151.894205,22311862272,96,262511000,71000,17088020480
1790316152.8951273,22311862272,100,394210000,70000,17088020480
1790316153.895635,22311862272,100,375441000,69000,17088020480
1790316154.8967395,22311862272,29,306310000,64000,17088020480
1790316155.8976843,22311862272,64,309335000,68000,17088020480
1790316156.8983517,22311862272,100,362332000,71000,17088020480
1790316157.8988965,22311862272,100,382342000,69000,17088020480
1790316158.8995183,22311862272,100,385174000,71000,17088020480
1790316159.9012442,22311862272,100,393717000,70000,17088020480
1790316160.9019349,22311862272,100,330948000,70000,17088020480
1790316161.9024904,22311862272,100,383474000,70000,17088020480
1790316162.903227,22311862272,100,377889000,70000,17088020480
1790316163.9040647,22311862272,100,391141000,71000,17088020480
1790316164.9049034,22311862272,100,403159000,71000,17088020480
1790316165.905695,22311862272,100,391666000,71000,17088020480
1790316166.9067702,22311862272,100,385683000,70000,17088020480
1790316167.9076254,22311862272,93,317528000,71000,17088020480
1790316168.908182,22311862272,100,271764000,69000,17088020480
1790316169.9087014,22311862272,100,391465000,72000,17088020480
1790316170.909686,22311862272,99,400890000,72000,17088020480
1790316171.9101856,22311862272,100,328600000,70000,17088020480
1790316172.910642,22311862272,100,384497000,70000,17088020480
1790316174.4094079,22311862272,90,259634000,60000,17088020480
1790316175.4102082,22311862272,12,224990000,70000,17088020480
1790316176.4110143,22311862272,37,244298000,62000,17088020480
1790316177.411622,22311862272,91,318702000,69000,17088688128
1790316178.4123795,22311862272,100,324797000,69000,17088688128
1790316179.4130101,22311862272,99,386727000,69000,17089421312
1790316180.4140482,22311862272,100,341380000,68000,17089421312
1790316181.4150817,22311862272,89,287141000,63000,17089421312
1790316182.4156592,22311862272,100,342997000,70000,17089421312
1790316183.4163656,22311862272,100,388969000,69000,17089421312
1790316184.4169574,22311862272,100,381156000,69000,17089421312
1790316185.4175286,22311862272,100,376759000,67000,17089421312
1790316186.4180584,22311862272,100,378794000,69000,17089421312
1790316187.4190845,22311862272,100,376551000,70000,17089421312
1790316188.4199083,22311862272,98,378818000,70000,17089421312
1790316189.4205413,22311862272,100,377220000,69000,17089421312
1790316190.4555786,22311862272,95,390675000,71000,17089421312
1790316191.4562552,22311862272,96,365313000,63000,17089421312
1790316192.4569898,22311862272,95,249198000,69000,17089421312
1790316193.4578,22311862272,91,385175000,71000,17089421312
1790316194.4585447,22311862272,100,402160000,70000,17089421312
1790316195.4591737,22311862272,100,389301000,70000,17089421312
1790316196.4596267,22311862272,100,379637000,69000,17089421312
1790316197.4605074,22311862272,100,374603000,70000,17089421312
1790316198.4614704,22311862272,100,390779000,70000,17089421312
1790316199.462698,22311862272,93,395074000,71000,17089421312
1790316200.4633994,22311862272,89,359502000,67000,17089421312
1790316201.4639952,22311862272,100,369410000,64000,17089421312
1790316202.4646378,22311862272,100,269820000,63000,17089421312
1790316203.4652507,22311862272,91,317870000,64000,17089421312
1790316204.4658232,22311862272,100,338444000,69000,17089421312
1790316205.4668756,22311862272,100,380137000,69000,17089421312
1790316206.4677858,22311862272,74,341104000,69000,17089421312
1790316207.4686775,22311862272,35,344061000,70000,17089421312
1790316208.4696345,22311862272,100,393202000,70000,17089421312
1790316209.4703243,22311862272,100,325879000,70000,17089421312
1790316210.4711626,22311862272,100,395531000,71000,17089421312
1790316211.4717314,22311862272,100,393904000,69000,17089421312
1790316212.4722164,22311862272,100,383037000,70000,17089421312
1790316213.473253,22311862272,100,361697000,69000,17089421312
1790316214.4740798,22311862272,100,379410000,65000,17089421312
1790316215.4750674,22311862272,30,263853000,67000,17089421312
1790316216.475594,22311862272,100,297516000,64000,17089421312
1790316217.476768,22311862272,100,340624000,70000,17089421312
1790316218.4773884,22311862272,57,289863000,63000,17089421312
1790316219.478625,22311862272,100,338087000,68000,17089421312
1790316220.4797666,22311862272,100,387607000,70000,17089421312
1790316221.4810107,22311862272,100,383377000,71000,17089421312
1790316222.481736,22311862272,100,403477000,66000,17089421312
1790316223.4824667,22311862272,22,255369000,69000,17089421312
1790316224.4830027,22311862272,100,382787000,69000,17089421312
1790316225.484998,22311862272,100,379490000,71000,17089421312
1790316226.4857087,22311862272,87,384952000,70000,17089421312
1790316227.611775,22311862272,0,219141000,59000,17089421312
1790316228.6123602,22311862272,88,301730000,69000,17089421312
1790316229.6129904,22311862272,44,369368000,63000,17089421312
1790316230.613789,22311862272,29,299694000,63000,17089421312
1790316231.6147757,22311862272,99,347847000,71000,17089421312
1790316232.6153836,22311862272,100,397957000,69000,17089421312
1790316233.616276,22311862272,100,381475000,69000,17089421312
1790316234.6168222,22311862272,100,381970000,69000,17089421312
1790316235.617453,22311862272,100,329752000,69000,17089421312
1790316236.6179976,22311862272,100,388203000,70000,17089421312
1790316237.6187892,22311862272,100,385236000,70000,17089421312
1790316238.6196556,22311862272,94,324549000,69000,17089421312
1790316239.62059,22311862272,29,268933000,62000,17089421312
1790316240.6212585,22311862272,100,314186000,70000,17089421312
1790316241.6222265,22311862272,80,395368000,69000,17089421312
1790316242.622869,22311862272,100,335647000,69000,17090142208
1790316243.6236506,22311862272,99,382145000,71000,17090142208
1790316244.624365,22311862272,29,319322000,63000,17090142208
1790316245.6248925,22311862272,100,304841000,68000,17090142208
1790316246.6255293,22311862272,100,380910000,68000,17090142208
1790316247.6261618,22311862272,100,378005000,69000,17090142208
1790316248.626785,22311862272,100,380954000,68000,17090142208
1790316249.6281922,22311862272,100,323750000,69000,17090142208
1790316250.6287766,22311862272,99,382409000,69000,17090142208
1790316251.6292877,22311862272,100,375267000,69000,17090142208
1790316252.6298294,22311862272,100,368831000,69000,17090142208
1790316253.6304488,22311862272,100,383914000,70000,17090142208
1790316254.631606,22311862272,100,379347000,70000,17090142208
1790316255.6323128,22311862272,100,381501000,69000,17090142208
1790316256.6328192,22311862272,100,377216000,70000,17090142208
1790316257.6337898,22311862272,100,377689000,70000,17090142208
1790316258.6343226,22311862272,100,380945000,69000,17090142208
1790316259.6351547,22311862272,100,379044000,69000,17090142208
1790316260.6357028,22311862272,100,377999000,70000,17090142208
1790316261.6405625,22311862272,100,374228000,69000,17090142208
1790316262.641249,22311862272,98,383681000,71000,17090142208
1790316263.6418128,22311862272,100,400193000,71000,17090142208
1790316264.6423767,22311862272,100,397430000,70000,17090142208
1790316265.6435428,22311862272,88,399385000,72000,17090142208
1790316266.644277,22311862272,100,398699000,71000,17090142208
1790316267.6448827,22311862272,100,408117000,71000,17090142208
1790316268.645552,22311862272,100,396224000,72000,17090142208
1790316269.6462758,22311862272,100,404847000,72000,17090142208
1790316270.647523,22311862272,33,363187000,65000,17090142208
1790316271.6482008,22311862272,100,370822000,71000,17090142208
1790316272.6487422,22311862272,100,381952000,71000,17090142208
1790316273.6493587,22311862272,100,383700000,71000,17090142208
1790316274.6500275,22311862272,24,314429000,64000,17090142208
1790316275.650652,22311862272,100,363598000,69000,17090142208
1790316276.6511655,22311862272,100,361479000,69000,17090142208
1790316277.6518114,22311862272,100,390301000,71000,17090142208
1790316278.652444,22311862272,100,334041000,72000,17090142208
1790316279.6530066,22311862272,100,401498000,70000,17090142208
1790316280.6778002,22311862272,88,332476000,71000,17090142208
1790316281.6784992,22311862272,100,331792000,70000,17090142208
1790316282.6790195,22311862272,100,381675000,69000,17090142208
1790316283.6799805,22311862272,100,384804000,70000,17090142208
1790316284.6807692,22311862272,45,330749000,66000,17090142208
1790316285.6818972,22311862272,100,350510000,71000,17090142208
1790316286.6826596,22311862272,100,392586000,70000,17090142208
1790316287.683162,22311862272,100,381514000,70000,17090142208
1790316288.6839626,22311862272,29,346457000,64000,17090142208
1790316289.6847389,22311862272,80,341744000,71000,17090142208
1790316290.6867838,22311862272,100,329734000,72000,17090142208
1790316291.6874998,22311862272,100,404270000,71000,17090142208
1790316292.6883337,22311862272,76,361029000,67000,17090142208
1790316293.689134,22311862272,91,393566000,71000,17090142208
1790316294.6902573,22311862272,0,210371000,60000,17090142208
1790316295.6910648,22311862272,92,324651000,69000,17090142208
1790316296.691545,22311862272,100,383788000,69000,17090142208
1790316297.6923995,22311862272,26,258112000,62000,17090142208
1790316298.6933608,22311862272,87,370813000,70000,17090142208
1790316299.694164,22311862272,100,397152000,70000,17090142208
1790316300.6949954,22311862272,77,385713000,70000,17090142208
1790316301.7522779,22311862272,100,393011000,70000,17090142208
1790316302.7528133,22311862272,100,382390000,69000,17090142208
1790316303.753932,22311862272,85,380092000,68000,17090142208
1790316304.7547188,22311862272,91,392684000,71000,17090142208
1790316305.7558343,22311862272,100,343629000,71000,17090142208
1790316306.7564595,22311862272,100,402536000,71000,17090142208
1790316307.757372,22311862272,100,402459000,71000,17090142208
1790316308.7581286,22311862272,37,340793000,65000,17090142208
1790316309.759214,22311862272,100,371591000,70000,17090142208
1790316310.7599118,22311862272,100,322047000,70000,17090142208
1790316311.7606132,22311862272,100,315541000,69000,17090142208
1790316312.761215,22311862272,100,400130000,70000,17090142208
1790316313.7618642,22311862272,96,391025000,70000,17090142208
1790316314.762548,22311862272,100,385534000,70000,17090142208
1790316315.7632065,22311862272,100,380025000,70000,17090142208
1790316316.76379,22311862272,83,386530000,71000,17090142208
1790316317.764545,22311862272,100,392670000,71000,17090142208
1790316318.7651725,22311862272,100,385311000,70000,17090142208
1790316319.7660203,22311862272,32,268788000,64000,17090142208
1790316320.7667294,22311862272,100,366982000,71000,17090142208
1790316321.767492,22311862272,100,398102000,71000,17090142208
1790316322.7682166,22311862272,97,397892000,71000,17090142208
1790316323.7687793,22311862272,89,401533000,71000,17090142208
1790316324.7693708,22311862272,98,326378000,71000,17090142208
1790316325.7702034,22311862272,89,405003000,72000,17090142208
1790316326.7709353,22311862272,99,403791000,72000,17090142208
1790316327.7717173,22311862272,100,392095000,70000,17090142208
1790316328.7724419,22311862272,100,335321000,71000,17090142208
1790316329.7732182,22311862272,100,397240000,70000,17090932736
1790316330.7738638,22311862272,100,344316000,69000,17090895872
1790316331.7744765,22311862272,100,385683000,70000,17090895872
1790316332.775045,22311862272,100,389964000,70000,17090895872
1790316333.7760441,22311862272,100,385454000,70000,17090895872
1790316334.776732,22311862272,97,335760000,68000,17090895872
1790316335.7777443,22311862272,100,382433000,70000,17090895872
1790316336.7783427,22311862272,88,352354000,69000,17090895872
1790316337.779125,22311862272,100,404298000,72000,17090895872
1790316338.7797437,22311862272,21,347526000,62000,17092104192
1790316339.7804198,22311862272,100,364615000,70000,17092104192
1790316340.7811203,22311862272,98,389424000,71000,17092104192
1790316341.782528,22311862272,72,395993000,72000,17092104192
1790316342.783318,22311862272,95,330995000,71000,17092104192
1790316343.7839038,22311862272,24,277744000,64000,17092104192
1790316344.7844794,22311862272,100,345828000,69000,17092104192
1790316345.7850554,22311862272,100,379034000,70000,17092104192
1790316346.786052,22311862272,59,372763000,67000,17092104192
1790316347.7867746,22311862272,100,238116000,68000,17092104192
1790316348.7876186,22311862272,100,372492000,68000,17092104192
1790316349.788429,22311862272,100,360303000,69000,17092104192
1790316350.7890465,22311862272,100,320592000,69000,17092104192
1790316351.7899625,22311862272,25,319958000,63000,17092104192
1790316353.5438068,22311862272,0,213501000,59000,17092104192
1790316354.5443661,22311862272,100,326417000,69000,17092104192
1790316355.544973,22311862272,100,379914000,69000,17092104192
1790316356.5456944,22311862272,100,334233000,70000,17092104192
1790316357.5469136,22311862272,100,329639000,69000,17092104192
1790316358.54751,22311862272,100,389954000,69000,17092104192
1790316359.5488317,22311862272,57,360751000,66000,17092104192
1790316360.5494273,22311862272,100,292823000,69000,17092104192
1790316361.5505764,22311862272,93,393453000,70000,17092104192
1790316362.5514102,22311862272,100,397335000,70000,17092104192
1790316363.5520308,22311862272,100,330356000,69000,17092104192
1790316364.5528793,22311862272,100,388534000,70000,17092104192
1790316365.5540688,22311862272,89,389764000,70000,17092104192
1790316366.5546618,22311862272,100,334998000,70000,17092104192
1790316367.555469,22311862272,37,261093000,64000,17092104192
1790316368.5562356,22311862272,95,329095000,70000,17092104192
1790316369.5571122,22311862272,100,342226000,69000,17092104192
1790316370.5577774,22311862272,100,398989000,70000,17092104192
1790316371.5584137,22311862272,100,398323000,70000,17092104192
1790316372.5590477,22311862272,96,353200000,70000,17092104192
1790316373.5597916,22311862272,100,333664000,69000,17092104192
1790316374.5606253,22311862272,53,373341000,65000,17092104192
1790316375.5614967,22311862272,74,233626000,68000,17092108288
1790316376.5626554,22311862272,64,372999000,64000,17092104192
1790316377.563361,22311862272,100,320850000,68000,17092104192
1790316378.563951,22311862272,100,382605000,69000,17092104192
1790316379.5645237,22311862272,100,381738000,69000,17092104192
1790316380.565414,22311862272,100,382982000,71000,17092104192
1790316381.5663173,22311862272,32,360103000,64000,17092104192
1790316382.5679605,22311862272,69,299799000,68000,17092104192
1790316383.5685332,22311862272,100,383589000,69000,17092104192
1790316384.5693974,22311862272,100,386569000,71000,17092104192
1790316385.5705829,22311862272,100,405664000,70000,17092104192
1790316386.5716197,22311862272,100,392934000,70000,17092104192
1790316387.57243,22311862272,31,335854000,64000,17092104192
1790316388.5729597,22311862272,100,366032000,70000,17092104192
1790316389.5734894,22311862272,100,377208000,69000,17092104192
1790316390.574136,22311862272,100,383816000,70000,17092104192
1790316391.5746646,22311862272,100,385760000,71000,17092104192
1790316392.5753257,22311862272,89,365083000,69000,17092104192
1790316393.5760612,22311862272,100,382809000,69000,17092104192
1790316394.5772934,22311862272,100,393126000,70000,17092104192
1790316395.5780165,22311862272,86,287634000,70000,17092104192
1790316396.578805,22311862272,97,395623000,71000,17092104192
1790316397.5795124,22311862272,40,346097000,68000,17092104192
1790316398.5802433,22311862272,100,369097000,70000,17092104192
1790316399.580846,22311862272,100,387450000,71000,17092104192
1790316400.5814025,22311862272,100,393524000,70000,17092104192
1790316401.5822647,22311862272,100,379891000,70000,17092104192
1790316402.583015,22311862272,100,384156000,71000,17092104192
1790316403.583709,22311862272,100,396127000,71000,17092104192
1790316404.589828,22311862272,100,344420000,71000,17092104192
1790316405.5904598,22311862272,100,385702000,70000,17092104192
1790316406.5911317,22311862272,97,385040000,70000,17092104192
1790316407.9799602,22311862272,0,238851000,60000,17092104192
1790316408.9809134,22311862272,100,200321000,69000,17092104192
1790316409.9821327,22311862272,26,311571000,63000,17092104192
1790316410.9828923,22311862272,100,332606000,69000,17092104192
1790316411.9836605,22311862272,100,382114000,68000,17092104192
1790316412.9845202,22311862272,100,377431000,68000,17092104192
1790316413.9851203,22311862272,100,374203000,69000,17092104192
1790316414.9857087,22311862272,100,334760000,70000,17092104192
1790316415.9866765,22311862272,88,332157000,69000,17092104192
1790316416.987338,22311862272,100,390738000,69000,17092104192
1790316417.987842,22311862272,100,382721000,69000,17092104192
1790316418.9885042,22311862272,97,378217000,69000,17092104192
1790316419.989202,22311862272,97,399212000,71000,17092104192
1790316420.9899762,22311862272,88,395093000,71000,17092104192
1790316421.990794,22311862272,100,392457000,70000,17092104192
1790316422.9912999,22311862272,100,377057000,69000,17092104192
1790316423.9929047,22311862272,97,377204000,71000,17092104192
1790316424.9938128,22311862272,100,400626000,71000,17092104192
1790316425.9952593,22311862272,23,239376000,62000,17092104192
1790316426.9958892,22311862272,100,327366000,69000,17092104192
1790316427.9964714,22311862272,90,389609000,71000,17092104192
1790316428.99718,22311862272,29,184915000,62000,17092104192
1790316429.9977484,22311862272,100,369643000,70000,17092104192
1790316430.99853,22311862272,100,336959000,69000,17092104192
1790316431.9991884,22311862272,99,400473000,70000,17092104192
1790316432.9998286,22311862272,100,387876000,71000,17092104192
1790316434.0017033,22311862272,100,396124000,69000,17092104192
1790316435.0023842,22311862272,100,393467000,71000,17092104192
1790316436.0032225,22311862272,29,357481000,64000,17092104192
1790316437.0040402,22311862272,100,361394000,70000,17092104192
1790316438.0050566,22311862272,100,401449000,71000,17092104192
1790316439.0058012,22311862272,100,388578000,69000,17092104192
1790316440.0068412,22311862272,100,391599000,71000,17092104192
1790316441.0080621,22311862272,100,391249000,70000,17092104192
1790316442.0087833,22311862272,100,395715000,71000,17092104192
1790316443.0096345,22311862272,100,335195000,70000,17092104192
1790316444.0102253,22311862272,100,381236000,69000,17092104192
1790316445.0119228,22311862272,54,375517000,71000,17092104192
1790316446.0136073,22311862272,92,325590000,71000,17092104192
1790316447.0143168,22311862272,100,405126000,71000,17092104192
1790316448.0150173,22311862272,100,390952000,69000,17092104192
1790316449.0167067,22311862272,28,344899000,64000,17092104192
1790316450.0179152,22311862272,100,355892000,71000,17092104192
1790316451.0187182,22311862272,100,402001000,72000,17092104192
1790316452.0196273,22311862272,100,408577000,72000,17092104192
1790316453.0206416,22311862272,100,391544000,69000,17092104192
1790316454.0214002,22311862272,100,380883000,70000,17092104192
1790316455.0223444,22311862272,98,386393000,72000,17092104192
1790316456.0236013,22311862272,78,332831000,65000,17092104192
1790316457.0245774,22311862272,100,390378000,71000,17092104192
1790316458.0255563,22311862272,75,303445000,65000,17092104192
1790316459.0265617,22311862272,97,395394000,71000,17092108288
1790316460.0279381,22311862272,100,395101000,70000,17092104192
1790316461.655107,22311862272,0,206115000,60000,17092104192
1790316462.6559918,22311862272,100,320244000,69000,17092104192
1790316463.65722,22311862272,100,320636000,69000,17092104192
1790316464.6580725,22311862272,100,385406000,70000,17092104192
1790316465.6589262,22311862272,96,398675000,71000,17092104192
1790316466.6596043,22311862272,90,387709000,70000,17092104192
1790316467.660746,22311862272,100,398675000,70000,17092104192
1790316468.6615636,22311862272,100,395861000,69000,17092104192
1790316469.662476,22311862272,100,348014000,69000,17093107712
1790316470.6632195,22311862272,100,376187000,70000,17093107712
1790316471.6639214,22311862272,100,309077000,70000,17093111808
1790316472.6647658,22311862272,100,369198000,69000,17093111808
1790316473.6658096,22311862272,34,325228000,65000,17093111808
1790316474.6667867,22311862272,100,321422000,70000,17093111808
1790316475.6677358,22311862272,100,392815000,70000,17093111808
1790316476.6685948,22311862272,100,388972000,70000,17093111808
1790316477.669606,22311862272,100,390455000,71000,17093111808
1790316478.670784,22311862272,100,389335000,70000,17093111808
1790316479.6714997,22311862272,100,386815000,71000,17093111808
1790316480.672169,22311862272,100,377230000,70000,17093111808
1790316481.6731825,22311862272,100,378689000,70000,17093111808
1790316482.674291,22311862272,99,386128000,71000,17093111808
1790316483.6752205,22311862272,98,398089000,71000,17093111808
1790316484.6769907,22311862272,99,401382000,71000,17093111808
1790316485.6777205,22311862272,100,396347000,71000,17093111808
1790316486.678945,22311862272,100,399184000,71000,17093111808
1790316487.6801982,22311862272,100,336847000,71000,17093111808
1790316488.6811535,22311862272,100,334585000,70000,17093111808
1790316489.6825926,22311862272,100,397929000,71000,17093111808
1790316490.6835024,22311862272,100,328051000,70000,17093111808
1790316491.6842852,22311862272,100,329201000,70000,17093111808
1790316492.684965,22311862272,100,381469000,70000,17093111808
1790316493.6859531,22311862272,91,375084000,70000,17093111808
1790316494.6867702,22311862272,100,403310000,72000,17093111808
1790316495.6881604,22311862272,100,397080000,70000,17093111808
1790316496.6892745,22311862272,25,330099000,64000,17093111808
1790316497.6902704,22311862272,100,371076000,72000,17093111808
1790316498.6910598,22311862272,99,401066000,71000,17093111808
1790316499.6926491,22311862272,27,326824000,64000,17093111808
1790316500.6937523,22311862272,100,300568000,71000,17093111808
1790316501.6945379,22311862272,100,394878000,69000,17093111808
1790316502.6953537,22311862272,100,378816000,70000,17093111808
1790316503.6959445,22311862272,100,383521000,70000,17093111808
1790316504.6965961,22311862272,98,380968000,70000,17093111808
1790316505.697354,22311862272,100,392448000,71000,17093111808
1790316506.698791,22311862272,87,399771000,72000,17093111808
1790316507.6994622,22311862272,99,388452000,72000,17093111808
1790316508.7001128,22311862272,100,386872000,70000,17093111808
1790316509.7015176,22311862272,100,352743000,72000,17093111808
1790316510.702462,22311862272,100,405772000,72000,17093111808
1790316511.7034364,22311862272,94,320763000,72000,17093111808
1790316512.704213,22311862272,34,347084000,66000,17093115904
1790316513.7053711,22311862272,100,373027000,70000,17093111808
1790316514.7059956,22311862272,100,388240000,72000,17093111808
1790316515.7067714,22311862272,88,398056000,71000,17093111808
1790316516.7077012,22311862272,87,397789000,70000,17093111808
1790316517.7085788,22311862272,100,341057000,69000,17094316032
1790316518.709401,22311862272,100,383126000,70000,17094316032
1790316519.71035,22311862272,100,274255000,71000,17094316032
1790316520.7109418,22311862272,81,399038000,69000,17094316032
1790316521.7123106,22311862272,100,325345000,69000,17094316032
1790316523.3502765,22311862272,0,216345000,60000,17094316032
1790316524.3509977,22311862272,100,267994000,70000,17094316032
1790316525.3516123,22311862272,46,346798000,69000,17094316032
1790316526.3521583,22311862272,100,381713000,69000,17094316032
1790316527.3528867,22311862272,100,378744000,67000,17094316032
1790316528.3538795,22311862272,88,337344000,64000,17094316032
1790316529.3548872,22311862272,51,280332000,70000,17094316032
1790316530.355561,22311862272,86,381758000,70000,17094316032
1790316531.3564582,22311862272,78,330472000,69000,17094316032
1790316532.35718,22311862272,100,343597000,67000,17095446528
1790316533.357926,22311862272,100,359966000,69000,17095446528
1790316534.3587534,22311862272,84,382044000,70000,17095446528
1790316535.3593915,22311862272,100,328091000,64000,17095446528
1790316536.3605373,22311862272,92,318875000,69000,17095446528
1790316537.3615453,22311862272,99,389089000,70000,17095446528
1790316538.3622189,22311862272,99,391147000,70000,17095446528
1790316539.3630514,22311862272,99,392847000,70000,17095446528
1790316540.3636892,22311862272,100,383327000,69000,17095446528
1790316541.364323,22311862272,100,383585000,70000,17095446528
1790316542.365241,22311862272,100,374937000,69000,17095446528
1790316543.3660066,22311862272,100,378496000,70000,17095446528
1790316544.3672676,22311862272,100,378940000,69000,17095446528
1790316545.3680427,22311862272,100,397745000,71000,17095446528
1790316546.3689182,22311862272,29,339404000,71000,17095446528
1790316547.3700993,22311862272,100,406908000,70000,17095446528
1790316548.37132,22311862272,100,401467000,70000,17095446528
1790316549.3722394,22311862272,100,391695000,72000,17095446528
1790316550.4156976,22311862272,100,411499000,71000,17095446528
1790316551.4719212,22311862272,24,270329000,70000,17095446528
1790316552.4738941,22311862272,34,286016000,69000,17095446528
1790316553.4749746,22311862272,91,381997000,71000,17095446528
1790316554.4760184,22311862272,100,393682000,71000,17095446528
1790316555.4770381,22311862272,46,337792000,71000,17095446528
1790316556.4782422,22311862272,67,331680000,67000,17095446528
1790316557.479788,22311862272,100,314165000,70000,17095446528
1790316558.4805408,22311862272,41,342668000,71000,17095446528
1790316559.4812891,22311862272,100,404696000,70000,17095446528
1790316560.482046,22311862272,100,389775000,71000,17095446528
1790316561.482816,22311862272,100,393917000,70000,17095446528
1790316562.4839554,22311862272,100,385922000,71000,17095446528
1790316563.4847796,22311862272,96,395687000,69000,17095446528
1790316564.485405,22311862272,100,377345000,71000,17095446528
1790316565.4867954,22311862272,100,390853000,70000,17095446528
1790316566.4881766,22311862272,99,385415000,70000,17095446528
1790316567.489287,22311862272,100,382395000,72000,17095446528
1790316568.4902115,22311862272,95,401668000,71000,17095446528
1790316569.4914846,22311862272,31,247042000,65000,17095446528
1790316570.492473,22311862272,100,347535000,70000,17095446528
1790316571.4996583,22311862272,46,279093000,64000,17095446528
1790316572.5006144,22311862272,96,364662000,70000,17095446528
1790316573.5013585,22311862272,100,389361000,69000,17095446528
1790316574.5021849,22311862272,100,389637000,71000,17095446528
1790316575.7616463,22311862272,0,184482000,59000,17095446528
1790316576.762536,22311862272,75,153935000,67000,17095446528
1790316577.7636693,22311862272,100,376190000,68000,17095446528
1790316578.7644465,22311862272,100,377051000,69000,17095446528
1790316579.7656908,22311862272,100,389780000,70000,17095446528
1790316580.766534,22311862272,100,390950000,69000,17095446528
1790316581.7676528,22311862272,82,324102000,69000,17095446528
1790316582.7687209,22311862272,100,315890000,68000,17095446528
1790316583.7695453,22311862272,100,371600000,68000,17095446528
1790316584.770938,22311862272,44,347759000,65000,17095446528
1790316585.7719986,22311862272,74,332705000,66000,17095446528
1790316586.7727892,22311862272,100,381464000,69000,17095446528
1790316587.773929,22311862272,94,386504000,69000,17095446528
1790316588.7747548,22311862272,93,378161000,71000,17095446528
1790316589.7754996,22311862272,100,331578000,69000,17095446528
1790316590.7762725,22311862272,100,375692000,68000,17095446528
1790316591.7771738,22311862272,100,395412000,69000,17095446528
1790316592.7777529,22311862272,100,398965000,71000,17095446528
1790316593.778433,22311862272,26,323707000,68000,17095446528
1790316594.7795799,22311862272,29,307812000,67000,17095446528
1790316595.7810338,22311862272,100,367819000,69000,17095446528
1790316596.7823374,22311862272,97,366263000,71000,17095446528
1790316597.7833958,22311862272,100,404530000,70000,17095446528
1790316598.7841077,22311862272,100,397210000,71000,17095446528
1790316599.7846892,22311862272,100,394543000,70000,17095446528
1790316600.7875316,22311862272,100,391442000,71000,17095446528
1790316601.7883825,22311862272,100,397773000,71000,17095446528
1790316602.7894971,22311862272,44,333305000,69000,17095446528
1790316603.7907338,22311862272,100,371147000,70000,17095446528
1790316604.7915668,22311862272,100,383171000,70000,17095446528
1790316605.7927568,22311862272,100,372045000,69000,17095446528
1790316606.7935288,22311862272,100,380704000,70000,17095446528
1790316607.7942362,22311862272,100,375664000,70000,17095446528
1790316608.79506,22311862272,100,378557000,71000,17095446528
1790316609.795941,22311862272,100,397152000,70000,17095479296
1790316610.7968235,22311862272,100,329143000,69000,17096654848
1790316611.7978196,22311862272,100,369878000,70000,17096654848
1790316612.7990303,22311862272,97,388547000,71000,17096654848
1790316613.800679,22311862272,91,252656000,70000,17096654848
1790316614.8018763,22311862272,100,393602000,70000,17096654848
1790316615.8027174,22311862272,100,379600000,68000,17096654848
1790316616.8036132,22311862272,100,380766000,71000,17096654848
1790316617.8044426,22311862272,100,402736000,71000,17096654848
1790316618.8055813,22311862272,30,284970000,63000,17096654848
1790316619.8069012,22311862272,100,358988000,71000,17096654848
1790316620.8078449,22311862272,36,355925000,65000,17096654848
1790316621.8089273,22311862272,89,345260000,70000,17096654848
1790316622.8100471,22311862272,80,379220000,69000,17096654848
1790316623.810976,22311862272,100,384502000,69000,17096654848
1790316624.8118787,22311862272,100,381330000,69000,17096654848
1790316625.812809,22311862272,100,379878000,70000,17096654848
1790316626.8133624,22311862272,100,379305000,69000,17096654848
1790316627.814515,22311862272,95,368878000,71000,17096654848
1790316628.8167124,22311862272,100,397573000,70000,17096654848
1790316629.8177257,22311862272,100,379981000,69000,17096654848
1790316630.8189936,22311862272,100,391189000,70000,17096654848
1790316631.820371,22311862272,100,402066000,71000,17096654848
1790316632.8210268,22311862272,100,389222000,70000,17096654848
1790316633.8218384,22311862272,100,382941000,70000,17096654848
1790316634.8228204,22311862272,100,386879000,71000,17096654848
1790316635.8236923,22311862272,100,322221000,70000,17096654848
1790316636.8242922,22311862272,100,384325000,71000,17096654848
1790316638.2936027,22311862272,0,233104000,60000,17096654848
1790316639.2944665,22311862272,100,275713000,71000,17096654848
1790316640.295309,22311862272,100,382440000,68000,17096654848
1790316641.2958858,22311862272,100,362231000,68000,17096654848
1790316642.2967937,22311862272,27,262746000,63000,17096654848
1790316643.2977755,22311862272,100,302674000,70000,17096654848
1790316644.2990477,22311862272,100,381449000,70000,17096654848
1790316645.2995317,22311862272,100,384597000,70000,17096654848
1790316646.3001378,22311862272,100,395862000,69000,17096654848
1790316647.3009837,22311862272,100,388233000,71000,17096654848
1790316648.30207,22311862272,100,394517000,70000,17096654848
1790316649.3031213,22311862272,100,392429000,71000,17096658944
1790316650.304067,22311862272,100,383078000,68000,17096658944
1790316651.3049338,22311862272,100,361423000,69000,17096658944
1790316652.3061945,22311862272,85,375051000,71000,17096658944
1790316653.3069334,22311862272,100,401296000,71000,17096658944
1790316654.3076897,22311862272,100,396803000,72000,17096658944
1790316655.308365,22311862272,100,390590000,70000,17096658944
1790316656.3091102,22311862272,100,367654000,70000,17096658944
1790316657.3097885,22311862272,100,332650000,70000,17096658944
1790316658.3105395,22311862272,100,381427000,70000,17096658944
1790316659.3112516,22311862272,100,386703000,71000,17096658944
1790316660.3123972,22311862272,100,400054000,71000,17096658944
1790316661.3130615,22311862272,100,385660000,70000,17096658944
1790316662.313762,22311862272,100,384997000,70000,17096658944
1790316663.3149168,22311862272,100,382942000,71000,17096658944
1790316664.3159788,22311862272,100,344970000,64000,17096658944
1790316665.316707,22311862272,25,217942000,70000,17096658944
1790316666.317532,22311862272,100,390568000,69000,17096658944
1790316667.318336,22311862272,100,377750000,69000,17096658944
1790316668.319017,22311862272,100,380035000,70000,17096658944
1790316669.3200262,22311862272,67,336004000,70000,17096658944
1790316670.3205588,22311862272,100,383043000,70000,17096658944
1790316671.321229,22311862272,100,391027000,70000,17096658944
1790316672.3221178,22311862272,87,398907000,71000,17096658944
1790316673.3229194,22311862272,87,393085000,71000,17096658944
1790316674.3242924,22311862272,100,378008000,70000,17096658944
1790316675.3255682,22311862272,100,376222000,71000,17096658944
1790316676.326335,22311862272,100,399414000,70000,17096658944
1790316677.327156,22311862272,100,385357000,70000,17096658944
1790316678.327943,22311862272,100,330712000,69000,17096658944
1790316679.329149,22311862272,100,402736000,71000,17096658944
1790316680.3300436,22311862272,100,392305000,71000,17096658944
1790316681.3308926,22311862272,100,400782000,72000,17096658944
1790316682.3315275,22311862272,81,338994000,72000,17096658944
1790316683.332187,22311862272,44,361993000,72000,17096658944
1790316684.3329191,22311862272,100,389222000,70000,17096658944
1790316685.3336992,22311862272,100,381489000,70000,17096658944
1790316686.3345752,22311862272,100,320803000,70000,17096658944
1790316687.335343,22311862272,100,395645000,70000,17096658944
1790316688.3361452,22311862272,100,386789000,71000,17096658944
1790316689.3371396,22311862272,100,381335000,67000,17096658944
1790316690.338474,22311862272,31,260388000,63000,17096658944
1790316691.3396327,22311862272,44,265116000,70000,17096658944
1790316692.3406746,22311862272,100,373797000,70000,17096658944
1790316693.3412056,22311862272,100,382963000,69000,17096658944
1790316694.3419118,22311862272,86,383670000,70000,17096658944
1790316695.342783,22311862272,100,392215000,71000,17096658944
1790316696.3436437,22311862272,100,383885000,70000,17096658944
1790316697.3447585,22311862272,100,387237000,71000,17096658944
1790316698.3462846,22311862272,100,387160000,71000,17096658944
1790316699.3478832,22311862272,100,383164000,70000,17096658944
1790316700.4664605,22311862272,26,256534000,69000,17096658944
1790316701.4673345,22311862272,100,387734000,70000,17096658944
1790316702.4682443,22311862272,100,392576000,71000,17096658944
1790316703.4694932,22311862272,100,394453000,71000,17096658944
1790316704.4705472,22311862272,100,372873000,68000,17096658944
1790316705.4718423,22311862272,29,275052000,71000,17096658944
1790316706.4726393,22311862272,100,382520000,69000,17096658944
1790316707.4735265,22311862272,100,378963000,69000,17096658944
1790316708.4746761,22311862272,98,390539000,71000,17096658944
1790316709.4762583,22311862272,100,403156000,72000,17096658944
1790316710.4770184,22311862272,100,400618000,70000,17096658944
1790316711.477976,22311862272,100,394280000,71000,17096658944
1790316712.4788795,22311862272,100,388033000,70000,17096658944
1790316713.705038,22311862272,0,169270000,60000,17096658944
1790316714.7057865,22311862272,98,318501000,69000,17096658944
1790316715.7065423,22311862272,100,381350000,69000,17096658944
1790316716.7073665,22311862272,100,391127000,71000,17096658944
1790316717.7081623,22311862272,91,266739000,69000,17096658944
1790316718.708825,22311862272,100,383840000,69000,17096658944
1790316719.7095141,22311862272,100,379072000,70000,17096658944
1790316720.7106473,22311862272,36,352080000,65000,17096658944
1790316721.711604,22311862272,100,346985000,69000,17096658944
1790316722.712238,22311862272,100,381933000,70000,17096658944
1790316723.7131221,22311862272,100,387615000,70000,17096658944
1790316724.713834,22311862272,100,381650000,70000,17096658944
1790316725.714664,22311862272,100,386685000,70000,17096658944
1790316726.715383,22311862272,100,382029000,69000,17096658944
1790316727.7165842,22311862272,100,369677000,69000,17096658944
1790316728.7175326,22311862272,90,392185000,71000,17096658944
1790316729.71831,22311862272,100,386591000,70000,17096658944
1790316730.7192457,22311862272,100,383616000,70000,17096658944
1790316731.7199202,22311862272,100,386115000,70000,17096658944
1790316732.7212107,22311862272,100,387825000,70000,17096658944
1790316733.722015,22311862272,100,348493000,70000,17096658944
1790316734.7229593,22311862272,100,385875000,71000,17096658944
1790316735.7238553,22311862272,100,399143000,70000,17096658944
1790316736.725392,22311862272,78,389606000,72000,17096658944
1790316737.7267554,22311862272,100,335427000,70000,17096658944
1790316738.7274847,22311862272,100,384946000,70000,17096658944
1790316739.7283497,22311862272,100,379392000,70000,17096658944
1790316740.729782,22311862272,100,393902000,71000,17096658944
1790316741.73053,22311862272,91,336058000,68000,17096658944
1790316742.731231,22311862272,0,369515000,64000,17096667136
1790316743.991654,22311862272,0,126456000,60000,17096392704
1790316744.9974036,22313959424,0,102589000,59000,17096765440
1790316745.9991195,22313959424,98,180065000,69000,17096765440
1790316747.0019054,22901161984,0,181297000,58000,17314889728
1790316748.0027328,22901161984,100,258296000,67000,17360953344
1790316749.003467,23089905664,99,316938000,68000,17096769536
1790316750.0043364,23278649344,100,387649000,68000,17096765440
1790316751.005336,23488364544,100,388746000,68000,17096765440
1790316752.0060427,23488364544,99,399256000,70000,17096765440
1790316753.0072453,23490461696,100,389135000,70000,17096765440
1790316754.0081794,23490461696,100,390594000,70000,17096765440
1790316755.0088673,23490461696,100,395771000,69000,17096765440
1790316756.0096195,23492558848,100,396597000,69000,17096765440
1790316757.0100644,23492558848,100,396375000,69000,17096765440
1790316758.0106657,23492558848,100,397232000,69000,17096765440
1790316759.0111372,23492558848,100,396954000,71000,17096765440
1790316760.0122676,23492558848,100,397043000,71000,17096765440
1790316761.0131488,23492558848,100,396054000,70000,17096765440
1790316762.0139453,23492558848,100,396475000,69000,17096765440
1790316763.0147889,23492558848,100,396045000,71000,17096765440
1790316764.0155158,23492558848,100,397701000,71000,17096765440
1790316765.016712,23492558848,100,396488000,71000,17096765440
1790316766.0175347,23492558848,100,397113000,70000,17096765440
1790316767.0183656,23492558848,100,391380000,71000,17096765440
1790316768.0191169,23492558848,99,390151000,70000,17096765440
1790316769.0197785,23492558848,100,387314000,70000,17096765440
1790316770.0205505,23492558848,100,383576000,71000,17096765440
1790316771.0215456,23492558848,99,395145000,71000,17096765440
1790316772.0225348,23492558848,100,387123000,70000,17096765440
1790316773.023427,23492558848,99,394268000,73000,17096765440
1790316774.0240228,23492558848,100,387063000,70000,17096765440
1790316775.024741,23492558848,100,383625000,71000,17096765440
1790316776.0254672,23492558848,100,398611000,70000,17096765440
1790316777.0261428,23492558848,100,383840000,71000,17096765440
1790316778.0266864,23492558848,91,394969000,69000,17096765440
1790316779.027311,23492558848,100,383810000,70000,17096765440
1790316780.0278249,23492558848,99,394909000,71000,17096765440
1790316781.028435,23492558848,100,386978000,70000,17096765440
1790316782.0289295,23492558848,99,394708000,71000,17096765440
1790316783.029516,23492558848,100,388074000,71000,17096765440
1790316784.0299673,23492558848,67,385550000,71000,17096765440
1790316785.0304887,23492558848,92,387469000,72000,17096765440
1790316786.0311675,23492558848,100,385285000,72000,17096765440
1790316787.031824,23492558848,99,395390000,73000,17096765440
1790316788.0323782,23492558848,100,386988000,72000,17096765440
1790316789.0328197,23492558848,100,396796000,70000,17096765440
1790316790.0334115,23494656000,100,395035000,72000,17096765440
1790316791.0338311,23494656000,100,396704000,69000,17096765440
1790316792.034257,23494656000,100,397565000,70000,17096765440
1790316793.0346541,23494656000,100,397458000,71000,17096765440
1790316794.0352511,23494656000,100,398089000,70000,17096765440
1790316795.0358047,23494656000,100,397489000,70000,17096765440
1790316796.0362573,23494656000,100,400408000,71000,17096765440
1790316797.0366688,23494656000,100,399445000,73000,17096765440
1790316798.0377007,23494656000,100,400192000,71000,17096765440
1790316799.0384789,23494656000,100,402513000,72000,17096765440
1790316800.0400805,23494656000,100,400235000,71000,17096765440
1790316801.0405781,23494656000,100,398779000,74000,17096765440
1790316802.0409913,23494656000,100,397801000,71000,17096765440
1790316803.0416775,23494656000,100,396018000,70000,17096765440
1790316804.0423737,23494656000,100,398601000,73000,17096765440
1790316805.0429657,23494656000,100,396360000,70000,17096765440
1790316806.0438633,23494656000,98,404483000,72000,17096765440
1790316807.044663,23494656000,100,403108000,72000,17096765440
1790316808.045456,23494656000,99,395780000,71000,17096765440
1790316809.0461693,23494656000,100,396960000,71000,17096765440
1790316810.046956,23494656000,100,398225000,70000,17096765440
1790316811.0478408,23494656000,100,393958000,71000,17096765440
1790316812.0492053,23494656000,100,395395000,72000,17096765440
1790316813.0499592,23494656000,100,395526000,73000,17096765440
1790316814.0505884,23494656000,100,395362000,71000,17096765440
1790316815.0514128,23494656000,100,397112000,71000,17096765440
1790316816.0521994,23494656000,99,395710000,70000,17155579904
1790316817.0528657,23494656000,100,392405000,72000,17096765440
1790316818.0535896,23494656000,100,392834000,72000,17096765440
1790316819.0542252,23494656000,100,392919000,71000,17096765440
1790316820.05511,23494656000,100,396404000,72000,17096765440
1790316821.0557203,23494656000,100,395838000,70000,17096765440
1790316822.0564115,23494656000,100,396398000,71000,17096765440
1790316823.0570393,23494656000,100,394242000,71000,17096765440
1790316824.0578532,23494656000,100,396972000,71000,17096765440
1790316825.058744,23494656000,99,397236000,72000,17096765440
1790316826.059201,23494656000,100,399467000,73000,17096765440
1790316827.0600548,23494656000,100,397124000,71000,17096765440
1790316828.0608325,23494656000,100,397752000,70000,17096765440
1790316829.0616896,23494656000,100,394753000,74000,17096765440
1790316830.0625722,23494656000,100,396333000,70000,17096765440
1790316831.0633156,23494656000,99,397856000,72000,17096765440
1790316832.064124,23494656000,100,396971000,73000,17096765440
1790316833.0649433,23494656000,100,397140000,72000,17096765440
1790316834.0658112,20279721984,100,344617000,69000,17096765440
1790316835.066493,20279721984,100,378772000,70000,17096765440
1790316836.0675776,20279721984,100,388329000,70000,17096765440
1790316837.0684524,20281819136,100,388768000,71000,17096765440
1790316838.0691636,20281819136,100,388535000,71000,17096765440
1790316839.069792,20281819136,100,387493000,74000,17096765440
1790316840.070527,20281819136,100,395921000,72000,17096765440
1790316841.0713925,20281819136,100,399384000,72000,17096765440
1790316842.0721838,20281819136,100,395577000,72000,17096765440
1790316843.0729055,20512505856,100,391259000,71000,17096765440
1790316844.0736191,20512505856,100,385686000,71000,17096765440
1790316845.074308,20512505856,100,392264000,70000,17096765440
1790316846.0750535,20512505856,100,388744000,74000,17096765440
1790316847.0758638,20512505856,100,384695000,70000,17096765440
1790316848.076531,20512505856,100,389152000,73000,17096765440
1790316849.0771475,20512505856,100,398937000,72000,17096765440
1790316850.0778666,20512505856,100,399605000,71000,17096765440
1790316851.0786107,20512505856,100,399096000,72000,17096765440
1790316852.0793414,20512505856,100,400276000,73000,17096765440
1790316853.0801253,20512505856,100,399801000,72000,17096765440
1790316854.0809674,20512505856,100,401073000,72000,17096765440
1790316855.0816748,20512505856,100,400707000,72000,17096765440
1790316856.082363,20512505856,100,400235000,72000,17096765440
1790316857.083597,20512505856,100,400510000,71000,17096765440
1790316858.0843253,20512505856,100,400272000,72000,17096765440
1790316859.0850637,21120679936,100,400217000,72000,17096765440
1790316860.1097221,21141651456,100,399950000,72000,17096765440
1790316861.1104653,21336686592,100,399821000,74000,17096765440
1790316862.11114,21567373312,65,396855000,72000,17096765440
1790316863.1117923,21567373312,92,401595000,71000,17096765440
1790316864.1123724,21777088512,100,393382000,71000,17096765440
1790316865.1129043,21777088512,99,390087000,72000,17096765440
1790316866.1134777,21777088512,100,397049000,73000,17096765440
1790316867.1140277,21777088512,87,384726000,72000,17096765440
1790316868.1145103,21777088512,100,391289000,71000,17096765440
1790316869.1154537,21779185664,100,396455000,74000,17096765440
1790316870.115854,21779185664,100,394852000,71000,17096769536
1790316871.116292,21781282816,100,398272000,72000,17096769536
1790316872.1167533,21781282816,100,398660000,70000,17096769536
1790316873.1172268,21781282816,99,394893000,71000,17096794112
1790316874.1177163,21781282816,100,400728000,74000,17096794112
1790316875.1182008,21781282816,100,402273000,73000,17096794112
1790316876.118618,21781282816,100,400514000,72000,17096794112
1790316877.1191864,21781282816,99,394084000,74000,17096814592
1790316878.1197042,21781282816,100,397892000,75000,17096814592
1790316879.1201315,21781282816,100,401066000,72000,17096814592
1790316880.1208432,21781282816,100,398954000,71000,17096814592
1790316881.1223376,21781282816,100,398843000,71000,17096814592
1790316882.1228137,22074884096,99,406094000,67000,17096830976
1790316883.1232238,22074884096,100,385960000,75000,17096830976
1790316884.1237872,22074884096,100,397701000,73000,17096830976
1790316885.124179,22074884096,100,395544000,71000,17096830976
1790316886.124913,22074884096,100,395200000,70000,17096830976
1790316887.1254058,22074884096,100,396986000,70000,17096830976
1790316888.1258638,22074884096,100,395637000,71000,17096830976
1790316889.1267226,22074884096,99,395092000,72000,17096884224
1790316890.1271036,22074884096,100,405112000,71000,17096884224
1790316891.127528,22074884096,100,394213000,72000,17096884224
1790316892.128001,22074884096,99,396536000,72000,17096884224
1790316893.1289883,22074884096,100,404983000,74000,17096884224
1790316894.1295214,22074884096,100,394853000,73000,17096884224
1790316895.1303194,22074884096,100,401437000,72000,17096892416
1790316896.1307614,22074884096,100,400612000,73000,17096904704
1790316897.1311688,22074884096,100,399052000,72000,17096925184
1790316898.1315835,22074884096,100,405361000,71000,17096937472
1790316899.1320078,22074884096,100,397942000,72000,17096941568
1790316900.132425,22074884096,100,398944000,72000,17096949760
1790316901.1333582,22074884096,100,399587000,73000,17096949760
1790316902.1338499,22074884096,100,397854000,71000,17096949760
1790316903.1343224,22074884096,100,399230000,73000,17096949760
1790316904.2684882,22074884096,100,395295000,72000,17096949760
1790316905.2690327,22074884096,99,395395000,73000,17096949760
1790316906.269638,22074884096,100,401748000,72000,17096949760
1790316907.2700548,22074884096,100,395656000,73000,17096949760
1790316908.2704709,22074884096,99,393509000,72000,17096949760
1790316909.2708812,22074884096,100,403157000,73000,17096949760
1790316910.2713137,22074884096,100,404680000,73000,17096962048
1790316911.323769,22074884096,99,410663000,73000,17096962048
1790316912.3381066,22074884096,99,329152000,64000,17096589312
