engine,case,questions,repeat,end_to_end_ms,input_shape,allocated_gib,reserved_gib,peak_allocated_gib,peak_reserved_gib,device_free_gib,device_total_gib,telemetry_board_vram_bytes_max,telemetry_board_vram_bytes_mean,telemetry_gpu_busy_percent_max,telemetry_gpu_busy_percent_mean,telemetry_power_microwatts_max,telemetry_power_microwatts_mean,telemetry_rss_bytes_max,telemetry_rss_bytes_mean,telemetry_temperature_millidegrees_max,telemetry_temperature_millidegrees_mean
dohnuts,vision_protocol_text_1q,1,0,14.97936699888669,"[1, 43]",1.6506800651550293,1.734375,1.6536574363708496,1.734375,21.803466796875,23.984375,3292409856,3292409856,99,81.46666666666667,319000000,195666666.66666666,4035325952,4035323767.4666667,64000,55266.666666666664
dohnuts,vision_protocol_text_1q,1,1,15.012699994258583,"[1, 43]",1.6506800651550293,1.734375,1.6536574363708496,1.734375,21.803466796875,23.984375,3292409856,3292409856,99,81.46666666666667,319000000,195666666.66666666,4035325952,4035323767.4666667,64000,55266.666666666664
dohnuts,vision_protocol_text_1q,1,2,14.901039015967399,"[1, 43]",1.6506800651550293,1.734375,1.6536574363708496,1.734375,21.803466796875,23.984375,3292409856,3292409856,99,81.46666666666667,319000000,195666666.66666666,4035325952,4035323767.4666667,64000,55266.666666666664
dohnuts,vision_protocol_text_1q,1,3,14.657508989330381,"[1, 43]",1.6506800651550293,1.734375,1.6536574363708496,1.734375,21.803466796875,23.984375,3292409856,3292409856,99,81.46666666666667,319000000,195666666.66666666,4035325952,4035323767.4666667,64000,55266.666666666664
dohnuts,vision_protocol_text_1q,1,4,15.040793980006129,"[1, 43]",1.6506800651550293,1.734375,1.6536574363708496,1.734375,21.803466796875,23.984375,3292409856,3292409856,99,81.46666666666667,319000000,195666666.66666666,4035325952,4035323767.4666667,64000,55266.666666666664
dohnuts,vision_protocol_text_1q,1,5,14.864330005366355,"[1, 43]",1.6506800651550293,1.734375,1.6536574363708496,1.734375,21.803466796875,23.984375,3292409856,3292409856,99,81.46666666666667,319000000,195666666.66666666,4035325952,4035323767.4666667,64000,55266.666666666664
dohnuts,vision_protocol_text_1q,1,6,14.548051985912025,"[1, 43]",1.6506800651550293,1.734375,1.6536574363708496,1.734375,21.803466796875,23.984375,3292409856,3292409856,99,81.46666666666667,319000000,195666666.66666666,4035325952,4035323767.4666667,64000,55266.666666666664
dohnuts,vision_protocol_text_1q,1,7,14.624025003286079,"[1, 43]",1.6506800651550293,1.734375,1.6536574363708496,1.734375,21.803466796875,23.984375,3292409856,3292409856,99,81.46666666666667,319000000,195666666.66666666,4035325952,4035323767.4666667,64000,55266.666666666664
dohnuts,vision_protocol_text_1q,1,8,15.141123993089423,"[1, 43]",1.6506800651550293,1.734375,1.6536574363708496,1.734375,21.803466796875,23.984375,3292409856,3292409856,99,81.46666666666667,319000000,195666666.66666666,4035325952,4035323767.4666667,64000,55266.666666666664
dohnuts,vision_protocol_text_1q,1,9,14.916537998942658,"[1, 43]",1.6506800651550293,1.734375,1.6536574363708496,1.734375,21.803466796875,23.984375,3292409856,3292409856,99,81.46666666666667,319000000,195666666.66666666,4035325952,4035323767.4666667,64000,55266.666666666664
dohnuts,vision_protocol_text_1q,1,10,14.647970994701609,"[1, 43]",1.6506800651550293,1.734375,1.6536574363708496,1.734375,21.803466796875,23.984375,3292409856,3292409856,99,81.46666666666667,319000000,195666666.66666666,4035325952,4035323767.4666667,64000,55266.666666666664
dohnuts,vision_protocol_text_1q,1,11,14.893104002112523,"[1, 43]",1.6506800651550293,1.734375,1.6536574363708496,1.734375,21.803466796875,23.984375,3292409856,3292409856,99,81.46666666666667,319000000,195666666.66666666,4035325952,4035323767.4666667,64000,55266.666666666664
dohnuts,vision_protocol_text_1q,1,12,14.958287007175386,"[1, 43]",1.6506800651550293,1.734375,1.6536574363708496,1.734375,21.803466796875,23.984375,3292409856,3292409856,99,81.46666666666667,319000000,195666666.66666666,4035325952,4035323767.4666667,64000,55266.666666666664
dohnuts,vision_protocol_text_1q,1,13,14.531560998875648,"[1, 43]",1.6506800651550293,1.734375,1.6536574363708496,1.734375,21.803466796875,23.984375,3292409856,3292409856,99,81.46666666666667,319000000,195666666.66666666,4035325952,4035323767.4666667,64000,55266.666666666664
dohnuts,vision_protocol_text_1q,1,14,14.806099992711097,"[1, 43]",1.6506800651550293,1.734375,1.6536574363708496,1.734375,21.803466796875,23.984375,3292409856,3292409856,99,81.46666666666667,319000000,195666666.66666666,4035325952,4035323767.4666667,64000,55266.666666666664
dohnuts,vision_protocol_text_1q,1,15,15.085146995261312,"[1, 43]",1.6506800651550293,1.734375,1.6536574363708496,1.734375,21.803466796875,23.984375,3292409856,3292409856,99,81.46666666666667,319000000,195666666.66666666,4035325952,4035323767.4666667,64000,55266.666666666664
dohnuts,vision_protocol_text_1q,1,16,15.025494998553768,"[1, 43]",1.6506800651550293,1.734375,1.6536574363708496,1.734375,21.803466796875,23.984375,3292409856,3292409856,99,81.46666666666667,319000000,195666666.66666666,4035325952,4035323767.4666667,64000,55266.666666666664
dohnuts,vision_protocol_text_1q,1,17,14.643823000369594,"[1, 43]",1.6506800651550293,1.734375,1.6536574363708496,1.734375,21.803466796875,23.984375,3292409856,3292409856,99,81.46666666666667,319000000,195666666.66666666,4035325952,4035323767.4666667,64000,55266.666666666664
dohnuts,vision_protocol_text_1q,1,18,15.026156004751101,"[1, 43]",1.6506800651550293,1.734375,1.6536574363708496,1.734375,21.803466796875,23.984375,3292409856,3292409856,99,81.46666666666667,319000000,195666666.66666666,4035325952,4035323767.4666667,64000,55266.666666666664
dohnuts,vision_protocol_text_1q,1,19,15.11721801944077,"[1, 43]",1.6506800651550293,1.734375,1.6536574363708496,1.734375,21.803466796875,23.984375,3292409856,3292409856,99,81.46666666666667,319000000,195666666.66666666,4035325952,4035323767.4666667,64000,55266.666666666664
dohnuts,vision_protocol_text_3q,3,0,15.66122699296102,"[3, 43]",1.6506800651550293,1.73828125,1.6608247756958008,1.73828125,21.785888671875,23.984375,3302903808,3302903808,88,81.375,239000000,223125000,4042543104,4042543104,56000,55562.5
dohnuts,vision_protocol_text_3q,3,1,15.765533986268565,"[3, 43]",1.6506800651550293,1.73828125,1.6608247756958008,1.73828125,21.785888671875,23.984375,3302903808,3302903808,88,81.375,239000000,223125000,4042543104,4042543104,56000,55562.5
dohnuts,vision_protocol_text_3q,3,2,15.705630998127162,"[3, 43]",1.6506800651550293,1.73828125,1.6608247756958008,1.73828125,21.785888671875,23.984375,3302903808,3302903808,88,81.375,239000000,223125000,4042543104,4042543104,56000,55562.5
dohnuts,vision_protocol_text_3q,3,3,15.624367020791396,"[3, 43]",1.6506800651550293,1.73828125,1.6608247756958008,1.73828125,21.785888671875,23.984375,3302903808,3302903808,88,81.375,239000000,223125000,4042543104,4042543104,56000,55562.5
dohnuts,vision_protocol_text_3q,3,4,15.51706501049921,"[3, 43]",1.6506800651550293,1.73828125,1.6608247756958008,1.73828125,21.785888671875,23.984375,3302903808,3302903808,88,81.375,239000000,223125000,4042543104,4042543104,56000,55562.5
dohnuts,vision_protocol_text_3q,3,5,15.702475007856265,"[3, 43]",1.6506800651550293,1.73828125,1.6608247756958008,1.73828125,21.785888671875,23.984375,3302903808,3302903808,88,81.375,239000000,223125000,4042543104,4042543104,56000,55562.5
dohnuts,vision_protocol_text_3q,3,6,15.847159025724977,"[3, 43]",1.6506800651550293,1.73828125,1.6608247756958008,1.73828125,21.785888671875,23.984375,3302903808,3302903808,88,81.375,239000000,223125000,4042543104,4042543104,56000,55562.5
dohnuts,vision_protocol_text_3q,3,7,15.740125993033871,"[3, 43]",1.6506800651550293,1.73828125,1.6608247756958008,1.73828125,21.785888671875,23.984375,3302903808,3302903808,88,81.375,239000000,223125000,4042543104,4042543104,56000,55562.5
dohnuts,vision_protocol_text_3q,3,8,15.525449998676777,"[3, 43]",1.6506800651550293,1.73828125,1.6608247756958008,1.73828125,21.785888671875,23.984375,3302903808,3302903808,88,81.375,239000000,223125000,4042543104,4042543104,56000,55562.5
dohnuts,vision_protocol_text_3q,3,9,15.793817001394928,"[3, 43]",1.6506800651550293,1.73828125,1.6608247756958008,1.73828125,21.785888671875,23.984375,3302903808,3302903808,88,81.375,239000000,223125000,4042543104,4042543104,56000,55562.5
dohnuts,vision_protocol_text_3q,3,10,15.81272401381284,"[3, 43]",1.6506800651550293,1.73828125,1.6608247756958008,1.73828125,21.785888671875,23.984375,3302903808,3302903808,88,81.375,239000000,223125000,4042543104,4042543104,56000,55562.5
dohnuts,vision_protocol_text_3q,3,11,15.765003015985712,"[3, 43]",1.6506800651550293,1.73828125,1.6608247756958008,1.73828125,21.785888671875,23.984375,3302903808,3302903808,88,81.375,239000000,223125000,4042543104,4042543104,56000,55562.5
dohnuts,vision_protocol_text_3q,3,12,15.483721974305809,"[3, 43]",1.6506800651550293,1.73828125,1.6608247756958008,1.73828125,21.785888671875,23.984375,3302903808,3302903808,88,81.375,239000000,223125000,4042543104,4042543104,56000,55562.5
dohnuts,vision_protocol_text_3q,3,13,15.796071995282546,"[3, 43]",1.6506800651550293,1.73828125,1.6608247756958008,1.73828125,21.785888671875,23.984375,3302903808,3302903808,88,81.375,239000000,223125000,4042543104,4042543104,56000,55562.5
dohnuts,vision_protocol_text_3q,3,14,15.765853982884437,"[3, 43]",1.6506800651550293,1.73828125,1.6608247756958008,1.73828125,21.785888671875,23.984375,3302903808,3302903808,88,81.375,239000000,223125000,4042543104,4042543104,56000,55562.5
dohnuts,vision_protocol_text_3q,3,15,15.786322997882962,"[3, 43]",1.6506800651550293,1.73828125,1.6608247756958008,1.73828125,21.785888671875,23.984375,3302903808,3302903808,88,81.375,239000000,223125000,4042543104,4042543104,56000,55562.5
dohnuts,vision_protocol_text_3q,3,16,15.89262398192659,"[3, 43]",1.6506800651550293,1.73828125,1.6608247756958008,1.73828125,21.785888671875,23.984375,3302903808,3302903808,88,81.375,239000000,223125000,4042543104,4042543104,56000,55562.5
dohnuts,vision_protocol_text_3q,3,17,16.071192017989233,"[3, 43]",1.6506800651550293,1.73828125,1.6608247756958008,1.73828125,21.785888671875,23.984375,3302903808,3302903808,88,81.375,239000000,223125000,4042543104,4042543104,56000,55562.5
dohnuts,vision_protocol_text_3q,3,18,16.093434009235352,"[3, 43]",1.6506800651550293,1.73828125,1.6608247756958008,1.73828125,21.785888671875,23.984375,3302903808,3302903808,88,81.375,239000000,223125000,4042543104,4042543104,56000,55562.5
dohnuts,vision_protocol_text_3q,3,19,16.014243999961764,"[3, 43]",1.6506800651550293,1.73828125,1.6608247756958008,1.73828125,21.785888671875,23.984375,3302903808,3302903808,88,81.375,239000000,223125000,4042543104,4042543104,56000,55562.5
dohnuts,vision_protocol_image_1q,1,0,24.57397198304534,"[1, 296]",1.7253875732421875,1.841796875,1.7716760635375977,1.841796875,21.598876953125,23.984375,3572563968,3572563968,99,88.41666666666667,249000000,220291666.66666666,4228464640,4228449621.3333335,56000,55875
dohnuts,vision_protocol_image_1q,1,1,24.292098998557776,"[1, 296]",1.7253875732421875,1.841796875,1.7716760635375977,1.841796875,21.598876953125,23.984375,3572563968,3572563968,99,88.41666666666667,249000000,220291666.66666666,4228464640,4228449621.3333335,56000,55875
dohnuts,vision_protocol_image_1q,1,2,24.652289983350784,"[1, 296]",1.7253875732421875,1.841796875,1.7716760635375977,1.841796875,21.598876953125,23.984375,3572563968,3572563968,99,88.41666666666667,249000000,220291666.66666666,4228464640,4228449621.3333335,56000,55875
dohnuts,vision_protocol_image_1q,1,3,24.42955900914967,"[1, 296]",1.7253875732421875,1.841796875,1.7716760635375977,1.841796875,21.598876953125,23.984375,3572563968,3572563968,99,88.41666666666667,249000000,220291666.66666666,4228464640,4228449621.3333335,56000,55875
dohnuts,vision_protocol_image_1q,1,4,24.332033994141966,"[1, 296]",1.7253875732421875,1.841796875,1.7716760635375977,1.841796875,21.598876953125,23.984375,3572563968,3572563968,99,88.41666666666667,249000000,220291666.66666666,4228464640,4228449621.3333335,56000,55875
dohnuts,vision_protocol_image_1q,1,5,24.49593399069272,"[1, 296]",1.7253875732421875,1.841796875,1.7716760635375977,1.841796875,21.598876953125,23.984375,3572563968,3572563968,99,88.41666666666667,249000000,220291666.66666666,4228464640,4228449621.3333335,56000,55875
dohnuts,vision_protocol_image_1q,1,6,24.430860998108983,"[1, 296]",1.7253875732421875,1.841796875,1.7716760635375977,1.841796875,21.598876953125,23.984375,3572563968,3572563968,99,88.41666666666667,249000000,220291666.66666666,4228464640,4228449621.3333335,56000,55875
dohnuts,vision_protocol_image_1q,1,7,24.27831300883554,"[1, 296]",1.7253875732421875,1.841796875,1.7716760635375977,1.841796875,21.598876953125,23.984375,3572563968,3572563968,99,88.41666666666667,249000000,220291666.66666666,4228464640,4228449621.3333335,56000,55875
dohnuts,vision_protocol_image_1q,1,8,24.217336991569027,"[1, 296]",1.7253875732421875,1.841796875,1.7716760635375977,1.841796875,21.598876953125,23.984375,3572563968,3572563968,99,88.41666666666667,249000000,220291666.66666666,4228464640,4228449621.3333335,56000,55875
dohnuts,vision_protocol_image_1q,1,9,24.489962990628555,"[1, 296]",1.7253875732421875,1.841796875,1.7716760635375977,1.841796875,21.598876953125,23.984375,3572563968,3572563968,99,88.41666666666667,249000000,220291666.66666666,4228464640,4228449621.3333335,56000,55875
dohnuts,vision_protocol_image_1q,1,10,24.17164100916125,"[1, 296]",1.7253875732421875,1.841796875,1.7716760635375977,1.841796875,21.598876953125,23.984375,3572563968,3572563968,99,88.41666666666667,249000000,220291666.66666666,4228464640,4228449621.3333335,56000,55875
dohnuts,vision_protocol_image_1q,1,11,24.53143202001229,"[1, 296]",1.7253875732421875,1.841796875,1.7716760635375977,1.841796875,21.598876953125,23.984375,3572563968,3572563968,99,88.41666666666667,249000000,220291666.66666666,4228464640,4228449621.3333335,56000,55875
dohnuts,vision_protocol_image_1q,1,12,24.470837000990286,"[1, 296]",1.7253875732421875,1.841796875,1.7716760635375977,1.841796875,21.598876953125,23.984375,3572563968,3572563968,99,88.41666666666667,249000000,220291666.66666666,4228464640,4228449621.3333335,56000,55875
dohnuts,vision_protocol_image_1q,1,13,24.306475999765098,"[1, 296]",1.7253875732421875,1.841796875,1.7716760635375977,1.841796875,21.598876953125,23.984375,3572563968,3572563968,99,88.41666666666667,249000000,220291666.66666666,4228464640,4228449621.3333335,56000,55875
dohnuts,vision_protocol_image_1q,1,14,24.393250001594424,"[1, 296]",1.7253875732421875,1.841796875,1.7716760635375977,1.841796875,21.598876953125,23.984375,3572563968,3572563968,99,88.41666666666667,249000000,220291666.66666666,4228464640,4228449621.3333335,56000,55875
dohnuts,vision_protocol_image_1q,1,15,24.37224000459537,"[1, 296]",1.7253875732421875,1.841796875,1.7716760635375977,1.841796875,21.598876953125,23.984375,3572563968,3572563968,99,88.41666666666667,249000000,220291666.66666666,4228464640,4228449621.3333335,56000,55875
dohnuts,vision_protocol_image_1q,1,16,24.351200001547113,"[1, 296]",1.7253875732421875,1.841796875,1.7716760635375977,1.841796875,21.598876953125,23.984375,3572563968,3572563968,99,88.41666666666667,249000000,220291666.66666666,4228464640,4228449621.3333335,56000,55875
dohnuts,vision_protocol_image_1q,1,17,24.721100984606892,"[1, 296]",1.7253875732421875,1.841796875,1.7716760635375977,1.841796875,21.598876953125,23.984375,3572563968,3572563968,99,88.41666666666667,249000000,220291666.66666666,4228464640,4228449621.3333335,56000,55875
dohnuts,vision_protocol_image_1q,1,18,25.197229988407344,"[1, 296]",1.7253875732421875,1.841796875,1.7716760635375977,1.841796875,21.598876953125,23.984375,3572563968,3572563968,99,88.41666666666667,249000000,220291666.66666666,4228464640,4228449621.3333335,56000,55875
dohnuts,vision_protocol_image_1q,1,19,24.55768099753186,"[1, 296]",1.7253875732421875,1.841796875,1.7716760635375977,1.841796875,21.598876953125,23.984375,3572563968,3572563968,99,88.41666666666667,249000000,220291666.66666666,4228464640,4228449621.3333335,56000,55875
dohnuts,vision_protocol_image_3q,3,0,35.59627599315718,"[3, 296]",1.7253875732421875,1.896484375,1.8486261367797852,1.896484375,21.536376953125,23.984375,3633352704,3633352704,97,85.8,271000000,229542857.14285713,4238188544,4238188544,57000,56600
dohnuts,vision_protocol_image_3q,3,1,35.38373400806449,"[3, 296]",1.7253875732421875,1.896484375,1.8486261367797852,1.896484375,21.536376953125,23.984375,3633352704,3633352704,97,85.8,271000000,229542857.14285713,4238188544,4238188544,57000,56600
dohnuts,vision_protocol_image_3q,3,2,35.79756699036807,"[3, 296]",1.7253875732421875,1.896484375,1.8486261367797852,1.896484375,21.536376953125,23.984375,3633352704,3633352704,97,85.8,271000000,229542857.14285713,4238188544,4238188544,57000,56600
dohnuts,vision_protocol_image_3q,3,3,36.76959499716759,"[3, 296]",1.7253875732421875,1.896484375,1.8486261367797852,1.896484375,21.536376953125,23.984375,3633352704,3633352704,97,85.8,271000000,229542857.14285713,4238188544,4238188544,57000,56600
dohnuts,vision_protocol_image_3q,3,4,37.21442600362934,"[3, 296]",1.7253875732421875,1.896484375,1.8486261367797852,1.896484375,21.536376953125,23.984375,3633352704,3633352704,97,85.8,271000000,229542857.14285713,4238188544,4238188544,57000,56600
dohnuts,vision_protocol_image_3q,3,5,37.12463699048385,"[3, 296]",1.7253875732421875,1.896484375,1.8486261367797852,1.896484375,21.536376953125,23.984375,3633352704,3633352704,97,85.8,271000000,229542857.14285713,4238188544,4238188544,57000,56600
dohnuts,vision_protocol_image_3q,3,6,36.42292899894528,"[3, 296]",1.7253875732421875,1.896484375,1.8486261367797852,1.896484375,21.536376953125,23.984375,3633352704,3633352704,97,85.8,271000000,229542857.14285713,4238188544,4238188544,57000,56600
dohnuts,vision_protocol_image_3q,3,7,35.29770200839266,"[3, 296]",1.7253875732421875,1.896484375,1.8486261367797852,1.896484375,21.536376953125,23.984375,3633352704,3633352704,97,85.8,271000000,229542857.14285713,4238188544,4238188544,57000,56600
dohnuts,vision_protocol_image_3q,3,8,38.49203200661577,"[3, 296]",1.7253875732421875,1.896484375,1.8486261367797852,1.896484375,21.536376953125,23.984375,3633352704,3633352704,97,85.8,271000000,229542857.14285713,4238188544,4238188544,57000,56600
dohnuts,vision_protocol_image_3q,3,9,35.52544201374985,"[3, 296]",1.7253875732421875,1.896484375,1.8486261367797852,1.896484375,21.536376953125,23.984375,3633352704,3633352704,97,85.8,271000000,229542857.14285713,4238188544,4238188544,57000,56600
dohnuts,vision_protocol_image_3q,3,10,35.89234600076452,"[3, 296]",1.7253875732421875,1.896484375,1.8486261367797852,1.896484375,21.536376953125,23.984375,3633352704,3633352704,97,85.8,271000000,229542857.14285713,4238188544,4238188544,57000,56600
dohnuts,vision_protocol_image_3q,3,11,35.00371499103494,"[3, 296]",1.7253875732421875,1.896484375,1.8486261367797852,1.896484375,21.536376953125,23.984375,3633352704,3633352704,97,85.8,271000000,229542857.14285713,4238188544,4238188544,57000,56600
dohnuts,vision_protocol_image_3q,3,12,35.48337300890125,"[3, 296]",1.7253875732421875,1.896484375,1.8486261367797852,1.896484375,21.536376953125,23.984375,3633352704,3633352704,97,85.8,271000000,229542857.14285713,4238188544,4238188544,57000,56600
dohnuts,vision_protocol_image_3q,3,13,35.7484339911025,"[3, 296]",1.7253875732421875,1.896484375,1.8486261367797852,1.896484375,21.536376953125,23.984375,3633352704,3633352704,97,85.8,271000000,229542857.14285713,4238188544,4238188544,57000,56600
dohnuts,vision_protocol_image_3q,3,14,35.30645801220089,"[3, 296]",1.7253875732421875,1.896484375,1.8486261367797852,1.896484375,21.536376953125,23.984375,3633352704,3633352704,97,85.8,271000000,229542857.14285713,4238188544,4238188544,57000,56600
dohnuts,vision_protocol_image_3q,3,15,36.79695600294508,"[3, 296]",1.7253875732421875,1.896484375,1.8486261367797852,1.896484375,21.536376953125,23.984375,3633352704,3633352704,97,85.8,271000000,229542857.14285713,4238188544,4238188544,57000,56600
dohnuts,vision_protocol_image_3q,3,16,36.362343991640955,"[3, 296]",1.7253875732421875,1.896484375,1.8486261367797852,1.896484375,21.536376953125,23.984375,3633352704,3633352704,97,85.8,271000000,229542857.14285713,4238188544,4238188544,57000,56600
dohnuts,vision_protocol_image_3q,3,17,35.89469997677952,"[3, 296]",1.7253875732421875,1.896484375,1.8486261367797852,1.896484375,21.536376953125,23.984375,3633352704,3633352704,97,85.8,271000000,229542857.14285713,4238188544,4238188544,57000,56600
dohnuts,vision_protocol_image_3q,3,18,35.10144099709578,"[3, 296]",1.7253875732421875,1.896484375,1.8486261367797852,1.896484375,21.536376953125,23.984375,3633352704,3633352704,97,85.8,271000000,229542857.14285713,4238188544,4238188544,57000,56600
dohnuts,vision_protocol_image_3q,3,19,36.11657000146806,"[3, 296]",1.7253875732421875,1.896484375,1.8486261367797852,1.896484375,21.536376953125,23.984375,3633352704,3633352704,97,85.8,271000000,229542857.14285713,4238188544,4238188544,57000,56600
dohnuts,distinct_text_1q,1,0,15.299683000193909,"[1, 99]",1.7253875732421875,1.810546875,1.7329120635986328,1.810546875,21.622314453125,23.984375,3557855232,3557855232,86,80.13333333333334,231000000,209533333.33333334,4238192640,4238192640,57000,56466.666666666664
dohnuts,distinct_text_1q,1,1,15.50380900152959,"[1, 99]",1.7253875732421875,1.810546875,1.7329120635986328,1.810546875,21.622314453125,23.984375,3557855232,3557855232,86,80.13333333333334,231000000,209533333.33333334,4238192640,4238192640,57000,56466.666666666664
dohnuts,distinct_text_1q,1,2,15.422224998474121,"[1, 99]",1.7253875732421875,1.810546875,1.7329120635986328,1.810546875,21.622314453125,23.984375,3557855232,3557855232,86,80.13333333333334,231000000,209533333.33333334,4238192640,4238192640,57000,56466.666666666664
dohnuts,distinct_text_1q,1,3,14.98189300764352,"[1, 99]",1.7253875732421875,1.810546875,1.7329120635986328,1.810546875,21.622314453125,23.984375,3557855232,3557855232,86,80.13333333333334,231000000,209533333.33333334,4238192640,4238192640,57000,56466.666666666664
dohnuts,distinct_text_1q,1,4,15.239849977660924,"[1, 99]",1.7253875732421875,1.810546875,1.7329120635986328,1.810546875,21.622314453125,23.984375,3557855232,3557855232,86,80.13333333333334,231000000,209533333.33333334,4238192640,4238192640,57000,56466.666666666664
dohnuts,distinct_text_1q,1,5,15.130503015825525,"[1, 99]",1.7253875732421875,1.810546875,1.7329120635986328,1.810546875,21.622314453125,23.984375,3557855232,3557855232,86,80.13333333333334,231000000,209533333.33333334,4238192640,4238192640,57000,56466.666666666664
dohnuts,distinct_text_1q,1,6,15.14603299438022,"[1, 99]",1.7253875732421875,1.810546875,1.7329120635986328,1.810546875,21.622314453125,23.984375,3557855232,3557855232,86,80.13333333333334,231000000,209533333.33333334,4238192640,4238192640,57000,56466.666666666664
dohnuts,distinct_text_1q,1,7,14.830286003416404,"[1, 99]",1.7253875732421875,1.810546875,1.7329120635986328,1.810546875,21.622314453125,23.984375,3557855232,3557855232,86,80.13333333333334,231000000,209533333.33333334,4238192640,4238192640,57000,56466.666666666664
dohnuts,distinct_text_1q,1,8,15.074416995048523,"[1, 99]",1.7253875732421875,1.810546875,1.7329120635986328,1.810546875,21.622314453125,23.984375,3557855232,3557855232,86,80.13333333333334,231000000,209533333.33333334,4238192640,4238192640,57000,56466.666666666664
dohnuts,distinct_text_1q,1,9,15.035613992949948,"[1, 99]",1.7253875732421875,1.810546875,1.7329120635986328,1.810546875,21.622314453125,23.984375,3557855232,3557855232,86,80.13333333333334,231000000,209533333.33333334,4238192640,4238192640,57000,56466.666666666664
dohnuts,distinct_text_1q,1,10,14.959680993342772,"[1, 99]",1.7253875732421875,1.810546875,1.7329120635986328,1.810546875,21.622314453125,23.984375,3557855232,3557855232,86,80.13333333333334,231000000,209533333.33333334,4238192640,4238192640,57000,56466.666666666664
dohnuts,distinct_text_1q,1,11,14.90917502087541,"[1, 99]",1.7253875732421875,1.810546875,1.7329120635986328,1.810546875,21.622314453125,23.984375,3557855232,3557855232,86,80.13333333333334,231000000,209533333.33333334,4238192640,4238192640,57000,56466.666666666664
dohnuts,distinct_text_1q,1,12,15.0909079820849,"[1, 99]",1.7253875732421875,1.810546875,1.7329120635986328,1.810546875,21.622314453125,23.984375,3557855232,3557855232,86,80.13333333333334,231000000,209533333.33333334,4238192640,4238192640,57000,56466.666666666664
dohnuts,distinct_text_1q,1,13,15.388030995381996,"[1, 99]",1.7253875732421875,1.810546875,1.7329120635986328,1.810546875,21.622314453125,23.984375,3557855232,3557855232,86,80.13333333333334,231000000,209533333.33333334,4238192640,4238192640,57000,56466.666666666664
dohnuts,distinct_text_1q,1,14,14.966272981837392,"[1, 99]",1.7253875732421875,1.810546875,1.7329120635986328,1.810546875,21.622314453125,23.984375,3557855232,3557855232,86,80.13333333333334,231000000,209533333.33333334,4238192640,4238192640,57000,56466.666666666664
dohnuts,distinct_text_1q,1,15,14.948108000680804,"[1, 99]",1.7253875732421875,1.810546875,1.7329120635986328,1.810546875,21.622314453125,23.984375,3557855232,3557855232,86,80.13333333333334,231000000,209533333.33333334,4238192640,4238192640,57000,56466.666666666664
dohnuts,distinct_text_1q,1,16,15.151471976423636,"[1, 99]",1.7253875732421875,1.810546875,1.7329120635986328,1.810546875,21.622314453125,23.984375,3557855232,3557855232,86,80.13333333333334,231000000,209533333.33333334,4238192640,4238192640,57000,56466.666666666664
dohnuts,distinct_text_1q,1,17,15.062725986354053,"[1, 99]",1.7253875732421875,1.810546875,1.7329120635986328,1.810546875,21.622314453125,23.984375,3557855232,3557855232,86,80.13333333333334,231000000,209533333.33333334,4238192640,4238192640,57000,56466.666666666664
dohnuts,distinct_text_1q,1,18,14.816019014688209,"[1, 99]",1.7253875732421875,1.810546875,1.7329120635986328,1.810546875,21.622314453125,23.984375,3557855232,3557855232,86,80.13333333333334,231000000,209533333.33333334,4238192640,4238192640,57000,56466.666666666664
dohnuts,distinct_text_1q,1,19,14.99839298776351,"[1, 99]",1.7253875732421875,1.810546875,1.7329120635986328,1.810546875,21.622314453125,23.984375,3557855232,3557855232,86,80.13333333333334,231000000,209533333.33333334,4238192640,4238192640,57000,56466.666666666664
dohnuts,distinct_text_5q,5,0,33.48519399878569,"[5, 111]",1.7253875732421875,1.978515625,1.8954100608825684,1.978515625,21.452392578125,23.984375,3737968640,3737968640,96,86.36363636363636,273000000,230212121.21212122,4238209024,4238209024,57000,56939.393939393936
dohnuts,distinct_text_5q,5,1,33.612344006542116,"[5, 111]",1.7253875732421875,1.978515625,1.8954100608825684,1.978515625,21.452392578125,23.984375,3737968640,3737968640,96,86.36363636363636,273000000,230212121.21212122,4238209024,4238209024,57000,56939.393939393936
dohnuts,distinct_text_5q,5,2,33.20545400492847,"[5, 111]",1.7253875732421875,1.978515625,1.8954100608825684,1.978515625,21.452392578125,23.984375,3737968640,3737968640,96,86.36363636363636,273000000,230212121.21212122,4238209024,4238209024,57000,56939.393939393936
dohnuts,distinct_text_5q,5,3,33.49687601439655,"[5, 111]",1.7253875732421875,1.978515625,1.8954100608825684,1.978515625,21.452392578125,23.984375,3737968640,3737968640,96,86.36363636363636,273000000,230212121.21212122,4238209024,4238209024,57000,56939.393939393936
dohnuts,distinct_text_5q,5,4,33.4639830107335,"[5, 111]",1.7253875732421875,1.978515625,1.8954100608825684,1.978515625,21.452392578125,23.984375,3737968640,3737968640,96,86.36363636363636,273000000,230212121.21212122,4238209024,4238209024,57000,56939.393939393936
dohnuts,distinct_text_5q,5,5,33.02165798959322,"[5, 111]",1.7253875732421875,1.978515625,1.8954100608825684,1.978515625,21.452392578125,23.984375,3737968640,3737968640,96,86.36363636363636,273000000,230212121.21212122,4238209024,4238209024,57000,56939.393939393936
dohnuts,distinct_text_5q,5,6,33.32840697839856,"[5, 111]",1.7253875732421875,1.978515625,1.8954100608825684,1.978515625,21.452392578125,23.984375,3737968640,3737968640,96,86.36363636363636,273000000,230212121.21212122,4238209024,4238209024,57000,56939.393939393936
dohnuts,distinct_text_5q,5,7,33.3134800021071,"[5, 111]",1.7253875732421875,1.978515625,1.8954100608825684,1.978515625,21.452392578125,23.984375,3737968640,3737968640,96,86.36363636363636,273000000,230212121.21212122,4238209024,4238209024,57000,56939.393939393936
dohnuts,distinct_text_5q,5,8,33.37190899765119,"[5, 111]",1.7253875732421875,1.978515625,1.8954100608825684,1.978515625,21.452392578125,23.984375,3737968640,3737968640,96,86.36363636363636,273000000,230212121.21212122,4238209024,4238209024,57000,56939.393939393936
dohnuts,distinct_text_5q,5,9,33.26718200696632,"[5, 111]",1.7253875732421875,1.978515625,1.8954100608825684,1.978515625,21.452392578125,23.984375,3737968640,3737968640,96,86.36363636363636,273000000,230212121.21212122,4238209024,4238209024,57000,56939.393939393936
dohnuts,distinct_text_5q,5,10,32.84710698062554,"[5, 111]",1.7253875732421875,1.978515625,1.8954100608825684,1.978515625,21.452392578125,23.984375,3737968640,3737968640,96,86.36363636363636,273000000,230212121.21212122,4238209024,4238209024,57000,56939.393939393936
dohnuts,distinct_text_5q,5,11,33.06352699291892,"[5, 111]",1.7253875732421875,1.978515625,1.8954100608825684,1.978515625,21.452392578125,23.984375,3737968640,3737968640,96,86.36363636363636,273000000,230212121.21212122,4238209024,4238209024,57000,56939.393939393936
dohnuts,distinct_text_5q,5,12,33.24343601707369,"[5, 111]",1.7253875732421875,1.978515625,1.8954100608825684,1.978515625,21.452392578125,23.984375,3737968640,3737968640,96,86.36363636363636,273000000,230212121.21212122,4238209024,4238209024,57000,56939.393939393936
dohnuts,distinct_text_5q,5,13,33.4064660128206,"[5, 111]",1.7253875732421875,1.978515625,1.8954100608825684,1.978515625,21.452392578125,23.984375,3737968640,3737968640,96,86.36363636363636,273000000,230212121.21212122,4238209024,4238209024,57000,56939.393939393936
dohnuts,distinct_text_5q,5,14,34.64041798724793,"[5, 111]",1.7253875732421875,1.978515625,1.8954100608825684,1.978515625,21.452392578125,23.984375,3737968640,3737968640,96,86.36363636363636,273000000,230212121.21212122,4238209024,4238209024,57000,56939.393939393936
dohnuts,distinct_text_5q,5,15,33.26725200167857,"[5, 111]",1.7253875732421875,1.978515625,1.8954100608825684,1.978515625,21.452392578125,23.984375,3737968640,3737968640,96,86.36363636363636,273000000,230212121.21212122,4238209024,4238209024,57000,56939.393939393936
dohnuts,distinct_text_5q,5,16,33.07799398317002,"[5, 111]",1.7253875732421875,1.978515625,1.8954100608825684,1.978515625,21.452392578125,23.984375,3737968640,3737968640,96,86.36363636363636,273000000,230212121.21212122,4238209024,4238209024,57000,56939.393939393936
dohnuts,distinct_text_5q,5,17,33.12676600762643,"[5, 111]",1.7253875732421875,1.978515625,1.8954100608825684,1.978515625,21.452392578125,23.984375,3737968640,3737968640,96,86.36363636363636,273000000,230212121.21212122,4238209024,4238209024,57000,56939.393939393936
dohnuts,distinct_text_5q,5,18,33.13890899880789,"[5, 111]",1.7253875732421875,1.978515625,1.8954100608825684,1.978515625,21.452392578125,23.984375,3737968640,3737968640,96,86.36363636363636,273000000,230212121.21212122,4238209024,4238209024,57000,56939.393939393936
dohnuts,distinct_text_5q,5,19,33.413207973353565,"[5, 111]",1.7253875732421875,1.978515625,1.8954100608825684,1.978515625,21.452392578125,23.984375,3737968640,3737968640,96,86.36363636363636,273000000,230212121.21212122,4238209024,4238209024,57000,56939.393939393936
dohnuts,distinct_text_10q,10,0,41.85717599466443,"[10, 111]",1.7253875732421875,2.203125,2.0739784240722656,2.203125,21.225830078125,23.984375,3978616832,3978616832,98,88.05,298000000,243100000,4238221312,4238221312,58000,57450
dohnuts,distinct_text_10q,10,1,41.59922897815704,"[10, 111]",1.7253875732421875,2.203125,2.0739784240722656,2.203125,21.225830078125,23.984375,3978616832,3978616832,98,88.05,298000000,243100000,4238221312,4238221312,58000,57450
dohnuts,distinct_text_10q,10,2,41.672207007650286,"[10, 111]",1.7253875732421875,2.203125,2.0739784240722656,2.203125,21.225830078125,23.984375,3978616832,3978616832,98,88.05,298000000,243100000,4238221312,4238221312,58000,57450
dohnuts,distinct_text_10q,10,3,41.604517988162115,"[10, 111]",1.7253875732421875,2.203125,2.0739784240722656,2.203125,21.225830078125,23.984375,3978616832,3978616832,98,88.05,298000000,243100000,4238221312,4238221312,58000,57450
dohnuts,distinct_text_10q,10,4,41.57293899334036,"[10, 111]",1.7253875732421875,2.203125,2.0739784240722656,2.203125,21.225830078125,23.984375,3978616832,3978616832,98,88.05,298000000,243100000,4238221312,4238221312,58000,57450
dohnuts,distinct_text_10q,10,5,41.51871599606238,"[10, 111]",1.7253875732421875,2.203125,2.0739784240722656,2.203125,21.225830078125,23.984375,3978616832,3978616832,98,88.05,298000000,243100000,4238221312,4238221312,58000,57450
dohnuts,distinct_text_10q,10,6,41.546268010279164,"[10, 111]",1.7253875732421875,2.203125,2.0739784240722656,2.203125,21.225830078125,23.984375,3978616832,3978616832,98,88.05,298000000,243100000,4238221312,4238221312,58000,57450
dohnuts,distinct_text_10q,10,7,41.64730999036692,"[10, 111]",1.7253875732421875,2.203125,2.0739784240722656,2.203125,21.225830078125,23.984375,3978616832,3978616832,98,88.05,298000000,243100000,4238221312,4238221312,58000,57450
dohnuts,distinct_text_10q,10,8,41.69704299420118,"[10, 111]",1.7253875732421875,2.203125,2.0739784240722656,2.203125,21.225830078125,23.984375,3978616832,3978616832,98,88.05,298000000,243100000,4238221312,4238221312,58000,57450
dohnuts,distinct_text_10q,10,9,41.53094900539145,"[10, 111]",1.7253875732421875,2.203125,2.0739784240722656,2.203125,21.225830078125,23.984375,3978616832,3978616832,98,88.05,298000000,243100000,4238221312,4238221312,58000,57450
dohnuts,distinct_text_10q,10,10,41.535828000633046,"[10, 111]",1.7253875732421875,2.203125,2.0739784240722656,2.203125,21.225830078125,23.984375,3978616832,3978616832,98,88.05,298000000,243100000,4238221312,4238221312,58000,57450
dohnuts,distinct_text_10q,10,11,41.494499979307875,"[10, 111]",1.7253875732421875,2.203125,2.0739784240722656,2.203125,21.225830078125,23.984375,3978616832,3978616832,98,88.05,298000000,243100000,4238221312,4238221312,58000,57450
dohnuts,distinct_text_10q,10,12,41.71184101141989,"[10, 111]",1.7253875732421875,2.203125,2.0739784240722656,2.203125,21.225830078125,23.984375,3978616832,3978616832,98,88.05,298000000,243100000,4238221312,4238221312,58000,57450
dohnuts,distinct_text_10q,10,13,41.57715698238462,"[10, 111]",1.7253875732421875,2.203125,2.0739784240722656,2.203125,21.225830078125,23.984375,3978616832,3978616832,98,88.05,298000000,243100000,4238221312,4238221312,58000,57450
dohnuts,distinct_text_10q,10,14,41.456648003077134,"[10, 111]",1.7253875732421875,2.203125,2.0739784240722656,2.203125,21.225830078125,23.984375,3978616832,3978616832,98,88.05,298000000,243100000,4238221312,4238221312,58000,57450
dohnuts,distinct_text_10q,10,15,41.534275020239875,"[10, 111]",1.7253875732421875,2.203125,2.0739784240722656,2.203125,21.225830078125,23.984375,3978616832,3978616832,98,88.05,298000000,243100000,4238221312,4238221312,58000,57450
dohnuts,distinct_text_10q,10,16,41.49685500306077,"[10, 111]",1.7253875732421875,2.203125,2.0739784240722656,2.203125,21.225830078125,23.984375,3978616832,3978616832,98,88.05,298000000,243100000,4238221312,4238221312,58000,57450
dohnuts,distinct_text_10q,10,17,41.575934010325,"[10, 111]",1.7253875732421875,2.203125,2.0739784240722656,2.203125,21.225830078125,23.984375,3978616832,3978616832,98,88.05,298000000,243100000,4238221312,4238221312,58000,57450
dohnuts,distinct_text_10q,10,18,41.159035987220705,"[10, 111]",1.7253875732421875,2.203125,2.0739784240722656,2.203125,21.225830078125,23.984375,3978616832,3978616832,98,88.05,298000000,243100000,4238221312,4238221312,58000,57450
dohnuts,distinct_text_10q,10,19,41.58053299761377,"[10, 111]",1.7253875732421875,2.203125,2.0739784240722656,2.203125,21.225830078125,23.984375,3978616832,3978616832,98,88.05,298000000,243100000,4238221312,4238221312,58000,57450
dohnuts,distinct_text_50q,50,0,112.17308999039233,"[50, 113]",1.7253875732421875,3.873046875,3.4412803649902344,3.873046875,19.548095703125,23.984375,5771468800,5771468800,100,91.66363636363636,368000000,295763636.3636364,4238307328,4238305764.072727,59000,58745.454545454544
dohnuts,distinct_text_50q,50,1,112.70407499978319,"[50, 113]",1.7253875732421875,3.873046875,3.4412803649902344,3.873046875,19.548095703125,23.984375,5771468800,5771468800,100,91.66363636363636,368000000,295763636.3636364,4238307328,4238305764.072727,59000,58745.454545454544
dohnuts,distinct_text_50q,50,2,112.235979991965,"[50, 113]",1.7253875732421875,3.873046875,3.4412803649902344,3.873046875,19.548095703125,23.984375,5771468800,5771468800,100,91.66363636363636,368000000,295763636.3636364,4238307328,4238305764.072727,59000,58745.454545454544
dohnuts,distinct_text_50q,50,3,113.57850799686275,"[50, 113]",1.7253875732421875,3.873046875,3.4412803649902344,3.873046875,19.548095703125,23.984375,5771468800,5771468800,100,91.66363636363636,368000000,295763636.3636364,4238307328,4238305764.072727,59000,58745.454545454544
dohnuts,distinct_text_50q,50,4,113.06495699682273,"[50, 113]",1.7253875732421875,3.873046875,3.4412803649902344,3.873046875,19.548095703125,23.984375,5771468800,5771468800,100,91.66363636363636,368000000,295763636.3636364,4238307328,4238305764.072727,59000,58745.454545454544
dohnuts,distinct_text_50q,50,5,113.1818080029916,"[50, 113]",1.7253875732421875,3.873046875,3.4412803649902344,3.873046875,19.548095703125,23.984375,5771468800,5771468800,100,91.66363636363636,368000000,295763636.3636364,4238307328,4238305764.072727,59000,58745.454545454544
dohnuts,distinct_text_50q,50,6,111.93871797877364,"[50, 113]",1.7253875732421875,3.873046875,3.4412803649902344,3.873046875,19.548095703125,23.984375,5771468800,5771468800,100,91.66363636363636,368000000,295763636.3636364,4238307328,4238305764.072727,59000,58745.454545454544
dohnuts,distinct_text_50q,50,7,112.6045860000886,"[50, 113]",1.7253875732421875,3.873046875,3.4412803649902344,3.873046875,19.548095703125,23.984375,5771468800,5771468800,100,91.66363636363636,368000000,295763636.3636364,4238307328,4238305764.072727,59000,58745.454545454544
dohnuts,distinct_text_50q,50,8,112.78183199465275,"[50, 113]",1.7253875732421875,3.873046875,3.4412803649902344,3.873046875,19.548095703125,23.984375,5771468800,5771468800,100,91.66363636363636,368000000,295763636.3636364,4238307328,4238305764.072727,59000,58745.454545454544
dohnuts,distinct_text_50q,50,9,112.03028098680079,"[50, 113]",1.7253875732421875,3.873046875,3.4412803649902344,3.873046875,19.548095703125,23.984375,5771468800,5771468800,100,91.66363636363636,368000000,295763636.3636364,4238307328,4238305764.072727,59000,58745.454545454544
dohnuts,distinct_text_50q,50,10,111.91101500298828,"[50, 113]",1.7253875732421875,3.873046875,3.4412803649902344,3.873046875,19.548095703125,23.984375,5771468800,5771468800,100,91.66363636363636,368000000,295763636.3636364,4238307328,4238305764.072727,59000,58745.454545454544
dohnuts,distinct_text_50q,50,11,113.12760598957539,"[50, 113]",1.7253875732421875,3.873046875,3.4412803649902344,3.873046875,19.548095703125,23.984375,5771468800,5771468800,100,91.66363636363636,368000000,295763636.3636364,4238307328,4238305764.072727,59000,58745.454545454544
dohnuts,distinct_text_50q,50,12,113.82922300253995,"[50, 113]",1.7253875732421875,3.873046875,3.4412803649902344,3.873046875,19.548095703125,23.984375,5771468800,5771468800,100,91.66363636363636,368000000,295763636.3636364,4238307328,4238305764.072727,59000,58745.454545454544
dohnuts,distinct_text_50q,50,13,112.89196001598611,"[50, 113]",1.7253875732421875,3.873046875,3.4412803649902344,3.873046875,19.548095703125,23.984375,5771468800,5771468800,100,91.66363636363636,368000000,295763636.3636364,4238307328,4238305764.072727,59000,58745.454545454544
dohnuts,distinct_text_50q,50,14,112.31910699279979,"[50, 113]",1.7253875732421875,3.873046875,3.4412803649902344,3.873046875,19.548095703125,23.984375,5771468800,5771468800,100,91.66363636363636,368000000,295763636.3636364,4238307328,4238305764.072727,59000,58745.454545454544
dohnuts,distinct_text_50q,50,15,112.89282099460252,"[50, 113]",1.7253875732421875,3.873046875,3.4412803649902344,3.873046875,19.548095703125,23.984375,5771468800,5771468800,100,91.66363636363636,368000000,295763636.3636364,4238307328,4238305764.072727,59000,58745.454545454544
dohnuts,distinct_text_50q,50,16,111.61532599362545,"[50, 113]",1.7253875732421875,3.873046875,3.4412803649902344,3.873046875,19.548095703125,23.984375,5771468800,5771468800,100,91.66363636363636,368000000,295763636.3636364,4238307328,4238305764.072727,59000,58745.454545454544
dohnuts,distinct_text_50q,50,17,112.00768800335936,"[50, 113]",1.7253875732421875,3.873046875,3.4412803649902344,3.873046875,19.548095703125,23.984375,5771468800,5771468800,100,91.66363636363636,368000000,295763636.3636364,4238307328,4238305764.072727,59000,58745.454545454544
dohnuts,distinct_text_50q,50,18,112.04148101387545,"[50, 113]",1.7253875732421875,3.873046875,3.4412803649902344,3.873046875,19.548095703125,23.984375,5771468800,5771468800,100,91.66363636363636,368000000,295763636.3636364,4238307328,4238305764.072727,59000,58745.454545454544
dohnuts,distinct_text_50q,50,19,112.41755197988823,"[50, 113]",1.7253875732421875,3.873046875,3.4412803649902344,3.873046875,19.548095703125,23.984375,5771468800,5771468800,100,91.66363636363636,368000000,295763636.3636364,4238307328,4238305764.072727,59000,58745.454545454544
laya-vision,vision_protocol_text_1q,1,0,9.755257007782348,null,0.570406436920166,0.599609375,0.5715675354003906,0.599609375,22.99560546875,23.984375,1891074048,1891074048,97,86.1,140000000,126100000,4263337984,4263337574.4,40000,39700
laya-vision,vision_protocol_text_1q,1,1,9.436674998141825,null,0.570406436920166,0.599609375,0.5715675354003906,0.599609375,22.99560546875,23.984375,1891074048,1891074048,97,86.1,140000000,126100000,4263337984,4263337574.4,40000,39700
laya-vision,vision_protocol_text_1q,1,2,9.519310988252982,null,0.570406436920166,0.599609375,0.5715675354003906,0.599609375,22.99560546875,23.984375,1891074048,1891074048,97,86.1,140000000,126100000,4263337984,4263337574.4,40000,39700
laya-vision,vision_protocol_text_1q,1,3,9.535070988931693,null,0.570406436920166,0.599609375,0.5715675354003906,0.599609375,22.99560546875,23.984375,1891074048,1891074048,97,86.1,140000000,126100000,4263337984,4263337574.4,40000,39700
laya-vision,vision_protocol_text_1q,1,4,9.404324009665288,null,0.570406436920166,0.599609375,0.5715675354003906,0.599609375,22.99560546875,23.984375,1891074048,1891074048,97,86.1,140000000,126100000,4263337984,4263337574.4,40000,39700
laya-vision,vision_protocol_text_1q,1,5,9.383754004375078,null,0.570406436920166,0.599609375,0.5715675354003906,0.599609375,22.99560546875,23.984375,1891074048,1891074048,97,86.1,140000000,126100000,4263337984,4263337574.4,40000,39700
laya-vision,vision_protocol_text_1q,1,6,9.465879993513227,null,0.570406436920166,0.599609375,0.5715675354003906,0.599609375,22.99560546875,23.984375,1891074048,1891074048,97,86.1,140000000,126100000,4263337984,4263337574.4,40000,39700
laya-vision,vision_protocol_text_1q,1,7,9.573483999702148,null,0.570406436920166,0.599609375,0.5715675354003906,0.599609375,22.99560546875,23.984375,1891074048,1891074048,97,86.1,140000000,126100000,4263337984,4263337574.4,40000,39700
laya-vision,vision_protocol_text_1q,1,8,9.410796003066935,null,0.570406436920166,0.599609375,0.5715675354003906,0.599609375,22.99560546875,23.984375,1891074048,1891074048,97,86.1,140000000,126100000,4263337984,4263337574.4,40000,39700
laya-vision,vision_protocol_text_1q,1,9,9.408601996256039,null,0.570406436920166,0.599609375,0.5715675354003906,0.599609375,22.99560546875,23.984375,1891074048,1891074048,97,86.1,140000000,126100000,4263337984,4263337574.4,40000,39700
laya-vision,vision_protocol_text_1q,1,10,9.483301997534,null,0.570406436920166,0.599609375,0.5715675354003906,0.599609375,22.99560546875,23.984375,1891074048,1891074048,97,86.1,140000000,126100000,4263337984,4263337574.4,40000,39700
laya-vision,vision_protocol_text_1q,1,11,9.449207995203324,null,0.570406436920166,0.599609375,0.5715675354003906,0.599609375,22.99560546875,23.984375,1891074048,1891074048,97,86.1,140000000,126100000,4263337984,4263337574.4,40000,39700
laya-vision,vision_protocol_text_1q,1,12,9.473845013417304,null,0.570406436920166,0.599609375,0.5715675354003906,0.599609375,22.99560546875,23.984375,1891074048,1891074048,97,86.1,140000000,126100000,4263337984,4263337574.4,40000,39700
laya-vision,vision_protocol_text_1q,1,13,9.72290599020198,null,0.570406436920166,0.599609375,0.5715675354003906,0.599609375,22.99560546875,23.984375,1891074048,1891074048,97,86.1,140000000,126100000,4263337984,4263337574.4,40000,39700
laya-vision,vision_protocol_text_1q,1,14,9.504843008471653,null,0.570406436920166,0.599609375,0.5715675354003906,0.599609375,22.99560546875,23.984375,1891074048,1891074048,97,86.1,140000000,126100000,4263337984,4263337574.4,40000,39700
laya-vision,vision_protocol_text_1q,1,15,9.331305001978762,null,0.570406436920166,0.599609375,0.5715675354003906,0.599609375,22.99560546875,23.984375,1891074048,1891074048,97,86.1,140000000,126100000,4263337984,4263337574.4,40000,39700
laya-vision,vision_protocol_text_1q,1,16,9.397539994097315,null,0.570406436920166,0.599609375,0.5715675354003906,0.599609375,22.99560546875,23.984375,1891074048,1891074048,97,86.1,140000000,126100000,4263337984,4263337574.4,40000,39700
laya-vision,vision_protocol_text_1q,1,17,9.461541994824074,null,0.570406436920166,0.599609375,0.5715675354003906,0.599609375,22.99560546875,23.984375,1891074048,1891074048,97,86.1,140000000,126100000,4263337984,4263337574.4,40000,39700
laya-vision,vision_protocol_text_1q,1,18,9.496647995547391,null,0.570406436920166,0.599609375,0.5715675354003906,0.599609375,22.99560546875,23.984375,1891074048,1891074048,97,86.1,140000000,126100000,4263337984,4263337574.4,40000,39700
laya-vision,vision_protocol_text_1q,1,19,9.407199002453126,null,0.570406436920166,0.599609375,0.5715675354003906,0.599609375,22.99560546875,23.984375,1891074048,1891074048,97,86.1,140000000,126100000,4263337984,4263337574.4,40000,39700
laya-vision,vision_protocol_text_3q,3,0,12.461967999115586,null,0.570406436920166,0.6015625,0.5741672515869141,0.6015625,22.96630859375,23.984375,1916047360,1916047360,98,90.33333333333333,164000000,147333333.33333334,4328574976,4328574976,41000,40500
laya-vision,vision_protocol_text_3q,3,1,12.038157001370564,null,0.570406436920166,0.6015625,0.5741672515869141,0.6015625,22.96630859375,23.984375,1916047360,1916047360,98,90.33333333333333,164000000,147333333.33333334,4328574976,4328574976,41000,40500
laya-vision,vision_protocol_text_3q,3,2,12.175486001069658,null,0.570406436920166,0.6015625,0.5741672515869141,0.6015625,22.96630859375,23.984375,1916047360,1916047360,98,90.33333333333333,164000000,147333333.33333334,4328574976,4328574976,41000,40500
laya-vision,vision_protocol_text_3q,3,3,12.117316990043037,null,0.570406436920166,0.6015625,0.5741672515869141,0.6015625,22.96630859375,23.984375,1916047360,1916047360,98,90.33333333333333,164000000,147333333.33333334,4328574976,4328574976,41000,40500
laya-vision,vision_protocol_text_3q,3,4,12.111995994928293,null,0.570406436920166,0.6015625,0.5741672515869141,0.6015625,22.96630859375,23.984375,1916047360,1916047360,98,90.33333333333333,164000000,147333333.33333334,4328574976,4328574976,41000,40500
laya-vision,vision_protocol_text_3q,3,5,12.221673998283222,null,0.570406436920166,0.6015625,0.5741672515869141,0.6015625,22.96630859375,23.984375,1916047360,1916047360,98,90.33333333333333,164000000,147333333.33333334,4328574976,4328574976,41000,40500
laya-vision,vision_protocol_text_3q,3,6,12.06578899291344,null,0.570406436920166,0.6015625,0.5741672515869141,0.6015625,22.96630859375,23.984375,1916047360,1916047360,98,90.33333333333333,164000000,147333333.33333334,4328574976,4328574976,41000,40500
laya-vision,vision_protocol_text_3q,3,7,12.017376997391693,null,0.570406436920166,0.6015625,0.5741672515869141,0.6015625,22.96630859375,23.984375,1916047360,1916047360,98,90.33333333333333,164000000,147333333.33333334,4328574976,4328574976,41000,40500
laya-vision,vision_protocol_text_3q,3,8,12.049227996612899,null,0.570406436920166,0.6015625,0.5741672515869141,0.6015625,22.96630859375,23.984375,1916047360,1916047360,98,90.33333333333333,164000000,147333333.33333334,4328574976,4328574976,41000,40500
laya-vision,vision_protocol_text_3q,3,9,12.078072992153466,null,0.570406436920166,0.6015625,0.5741672515869141,0.6015625,22.96630859375,23.984375,1916047360,1916047360,98,90.33333333333333,164000000,147333333.33333334,4328574976,4328574976,41000,40500
laya-vision,vision_protocol_text_3q,3,10,12.092659992049448,null,0.570406436920166,0.6015625,0.5741672515869141,0.6015625,22.96630859375,23.984375,1916047360,1916047360,98,90.33333333333333,164000000,147333333.33333334,4328574976,4328574976,41000,40500
laya-vision,vision_protocol_text_3q,3,11,12.067281000781804,null,0.570406436920166,0.6015625,0.5741672515869141,0.6015625,22.96630859375,23.984375,1916047360,1916047360,98,90.33333333333333,164000000,147333333.33333334,4328574976,4328574976,41000,40500
laya-vision,vision_protocol_text_3q,3,12,12.080305998097174,null,0.570406436920166,0.6015625,0.5741672515869141,0.6015625,22.96630859375,23.984375,1916047360,1916047360,98,90.33333333333333,164000000,147333333.33333334,4328574976,4328574976,41000,40500
laya-vision,vision_protocol_text_3q,3,13,12.098391001927666,null,0.570406436920166,0.6015625,0.5741672515869141,0.6015625,22.96630859375,23.984375,1916047360,1916047360,98,90.33333333333333,164000000,147333333.33333334,4328574976,4328574976,41000,40500
laya-vision,vision_protocol_text_3q,3,14,12.110804003896192,null,0.570406436920166,0.6015625,0.5741672515869141,0.6015625,22.96630859375,23.984375,1916047360,1916047360,98,90.33333333333333,164000000,147333333.33333334,4328574976,4328574976,41000,40500
laya-vision,vision_protocol_text_3q,3,15,12.091467011487111,null,0.570406436920166,0.6015625,0.5741672515869141,0.6015625,22.96630859375,23.984375,1916047360,1916047360,98,90.33333333333333,164000000,147333333.33333334,4328574976,4328574976,41000,40500
laya-vision,vision_protocol_text_3q,3,16,12.11486199463252,null,0.570406436920166,0.6015625,0.5741672515869141,0.6015625,22.96630859375,23.984375,1916047360,1916047360,98,90.33333333333333,164000000,147333333.33333334,4328574976,4328574976,41000,40500
laya-vision,vision_protocol_text_3q,3,17,12.069044998497702,null,0.570406436920166,0.6015625,0.5741672515869141,0.6015625,22.96630859375,23.984375,1916047360,1916047360,98,90.33333333333333,164000000,147333333.33333334,4328574976,4328574976,41000,40500
laya-vision,vision_protocol_text_3q,3,18,12.094042001990601,null,0.570406436920166,0.6015625,0.5741672515869141,0.6015625,22.96630859375,23.984375,1916047360,1916047360,98,90.33333333333333,164000000,147333333.33333334,4328574976,4328574976,41000,40500
laya-vision,vision_protocol_text_3q,3,19,12.119229999370873,null,0.570406436920166,0.6015625,0.5741672515869141,0.6015625,22.96630859375,23.984375,1916047360,1916047360,98,90.33333333333333,164000000,147333333.33333334,4328574976,4328574976,41000,40500
laya-vision,vision_protocol_image_1q,1,0,75.69394599704538,null,0.570406436920166,0.62109375,0.5917091369628906,0.62109375,22.85302734375,23.984375,2023309312,2023309312,99,33.310810810810814,90000000,51283783.783783786,4373663744,4373659924.756757,40000,39418.91891891892
laya-vision,vision_protocol_image_1q,1,1,76.4496760093607,null,0.570406436920166,0.62109375,0.5917091369628906,0.62109375,22.85302734375,23.984375,2023309312,2023309312,99,33.310810810810814,90000000,51283783.783783786,4373663744,4373659924.756757,40000,39418.91891891892
laya-vision,vision_protocol_image_1q,1,2,75.7481979962904,null,0.570406436920166,0.62109375,0.5917091369628906,0.62109375,22.85302734375,23.984375,2023309312,2023309312,99,33.310810810810814,90000000,51283783.783783786,4373663744,4373659924.756757,40000,39418.91891891892
laya-vision,vision_protocol_image_1q,1,3,75.15687998966314,null,0.570406436920166,0.62109375,0.5917091369628906,0.62109375,22.85302734375,23.984375,2023309312,2023309312,99,33.310810810810814,90000000,51283783.783783786,4373663744,4373659924.756757,40000,39418.91891891892
laya-vision,vision_protocol_image_1q,1,4,75.10131500021089,null,0.570406436920166,0.62109375,0.5917091369628906,0.62109375,22.85302734375,23.984375,2023309312,2023309312,99,33.310810810810814,90000000,51283783.783783786,4373663744,4373659924.756757,40000,39418.91891891892
laya-vision,vision_protocol_image_1q,1,5,75.62853200943209,null,0.570406436920166,0.62109375,0.5917091369628906,0.62109375,22.85302734375,23.984375,2023309312,2023309312,99,33.310810810810814,90000000,51283783.783783786,4373663744,4373659924.756757,40000,39418.91891891892
laya-vision,vision_protocol_image_1q,1,6,75.80222099204548,null,0.570406436920166,0.62109375,0.5917091369628906,0.62109375,22.85302734375,23.984375,2023309312,2023309312,99,33.310810810810814,90000000,51283783.783783786,4373663744,4373659924.756757,40000,39418.91891891892
laya-vision,vision_protocol_image_1q,1,7,77.0498409983702,null,0.570406436920166,0.62109375,0.5917091369628906,0.62109375,22.85302734375,23.984375,2023309312,2023309312,99,33.310810810810814,90000000,51283783.783783786,4373663744,4373659924.756757,40000,39418.91891891892
laya-vision,vision_protocol_image_1q,1,8,75.15876300749369,null,0.570406436920166,0.62109375,0.5917091369628906,0.62109375,22.85302734375,23.984375,2023309312,2023309312,99,33.310810810810814,90000000,51283783.783783786,4373663744,4373659924.756757,40000,39418.91891891892
laya-vision,vision_protocol_image_1q,1,9,75.13403698976617,null,0.570406436920166,0.62109375,0.5917091369628906,0.62109375,22.85302734375,23.984375,2023309312,2023309312,99,33.310810810810814,90000000,51283783.783783786,4373663744,4373659924.756757,40000,39418.91891891892
laya-vision,vision_protocol_image_1q,1,10,77.16726300714072,null,0.570406436920166,0.62109375,0.5917091369628906,0.62109375,22.85302734375,23.984375,2023309312,2023309312,99,33.310810810810814,90000000,51283783.783783786,4373663744,4373659924.756757,40000,39418.91891891892
laya-vision,vision_protocol_image_1q,1,11,75.39324699610006,null,0.570406436920166,0.62109375,0.5917091369628906,0.62109375,22.85302734375,23.984375,2023309312,2023309312,99,33.310810810810814,90000000,51283783.783783786,4373663744,4373659924.756757,40000,39418.91891891892
laya-vision,vision_protocol_image_1q,1,12,75.23911500175018,null,0.570406436920166,0.62109375,0.5917091369628906,0.62109375,22.85302734375,23.984375,2023309312,2023309312,99,33.310810810810814,90000000,51283783.783783786,4373663744,4373659924.756757,40000,39418.91891891892
laya-vision,vision_protocol_image_1q,1,13,75.53313099197112,null,0.570406436920166,0.62109375,0.5917091369628906,0.62109375,22.85302734375,23.984375,2023309312,2023309312,99,33.310810810810814,90000000,51283783.783783786,4373663744,4373659924.756757,40000,39418.91891891892
laya-vision,vision_protocol_image_1q,1,14,75.42088899936061,null,0.570406436920166,0.62109375,0.5917091369628906,0.62109375,22.85302734375,23.984375,2023309312,2023309312,99,33.310810810810814,90000000,51283783.783783786,4373663744,4373659924.756757,40000,39418.91891891892
laya-vision,vision_protocol_image_1q,1,15,74.90726800460834,null,0.570406436920166,0.62109375,0.5917091369628906,0.62109375,22.85302734375,23.984375,2023309312,2023309312,99,33.310810810810814,90000000,51283783.783783786,4373663744,4373659924.756757,40000,39418.91891891892
laya-vision,vision_protocol_image_1q,1,16,75.31932700658217,null,0.570406436920166,0.62109375,0.5917091369628906,0.62109375,22.85302734375,23.984375,2023309312,2023309312,99,33.310810810810814,90000000,51283783.783783786,4373663744,4373659924.756757,40000,39418.91891891892
laya-vision,vision_protocol_image_1q,1,17,75.22918700124137,null,0.570406436920166,0.62109375,0.5917091369628906,0.62109375,22.85302734375,23.984375,2023309312,2023309312,99,33.310810810810814,90000000,51283783.783783786,4373663744,4373659924.756757,40000,39418.91891891892
laya-vision,vision_protocol_image_1q,1,18,75.4257289954694,null,0.570406436920166,0.62109375,0.5917091369628906,0.62109375,22.85302734375,23.984375,2023309312,2023309312,99,33.310810810810814,90000000,51283783.783783786,4373663744,4373659924.756757,40000,39418.91891891892
laya-vision,vision_protocol_image_1q,1,19,75.34655800554901,null,0.570406436920166,0.62109375,0.5917091369628906,0.62109375,22.85302734375,23.984375,2023309312,2023309312,99,33.310810810810814,90000000,51283783.783783786,4373663744,4373659924.756757,40000,39418.91891891892
laya-vision,vision_protocol_image_3q,3,0,77.61729501362424,null,0.570406436920166,0.623046875,0.5917091369628906,0.623046875,22.85107421875,23.984375,2027503616,2027503616,99,35.30263157894737,114000000,56986842.10526316,4373671936,4373671936,40000,39763.15789473684
laya-vision,vision_protocol_image_3q,3,1,77.86430200212635,null,0.570406436920166,0.623046875,0.5917091369628906,0.623046875,22.85107421875,23.984375,2027503616,2027503616,99,35.30263157894737,114000000,56986842.10526316,4373671936,4373671936,40000,39763.15789473684
laya-vision,vision_protocol_image_3q,3,2,77.64406599744689,null,0.570406436920166,0.623046875,0.5917091369628906,0.623046875,22.85107421875,23.984375,2027503616,2027503616,99,35.30263157894737,114000000,56986842.10526316,4373671936,4373671936,40000,39763.15789473684
laya-vision,vision_protocol_image_3q,3,3,78.37423699675128,null,0.570406436920166,0.623046875,0.5917091369628906,0.623046875,22.85107421875,23.984375,2027503616,2027503616,99,35.30263157894737,114000000,56986842.10526316,4373671936,4373671936,40000,39763.15789473684
laya-vision,vision_protocol_image_3q,3,4,78.74091099074576,null,0.570406436920166,0.623046875,0.5917091369628906,0.623046875,22.85107421875,23.984375,2027503616,2027503616,99,35.30263157894737,114000000,56986842.10526316,4373671936,4373671936,40000,39763.15789473684
laya-vision,vision_protocol_image_3q,3,5,77.9474799928721,null,0.570406436920166,0.623046875,0.5917091369628906,0.623046875,22.85107421875,23.984375,2027503616,2027503616,99,35.30263157894737,114000000,56986842.10526316,4373671936,4373671936,40000,39763.15789473684
laya-vision,vision_protocol_image_3q,3,6,78.46097199944779,null,0.570406436920166,0.623046875,0.5917091369628906,0.623046875,22.85107421875,23.984375,2027503616,2027503616,99,35.30263157894737,114000000,56986842.10526316,4373671936,4373671936,40000,39763.15789473684
laya-vision,vision_protocol_image_3q,3,7,78.10431599500589,null,0.570406436920166,0.623046875,0.5917091369628906,0.623046875,22.85107421875,23.984375,2027503616,2027503616,99,35.30263157894737,114000000,56986842.10526316,4373671936,4373671936,40000,39763.15789473684
laya-vision,vision_protocol_image_3q,3,8,77.80872700095642,null,0.570406436920166,0.623046875,0.5917091369628906,0.623046875,22.85107421875,23.984375,2027503616,2027503616,99,35.30263157894737,114000000,56986842.10526316,4373671936,4373671936,40000,39763.15789473684
laya-vision,vision_protocol_image_3q,3,9,77.85534499271307,null,0.570406436920166,0.623046875,0.5917091369628906,0.623046875,22.85107421875,23.984375,2027503616,2027503616,99,35.30263157894737,114000000,56986842.10526316,4373671936,4373671936,40000,39763.15789473684
laya-vision,vision_protocol_image_3q,3,10,77.875713002868,null,0.570406436920166,0.623046875,0.5917091369628906,0.623046875,22.85107421875,23.984375,2027503616,2027503616,99,35.30263157894737,114000000,56986842.10526316,4373671936,4373671936,40000,39763.15789473684
laya-vision,vision_protocol_image_3q,3,11,78.093785996316,null,0.570406436920166,0.623046875,0.5917091369628906,0.623046875,22.85107421875,23.984375,2027503616,2027503616,99,35.30263157894737,114000000,56986842.10526316,4373671936,4373671936,40000,39763.15789473684
laya-vision,vision_protocol_image_3q,3,12,77.71153299836442,null,0.570406436920166,0.623046875,0.5917091369628906,0.623046875,22.85107421875,23.984375,2027503616,2027503616,99,35.30263157894737,114000000,56986842.10526316,4373671936,4373671936,40000,39763.15789473684
laya-vision,vision_protocol_image_3q,3,13,78.50137700734194,null,0.570406436920166,0.623046875,0.5917091369628906,0.623046875,22.85107421875,23.984375,2027503616,2027503616,99,35.30263157894737,114000000,56986842.10526316,4373671936,4373671936,40000,39763.15789473684
laya-vision,vision_protocol_image_3q,3,14,77.8981460025534,null,0.570406436920166,0.623046875,0.5917091369628906,0.623046875,22.85107421875,23.984375,2027503616,2027503616,99,35.30263157894737,114000000,56986842.10526316,4373671936,4373671936,40000,39763.15789473684
laya-vision,vision_protocol_image_3q,3,15,77.54726200073492,null,0.570406436920166,0.623046875,0.5917091369628906,0.623046875,22.85107421875,23.984375,2027503616,2027503616,99,35.30263157894737,114000000,56986842.10526316,4373671936,4373671936,40000,39763.15789473684
laya-vision,vision_protocol_image_3q,3,16,78.02344299852848,null,0.570406436920166,0.623046875,0.5917091369628906,0.623046875,22.85107421875,23.984375,2027503616,2027503616,99,35.30263157894737,114000000,56986842.10526316,4373671936,4373671936,40000,39763.15789473684
laya-vision,vision_protocol_image_3q,3,17,77.51544199709315,null,0.570406436920166,0.623046875,0.5917091369628906,0.623046875,22.85107421875,23.984375,2027503616,2027503616,99,35.30263157894737,114000000,56986842.10526316,4373671936,4373671936,40000,39763.15789473684
laya-vision,vision_protocol_image_3q,3,18,77.93653900444042,null,0.570406436920166,0.623046875,0.5917091369628906,0.623046875,22.85107421875,23.984375,2027503616,2027503616,99,35.30263157894737,114000000,56986842.10526316,4373671936,4373671936,40000,39763.15789473684
laya-vision,vision_protocol_image_3q,3,19,77.87824900879059,null,0.570406436920166,0.623046875,0.5917091369628906,0.623046875,22.85107421875,23.984375,2027503616,2027503616,99,35.30263157894737,114000000,56986842.10526316,4373671936,4373671936,40000,39763.15789473684
laya-vision,distinct_text_1q,1,0,11.016964999726042,null,0.570406436920166,0.6015625,0.5730791091918945,0.6015625,22.87255859375,23.984375,2008629248,2008629248,98,90.0909090909091,157000000,145090909.0909091,4373671936,4373671936,41000,40454.545454545456
laya-vision,distinct_text_1q,1,1,11.032704001991078,null,0.570406436920166,0.6015625,0.5730791091918945,0.6015625,22.87255859375,23.984375,2008629248,2008629248,98,90.0909090909091,157000000,145090909.0909091,4373671936,4373671936,41000,40454.545454545456
laya-vision,distinct_text_1q,1,2,10.983211002894677,null,0.570406436920166,0.6015625,0.5730791091918945,0.6015625,22.87255859375,23.984375,2008629248,2008629248,98,90.0909090909091,157000000,145090909.0909091,4373671936,4373671936,41000,40454.545454545456
laya-vision,distinct_text_1q,1,3,11.052201996790245,null,0.570406436920166,0.6015625,0.5730791091918945,0.6015625,22.87255859375,23.984375,2008629248,2008629248,98,90.0909090909091,157000000,145090909.0909091,4373671936,4373671936,41000,40454.545454545456
laya-vision,distinct_text_1q,1,4,11.00281800609082,null,0.570406436920166,0.6015625,0.5730791091918945,0.6015625,22.87255859375,23.984375,2008629248,2008629248,98,90.0909090909091,157000000,145090909.0909091,4373671936,4373671936,41000,40454.545454545456
laya-vision,distinct_text_1q,1,5,10.960326995700598,null,0.570406436920166,0.6015625,0.5730791091918945,0.6015625,22.87255859375,23.984375,2008629248,2008629248,98,90.0909090909091,157000000,145090909.0909091,4373671936,4373671936,41000,40454.545454545456
laya-vision,distinct_text_1q,1,6,10.955467994790524,null,0.570406436920166,0.6015625,0.5730791091918945,0.6015625,22.87255859375,23.984375,2008629248,2008629248,98,90.0909090909091,157000000,145090909.0909091,4373671936,4373671936,41000,40454.545454545456
laya-vision,distinct_text_1q,1,7,11.083099991083145,null,0.570406436920166,0.6015625,0.5730791091918945,0.6015625,22.87255859375,23.984375,2008629248,2008629248,98,90.0909090909091,157000000,145090909.0909091,4373671936,4373671936,41000,40454.545454545456
laya-vision,distinct_text_1q,1,8,11.02094199450221,null,0.570406436920166,0.6015625,0.5730791091918945,0.6015625,22.87255859375,23.984375,2008629248,2008629248,98,90.0909090909091,157000000,145090909.0909091,4373671936,4373671936,41000,40454.545454545456
laya-vision,distinct_text_1q,1,9,10.895034007262439,null,0.570406436920166,0.6015625,0.5730791091918945,0.6015625,22.87255859375,23.984375,2008629248,2008629248,98,90.0909090909091,157000000,145090909.0909091,4373671936,4373671936,41000,40454.545454545456
laya-vision,distinct_text_1q,1,10,10.953204007819295,null,0.570406436920166,0.6015625,0.5730791091918945,0.6015625,22.87255859375,23.984375,2008629248,2008629248,98,90.0909090909091,157000000,145090909.0909091,4373671936,4373671936,41000,40454.545454545456
laya-vision,distinct_text_1q,1,11,11.094852001406252,null,0.570406436920166,0.6015625,0.5730791091918945,0.6015625,22.87255859375,23.984375,2008629248,2008629248,98,90.0909090909091,157000000,145090909.0909091,4373671936,4373671936,41000,40454.545454545456
laya-vision,distinct_text_1q,1,12,10.949477000394836,null,0.570406436920166,0.6015625,0.5730791091918945,0.6015625,22.87255859375,23.984375,2008629248,2008629248,98,90.0909090909091,157000000,145090909.0909091,4373671936,4373671936,41000,40454.545454545456
laya-vision,distinct_text_1q,1,13,11.015481999493204,null,0.570406436920166,0.6015625,0.5730791091918945,0.6015625,22.87255859375,23.984375,2008629248,2008629248,98,90.0909090909091,157000000,145090909.0909091,4373671936,4373671936,41000,40454.545454545456
laya-vision,distinct_text_1q,1,14,10.932304998277687,null,0.570406436920166,0.6015625,0.5730791091918945,0.6015625,22.87255859375,23.984375,2008629248,2008629248,98,90.0909090909091,157000000,145090909.0909091,4373671936,4373671936,41000,40454.545454545456
laya-vision,distinct_text_1q,1,15,11.053042995627038,null,0.570406436920166,0.6015625,0.5730791091918945,0.6015625,22.87255859375,23.984375,2008629248,2008629248,98,90.0909090909091,157000000,145090909.0909091,4373671936,4373671936,41000,40454.545454545456
laya-vision,distinct_text_1q,1,16,10.933025987469591,null,0.570406436920166,0.6015625,0.5730791091918945,0.6015625,22.87255859375,23.984375,2008629248,2008629248,98,90.0909090909091,157000000,145090909.0909091,4373671936,4373671936,41000,40454.545454545456
laya-vision,distinct_text_1q,1,17,10.703029998694547,null,0.570406436920166,0.6015625,0.5730791091918945,0.6015625,22.87255859375,23.984375,2008629248,2008629248,98,90.0909090909091,157000000,145090909.0909091,4373671936,4373671936,41000,40454.545454545456
laya-vision,distinct_text_1q,1,18,11.006675005774014,null,0.570406436920166,0.6015625,0.5730791091918945,0.6015625,22.87255859375,23.984375,2008629248,2008629248,98,90.0909090909091,157000000,145090909.0909091,4373671936,4373671936,41000,40454.545454545456
laya-vision,distinct_text_1q,1,19,11.015852011041716,null,0.570406436920166,0.6015625,0.5730791091918945,0.6015625,22.87255859375,23.984375,2008629248,2008629248,98,90.0909090909091,157000000,145090909.0909091,4373671936,4373671936,41000,40454.545454545456
laya-vision,distinct_text_5q,5,0,16.068802011432126,null,0.570406436920166,0.60546875,0.5852756500244141,0.60546875,22.86865234375,23.984375,2014920704,2014920704,96,90.6875,243000000,210250000,4373671936,4373671936,43000,42125
laya-vision,distinct_text_5q,5,1,15.847574002691545,null,0.570406436920166,0.60546875,0.5852756500244141,0.60546875,22.86865234375,23.984375,2014920704,2014920704,96,90.6875,243000000,210250000,4373671936,4373671936,43000,42125
laya-vision,distinct_text_5q,5,2,15.862733009271324,null,0.570406436920166,0.60546875,0.5852756500244141,0.60546875,22.86865234375,23.984375,2014920704,2014920704,96,90.6875,243000000,210250000,4373671936,4373671936,43000,42125
laya-vision,distinct_text_5q,5,3,15.883061001659371,null,0.570406436920166,0.60546875,0.5852756500244141,0.60546875,22.86865234375,23.984375,2014920704,2014920704,96,90.6875,243000000,210250000,4373671936,4373671936,43000,42125
laya-vision,distinct_text_5q,5,4,15.899563004495576,null,0.570406436920166,0.60546875,0.5852756500244141,0.60546875,22.86865234375,23.984375,2014920704,2014920704,96,90.6875,243000000,210250000,4373671936,4373671936,43000,42125
laya-vision,distinct_text_5q,5,5,15.839208994293585,null,0.570406436920166,0.60546875,0.5852756500244141,0.60546875,22.86865234375,23.984375,2014920704,2014920704,96,90.6875,243000000,210250000,4373671936,4373671936,43000,42125
laya-vision,distinct_text_5q,5,6,15.816073995665647,null,0.570406436920166,0.60546875,0.5852756500244141,0.60546875,22.86865234375,23.984375,2014920704,2014920704,96,90.6875,243000000,210250000,4373671936,4373671936,43000,42125
laya-vision,distinct_text_5q,5,7,15.863584994804114,null,0.570406436920166,0.60546875,0.5852756500244141,0.60546875,22.86865234375,23.984375,2014920704,2014920704,96,90.6875,243000000,210250000,4373671936,4373671936,43000,42125
laya-vision,distinct_text_5q,5,8,15.85643099679146,null,0.570406436920166,0.60546875,0.5852756500244141,0.60546875,22.86865234375,23.984375,2014920704,2014920704,96,90.6875,243000000,210250000,4373671936,4373671936,43000,42125
laya-vision,distinct_text_5q,5,9,15.949266002280638,null,0.570406436920166,0.60546875,0.5852756500244141,0.60546875,22.86865234375,23.984375,2014920704,2014920704,96,90.6875,243000000,210250000,4373671936,4373671936,43000,42125
laya-vision,distinct_text_5q,5,10,15.865408000536263,null,0.570406436920166,0.60546875,0.5852756500244141,0.60546875,22.86865234375,23.984375,2014920704,2014920704,96,90.6875,243000000,210250000,4373671936,4373671936,43000,42125
laya-vision,distinct_text_5q,5,11,15.918958990368992,null,0.570406436920166,0.60546875,0.5852756500244141,0.60546875,22.86865234375,23.984375,2014920704,2014920704,96,90.6875,243000000,210250000,4373671936,4373671936,43000,42125
laya-vision,distinct_text_5q,5,12,15.891497998381965,null,0.570406436920166,0.60546875,0.5852756500244141,0.60546875,22.86865234375,23.984375,2014920704,2014920704,96,90.6875,243000000,210250000,4373671936,4373671936,43000,42125
laya-vision,distinct_text_5q,5,13,15.857171994866803,null,0.570406436920166,0.60546875,0.5852756500244141,0.60546875,22.86865234375,23.984375,2014920704,2014920704,96,90.6875,243000000,210250000,4373671936,4373671936,43000,42125
laya-vision,distinct_text_5q,5,14,15.868824993958697,null,0.570406436920166,0.60546875,0.5852756500244141,0.60546875,22.86865234375,23.984375,2014920704,2014920704,96,90.6875,243000000,210250000,4373671936,4373671936,43000,42125
laya-vision,distinct_text_5q,5,15,15.93861699802801,null,0.570406436920166,0.60546875,0.5852756500244141,0.60546875,22.86865234375,23.984375,2014920704,2014920704,96,90.6875,243000000,210250000,4373671936,4373671936,43000,42125
laya-vision,distinct_text_5q,5,16,15.887810004642233,null,0.570406436920166,0.60546875,0.5852756500244141,0.60546875,22.86865234375,23.984375,2014920704,2014920704,96,90.6875,243000000,210250000,4373671936,4373671936,43000,42125
laya-vision,distinct_text_5q,5,17,15.943405000143684,null,0.570406436920166,0.60546875,0.5852756500244141,0.60546875,22.86865234375,23.984375,2014920704,2014920704,96,90.6875,243000000,210250000,4373671936,4373671936,43000,42125
laya-vision,distinct_text_5q,5,18,16.008808990591206,null,0.570406436920166,0.60546875,0.5852756500244141,0.60546875,22.86865234375,23.984375,2014920704,2014920704,96,90.6875,243000000,210250000,4373671936,4373671936,43000,42125
laya-vision,distinct_text_5q,5,19,15.920642006676644,null,0.570406436920166,0.60546875,0.5852756500244141,0.60546875,22.86865234375,23.984375,2014920704,2014920704,96,90.6875,243000000,210250000,4373671936,4373671936,43000,42125
laya-vision,distinct_text_10q,10,0,31.24377400672529,null,0.570406436920166,0.62109375,0.5942854881286621,0.62109375,22.85302734375,23.984375,2037989376,2037989376,99,93.06451612903226,243000000,210741935.48387095,4373684224,4373681449.290322,43000,42870.967741935485
laya-vision,distinct_text_10q,10,1,30.86822399927769,null,0.570406436920166,0.62109375,0.5942854881286621,0.62109375,22.85302734375,23.984375,2037989376,2037989376,99,93.06451612903226,243000000,210741935.48387095,4373684224,4373681449.290322,43000,42870.967741935485
laya-vision,distinct_text_10q,10,2,31.047673997818492,null,0.570406436920166,0.62109375,0.5942854881286621,0.62109375,22.85302734375,23.984375,2037989376,2037989376,99,93.06451612903226,243000000,210741935.48387095,4373684224,4373681449.290322,43000,42870.967741935485
laya-vision,distinct_text_10q,10,3,30.938276002416387,null,0.570406436920166,0.62109375,0.5942854881286621,0.62109375,22.85302734375,23.984375,2037989376,2037989376,99,93.06451612903226,243000000,210741935.48387095,4373684224,4373681449.290322,43000,42870.967741935485
laya-vision,distinct_text_10q,10,4,30.83369799423963,null,0.570406436920166,0.62109375,0.5942854881286621,0.62109375,22.85302734375,23.984375,2037989376,2037989376,99,93.06451612903226,243000000,210741935.48387095,4373684224,4373681449.290322,43000,42870.967741935485
laya-vision,distinct_text_10q,10,5,30.9523129981244,null,0.570406436920166,0.62109375,0.5942854881286621,0.62109375,22.85302734375,23.984375,2037989376,2037989376,99,93.06451612903226,243000000,210741935.48387095,4373684224,4373681449.290322,43000,42870.967741935485
laya-vision,distinct_text_10q,10,6,31.0623109980952,null,0.570406436920166,0.62109375,0.5942854881286621,0.62109375,22.85302734375,23.984375,2037989376,2037989376,99,93.06451612903226,243000000,210741935.48387095,4373684224,4373681449.290322,43000,42870.967741935485
laya-vision,distinct_text_10q,10,7,31.016383989481255,null,0.570406436920166,0.62109375,0.5942854881286621,0.62109375,22.85302734375,23.984375,2037989376,2037989376,99,93.06451612903226,243000000,210741935.48387095,4373684224,4373681449.290322,43000,42870.967741935485
laya-vision,distinct_text_10q,10,8,30.74332801043056,null,0.570406436920166,0.62109375,0.5942854881286621,0.62109375,22.85302734375,23.984375,2037989376,2037989376,99,93.06451612903226,243000000,210741935.48387095,4373684224,4373681449.290322,43000,42870.967741935485
laya-vision,distinct_text_10q,10,9,30.764317998546176,null,0.570406436920166,0.62109375,0.5942854881286621,0.62109375,22.85302734375,23.984375,2037989376,2037989376,99,93.06451612903226,243000000,210741935.48387095,4373684224,4373681449.290322,43000,42870.967741935485
laya-vision,distinct_text_10q,10,10,30.78509600891266,null,0.570406436920166,0.62109375,0.5942854881286621,0.62109375,22.85302734375,23.984375,2037989376,2037989376,99,93.06451612903226,243000000,210741935.48387095,4373684224,4373681449.290322,43000,42870.967741935485
laya-vision,distinct_text_10q,10,11,30.89483499934431,null,0.570406436920166,0.62109375,0.5942854881286621,0.62109375,22.85302734375,23.984375,2037989376,2037989376,99,93.06451612903226,243000000,210741935.48387095,4373684224,4373681449.290322,43000,42870.967741935485
laya-vision,distinct_text_10q,10,12,30.872721996274777,null,0.570406436920166,0.62109375,0.5942854881286621,0.62109375,22.85302734375,23.984375,2037989376,2037989376,99,93.06451612903226,243000000,210741935.48387095,4373684224,4373681449.290322,43000,42870.967741935485
laya-vision,distinct_text_10q,10,13,31.077911000465974,null,0.570406436920166,0.62109375,0.5942854881286621,0.62109375,22.85302734375,23.984375,2037989376,2037989376,99,93.06451612903226,243000000,210741935.48387095,4373684224,4373681449.290322,43000,42870.967741935485
laya-vision,distinct_text_10q,10,14,30.90597600385081,null,0.570406436920166,0.62109375,0.5942854881286621,0.62109375,22.85302734375,23.984375,2037989376,2037989376,99,93.06451612903226,243000000,210741935.48387095,4373684224,4373681449.290322,43000,42870.967741935485
laya-vision,distinct_text_10q,10,15,30.938657000660896,null,0.570406436920166,0.62109375,0.5942854881286621,0.62109375,22.85302734375,23.984375,2037989376,2037989376,99,93.06451612903226,243000000,210741935.48387095,4373684224,4373681449.290322,43000,42870.967741935485
laya-vision,distinct_text_10q,10,16,30.85150200058706,null,0.570406436920166,0.62109375,0.5942854881286621,0.62109375,22.85302734375,23.984375,2037989376,2037989376,99,93.06451612903226,243000000,210741935.48387095,4373684224,4373681449.290322,43000,42870.967741935485
laya-vision,distinct_text_10q,10,17,30.92475100129377,null,0.570406436920166,0.62109375,0.5942854881286621,0.62109375,22.85302734375,23.984375,2037989376,2037989376,99,93.06451612903226,243000000,210741935.48387095,4373684224,4373681449.290322,43000,42870.967741935485
laya-vision,distinct_text_10q,10,18,30.88737999496516,null,0.570406436920166,0.62109375,0.5942854881286621,0.62109375,22.85302734375,23.984375,2037989376,2037989376,99,93.06451612903226,243000000,210741935.48387095,4373684224,4373681449.290322,43000,42870.967741935485
laya-vision,distinct_text_10q,10,19,30.884745996445417,null,0.570406436920166,0.62109375,0.5942854881286621,0.62109375,22.85302734375,23.984375,2037989376,2037989376,99,93.06451612903226,243000000,210741935.48387095,4373684224,4373681449.290322,43000,42870.967741935485
laya-vision,distinct_text_50q,50,0,126.16226400132291,null,0.570406436920166,0.62109375,0.5945944786071777,0.62109375,22.85302734375,23.984375,2040086528,2040086394.796748,99,93.73170731707317,277000000,231382113.8211382,4373803008,4373798412.487804,45000,44569.10569105691
laya-vision,distinct_text_50q,50,1,125.52530800167006,null,0.570406436920166,0.62109375,0.5945944786071777,0.62109375,22.85302734375,23.984375,2040086528,2040086394.796748,99,93.73170731707317,277000000,231382113.8211382,4373803008,4373798412.487804,45000,44569.10569105691
laya-vision,distinct_text_50q,50,2,125.66572400100995,null,0.570406436920166,0.62109375,0.5945944786071777,0.62109375,22.85302734375,23.984375,2040086528,2040086394.796748,99,93.73170731707317,277000000,231382113.8211382,4373803008,4373798412.487804,45000,44569.10569105691
laya-vision,distinct_text_50q,50,3,125.48280799819622,null,0.570406436920166,0.62109375,0.5945944786071777,0.62109375,22.85302734375,23.984375,2040086528,2040086394.796748,99,93.73170731707317,277000000,231382113.8211382,4373803008,4373798412.487804,45000,44569.10569105691
laya-vision,distinct_text_50q,50,4,126.26219299272634,null,0.570406436920166,0.62109375,0.5945944786071777,0.62109375,22.85302734375,23.984375,2040086528,2040086394.796748,99,93.73170731707317,277000000,231382113.8211382,4373803008,4373798412.487804,45000,44569.10569105691
laya-vision,distinct_text_50q,50,5,127.14278900239151,null,0.570406436920166,0.62109375,0.5945944786071777,0.62109375,22.85302734375,23.984375,2040086528,2040086394.796748,99,93.73170731707317,277000000,231382113.8211382,4373803008,4373798412.487804,45000,44569.10569105691
laya-vision,distinct_text_50q,50,6,125.62664000142831,null,0.570406436920166,0.62109375,0.5945944786071777,0.62109375,22.85302734375,23.984375,2040086528,2040086394.796748,99,93.73170731707317,277000000,231382113.8211382,4373803008,4373798412.487804,45000,44569.10569105691
laya-vision,distinct_text_50q,50,7,125.64162899798248,null,0.570406436920166,0.62109375,0.5945944786071777,0.62109375,22.85302734375,23.984375,2040086528,2040086394.796748,99,93.73170731707317,277000000,231382113.8211382,4373803008,4373798412.487804,45000,44569.10569105691
laya-vision,distinct_text_50q,50,8,125.07081900548656,null,0.570406436920166,0.62109375,0.5945944786071777,0.62109375,22.85302734375,23.984375,2040086528,2040086394.796748,99,93.73170731707317,277000000,231382113.8211382,4373803008,4373798412.487804,45000,44569.10569105691
laya-vision,distinct_text_50q,50,9,125.12079300358891,null,0.570406436920166,0.62109375,0.5945944786071777,0.62109375,22.85302734375,23.984375,2040086528,2040086394.796748,99,93.73170731707317,277000000,231382113.8211382,4373803008,4373798412.487804,45000,44569.10569105691
laya-vision,distinct_text_50q,50,10,125.21096400450915,null,0.570406436920166,0.62109375,0.5945944786071777,0.62109375,22.85302734375,23.984375,2040086528,2040086394.796748,99,93.73170731707317,277000000,231382113.8211382,4373803008,4373798412.487804,45000,44569.10569105691
laya-vision,distinct_text_50q,50,11,126.03659600426909,null,0.570406436920166,0.62109375,0.5945944786071777,0.62109375,22.85302734375,23.984375,2040086528,2040086394.796748,99,93.73170731707317,277000000,231382113.8211382,4373803008,4373798412.487804,45000,44569.10569105691
laya-vision,distinct_text_50q,50,12,126.03460199898109,null,0.570406436920166,0.62109375,0.5945944786071777,0.62109375,22.85302734375,23.984375,2040086528,2040086394.796748,99,93.73170731707317,277000000,231382113.8211382,4373803008,4373798412.487804,45000,44569.10569105691
laya-vision,distinct_text_50q,50,13,125.93253899831325,null,0.570406436920166,0.62109375,0.5945944786071777,0.62109375,22.85302734375,23.984375,2040086528,2040086394.796748,99,93.73170731707317,277000000,231382113.8211382,4373803008,4373798412.487804,45000,44569.10569105691
laya-vision,distinct_text_50q,50,14,125.62995700864121,null,0.570406436920166,0.62109375,0.5945944786071777,0.62109375,22.85302734375,23.984375,2040086528,2040086394.796748,99,93.73170731707317,277000000,231382113.8211382,4373803008,4373798412.487804,45000,44569.10569105691
laya-vision,distinct_text_50q,50,15,125.30728599813301,null,0.570406436920166,0.62109375,0.5945944786071777,0.62109375,22.85302734375,23.984375,2040086528,2040086394.796748,99,93.73170731707317,277000000,231382113.8211382,4373803008,4373798412.487804,45000,44569.10569105691
laya-vision,distinct_text_50q,50,16,125.00120700860862,null,0.570406436920166,0.62109375,0.5945944786071777,0.62109375,22.85302734375,23.984375,2040086528,2040086394.796748,99,93.73170731707317,277000000,231382113.8211382,4373803008,4373798412.487804,45000,44569.10569105691
laya-vision,distinct_text_50q,50,17,124.95789500826504,null,0.570406436920166,0.62109375,0.5945944786071777,0.62109375,22.85302734375,23.984375,2040086528,2040086394.796748,99,93.73170731707317,277000000,231382113.8211382,4373803008,4373798412.487804,45000,44569.10569105691
laya-vision,distinct_text_50q,50,18,125.41452900040895,null,0.570406436920166,0.62109375,0.5945944786071777,0.62109375,22.85302734375,23.984375,2040086528,2040086394.796748,99,93.73170731707317,277000000,231382113.8211382,4373803008,4373798412.487804,45000,44569.10569105691
laya-vision,distinct_text_50q,50,19,126.39667699113488,null,0.570406436920166,0.62109375,0.5945944786071777,0.62109375,22.85302734375,23.984375,2040086528,2040086394.796748,99,93.73170731707317,277000000,231382113.8211382,4373803008,4373798412.487804,45000,44569.10569105691
laya,vision_protocol_text_1q,1,0,10.671241005184129,null,1.3234753608703613,1.583984375,1.5675296783447266,1.583984375,22.03271484375,23.984375,2921357312,2921357312,97,87.63636363636364,152000000,138636363.63636363,4426465280,4426465280,40000,39090.90909090909
laya,vision_protocol_text_1q,1,1,10.31321300251875,null,1.3234753608703613,1.583984375,1.5675296783447266,1.583984375,22.03271484375,23.984375,2921357312,2921357312,97,87.63636363636364,152000000,138636363.63636363,4426465280,4426465280,40000,39090.90909090909
laya,vision_protocol_text_1q,1,2,10.748396001872607,null,1.3234753608703613,1.583984375,1.5675296783447266,1.583984375,22.03271484375,23.984375,2921357312,2921357312,97,87.63636363636364,152000000,138636363.63636363,4426465280,4426465280,40000,39090.90909090909
laya,vision_protocol_text_1q,1,3,10.342257999582216,null,1.3234753608703613,1.583984375,1.5675296783447266,1.583984375,22.03271484375,23.984375,2921357312,2921357312,97,87.63636363636364,152000000,138636363.63636363,4426465280,4426465280,40000,39090.90909090909
laya,vision_protocol_text_1q,1,4,10.321478999685496,null,1.3234753608703613,1.583984375,1.5675296783447266,1.583984375,22.03271484375,23.984375,2921357312,2921357312,97,87.63636363636364,152000000,138636363.63636363,4426465280,4426465280,40000,39090.90909090909
laya,vision_protocol_text_1q,1,5,10.357277002185583,null,1.3234753608703613,1.583984375,1.5675296783447266,1.583984375,22.03271484375,23.984375,2921357312,2921357312,97,87.63636363636364,152000000,138636363.63636363,4426465280,4426465280,40000,39090.90909090909
laya,vision_protocol_text_1q,1,6,10.282504998031072,null,1.3234753608703613,1.583984375,1.5675296783447266,1.583984375,22.03271484375,23.984375,2921357312,2921357312,97,87.63636363636364,152000000,138636363.63636363,4426465280,4426465280,40000,39090.90909090909
laya,vision_protocol_text_1q,1,7,10.243871991406195,null,1.3234753608703613,1.583984375,1.5675296783447266,1.583984375,22.03271484375,23.984375,2921357312,2921357312,97,87.63636363636364,152000000,138636363.63636363,4426465280,4426465280,40000,39090.90909090909
laya,vision_protocol_text_1q,1,8,10.377534999861382,null,1.3234753608703613,1.583984375,1.5675296783447266,1.583984375,22.03271484375,23.984375,2921357312,2921357312,97,87.63636363636364,152000000,138636363.63636363,4426465280,4426465280,40000,39090.90909090909
laya,vision_protocol_text_1q,1,9,10.294728010194376,null,1.3234753608703613,1.583984375,1.5675296783447266,1.583984375,22.03271484375,23.984375,2921357312,2921357312,97,87.63636363636364,152000000,138636363.63636363,4426465280,4426465280,40000,39090.90909090909
laya,vision_protocol_text_1q,1,10,10.323081995011307,null,1.3234753608703613,1.583984375,1.5675296783447266,1.583984375,22.03271484375,23.984375,2921357312,2921357312,97,87.63636363636364,152000000,138636363.63636363,4426465280,4426465280,40000,39090.90909090909
laya,vision_protocol_text_1q,1,11,10.31372400757391,null,1.3234753608703613,1.583984375,1.5675296783447266,1.583984375,22.03271484375,23.984375,2921357312,2921357312,97,87.63636363636364,152000000,138636363.63636363,4426465280,4426465280,40000,39090.90909090909
laya,vision_protocol_text_1q,1,12,10.260743991238996,null,1.3234753608703613,1.583984375,1.5675296783447266,1.583984375,22.03271484375,23.984375,2921357312,2921357312,97,87.63636363636364,152000000,138636363.63636363,4426465280,4426465280,40000,39090.90909090909
laya,vision_protocol_text_1q,1,13,10.297354005160742,null,1.3234753608703613,1.583984375,1.5675296783447266,1.583984375,22.03271484375,23.984375,2921357312,2921357312,97,87.63636363636364,152000000,138636363.63636363,4426465280,4426465280,40000,39090.90909090909
laya,vision_protocol_text_1q,1,14,10.273787993355654,null,1.3234753608703613,1.583984375,1.5675296783447266,1.583984375,22.03271484375,23.984375,2921357312,2921357312,97,87.63636363636364,152000000,138636363.63636363,4426465280,4426465280,40000,39090.90909090909
laya,vision_protocol_text_1q,1,15,10.298855995642953,null,1.3234753608703613,1.583984375,1.5675296783447266,1.583984375,22.03271484375,23.984375,2921357312,2921357312,97,87.63636363636364,152000000,138636363.63636363,4426465280,4426465280,40000,39090.90909090909
laya,vision_protocol_text_1q,1,16,10.301720991265029,null,1.3234753608703613,1.583984375,1.5675296783447266,1.583984375,22.03271484375,23.984375,2921357312,2921357312,97,87.63636363636364,152000000,138636363.63636363,4426465280,4426465280,40000,39090.90909090909
laya,vision_protocol_text_1q,1,17,10.309935998520814,null,1.3234753608703613,1.583984375,1.5675296783447266,1.583984375,22.03271484375,23.984375,2921357312,2921357312,97,87.63636363636364,152000000,138636363.63636363,4426465280,4426465280,40000,39090.90909090909
laya,vision_protocol_text_1q,1,18,10.337708998122253,null,1.3234753608703613,1.583984375,1.5675296783447266,1.583984375,22.03271484375,23.984375,2921357312,2921357312,97,87.63636363636364,152000000,138636363.63636363,4426465280,4426465280,40000,39090.90909090909
laya,vision_protocol_text_1q,1,19,10.318782995454967,null,1.3234753608703613,1.583984375,1.5675296783447266,1.583984375,22.03271484375,23.984375,2921357312,2921357312,97,87.63636363636364,152000000,138636363.63636363,4426465280,4426465280,40000,39090.90909090909
laya,vision_protocol_text_3q,3,0,10.935169993899763,null,1.3234753608703613,1.5859375,1.5677776336669922,1.5859375,22.01513671875,23.984375,2936885248,2936885248,98,90.18181818181819,168000000,155181818.1818182,4438183936,4438183936,40000,39727.27272727273
laya,vision_protocol_text_3q,3,1,10.731845002737828,null,1.3234753608703613,1.5859375,1.5677776336669922,1.5859375,22.01513671875,23.984375,2936885248,2936885248,98,90.18181818181819,168000000,155181818.1818182,4438183936,4438183936,40000,39727.27272727273
laya,vision_protocol_text_3q,3,2,10.722307008109055,null,1.3234753608703613,1.5859375,1.5677776336669922,1.5859375,22.01513671875,23.984375,2936885248,2936885248,98,90.18181818181819,168000000,155181818.1818182,4438183936,4438183936,40000,39727.27272727273
laya,vision_protocol_text_3q,3,3,10.692251002183184,null,1.3234753608703613,1.5859375,1.5677776336669922,1.5859375,22.01513671875,23.984375,2936885248,2936885248,98,90.18181818181819,168000000,155181818.1818182,4438183936,4438183936,40000,39727.27272727273
laya,vision_protocol_text_3q,3,4,10.74563100701198,null,1.3234753608703613,1.5859375,1.5677776336669922,1.5859375,22.01513671875,23.984375,2936885248,2936885248,98,90.18181818181819,168000000,155181818.1818182,4438183936,4438183936,40000,39727.27272727273
laya,vision_protocol_text_3q,3,5,10.736654003267176,null,1.3234753608703613,1.5859375,1.5677776336669922,1.5859375,22.01513671875,23.984375,2936885248,2936885248,98,90.18181818181819,168000000,155181818.1818182,4438183936,4438183936,40000,39727.27272727273
laya,vision_protocol_text_3q,3,6,10.623851005220786,null,1.3234753608703613,1.5859375,1.5677776336669922,1.5859375,22.01513671875,23.984375,2936885248,2936885248,98,90.18181818181819,168000000,155181818.1818182,4438183936,4438183936,40000,39727.27272727273
laya,vision_protocol_text_3q,3,7,10.737937001977116,null,1.3234753608703613,1.5859375,1.5677776336669922,1.5859375,22.01513671875,23.984375,2936885248,2936885248,98,90.18181818181819,168000000,155181818.1818182,4438183936,4438183936,40000,39727.27272727273
laya,vision_protocol_text_3q,3,8,10.69903299503494,null,1.3234753608703613,1.5859375,1.5677776336669922,1.5859375,22.01513671875,23.984375,2936885248,2936885248,98,90.18181818181819,168000000,155181818.1818182,4438183936,4438183936,40000,39727.27272727273
laya,vision_protocol_text_3q,3,9,10.709803013014607,null,1.3234753608703613,1.5859375,1.5677776336669922,1.5859375,22.01513671875,23.984375,2936885248,2936885248,98,90.18181818181819,168000000,155181818.1818182,4438183936,4438183936,40000,39727.27272727273
laya,vision_protocol_text_3q,3,10,10.699865000788122,null,1.3234753608703613,1.5859375,1.5677776336669922,1.5859375,22.01513671875,23.984375,2936885248,2936885248,98,90.18181818181819,168000000,155181818.1818182,4438183936,4438183936,40000,39727.27272727273
laya,vision_protocol_text_3q,3,11,10.692480995203368,null,1.3234753608703613,1.5859375,1.5677776336669922,1.5859375,22.01513671875,23.984375,2936885248,2936885248,98,90.18181818181819,168000000,155181818.1818182,4438183936,4438183936,40000,39727.27272727273
laya,vision_protocol_text_3q,3,12,10.727746994234622,null,1.3234753608703613,1.5859375,1.5677776336669922,1.5859375,22.01513671875,23.984375,2936885248,2936885248,98,90.18181818181819,168000000,155181818.1818182,4438183936,4438183936,40000,39727.27272727273
laya,vision_protocol_text_3q,3,13,10.687140995287336,null,1.3234753608703613,1.5859375,1.5677776336669922,1.5859375,22.01513671875,23.984375,2936885248,2936885248,98,90.18181818181819,168000000,155181818.1818182,4438183936,4438183936,40000,39727.27272727273
laya,vision_protocol_text_3q,3,14,10.719872007030062,null,1.3234753608703613,1.5859375,1.5677776336669922,1.5859375,22.01513671875,23.984375,2936885248,2936885248,98,90.18181818181819,168000000,155181818.1818182,4438183936,4438183936,40000,39727.27272727273
laya,vision_protocol_text_3q,3,15,10.736462994827889,null,1.3234753608703613,1.5859375,1.5677776336669922,1.5859375,22.01513671875,23.984375,2936885248,2936885248,98,90.18181818181819,168000000,155181818.1818182,4438183936,4438183936,40000,39727.27272727273
laya,vision_protocol_text_3q,3,16,10.69421399733983,null,1.3234753608703613,1.5859375,1.5677776336669922,1.5859375,22.01513671875,23.984375,2936885248,2936885248,98,90.18181818181819,168000000,155181818.1818182,4438183936,4438183936,40000,39727.27272727273
laya,vision_protocol_text_3q,3,17,10.66934700065758,null,1.3234753608703613,1.5859375,1.5677776336669922,1.5859375,22.01513671875,23.984375,2936885248,2936885248,98,90.18181818181819,168000000,155181818.1818182,4438183936,4438183936,40000,39727.27272727273
laya,vision_protocol_text_3q,3,18,10.760660006781109,null,1.3234753608703613,1.5859375,1.5677776336669922,1.5859375,22.01513671875,23.984375,2936885248,2936885248,98,90.18181818181819,168000000,155181818.1818182,4438183936,4438183936,40000,39727.27272727273
laya,vision_protocol_text_3q,3,19,10.804082005051896,null,1.3234753608703613,1.5859375,1.5677776336669922,1.5859375,22.01513671875,23.984375,2936885248,2936885248,98,90.18181818181819,168000000,155181818.1818182,4438183936,4438183936,40000,39727.27272727273
laya,distinct_text_1q,1,0,9.9828480015276,null,1.3234753608703613,1.583984375,1.5676937103271484,1.583984375,22.01513671875,23.984375,2936913920,2936913920,97,89.6,169000000,153600000,4438212608,4438212608,40000,40000
laya,distinct_text_1q,1,1,9.791155011043884,null,1.3234753608703613,1.583984375,1.5676937103271484,1.583984375,22.01513671875,23.984375,2936913920,2936913920,97,89.6,169000000,153600000,4438212608,4438212608,40000,40000
laya,distinct_text_1q,1,2,9.797246995731257,null,1.3234753608703613,1.583984375,1.5676937103271484,1.583984375,22.01513671875,23.984375,2936913920,2936913920,97,89.6,169000000,153600000,4438212608,4438212608,40000,40000
laya,distinct_text_1q,1,3,9.734719002153724,null,1.3234753608703613,1.583984375,1.5676937103271484,1.583984375,22.01513671875,23.984375,2936913920,2936913920,97,89.6,169000000,153600000,4438212608,4438212608,40000,40000
laya,distinct_text_1q,1,4,9.85828299599234,null,1.3234753608703613,1.583984375,1.5676937103271484,1.583984375,22.01513671875,23.984375,2936913920,2936913920,97,89.6,169000000,153600000,4438212608,4438212608,40000,40000
laya,distinct_text_1q,1,5,9.750508004799485,null,1.3234753608703613,1.583984375,1.5676937103271484,1.583984375,22.01513671875,23.984375,2936913920,2936913920,97,89.6,169000000,153600000,4438212608,4438212608,40000,40000
laya,distinct_text_1q,1,6,9.770265998668037,null,1.3234753608703613,1.583984375,1.5676937103271484,1.583984375,22.01513671875,23.984375,2936913920,2936913920,97,89.6,169000000,153600000,4438212608,4438212608,40000,40000
laya,distinct_text_1q,1,7,9.731472004204988,null,1.3234753608703613,1.583984375,1.5676937103271484,1.583984375,22.01513671875,23.984375,2936913920,2936913920,97,89.6,169000000,153600000,4438212608,4438212608,40000,40000
laya,distinct_text_1q,1,8,9.802065993426368,null,1.3234753608703613,1.583984375,1.5676937103271484,1.583984375,22.01513671875,23.984375,2936913920,2936913920,97,89.6,169000000,153600000,4438212608,4438212608,40000,40000
laya,distinct_text_1q,1,9,9.783560002688318,null,1.3234753608703613,1.583984375,1.5676937103271484,1.583984375,22.01513671875,23.984375,2936913920,2936913920,97,89.6,169000000,153600000,4438212608,4438212608,40000,40000
laya,distinct_text_1q,1,10,9.797606995562091,null,1.3234753608703613,1.583984375,1.5676937103271484,1.583984375,22.01513671875,23.984375,2936913920,2936913920,97,89.6,169000000,153600000,4438212608,4438212608,40000,40000
laya,distinct_text_1q,1,11,9.775204991456121,null,1.3234753608703613,1.583984375,1.5676937103271484,1.583984375,22.01513671875,23.984375,2936913920,2936913920,97,89.6,169000000,153600000,4438212608,4438212608,40000,40000
laya,distinct_text_1q,1,12,9.762852001585998,null,1.3234753608703613,1.583984375,1.5676937103271484,1.583984375,22.01513671875,23.984375,2936913920,2936913920,97,89.6,169000000,153600000,4438212608,4438212608,40000,40000
laya,distinct_text_1q,1,13,9.789261996047571,null,1.3234753608703613,1.583984375,1.5676937103271484,1.583984375,22.01513671875,23.984375,2936913920,2936913920,97,89.6,169000000,153600000,4438212608,4438212608,40000,40000
laya,distinct_text_1q,1,14,9.763723996002227,null,1.3234753608703613,1.583984375,1.5676937103271484,1.583984375,22.01513671875,23.984375,2936913920,2936913920,97,89.6,169000000,153600000,4438212608,4438212608,40000,40000
laya,distinct_text_1q,1,15,9.702657000161707,null,1.3234753608703613,1.583984375,1.5676937103271484,1.583984375,22.01513671875,23.984375,2936913920,2936913920,97,89.6,169000000,153600000,4438212608,4438212608,40000,40000
laya,distinct_text_1q,1,16,9.74110999959521,null,1.3234753608703613,1.583984375,1.5676937103271484,1.583984375,22.01513671875,23.984375,2936913920,2936913920,97,89.6,169000000,153600000,4438212608,4438212608,40000,40000
laya,distinct_text_1q,1,17,9.76248100050725,null,1.3234753608703613,1.583984375,1.5676937103271484,1.583984375,22.01513671875,23.984375,2936913920,2936913920,97,89.6,169000000,153600000,4438212608,4438212608,40000,40000
laya,distinct_text_1q,1,18,9.757181003806181,null,1.3234753608703613,1.583984375,1.5676937103271484,1.583984375,22.01513671875,23.984375,2936913920,2936913920,97,89.6,169000000,153600000,4438212608,4438212608,40000,40000
laya,distinct_text_1q,1,19,9.7888710006373,null,1.3234753608703613,1.583984375,1.5676937103271484,1.583984375,22.01513671875,23.984375,2936913920,2936913920,97,89.6,169000000,153600000,4438212608,4438212608,40000,40000
laya,distinct_text_5q,5,0,14.936810999643058,null,1.3234753608703613,1.5859375,1.5747432708740234,1.5859375,22.01318359375,23.984375,2939011072,2939011072,97,91.6,223000000,200533333.33333334,4438212608,4438212608,42000,41266.666666666664
laya,distinct_text_5q,5,1,14.71454999409616,null,1.3234753608703613,1.5859375,1.5747432708740234,1.5859375,22.01318359375,23.984375,2939011072,2939011072,97,91.6,223000000,200533333.33333334,4438212608,4438212608,42000,41266.666666666664
laya,distinct_text_5q,5,2,14.757240991457365,null,1.3234753608703613,1.5859375,1.5747432708740234,1.5859375,22.01318359375,23.984375,2939011072,2939011072,97,91.6,223000000,200533333.33333334,4438212608,4438212608,42000,41266.666666666664
laya,distinct_text_5q,5,3,14.748254005098715,null,1.3234753608703613,1.5859375,1.5747432708740234,1.5859375,22.01318359375,23.984375,2939011072,2939011072,97,91.6,223000000,200533333.33333334,4438212608,4438212608,42000,41266.666666666664
laya,distinct_text_5q,5,4,14.750949005247094,null,1.3234753608703613,1.5859375,1.5747432708740234,1.5859375,22.01318359375,23.984375,2939011072,2939011072,97,91.6,223000000,200533333.33333334,4438212608,4438212608,42000,41266.666666666664
laya,distinct_text_5q,5,5,14.749687004950829,null,1.3234753608703613,1.5859375,1.5747432708740234,1.5859375,22.01318359375,23.984375,2939011072,2939011072,97,91.6,223000000,200533333.33333334,4438212608,4438212608,42000,41266.666666666664
laya,distinct_text_5q,5,6,14.756841002963483,null,1.3234753608703613,1.5859375,1.5747432708740234,1.5859375,22.01318359375,23.984375,2939011072,2939011072,97,91.6,223000000,200533333.33333334,4438212608,4438212608,42000,41266.666666666664
laya,distinct_text_5q,5,7,14.814740003203042,null,1.3234753608703613,1.5859375,1.5747432708740234,1.5859375,22.01318359375,23.984375,2939011072,2939011072,97,91.6,223000000,200533333.33333334,4438212608,4438212608,42000,41266.666666666664
laya,distinct_text_5q,5,8,14.736933007952757,null,1.3234753608703613,1.5859375,1.5747432708740234,1.5859375,22.01318359375,23.984375,2939011072,2939011072,97,91.6,223000000,200533333.33333334,4438212608,4438212608,42000,41266.666666666664
laya,distinct_text_5q,5,9,14.76231099513825,null,1.3234753608703613,1.5859375,1.5747432708740234,1.5859375,22.01318359375,23.984375,2939011072,2939011072,97,91.6,223000000,200533333.33333334,4438212608,4438212608,42000,41266.666666666664
laya,distinct_text_5q,5,10,14.781637000851333,null,1.3234753608703613,1.5859375,1.5747432708740234,1.5859375,22.01318359375,23.984375,2939011072,2939011072,97,91.6,223000000,200533333.33333334,4438212608,4438212608,42000,41266.666666666664
laya,distinct_text_5q,5,11,14.823856996372342,null,1.3234753608703613,1.5859375,1.5747432708740234,1.5859375,22.01318359375,23.984375,2939011072,2939011072,97,91.6,223000000,200533333.33333334,4438212608,4438212608,42000,41266.666666666664
laya,distinct_text_5q,5,12,14.768451990676112,null,1.3234753608703613,1.5859375,1.5747432708740234,1.5859375,22.01318359375,23.984375,2939011072,2939011072,97,91.6,223000000,200533333.33333334,4438212608,4438212608,42000,41266.666666666664
laya,distinct_text_5q,5,13,14.696797006763518,null,1.3234753608703613,1.5859375,1.5747432708740234,1.5859375,22.01318359375,23.984375,2939011072,2939011072,97,91.6,223000000,200533333.33333334,4438212608,4438212608,42000,41266.666666666664
laya,distinct_text_5q,5,14,14.719960992806591,null,1.3234753608703613,1.5859375,1.5747432708740234,1.5859375,22.01318359375,23.984375,2939011072,2939011072,97,91.6,223000000,200533333.33333334,4438212608,4438212608,42000,41266.666666666664
laya,distinct_text_5q,5,15,14.782829995965585,null,1.3234753608703613,1.5859375,1.5747432708740234,1.5859375,22.01318359375,23.984375,2939011072,2939011072,97,91.6,223000000,200533333.33333334,4438212608,4438212608,42000,41266.666666666664
laya,distinct_text_5q,5,16,14.71766599570401,null,1.3234753608703613,1.5859375,1.5747432708740234,1.5859375,22.01318359375,23.984375,2939011072,2939011072,97,91.6,223000000,200533333.33333334,4438212608,4438212608,42000,41266.666666666664
laya,distinct_text_5q,5,17,14.70754700130783,null,1.3234753608703613,1.5859375,1.5747432708740234,1.5859375,22.01318359375,23.984375,2939011072,2939011072,97,91.6,223000000,200533333.33333334,4438212608,4438212608,42000,41266.666666666664
laya,distinct_text_5q,5,18,14.823596997302957,null,1.3234753608703613,1.5859375,1.5747432708740234,1.5859375,22.01318359375,23.984375,2939011072,2939011072,97,91.6,223000000,200533333.33333334,4438212608,4438212608,42000,41266.666666666664
laya,distinct_text_5q,5,19,14.928885997505859,null,1.3234753608703613,1.5859375,1.5747432708740234,1.5859375,22.01318359375,23.984375,2939011072,2939011072,97,91.6,223000000,200533333.33333334,4438212608,4438212608,42000,41266.666666666664
laya,distinct_text_10q,10,0,15.632006994565018,null,1.3234753608703613,1.6015625,1.584639549255371,1.6015625,21.99755859375,23.984375,2955788288,2955788288,95,89.1875,318000000,284312500,4438212608,4438212608,44000,42687.5
laya,distinct_text_10q,10,1,15.322952007409185,null,1.3234753608703613,1.6015625,1.584639549255371,1.6015625,21.99755859375,23.984375,2955788288,2955788288,95,89.1875,318000000,284312500,4438212608,4438212608,44000,42687.5
laya,distinct_text_10q,10,2,15.519483989919536,null,1.3234753608703613,1.6015625,1.584639549255371,1.6015625,21.99755859375,23.984375,2955788288,2955788288,95,89.1875,318000000,284312500,4438212608,4438212608,44000,42687.5
laya,distinct_text_10q,10,3,15.464017997146584,null,1.3234753608703613,1.6015625,1.584639549255371,1.6015625,21.99755859375,23.984375,2955788288,2955788288,95,89.1875,318000000,284312500,4438212608,4438212608,44000,42687.5
laya,distinct_text_10q,10,4,15.789835000759922,null,1.3234753608703613,1.6015625,1.584639549255371,1.6015625,21.99755859375,23.984375,2955788288,2955788288,95,89.1875,318000000,284312500,4438212608,4438212608,44000,42687.5
laya,distinct_text_10q,10,5,15.511067002080381,null,1.3234753608703613,1.6015625,1.584639549255371,1.6015625,21.99755859375,23.984375,2955788288,2955788288,95,89.1875,318000000,284312500,4438212608,4438212608,44000,42687.5
laya,distinct_text_10q,10,6,15.543437999440357,null,1.3234753608703613,1.6015625,1.584639549255371,1.6015625,21.99755859375,23.984375,2955788288,2955788288,95,89.1875,318000000,284312500,4438212608,4438212608,44000,42687.5
laya,distinct_text_10q,10,7,15.611687995260581,null,1.3234753608703613,1.6015625,1.584639549255371,1.6015625,21.99755859375,23.984375,2955788288,2955788288,95,89.1875,318000000,284312500,4438212608,4438212608,44000,42687.5
laya,distinct_text_10q,10,8,15.48655099759344,null,1.3234753608703613,1.6015625,1.584639549255371,1.6015625,21.99755859375,23.984375,2955788288,2955788288,95,89.1875,318000000,284312500,4438212608,4438212608,44000,42687.5
laya,distinct_text_10q,10,9,15.500627996516414,null,1.3234753608703613,1.6015625,1.584639549255371,1.6015625,21.99755859375,23.984375,2955788288,2955788288,95,89.1875,318000000,284312500,4438212608,4438212608,44000,42687.5
laya,distinct_text_10q,10,10,15.512009005760774,null,1.3234753608703613,1.6015625,1.584639549255371,1.6015625,21.99755859375,23.984375,2955788288,2955788288,95,89.1875,318000000,284312500,4438212608,4438212608,44000,42687.5
laya,distinct_text_10q,10,11,15.459841000847518,null,1.3234753608703613,1.6015625,1.584639549255371,1.6015625,21.99755859375,23.984375,2955788288,2955788288,95,89.1875,318000000,284312500,4438212608,4438212608,44000,42687.5
laya,distinct_text_10q,10,12,15.442026997334324,null,1.3234753608703613,1.6015625,1.584639549255371,1.6015625,21.99755859375,23.984375,2955788288,2955788288,95,89.1875,318000000,284312500,4438212608,4438212608,44000,42687.5
laya,distinct_text_10q,10,13,15.592622003168799,null,1.3234753608703613,1.6015625,1.584639549255371,1.6015625,21.99755859375,23.984375,2955788288,2955788288,95,89.1875,318000000,284312500,4438212608,4438212608,44000,42687.5
laya,distinct_text_10q,10,14,15.433750988449901,null,1.3234753608703613,1.6015625,1.584639549255371,1.6015625,21.99755859375,23.984375,2955788288,2955788288,95,89.1875,318000000,284312500,4438212608,4438212608,44000,42687.5
laya,distinct_text_10q,10,15,15.577633006614633,null,1.3234753608703613,1.6015625,1.584639549255371,1.6015625,21.99755859375,23.984375,2955788288,2955788288,95,89.1875,318000000,284312500,4438212608,4438212608,44000,42687.5
laya,distinct_text_10q,10,16,15.650039989850484,null,1.3234753608703613,1.6015625,1.584639549255371,1.6015625,21.99755859375,23.984375,2955788288,2955788288,95,89.1875,318000000,284312500,4438212608,4438212608,44000,42687.5
laya,distinct_text_10q,10,17,15.500558001804166,null,1.3234753608703613,1.6015625,1.584639549255371,1.6015625,21.99755859375,23.984375,2955788288,2955788288,95,89.1875,318000000,284312500,4438212608,4438212608,44000,42687.5
laya,distinct_text_10q,10,18,15.394996997201815,null,1.3234753608703613,1.6015625,1.584639549255371,1.6015625,21.99755859375,23.984375,2955788288,2955788288,95,89.1875,318000000,284312500,4438212608,4438212608,44000,42687.5
laya,distinct_text_10q,10,19,15.44275801279582,null,1.3234753608703613,1.6015625,1.584639549255371,1.6015625,21.99755859375,23.984375,2955788288,2955788288,95,89.1875,318000000,284312500,4438212608,4438212608,44000,42687.5
laya,distinct_text_50q,50,0,47.32933900959324,null,1.3234753608703613,1.802734375,1.677884578704834,1.802734375,21.79638671875,23.984375,3171799040,3171798517.106383,100,89.38297872340425,367000000,313191489.36170214,4438212608,4438212608,45000,44702.12765957447
laya,distinct_text_50q,50,1,47.05223499331623,null,1.3234753608703613,1.802734375,1.677884578704834,1.802734375,21.79638671875,23.984375,3171799040,3171798517.106383,100,89.38297872340425,367000000,313191489.36170214,4438212608,4438212608,45000,44702.12765957447
laya,distinct_text_50q,50,2,47.332735004602,null,1.3234753608703613,1.802734375,1.677884578704834,1.802734375,21.79638671875,23.984375,3171799040,3171798517.106383,100,89.38297872340425,367000000,313191489.36170214,4438212608,4438212608,45000,44702.12765957447
laya,distinct_text_50q,50,3,48.03265999362338,null,1.3234753608703613,1.802734375,1.677884578704834,1.802734375,21.79638671875,23.984375,3171799040,3171798517.106383,100,89.38297872340425,367000000,313191489.36170214,4438212608,4438212608,45000,44702.12765957447
laya,distinct_text_50q,50,4,47.23223499604501,null,1.3234753608703613,1.802734375,1.677884578704834,1.802734375,21.79638671875,23.984375,3171799040,3171798517.106383,100,89.38297872340425,367000000,313191489.36170214,4438212608,4438212608,45000,44702.12765957447
laya,distinct_text_50q,50,5,47.1959760034224,null,1.3234753608703613,1.802734375,1.677884578704834,1.802734375,21.79638671875,23.984375,3171799040,3171798517.106383,100,89.38297872340425,367000000,313191489.36170214,4438212608,4438212608,45000,44702.12765957447
laya,distinct_text_50q,50,6,47.31913999421522,null,1.3234753608703613,1.802734375,1.677884578704834,1.802734375,21.79638671875,23.984375,3171799040,3171798517.106383,100,89.38297872340425,367000000,313191489.36170214,4438212608,4438212608,45000,44702.12765957447
laya,distinct_text_50q,50,7,47.44899499928579,null,1.3234753608703613,1.802734375,1.677884578704834,1.802734375,21.79638671875,23.984375,3171799040,3171798517.106383,100,89.38297872340425,367000000,313191489.36170214,4438212608,4438212608,45000,44702.12765957447
laya,distinct_text_50q,50,8,47.06377700495068,null,1.3234753608703613,1.802734375,1.677884578704834,1.802734375,21.79638671875,23.984375,3171799040,3171798517.106383,100,89.38297872340425,367000000,313191489.36170214,4438212608,4438212608,45000,44702.12765957447
laya,distinct_text_50q,50,9,47.177330998238176,null,1.3234753608703613,1.802734375,1.677884578704834,1.802734375,21.79638671875,23.984375,3171799040,3171798517.106383,100,89.38297872340425,367000000,313191489.36170214,4438212608,4438212608,45000,44702.12765957447
laya,distinct_text_50q,50,10,47.092160006286576,null,1.3234753608703613,1.802734375,1.677884578704834,1.802734375,21.79638671875,23.984375,3171799040,3171798517.106383,100,89.38297872340425,367000000,313191489.36170214,4438212608,4438212608,45000,44702.12765957447
laya,distinct_text_50q,50,11,47.03554300067481,null,1.3234753608703613,1.802734375,1.677884578704834,1.802734375,21.79638671875,23.984375,3171799040,3171798517.106383,100,89.38297872340425,367000000,313191489.36170214,4438212608,4438212608,45000,44702.12765957447
laya,distinct_text_50q,50,12,47.240740997949615,null,1.3234753608703613,1.802734375,1.677884578704834,1.802734375,21.79638671875,23.984375,3171799040,3171798517.106383,100,89.38297872340425,367000000,313191489.36170214,4438212608,4438212608,45000,44702.12765957447
laya,distinct_text_50q,50,13,47.37968400877435,null,1.3234753608703613,1.802734375,1.677884578704834,1.802734375,21.79638671875,23.984375,3171799040,3171798517.106383,100,89.38297872340425,367000000,313191489.36170214,4438212608,4438212608,45000,44702.12765957447
laya,distinct_text_50q,50,14,47.12231800658628,null,1.3234753608703613,1.802734375,1.677884578704834,1.802734375,21.79638671875,23.984375,3171799040,3171798517.106383,100,89.38297872340425,367000000,313191489.36170214,4438212608,4438212608,45000,44702.12765957447
laya,distinct_text_50q,50,15,47.139960995991714,null,1.3234753608703613,1.802734375,1.677884578704834,1.802734375,21.79638671875,23.984375,3171799040,3171798517.106383,100,89.38297872340425,367000000,313191489.36170214,4438212608,4438212608,45000,44702.12765957447
laya,distinct_text_50q,50,16,47.35055899072904,null,1.3234753608703613,1.802734375,1.677884578704834,1.802734375,21.79638671875,23.984375,3171799040,3171798517.106383,100,89.38297872340425,367000000,313191489.36170214,4438212608,4438212608,45000,44702.12765957447
laya,distinct_text_50q,50,17,47.165398005745374,null,1.3234753608703613,1.802734375,1.677884578704834,1.802734375,21.79638671875,23.984375,3171799040,3171798517.106383,100,89.38297872340425,367000000,313191489.36170214,4438212608,4438212608,45000,44702.12765957447
laya,distinct_text_50q,50,18,47.10551499738358,null,1.3234753608703613,1.802734375,1.677884578704834,1.802734375,21.79638671875,23.984375,3171799040,3171798517.106383,100,89.38297872340425,367000000,313191489.36170214,4438212608,4438212608,45000,44702.12765957447
laya,distinct_text_50q,50,19,47.08351299632341,null,1.3234753608703613,1.802734375,1.677884578704834,1.802734375,21.79638671875,23.984375,3171799040,3171798517.106383,100,89.38297872340425,367000000,313191489.36170214,4438212608,4438212608,45000,44702.12765957447
