unix_time,board_vram_bytes,gpu_busy_percent,power_microwatts,temperature_millidegrees,rss_bytes
1789914871.7051992,25573138432,36,71000000,60000,6788759552
1789914872.706046,25336610816,88,147000000,60000,7109693440
1789914873.706864,25429893120,72,191000000,60000,7276044288
1789914874.7084293,25422503936,100,321000000,61000,7278317568
1789914875.7093394,25422553088,100,320000000,62000,7286771712
1789914876.7100303,4326690816,98,317000000,62000,7303729152
1789914877.7103665,4968484864,100,326000000,62000,7308054528
1789914878.7110255,5169872896,100,327000000,62000,7310938112
1789914879.7118294,5226614784,69,240000000,61000,7320563712
1789914880.7122664,5226668032,100,326000000,62000,7320731648
1789914881.7131557,5283344384,99,325000000,62000,7320784896
1789914882.7135391,5283434496,98,321000000,62000,7321153536
1789914883.7144716,5296181248,60,221000000,60000,7331344384
1789914884.7151685,5296308224,98,322000000,61000,7331545088
1789914885.7154636,5296287744,99,325000000,62000,7331917824
1789914886.7158892,5296381952,90,303000000,61000,7332638720
1789914887.7162902,7477686272,100,326000000,62000,7334477824
1789914888.7168276,7847342080,100,327000000,62000,7334477824
1789914889.7174976,7847342080,100,327000000,62000,7334477824
1789914890.7179136,7847395328,100,325000000,62000,7342518272
1789914891.722322,7878959104,35,131000000,59000,7355691008
1789914892.7232323,7878959104,0,72000000,57000,7384969216
1789914893.72399,7878959104,0,60000000,56000,7385034752
1789914894.7245588,7912939520,23,96000000,56000,7385227264
1789914895.7254426,7913086976,99,328000000,59000,7385513984
1789914896.7262561,7913254912,81,270000000,59000,7385997312
1789914897.7269006,7913316352,89,298000000,59000,7386140672
1789914898.727344,7913422848,77,263000000,59000,7386394624
1789914899.7278397,8037658624,100,329000000,60000,7386611712
1789914900.728601,8078741504,99,325000000,60000,7386865664
1789914901.7315135,8078831616,100,326000000,60000,7387586560
1789914902.7326553,8078864384,73,256000000,60000,7387643904
1789914903.73308,8078958592,98,322000000,60000,7387701248
1789914904.733471,8078958592,100,326000000,61000,7387701248
1789914905.7343612,8078995456,99,323000000,61000,7387832320
1789914906.7351933,8079048704,93,308000000,61000,7388160000
1789914907.7361395,8079081472,71,254000000,60000,7388274688
1789914908.737246,8079171584,28,114000000,57000,7406583808
1789914909.7378733,8079171584,0,72000000,56000,7418929152
1789914910.7386103,8079257600,10,70000000,55000,7419121664
1789914911.7393036,8079327232,32,136000000,56000,7407902720
1789914912.740066,8079417344,99,323000000,59000,7407996928
1789914913.7406354,8079540224,100,322000000,59000,7408128000
1789914914.741231,8079638528,97,316000000,59000,7408226304
1789914915.74169,8079753216,90,288000000,59000,7408340992
1789914916.7423954,8079773696,99,325000000,60000,7408431104
1789914917.7430062,8079847424,100,326000000,60000,7408467968
1789914918.743676,8079937536,76,263000000,60000,7408599040
1789914919.7441542,8079970304,94,311000000,60000,7408631808
1789914920.7567794,8080068608,99,322000000,61000,7408754688
1789914921.757322,8080138240,83,266000000,60000,7417712640
1789914922.7581809,8080158720,19,108000000,57000,7448268800
1789914923.7593522,8080158720,0,66000000,56000,7448268800
1789914924.7602854,8080244736,15,83000000,56000,7448428544
1789914925.761552,8080314368,76,253000000,58000,7448461312
1789914926.7620926,8080281600,100,325000000,59000,7448461312
1789914927.7629955,8080281600,99,325000000,60000,7448461312
1789914928.7639143,8080281600,100,325000000,60000,7448461312
1789914929.7644691,8080334848,100,327000000,60000,7448514560
1789914930.7651253,8080420864,93,309000000,60000,7448715264
1789914931.7656772,8080482304,98,321000000,61000,7448739840
1789914932.7661026,8080752640,99,325000000,61000,7449010176
1789914933.7671106,8080752640,100,325000000,61000,7449010176
1789914934.767597,8080773120,99,324000000,61000,7449030656
1789914935.7683692,8080891904,84,280000000,61000,7449153536
1789914936.7690651,8080900096,99,326000000,61000,7449194496
1789914937.769685,8081018880,92,302000000,61000,7516479488
1789914938.770356,8081018880,99,329000000,61000,7516479488
1789914939.7709115,8081018880,100,326000000,62000,7516487680
1789914940.771683,8081051648,98,322000000,62000,7516520448
1789914941.772585,8081174528,99,324000000,62000,7516643328
1789914942.773085,8081227776,100,327000000,62000,7516721152
1789914943.776345,8081281024,99,324000000,62000,7516946432
1789914944.777103,8081362944,90,304000000,61000,7517122560
1789914945.7776678,8081403904,100,326000000,62000,7517130752
1789914946.7781727,8081371136,100,326000000,62000,7517130752
1789914947.779325,8081371136,100,325000000,62000,7517130752
1789914948.779834,8081481728,99,321000000,62000,7517241344
1789914949.780447,8081563648,87,291000000,61000,7521112064
1789914951.3659613,8081596416,60,223000000,60000,7521144832
1789914952.3665671,8081666048,100,329000000,61000,7521267712
1789914953.3673937,8081756160,33,127000000,59000,7539769344
1789914954.3682766,8081756160,0,71000000,56000,7551627264
1789914955.3708687,8081842176,0,57000000,56000,7551676416
1789914956.3717296,8081911808,32,118000000,56000,7551746048
1789914957.372505,8081952768,100,329000000,59000,7551819776
1789914958.3729467,8082006016,100,326000000,60000,7551889408
1789914959.3733764,8082006016,100,326000000,60000,7551889408
1789914960.3737247,8082006016,100,326000000,60000,7551889408
1789914961.3745375,8082059264,97,316000000,60000,7551942656
1789914962.3753884,8082079744,97,321000000,60000,7551963136
1789914963.3760521,8082112512,100,326000000,61000,7551995904
1789914964.3765826,8082112512,99,325000000,61000,7551995904
1789914965.3770545,8082165760,100,326000000,61000,7552049152
1789914966.530304,8082165760,100,327000000,61000,7552049152
1789914967.5312057,8082132992,100,327000000,61000,7552049152
1789914968.5317087,8082165760,100,325000000,61000,7552081920
1789914969.5324717,8082165760,99,325000000,61000,7552081920
1789914970.5329802,8082288640,95,306000000,61000,7552204800
1789914971.5334074,8082341888,99,328000000,61000,7552258048
1789914972.5340047,8082341888,100,326000000,61000,7552258048
1789914973.5347579,8082395136,96,314000000,61000,7552311296
1789914974.535208,8082427904,99,325000000,61000,7552376832
1789914975.5358295,8082591744,99,326000000,61000,7552507904
1789914976.5362625,8082591744,100,326000000,61000,7552507904
1789914977.536937,8082558976,100,325000000,61000,7552507904
1789914978.537405,8082558976,100,326000000,61000,7552507904
1789914979.5379746,8082616320,96,317000000,61000,7552561152
1789914980.5389655,8082677760,99,323000000,61000,7552643072
1789914981.5394258,8082698240,100,326000000,61000,7552663552
1789914982.5403216,8082841600,98,321000000,61000,7552806912
1789914983.5412846,8082894848,96,315000000,61000,7553802240
1789914984.5421221,8082984960,69,216000000,60000,7553916928
1789914985.5429199,8082984960,2,73000000,57000,7582957568
1789914986.5435681,8082984960,0,58000000,56000,7583088640
1789914987.5443692,8083116032,23,95000000,56000,7583260672
1789914988.544839,8083161088,94,308000000,58000,7583301632
1789914989.545281,8083181568,100,326000000,59000,7583322112
1789914990.557384,8083202048,82,67000000,57000,7583379456
1789914991.557847,8083324928,98,320000000,60000,7583465472
1789914992.5584064,8083378176,99,325000000,60000,7583518720
1789914993.5589094,8083378176,100,325000000,60000,7583518720
1789914994.5598404,8083431424,99,323000000,60000,7583571968
1789914995.5605412,8083492864,77,269000000,60000,7583633408
1789914996.5611045,8083492864,100,326000000,60000,7583633408
1789914997.5615633,8083492864,100,326000000,61000,7583633408
1789914998.562025,8083460096,100,325000000,61000,7583633408
1789914999.5624695,8083480576,99,325000000,61000,7583674368
1789915000.5631423,8083587072,100,326000000,61000,7583760384
1789915001.5639126,8083619840,96,312000000,61000,7583793152
1789915002.564388,8083709952,90,298000000,61000,7583883264
1789915003.564844,8083836928,100,328000000,61000,7584014336
1789915004.5657678,8083836928,100,326000000,61000,7584014336
1789915005.5661612,8083836928,100,325000000,61000,7584014336
1789915006.5665646,8083890176,100,326000000,61000,7584067584
1789915007.5675416,8083890176,99,325000000,61000,7584067584
1789915008.5679915,8083890176,100,326000000,61000,7584100352
1789915009.568924,8083890176,100,326000000,61000,7584100352
1789915010.5694675,8083910656,97,319000000,61000,7584120832
1789915011.569991,8083922944,34,152000000,59000,7584165888
1789915012.570595,8083968000,87,292000000,60000,7584178176
1789915013.5712776,8083988480,99,324000000,61000,7584198656
1789915014.5717351,8084041728,100,326000000,61000,7584284672
1789915015.5721543,8084115456,100,325000000,61000,7584325632
1789915016.5728564,8084115456,100,328000000,61000,7584325632
1789915017.5737479,8084168704,96,315000000,61000,7584378880
1789915018.574167,8084176896,99,325000000,61000,7584419840
1789915019.5748098,8084242432,77,268000000,60000,7584481280
1789915020.5759988,8084316160,87,296000000,61000,7584559104
1789915021.5795221,8084373504,99,316000000,61000,7584616448
1789915022.580124,8084484096,70,222000000,60000,7592751104
1789915023.5813732,8084484096,8,87000000,57000,7620534272
1789915024.582165,8084484096,0,60000000,56000,7620550656
1789915025.5830083,8084615168,24,98000000,56000,7620677632
1789915026.584063,8084692992,84,284000000,58000,7620722688
1789915027.5847113,8084692992,100,327000000,60000,7620722688
1789915028.5851567,8084750336,99,319000000,60000,7620812800
1789915029.5858967,8084750336,100,326000000,60000,7620812800
1789915030.586832,8084750336,100,327000000,60000,7620812800
1789915031.587655,8084750336,100,325000000,60000,7620812800
1789915032.5880957,8084832256,78,260000000,60000,7620939776
1789915033.5886924,8084865024,100,322000000,61000,7620972544
1789915034.5892868,8084979712,89,293000000,60000,7621152768
1789915035.5898757,8085000192,100,326000000,61000,7621173248
1789915036.5909526,8085020672,100,325000000,61000,7621193728
1789915037.5914001,8085020672,99,325000000,61000,7621230592
1789915038.5919392,8085041152,100,326000000,61000,7621214208
1789915039.5924296,8085028864,99,325000000,62000,7621234688
1789915040.593073,8085049344,99,323000000,62000,7621255168
1789915041.5940864,8085102592,92,305000000,61000,7621312512
1789915042.5953112,8085123072,99,325000000,62000,7621332992
1789915043.6065505,8085200896,83,269000000,61000,7621484544
1789915044.6076863,8085245952,21,110000000,58000,7647494144
1789915045.6089437,8085245952,0,68000000,57000,7647494144
1789915046.6094618,8085331968,14,82000000,56000,7647580160
1789915047.6100106,8085454848,76,253000000,58000,7647666176
1789915048.6104758,8085454848,100,326000000,60000,7647666176
1789915049.6109645,8085454848,97,313000000,60000,7647698944
1789915050.6114004,8085454848,99,325000000,61000,7647698944
1789915051.612382,8085475328,99,325000000,61000,7647719424
1789915052.6128545,8085565440,99,316000000,61000,7647842304
1789915053.6133106,8085585920,100,326000000,61000,7647830016
1789915054.6137433,8085704704,66,236000000,60000,7648034816
1789915055.6143792,8085753856,84,286000000,60000,7648120832
1789915056.6149144,8085807104,94,310000000,60000,7648137216
1789915057.6157966,8085827584,99,325000000,61000,7648157696
1789915058.6169064,8085905408,60,211000000,60000,7648505856
1789915059.6181264,8085917696,19,101000000,58000,7676436480
1789915060.6191652,8085917696,0,64000000,56000,7676436480
1789915061.6202104,8086003712,11,74000000,56000,7676534784
1789915062.6208339,8086073344,64,222000000,57000,7676567552
1789915063.6218219,8086073344,42,171000000,57000,7676567552
1789915064.6224952,8086126592,100,332000000,59000,7676620800
1789915065.6229286,8086179840,99,323000000,60000,7676674048
1789915066.6234524,8086233088,100,327000000,60000,7676727296
1789915067.6239119,8086233088,100,326000000,60000,7676727296
1789915068.624323,8086233088,100,327000000,61000,7676727296
1789915069.62492,8086212608,98,321000000,61000,7676776448
1789915070.6255295,8086286336,93,308000000,61000,7676813312
1789915071.6266215,8086286336,99,318000000,61000,7676813312
1789915072.6271353,8086298624,100,326000000,61000,7676825600
1789915073.6276898,8086339584,100,326000000,61000,7676866560
1789915074.6283123,8086401024,99,315000000,61000,7676928000
1789915075.6290836,8086491136,88,291000000,61000,7677018112
1789915076.6295304,8086491136,99,325000000,61000,7677038592
1789915077.6299798,8086523904,100,327000000,62000,7677050880
1789915078.6304054,8086523904,100,326000000,62000,7677050880
1789915079.6312718,8086577152,91,303000000,61000,7677104128
1789915080.6325312,8086650880,91,299000000,61000,7677210624
1789915081.6335828,8088768512,100,327000000,62000,7677231104
1789915082.6345277,8088821760,100,326000000,62000,7677308928
1789915083.6354275,8088899584,87,290000000,61000,7677435904
1789915084.6360545,8088899584,100,328000000,62000,7677435904
1789915085.647779,8088952832,91,307000000,61000,7677665280
1789915086.649212,8089042944,36,130000000,59000,7688089600
1789915087.6499157,8089042944,0,62000000,57000,7691595776
1789915088.650966,8089128960,14,70000000,56000,7691681792
1789915089.6520078,8089214976,25,114000000,57000,7697625088
1789915090.6523807,8089219072,89,302000000,59000,7697612800
1789915091.6536155,8089264128,92,301000000,60000,7701139456
1789915092.654869,8089309184,82,278000000,59000,7701151744
1789915093.6553411,8089329664,97,317000000,60000,7701172224
1789915094.6563132,8089362432,99,324000000,60000,7701237760
1789915095.6567576,8089382912,99,323000000,61000,7701225472
1789915096.6576688,8089382912,99,322000000,61000,7701225472
1789915097.6585667,8089473024,100,326000000,61000,7701315584
1789915098.659027,8089526272,100,326000000,61000,7701848064
1789915099.659972,8089526272,100,326000000,61000,7701848064
1789915100.6603665,8089534464,99,324000000,61000,7701921792
1789915101.6608112,8089608192,97,318000000,61000,7703142400
1789915102.661247,8089608192,100,326000000,62000,7703142400
1789915103.6616375,8089608192,100,326000000,62000,7703142400
1789915104.662046,8089640960,100,327000000,62000,7703425024
1789915105.6629698,8089640960,100,326000000,61000,7703425024
1789915106.66356,8089718784,91,300000000,61000,7703994368
1789915107.664564,8089772032,100,324000000,61000,7704428544
1789915108.6667075,8089804800,99,324000000,61000,7705403392
1789915109.6674178,8089845760,100,325000000,62000,7705915392
1789915110.6688914,8089903104,90,302000000,61000,7709134848
1789915111.6700697,8089939968,91,303000000,61000,7709130752
1789915112.6711318,8089939968,100,326000000,62000,7709130752
1789915113.672036,8089939968,99,323000000,61000,7709130752
1789915114.6725276,8089980928,99,325000000,61000,7711739904
1789915115.8645384,8089980928,52,199000000,60000,7711739904
1789915116.8649664,8090087424,79,272000000,60000,7713124352
1789915117.8659868,8090087424,100,326000000,61000,7713124352
1789915118.8664753,8090107904,99,324000000,61000,7713144832
1789915119.8732653,8090140672,91,298000000,61000,7713583104
1789915120.873913,8090128384,100,328000000,61000,7714058240
1789915121.8744693,8090128384,100,326000000,61000,7714058240
1789915122.8751469,8090128384,99,325000000,61000,7714058240
1789915123.875825,8090181632,100,326000000,61000,7714508800
1789915124.876341,8090202112,100,326000000,61000,7714529280
1789915125.8773744,8090255360,99,326000000,62000,7715397632
1789915126.8778627,8090255360,100,326000000,62000,7715397632
1789915127.8782625,8090255360,100,326000000,62000,7715397632
1789915128.879156,8090267648,99,323000000,62000,7720960000
1789915129.8855054,8090357760,73,228000000,61000,7721013248
1789915130.8867192,8090357760,4,72000000,58000,7761862656
1789915131.8874738,8090324992,0,50000000,56000,7761948672
1789915132.888269,8090456064,25,97000000,57000,7762841600
1789915133.8887618,8090480640,89,296000000,59000,7762829312
1789915134.8896472,8090480640,100,326000000,60000,7762829312
1789915135.8905687,8090529792,99,324000000,61000,7762878464
1789915136.8909602,8090583040,100,328000000,61000,7762931712
1789915137.8916864,8090583040,100,325000000,61000,7762931712
1789915138.89212,8090603520,100,323000000,61000,7762952192
1789915139.8931108,8090603520,100,326000000,61000,7762952192
1789915140.8941753,8090615808,99,325000000,62000,7762964480
1789915141.8945615,8090583040,99,325000000,62000,7762997248
1789915142.895258,8090603520,98,319000000,62000,7762984960
1789915143.8957305,8090603520,99,325000000,62000,7762984960
1789915144.8962166,8090656768,94,309000000,62000,7763038208
1789915145.8967068,8090730496,86,293000000,62000,7763251200
1789915146.8973076,8090783744,99,325000000,62000,7763304448
1789915147.8984842,8090816512,100,326000000,62000,7763374080
1789915148.8990152,8090857472,96,313000000,62000,7763378176
1789915149.8999338,8090857472,99,326000000,62000,7763398656
1789915150.9007075,8090910720,100,326000000,62000,7763431424
1789915151.9013295,8090877952,100,326000000,62000,7763431424
1789915152.909444,8090890240,100,326000000,62000,7763468288
1789915153.9098613,8090931200,100,326000000,63000,7763484672
1789915154.910366,8090951680,100,326000000,62000,7763505152
1789915155.9111106,8090984448,100,325000000,62000,7763603456
1789915156.911535,8091004928,100,326000000,62000,7763623936
1789915157.9119642,8091004928,100,327000000,62000,7763644416
1789915158.9124725,8091058176,100,325000000,62000,7763677184
1789915159.9134223,8091058176,100,327000000,62000,7763677184
1789915160.9138126,8091058176,99,324000000,63000,7763677184
1789915161.9146276,8091045888,100,326000000,62000,7763697664
1789915162.914938,8091045888,100,327000000,62000,7763697664
1789915163.91533,8091045888,100,326000000,62000,7763697664
1789915164.9160414,8091045888,100,326000000,62000,7763697664
1789915165.916412,8091045888,100,326000000,62000,7763697664
1789915166.9170446,8091078656,99,325000000,62000,7763800064
1789915167.9177065,8091131904,100,326000000,62000,7763853312
1789915168.9182172,8091242496,80,271000000,61000,7764000768
1789915169.9186788,8091262976,100,326000000,62000,7763984384
1789915170.9195282,8091262976,100,327000000,62000,7763984384
1789915171.9200172,8091283456,100,324000000,62000,7764037632
1789915172.9208977,8091316224,95,313000000,62000,7764070400
1789915173.921424,8091316224,99,324000000,62000,7764070400
1789915174.9219472,8091316224,100,326000000,62000,7764070400
1789915175.922664,8091357184,100,327000000,62000,7764463616
1789915176.9230807,8091357184,100,325000000,62000,7764463616
1789915177.9235792,8091357184,100,327000000,62000,7764463616
1789915178.9241998,8091381760,91,301000000,62000,7764688896
1789915179.9258337,8091402240,95,313000000,62000,7764672512
1789915180.9269886,8091435008,100,328000000,62000,7765299200
1789915181.9273446,8091435008,100,326000000,63000,7765299200
1789915182.9278479,8091402240,100,325000000,63000,7765299200
1789915183.9282565,8091402240,100,326000000,63000,7765299200
1789915184.9291599,8091402240,100,325000000,63000,7765299200
1789915186.1623824,8091402240,47,190000000,61000,7765299200
1789915187.1702976,8091435008,99,323000000,62000,7765360640
1789915188.1713252,8091455488,100,326000000,62000,7765491712
1789915189.171815,8091455488,100,326000000,63000,7765491712
1789915190.1722887,8091455488,100,326000000,63000,7765491712
1789915191.17322,8091508736,99,325000000,63000,7765544960
1789915192.1736739,8091508736,100,326000000,63000,7765544960
1789915193.1745784,8091475968,100,324000000,63000,7765544960
1789915194.1750338,8091475968,100,327000000,63000,7765544960
1789915195.175643,8091475968,100,326000000,63000,7765544960
1789915196.1761317,8091475968,100,326000000,63000,7765544960
1789915197.1767764,8091475968,99,325000000,63000,7765544960
1789915198.177468,8091475968,100,324000000,63000,7820075008
1789915199.1780639,8091475968,99,326000000,63000,7765544960
1789915200.1786878,8091475968,100,327000000,63000,7765544960
1789915201.1792197,8091508736,100,326000000,63000,7776149504
1789915202.180164,8091598848,38,139000000,61000,7800975360
1789915203.1813824,8091566080,0,68000000,59000,7807905792
1789915204.181797,8091652096,5,54000000,58000,7807954944
1789915205.1822603,8091721728,33,131000000,58000,7808024576
1789915206.1826775,8091721728,100,331000000,61000,7808024576
1789915207.1834264,8091754496,100,326000000,62000,7808057344
1789915208.1839166,8091754496,99,324000000,62000,7808057344
1789915209.185009,8091807744,100,326000000,62000,7808131072
1789915210.1854246,8091807744,100,327000000,63000,7808131072
1789915211.185907,8091807744,98,322000000,63000,7808131072
1789915212.1867907,8091807744,100,326000000,63000,7808131072
1789915213.1872175,8091795456,99,325000000,63000,7808151552
1789915214.1879091,8091795456,100,326000000,63000,7808151552
1789915215.1934524,8091828224,97,315000000,63000,7808204800
1789915216.1939535,8091906048,99,324000000,63000,7808262144
1789915217.1944184,8091967488,99,322000000,64000,7808323584
1789915218.1948683,8091967488,100,326000000,64000,7808323584
1789915219.1955795,8091967488,100,326000000,64000,7808323584
1789915220.1959426,8091967488,100,328000000,64000,7808323584
1789915221.1968508,8108777472,99,324000000,64000,7808356352
1789915222.1974795,8108777472,100,325000000,64000,7808356352
1789915223.1979148,8108838912,99,323000000,64000,7808487424
1789915224.1985898,8108859392,100,326000000,64000,7808471040
1789915225.1991491,8108859392,100,326000000,64000,7808471040
1789915226.1998124,8108859392,100,326000000,64000,7808471040
1789915227.2008326,8108859392,99,325000000,64000,7808471040
1789915228.2017777,8108879872,100,325000000,64000,7808491520
1789915229.2026975,8108879872,99,324000000,64000,7808491520
1789915230.2032506,8108933120,93,309000000,63000,7808544768
1789915231.204613,8108933120,99,321000000,64000,7808544768
1789915232.2055242,8109060096,100,326000000,63000,7808749568
1789915233.2060802,8109101056,88,294000000,63000,7808790528
1789915234.206759,8109146112,88,296000000,63000,7808868352
1789915235.2071874,8109146112,100,326000000,63000,7808868352
1789915236.2078633,8109199360,100,326000000,63000,7808999424
1789915237.2084196,8109199360,100,326000000,63000,7808999424
1789915238.2089212,8109252608,100,327000000,63000,7809052672
1789915239.209903,8109285376,99,324000000,63000,7809122304
1789915240.210457,8109305856,100,326000000,63000,7809105920
1789915241.2113123,8109305856,100,327000000,63000,7809105920
1789915242.2119098,8109326336,97,316000000,63000,7809126400
1789915243.2123532,8109326336,97,316000000,63000,7809163264
1789915244.2132547,8109314048,100,328000000,63000,7809146880
1789915245.2141666,8109314048,100,327000000,64000,7809146880
1789915246.214525,8109314048,100,325000000,64000,7809146880
1789915247.214982,8109314048,45,181000000,61000,7809146880
1789915248.2159956,8109428736,75,261000000,62000,7809282048
1789915249.2171679,8109481984,100,330000000,63000,7809335296
1789915250.2176366,8109481984,100,326000000,63000,7809335296
1789915251.2181654,8109481984,99,323000000,63000,7809355776
1789915252.218642,8109514752,100,325000000,63000,7809368064
1789915253.2194755,8109514752,100,327000000,63000,7809368064
1789915254.2199373,8109481984,99,322000000,63000,7809368064
1789915255.2203956,8109535232,99,325000000,63000,7809421312
1789915256.2210014,8109535232,100,325000000,63000,7809421312
1789915257.2217264,8109588480,100,324000000,63000,7809478656
1789915258.2226484,8109621248,99,325000000,64000,7810170880
1789915259.223079,8109641728,100,326000000,64000,7810154496
1789915260.223454,8111738880,100,326000000,64000,7810154496
1789915261.315145,8111792128,100,325000000,64000,7810846720
1789915262.3155596,8111792128,100,326000000,64000,7810846720
1789915263.316031,8111845376,99,325000000,64000,7811166208
1789915264.31689,8111812608,99,324000000,64000,7811170304
1789915265.3174884,8111869952,80,272000000,63000,7811940352
1789915266.3186011,8111882240,99,327000000,64000,7812292608
1789915267.319826,8111992832,64,213000000,63000,7824359424
1789915268.3205025,8111992832,12,86000000,60000,7852314624
1789915269.3216004,8111992832,0,52000000,58000,7852314624
1789915270.3220825,8112123904,21,87000000,58000,7852408832
1789915271.323112,8112148480,82,275000000,61000,7852441600
1789915272.3240337,8112148480,100,326000000,62000,7852462080
1789915273.3244655,8112230400,95,315000000,62000,7852523520
1789915274.325087,8112254976,99,324000000,63000,7852576768
1789915275.3256502,8112254976,99,324000000,63000,7852576768
1789915276.3262105,8112254976,96,316000000,63000,7852576768
1789915277.326655,8112308224,99,325000000,63000,7852630016
1789915278.3272998,8112308224,100,326000000,63000,7852630016
1789915279.3279095,8112353280,80,275000000,63000,7852675072
1789915280.3285673,8112353280,94,303000000,63000,7864131584
1789915281.3290074,8112353280,100,327000000,64000,7864131584
1789915282.3294704,8112406528,100,326000000,64000,7864184832
1789915283.3301423,8112406528,100,328000000,64000,7864184832
1789915284.3308158,8112406528,100,325000000,64000,7864184832
1789915285.3312216,8112447488,99,326000000,64000,7864225792
1789915286.332143,8112447488,100,326000000,64000,7864225792
1789915287.3325427,8112488448,98,318000000,64000,7864266752
1789915288.3329413,8112508928,99,325000000,64000,7864287232
1789915289.3336942,8112521216,100,326000000,64000,7864299520
1789915290.3347316,8112562176,100,326000000,64000,7864340480
1789915291.3351455,8112562176,99,325000000,64000,7864340480
1789915292.3356695,8112615424,100,326000000,64000,7864393728
1789915293.3368602,8112615424,100,324000000,64000,7864393728
1789915294.3374617,8112635904,99,324000000,64000,7864414208
1789915295.3469114,8112656384,95,316000000,64000,7864844288
1789915296.3480566,8112746496,31,118000000,61000,7883264000
1789915297.3488119,8112746496,0,63000000,59000,7890972672
1789915298.3497858,8112832512,13,72000000,58000,7891058688
1789915299.350189,8112902144,48,181000000,59000,7891091456
1789915300.3505595,8112902144,100,326000000,62000,7891091456
1789915301.3511922,8112955392,100,326000000,62000,7891185664
1789915302.3522155,8112955392,99,325000000,62000,7891185664
1789915303.3530078,8112975872,100,326000000,62000,7891206144
1789915304.3538003,8112975872,99,321000000,63000,7891255296
1789915305.3543963,8112943104,100,327000000,63000,7891263488
1789915306.3550704,8112943104,100,326000000,63000,7891275776
1789915307.94346,8112963584,61,222000000,62000,7891320832
1789915308.944112,8112963584,100,328000000,62000,7891320832
1789915309.9445078,8113000448,81,271000000,62000,7891357696
1789915310.9450822,8113053696,100,326000000,63000,7891410944
1789915311.9456427,8113053696,100,324000000,63000,7891410944
1789915312.9461238,8113106944,99,325000000,63000,7891464192
1789915313.946837,8113139712,100,326000000,63000,7891496960
1789915314.9475918,8113139712,100,325000000,63000,7891496960
1789915315.9481623,8113127424,99,324000000,63000,7891517440
1789915316.9486146,8113180672,99,326000000,64000,7891570688
1789915317.9495308,8113180672,100,326000000,64000,7891570688
1789915318.9503877,8113180672,100,326000000,64000,7891570688
1789915319.9510736,8113213440,94,312000000,64000,7891603456
1789915320.9521194,8113233920,99,325000000,64000,7891623936
1789915321.9529123,8113233920,100,326000000,64000,7891623936
1789915322.9533343,8113287168,100,326000000,64000,7891677184
1789915323.9536982,8113287168,100,326000000,64000,7891677184
1789915324.954594,8113287168,100,326000000,64000,7891677184
1789915325.9556181,8113254400,99,324000000,64000,7891677184
1789915326.956164,8113287168,99,323000000,64000,7891746816
1789915327.957085,8113307648,100,326000000,64000,7891730432
1789915328.9580748,8113319936,100,326000000,63000,7891779584
1789915329.9585216,8113340416,100,326000000,64000,7891763200
1789915330.9594212,8113340416,100,326000000,64000,7891763200
1789915331.9598308,8113352704,99,317000000,63000,7891812352
1789915332.9603233,8113393664,95,312000000,63000,7891816448
1789915334.0855443,8113414144,99,325000000,63000,7891836928
1789915335.085951,8113414144,100,325000000,64000,7891836928
1789915336.0865185,8113381376,99,326000000,64000,7891836928
1789915337.0869634,8113414144,94,305000000,63000,7891869696
1789915338.1323872,8113455104,99,327000000,63000,7891910656
1789915339.1327255,8113455104,100,326000000,64000,7891910656
1789915340.133297,8113455104,98,317000000,63000,7891910656
1789915341.1341524,8113455104,100,327000000,63000,7891910656
1789915342.1346078,8113455104,100,327000000,63000,7891910656
1789915343.13527,8113491968,100,325000000,63000,7891968000
1789915344.136176,8113491968,100,326000000,63000,7891968000
1789915345.1365633,8113512448,97,318000000,63000,7891988480
1789915346.1370332,8113479680,100,326000000,64000,7891988480
1789915347.1374977,8113479680,100,327000000,64000,7891988480
1789915348.1382132,8113479680,100,325000000,64000,7891988480
1789915349.139051,8113500160,98,321000000,64000,7892008960
1789915350.1397722,8113500160,99,324000000,64000,7892008960
1789915351.1404676,8113541120,90,294000000,63000,7892049920
1789915352.141297,8113582080,100,323000000,63000,7892090880
1789915353.1417487,8113582080,100,326000000,64000,7892090880
1789915354.1424084,8113582080,100,328000000,64000,7892090880
1789915355.1435087,8113582080,100,326000000,64000,7892090880
1789915356.1442132,8113614848,99,323000000,64000,7892160512
1789915357.1447475,8113602560,94,309000000,63000,7892209664
1789915358.1453438,8113602560,99,320000000,64000,7892209664
1789915359.1462884,8113668096,91,302000000,63000,7893020672
1789915360.1468115,8113668096,100,326000000,64000,7893020672
1789915361.1473129,8113668096,99,326000000,64000,7893020672
1789915362.2526112,8113668096,48,194000000,62000,7893020672
1789915363.258998,8113737728,68,244000000,62000,7893315584
1789915364.2601888,8113778688,99,324000000,63000,7893356544
1789915365.2608018,8113778688,100,326000000,63000,7893356544
1789915366.2613292,8113778688,99,322000000,64000,7893356544
1789915367.2619715,8113745920,100,327000000,64000,7893356544
1789915368.262439,8113766400,99,324000000,64000,7893377024
1789915369.2629325,8113819648,100,327000000,64000,7893782528
1789915370.2642791,8113819648,100,325000000,64000,7893782528
1789915371.26468,8113864704,99,325000000,64000,7894331392
1789915372.2651165,8113938432,98,320000000,64000,7895388160
1789915373.2657886,8113938432,100,326000000,64000,7895388160
1789915374.2665582,8113938432,100,327000000,64000,7895388160
1789915375.266863,8113950720,100,326000000,65000,7895695360
1789915376.2676818,8113991680,99,325000000,65000,7896080384
1789915377.2682078,8113958912,99,324000000,65000,7896080384
1789915378.268716,8114012160,100,326000000,65000,7896788992
1789915379.2691703,8114012160,100,326000000,65000,7896788992
1789915380.2697318,8114069504,100,326000000,65000,7897083904
1789915381.2707112,8114089984,98,322000000,65000,7897378816
1789915382.271176,8114143232,100,326000000,65000,7898378240
1789915383.2716362,8114196480,100,326000000,65000,7899078656
1789915384.2724786,8114249728,100,326000000,65000,7899402240
1789915385.2729313,8114249728,99,325000000,65000,7899402240
1789915386.2733538,8114270208,100,326000000,65000,7899422720
1789915387.273975,8114237440,100,326000000,65000,7899422720
1789915388.2744474,8114290688,99,319000000,65000,7899475968
1789915389.2748663,8114290688,100,326000000,65000,7899475968
1789915390.2753024,8114290688,100,327000000,65000,7899475968
1789915391.2758408,8114290688,100,326000000,65000,7899906048
1789915392.2773635,8114311168,100,326000000,65000,7900704768
1789915393.2778275,8114372608,75,259000000,64000,7908384768
1789915394.2784445,8114372608,100,331000000,65000,7908384768
1789915395.279222,8114405376,100,327000000,65000,7908675584
1789915396.2799156,8114405376,100,325000000,65000,7908675584
1789915397.2806857,8114372608,99,326000000,65000,7908675584
1789915398.281399,8114405376,99,326000000,65000,7909470208
1789915399.282302,8114425856,100,326000000,65000,7909462016
1789915400.2832932,8114425856,100,326000000,65000,7909462016
1789915401.2841597,8114425856,100,324000000,65000,7909462016
1789915402.2850502,8114479104,99,326000000,65000,7910080512
1789915403.2857358,8114479104,100,327000000,65000,7910080512
1789915404.2861145,8114479104,100,326000000,65000,7910080512
1789915405.2865586,8114479104,97,317000000,65000,7910080512
1789915406.2871566,8114532352,100,326000000,65000,7910961152
1789915407.2876406,8114552832,100,326000000,65000,7911460864
1789915408.2884612,8114548736,84,283000000,65000,7918084096
1789915409.2889202,8114601984,99,321000000,64000,7919235072
1789915410.2899776,8114601984,100,325000000,65000,7919235072
1789915411.290498,8114638848,100,326000000,65000,7919620096
1789915412.290913,8114638848,100,327000000,65000,7919620096
1789915413.2916534,8114659328,96,313000000,65000,7920140288
1789915414.2921093,8114659328,100,327000000,65000,7920144384
1789915415.2925296,8114659328,100,326000000,65000,7920144384
1789915416.2929473,8114659328,100,327000000,65000,7920144384
1789915417.2933507,8114659328,100,326000000,65000,7920144384
1789915418.2938163,8114679808,95,314000000,65000,7921033216
1789915419.382913,8114679808,48,194000000,63000,7921033216
1789915420.383369,8114712576,100,328000000,64000,7921385472
1789915421.383983,8114712576,100,327000000,65000,7921385472
1789915422.3844147,8114712576,100,326000000,65000,7921385472
1789915423.38485,8114712576,99,325000000,65000,7921385472
1789915424.385297,8114712576,100,324000000,65000,7921385472
1789915425.385996,8114737152,95,308000000,65000,7921451008
1789915426.3864484,8114778112,95,315000000,65000,7921459200
1789915427.3869076,8114778112,99,322000000,65000,7921459200
1789915428.3876982,8114806784,74,261000000,64000,7925817344
1789915429.3884232,8114860032,99,324000000,65000,7926267904
1789915430.3888326,8114860032,100,326000000,65000,7926267904
1789915431.389262,8114913280,100,326000000,65000,7927164928
1789915432.3901398,8114925568,100,326000000,65000,7927177216
1789915433.3907828,8114958336,100,326000000,65000,7927701504
1789915434.3912024,8114958336,99,325000000,65000,7927701504
1789915435.3916085,8114958336,100,326000000,65000,7927701504
1789915436.3920693,8114999296,97,317000000,65000,7928422400
1789915437.392877,8115056640,90,284000000,65000,7941369856
1789915438.3936975,8115068928,20,107000000,62000,7970041856
1789915439.3949137,8115068928,0,68000000,61000,7970041856
1789915440.396267,8115154944,14,80000000,60000,7970271232
1789915441.397274,8115224576,65,226000000,62000,7970320384
1789915442.3986976,8115224576,99,324000000,64000,7970320384
1789915443.399209,8115245056,100,326000000,64000,7970340864
1789915444.39969,8115302400,100,326000000,64000,7970406400
1789915445.4001365,8115302400,100,326000000,65000,7970406400
1789915446.401054,8115302400,100,327000000,65000,7970406400
1789915447.4014933,8115302400,99,324000000,65000,7970443264
1789915448.402386,8115322880,100,322000000,65000,7970476032
1789915449.4027874,8115376128,100,326000000,65000,7970549760
1789915450.4032125,8115376128,100,326000000,65000,7970549760
1789915451.403677,8115429376,99,326000000,65000,7970615296
1789915452.4046154,8115441664,100,322000000,65000,7970627584
1789915453.4054098,8115441664,99,325000000,65000,7970664448
1789915454.4063842,8115462144,100,326000000,65000,7970656256
1789915455.4068315,8115462144,100,327000000,65000,7970660352
1789915456.407244,8115462144,99,323000000,65000,7970664448
1789915457.4076982,8115494912,100,326000000,65000,7970697216
1789915458.4081273,8115494912,100,326000000,66000,7970697216
1789915459.6295588,8115535872,99,325000000,65000,7970795520
1789915460.6307092,8115535872,100,325000000,65000,7970795520
1789915461.6310701,8115535872,100,326000000,65000,7970795520
1789915462.6315243,8115535872,100,327000000,65000,7970799616
1789915463.6326327,8115556352,100,323000000,65000,7970828288
1789915464.6334913,8115556352,99,324000000,65000,7970828288
1789915465.634526,8115556352,100,325000000,65000,7970869248
1789915466.634985,8115597312,91,306000000,65000,7970881536
1789915467.63562,8115666944,100,326000000,65000,7970967552
1789915468.6363335,8115666944,100,326000000,65000,7970967552
1789915469.6368535,8115712000,99,324000000,65000,7972519936
1789915470.6378865,8115757056,34,131000000,63000,7993790464
1789915471.6390254,8115757056,0,72000000,60000,8010272768
1789915472.639981,8115843072,15,81000000,60000,8010539008
1789915473.6403825,8115916800,44,171000000,60000,8010588160
1789915474.6411004,8115916800,100,328000000,63000,8010588160
1789915475.6419933,8115916800,100,326000000,63000,8010596352
1789915476.6426604,8115916800,99,325000000,64000,8010596352
1789915477.6431363,8115949568,100,326000000,64000,8010637312
1789915478.6439946,8115949568,100,325000000,64000,8010641408
1789915479.6447387,8115916800,48,189000000,62000,8010641408
1789915480.6458747,8115916800,99,318000000,63000,8010641408
1789915481.6463182,8115916800,99,325000000,64000,8010641408
1789915482.6469772,8115916800,100,326000000,64000,8010641408
1789915483.6476064,8115937280,100,326000000,64000,8010661888
1789915484.6480258,8115957760,92,304000000,64000,8010682368
1789915485.6487477,8115957760,100,325000000,64000,8010682368
1789915486.6492348,8115957760,100,326000000,65000,8010682368
1789915487.6504912,8115957760,99,325000000,65000,8010682368
1789915488.6509106,8115990528,100,324000000,65000,8010723328
1789915489.6516554,8115957760,100,326000000,65000,8010723328
1789915490.6521125,8115957760,99,324000000,65000,8010723328
1789915491.6527748,8115998720,99,326000000,65000,8010768384
1789915492.6533175,8115998720,100,326000000,65000,8010768384
1789915493.6537476,8116019200,99,325000000,65000,8010788864
1789915494.6545382,8116019200,100,327000000,65000,8010788864
1789915495.6551528,8116039680,100,323000000,65000,8010809344
1789915496.6561677,8116039680,100,326000000,65000,8010809344
1789915497.656734,8116113408,99,325000000,65000,8010887168
1789915498.6574574,8116113408,100,326000000,65000,8010887168
1789915499.6582105,8116084736,100,327000000,65000,8010887168
1789915500.6587977,8116084736,100,326000000,65000,8010887168
1789915501.659982,8116084736,100,325000000,65000,8010891264
1789915502.66049,8116117504,97,317000000,65000,8010932224
1789915503.6610718,8116174848,98,323000000,65000,8011001856
1789915504.662101,8116174848,100,325000000,65000,8011001856
1789915505.6631806,8116174848,100,326000000,65000,8011001856
1789915506.6637683,8116174848,100,326000000,65000,8011005952
1789915507.6642442,8116174848,100,326000000,65000,8011005952
1789915508.6646702,8116174848,100,326000000,65000,8011005952
1789915509.6653519,8116187136,99,325000000,65000,8011059200
1789915510.6659157,8116174848,100,327000000,65000,8011042816
1789915511.666885,8116174848,100,326000000,65000,8011042816
1789915512.6676586,8116174848,100,324000000,65000,8011046912
1789915513.668162,8116174848,99,326000000,65000,8011046912
1789915514.6691945,8116207616,100,325000000,64000,8011194368
1789915515.669815,8116207616,100,326000000,65000,8011194368
1789915516.6706786,8116207616,100,326000000,65000,8011194368
1789915517.6716602,8116207616,99,325000000,64000,8011194368
1789915518.6723118,8116240384,100,323000000,64000,8011247616
1789915519.6727612,8116240384,100,325000000,64000,8011247616
1789915520.67402,8116207616,99,324000000,64000,8011251712
1789915521.6745782,8116207616,100,326000000,64000,8011251712
1789915522.6750264,8116260864,99,325000000,64000,8011358208
1789915523.675475,8116301824,99,325000000,65000,8011407360
1789915524.6775804,8116330496,100,326000000,64000,8011464704
1789915525.6785545,8116391936,95,314000000,64000,8011526144
1789915526.6789844,8116391936,100,326000000,64000,8011526144
1789915527.679884,8116391936,100,326000000,64000,8011526144
1789915528.680445,8116391936,99,323000000,64000,8011530240
1789915529.680904,8116457472,100,326000000,64000,8011608064
1789915530.6819227,8116445184,100,325000000,65000,8011632640
1789915531.6831095,8116477952,97,320000000,64000,8011743232
1789915532.6843455,8116477952,100,326000000,64000,8011743232
1789915533.6961656,8116477952,48,191000000,63000,8011767808
1789915534.696973,8116518912,100,335000000,64000,8011788288
1789915535.6975002,8116551680,99,324000000,64000,8011829248
1789915536.697941,8116658176,100,326000000,64000,8011956224
1789915537.6983962,8116690944,100,327000000,64000,8011993088
1789915538.7664664,8116727808,100,326000000,64000,8012029952
1789915539.767041,8116727808,100,326000000,65000,8012029952
1789915540.768072,8116699136,100,326000000,65000,8012029952
1789915541.7685468,8116699136,100,326000000,65000,8012029952
1789915542.7695014,8116719616,99,321000000,65000,8012050432
1789915543.7701068,8116764672,99,325000000,65000,8012136448
1789915544.7705548,8116805632,100,326000000,65000,8012152832
1789915545.7710047,8116805632,100,324000000,65000,8012152832
1789915546.7715476,8116805632,99,325000000,65000,8012152832
1789915547.7719953,8116805632,100,326000000,65000,8012152832
1789915548.7730243,8116838400,99,325000000,65000,8012197888
1789915549.773914,8116871168,99,324000000,65000,8012279808
1789915550.7742996,8116928512,100,326000000,65000,8012898304
1789915551.7747304,8116948992,100,327000000,65000,8012890112
1789915552.7754834,8116948992,99,322000000,65000,8012894208
1789915553.776152,8116948992,100,325000000,65000,8012894208
1789915554.7772257,8117002240,99,324000000,65000,8013225984
1789915555.7776523,8117035008,100,327000000,65000,8013647872
1789915556.7781506,8117035008,100,326000000,65000,8013647872
1789915557.779169,8117035008,100,327000000,65000,8013647872
1789915558.77961,8117035008,100,326000000,65000,8013647872
1789915559.7801254,8117035008,100,326000000,65000,8013647872
1789915560.7806911,8117035008,99,325000000,65000,8013651968
1789915561.7815251,8117055488,100,324000000,65000,8013676544
1789915562.782586,8117055488,97,313000000,65000,8013680640
1789915563.7830415,8117088256,99,326000000,65000,8014045184
1789915564.7834983,8117088256,100,326000000,65000,8014045184
1789915565.7838938,8117088256,100,326000000,65000,8014045184
1789915566.784882,8117121024,99,326000000,65000,8014409728
1789915567.7853775,8117121024,100,326000000,65000,8014409728
1789915568.786105,8117174272,100,326000000,65000,8014467072
1789915569.786576,8117174272,100,326000000,65000,8014467072
1789915570.7875264,8117174272,100,326000000,65000,8014471168
1789915571.7880237,8117174272,100,326000000,65000,8014471168
1789915572.7889764,8117174272,100,326000000,65000,8014471168
1789915573.789758,8117174272,100,326000000,65000,8014471168
1789915574.7901926,8117194752,99,325000000,65000,8015351808
1789915575.7907083,8117215232,100,326000000,65000,8015343616
1789915576.7912848,8117215232,100,326000000,65000,8015343616
1789915577.7918162,8117215232,99,325000000,65000,8015343616
1789915578.7980723,8117215232,100,326000000,65000,8015351808
1789915579.7984884,8117268480,100,326000000,65000,8016117760
1789915580.798955,8117268480,99,325000000,65000,8016121856
1789915581.7993903,8117321728,97,320000000,65000,8017018880
1789915582.7999475,8117321728,99,323000000,65000,8017022976
1789915583.800412,8117321728,100,327000000,65000,8017022976
1789915584.8013227,8117321728,100,326000000,65000,8017022976
1789915585.802146,8117321728,100,326000000,65000,8017022976
1789915586.80263,8117342208,100,326000000,65000,8017268736
1789915587.803148,8117379072,99,324000000,65000,8017575936
1789915588.80359,8117379072,100,327000000,65000,8017575936
1789915589.8046691,8117411840,100,326000000,65000,8017993728
1789915590.8051066,8117411840,100,326000000,65000,8017997824
1789915591.8055942,8117411840,100,326000000,65000,8017997824
1789915592.8060186,8117411840,100,326000000,65000,8017997824
1789915593.806681,8117411840,100,327000000,65000,8018001920
1789915594.8072119,8117424128,100,326000000,65000,8018542592
1789915595.8080075,8117444608,99,325000000,65000,8018534400
1789915596.8083599,8117444608,100,326000000,65000,8018534400
1789915597.8090858,8117444608,99,323000000,65000,8018538496
1789915598.8096,8117465088,99,324000000,65000,8018894848
1789915599.9564226,8117465088,42,180000000,63000,8018894848
1789915601.2601435,8117485568,100,324000000,64000,8018919424
1789915602.2607217,8117485568,100,325000000,64000,8018919424
1789915603.2611873,8117485568,100,326000000,64000,8018919424
1789915604.2616096,8117506048,100,327000000,64000,8019156992
1789915605.2620661,8117506048,99,325000000,64000,8019156992
1789915606.26252,8117559296,100,326000000,64000,8019427328
1789915607.2631223,8117559296,100,326000000,64000,8019427328
1789915608.2636333,8117559296,100,327000000,65000,8019427328
1789915609.2743092,8117600256,100,326000000,65000,8019693568
1789915610.2751365,8117600256,100,328000000,65000,8019693568
1789915611.2760892,8117600256,100,325000000,65000,8019693568
1789915612.2770355,8117600256,100,326000000,65000,8019693568
1789915613.2779658,8117653504,98,322000000,65000,8020049920
1789915614.2787714,8117673984,100,326000000,65000,8020553728
1789915615.2795718,8117706752,99,325000000,65000,8021323776
1789915616.2807186,8117760000,100,326000000,65000,8021381120
1789915617.2815535,8117760000,99,324000000,65000,8021381120
1789915618.2823355,8117760000,100,326000000,65000,8021381120
1789915619.2837093,8117813248,100,326000000,65000,8023470080
1789915620.2845225,8117813248,99,324000000,65000,8023470080
1789915621.2850432,8117813248,100,328000000,65000,8023470080
1789915622.2859945,8117813248,100,326000000,65000,8023470080
1789915623.2864084,8117813248,100,325000000,65000,8023470080
1789915624.286859,8117813248,100,327000000,65000,8023470080
1789915625.2872715,8117813248,100,326000000,65000,8023470080
1789915626.2881954,8117813248,99,325000000,65000,8023470080
1789915627.2887304,8117813248,100,325000000,65000,8023470080
1789915628.289769,8117854208,99,325000000,65000,8024940544
1789915629.291024,8117854208,100,326000000,65000,8024940544
1789915630.2914984,8117927936,99,321000000,65000,8026198016
1789915631.2920022,8117948416,100,326000000,65000,8026808320
1789915632.2924318,8117948416,100,326000000,65000,8026808320
1789915633.2930863,8117948416,100,327000000,65000,8026808320
1789915634.2936766,8117948416,100,327000000,65000,8026808320
1789915635.2946808,8117948416,99,320000000,65000,8026808320
1789915636.2951322,8117948416,100,326000000,65000,8026808320
1789915637.2959108,8117960704,100,325000000,65000,8026824704
1789915638.2975273,8117960704,100,324000000,65000,8026824704
1789915639.298515,8117960704,100,326000000,65000,8026824704
1789915640.2993867,8118013952,92,305000000,65000,8029745152
1789915641.2998781,8118013952,99,324000000,65000,8029745152
1789915642.300419,8118013952,100,326000000,65000,8029745152
1789915643.3010178,8118013952,100,326000000,65000,8029745152
1789915644.301982,8118013952,100,327000000,65000,8029745152
1789915645.3029437,8118071296,100,326000000,65000,8029806592
1789915646.303604,8118071296,99,325000000,65000,8029806592
1789915647.3042412,8118071296,100,326000000,65000,8029810688
1789915648.304912,8118071296,100,325000000,65000,8029810688
1789915649.305352,8118071296,99,325000000,65000,8029810688
1789915650.3061109,8118071296,100,326000000,65000,8029814784
1789915651.3069577,8118104064,99,325000000,65000,8029851648
1789915652.307558,8118104064,100,326000000,65000,8029851648
1789915653.3081908,8118104064,100,326000000,65000,8029851648
1789915654.3088255,8118104064,99,326000000,65000,8029851648
1789915655.3093317,8118104064,100,326000000,65000,8029851648
1789915656.3098164,8118136832,100,326000000,65000,8032849920
1789915657.3104882,8118136832,94,298000000,65000,8039268352
1789915658.3113494,8118169600,100,332000000,65000,8039645184
1789915659.3122706,8118190080,100,326000000,65000,8041328640
1789915660.3131337,8118190080,100,325000000,65000,8041332736
1789915661.6264632,8118190080,56,214000000,64000,8041332736
1789915662.6271243,8118243328,100,330000000,65000,8041644032
1789915663.6275423,8118243328,100,327000000,65000,8041644032
1789915664.6279583,8118243328,100,325000000,65000,8041644032
1789915665.6286337,8118263808,100,327000000,65000,8041881600
1789915666.6290746,8118296576,99,325000000,65000,8042319872
1789915667.6295984,8118329344,100,326000000,65000,8043073536
1789915668.6301458,8118329344,100,326000000,65000,8043073536
1789915669.6313026,8118349824,99,322000000,65000,8043532288
1789915670.6316826,8118349824,100,326000000,65000,8043532288
1789917308.6663501,7896383488,0,38000000,40000,8043532288
1789917309.6677616,8025862144,100,326000000,45000,8043532288
1789917310.668301,8025882624,99,324000000,46000,8043552768
1789917311.668942,8025882624,100,320000000,47000,8043552768
1789917312.6696026,8025882624,99,325000000,47000,8043552768
1789917313.6701047,8099479552,100,326000000,48000,8043552768
1789917314.6709075,8109965312,100,326000000,48000,8043909120
1789917315.6713483,8110006272,97,315000000,49000,8045563904
1789917316.6717687,8110006272,99,324000000,49000,8045563904
1789917317.6721628,8110006272,100,327000000,50000,8045563904
1789917318.672658,8110006272,100,327000000,50000,8045563904
1789917319.6732664,8110006272,99,318000000,50000,8045563904
1789917320.673934,8107929600,100,320000000,51000,8045584384
1789917321.674627,8397340672,99,316000000,51000,8045584384
1789917322.6750154,8666284032,100,326000000,51000,8045584384
1789917323.6758158,8455979008,99,325000000,51000,8045584384
1789917324.676408,8456032256,98,318000000,52000,8048427008
1789917325.677113,8456032256,100,322000000,52000,8048427008
1789917326.6775005,8460255232,99,319000000,52000,8048439296
1789917327.6779397,8509685760,92,300000000,52000,8048750592
1789917328.678527,8510738432,94,307000000,53000,8050262016
1789917329.6790142,8512868352,100,328000000,53000,8051412992
1789917330.6796398,8543965184,100,326000000,53000,8052314112
1789917331.680228,8535318528,100,325000000,54000,8052314112
1789917333.0207124,8535375872,99,321000000,54000,8054755328
1789917334.0214689,8535371776,100,325000000,54000,8054755328
1789917335.0221334,8535371776,100,325000000,55000,8054755328
1789917336.0227435,8535404544,100,326000000,55000,8057004032
1789917337.0232897,8535404544,100,326000000,55000,8057004032
1789917338.026092,8535404544,100,318000000,55000,8057004032
1789917339.0265543,8535461888,100,326000000,55000,8058466304
1789917340.027247,8535461888,100,325000000,56000,8058466304
1789917341.0278213,8535461888,100,325000000,56000,8058466304
1789917342.028321,8535482368,100,325000000,56000,8058880000
1789917343.0289266,8535482368,100,326000000,56000,8058880000
1789917344.0295713,8535482368,99,324000000,57000,8058880000
1789917345.030357,8535515136,100,327000000,57000,8058912768
1789917346.030977,8535515136,100,323000000,57000,8058912768
1789917347.0314703,8535547904,99,325000000,57000,8060727296
1789917348.0323937,8535547904,100,327000000,57000,8060727296
1789917349.0330086,8535547904,100,322000000,57000,8060727296
1789917350.0337787,8535547904,99,326000000,57000,8060727296
1789917351.0343375,8535568384,100,326000000,58000,8062255104
1789917352.0348217,8535568384,100,326000000,58000,8062255104
1789917353.466518,8535568384,59,220000000,57000,8062255104
1789917354.4669952,8535568384,100,328000000,57000,8062255104
1789917355.467414,8535568384,100,326000000,58000,8062255104
1789917356.468066,8535568384,100,327000000,58000,8062255104
1789917357.4685404,8535588864,100,326000000,58000,8062533632
1789917358.46928,8535609344,100,326000000,58000,8062517248
1789917359.4697833,8535609344,100,326000000,58000,8062517248
1789917360.470251,8535609344,100,327000000,59000,8062517248
1789917361.4710073,8535662592,99,325000000,59000,8062808064
1789917362.4715836,8535662592,100,325000000,59000,8062808064
1789917363.4723866,8535736320,97,300000000,58000,8079081472
1789917364.473408,8535781376,21,104000000,56000,8107880448
1789917365.4745347,8535781376,1,63000000,54000,8107880448
1789917366.475397,8535867392,15,75000000,54000,8108113920
1789917367.4758801,8535937024,59,202000000,55000,8108158976
1789917368.4768002,8535937024,100,326000000,57000,8108158976
1789917369.4772646,8535937024,99,321000000,57000,8108158976
1789917370.4780018,8535949312,100,326000000,58000,8108175360
1789917371.4786043,8535949312,100,326000000,58000,8108175360
1789917372.4793892,8536002560,99,324000000,58000,8108298240
1789917373.4801037,8536002560,100,328000000,58000,8108298240
1789917374.4807794,8536014848,100,326000000,58000,8108412928
1789917375.4813747,8536055808,100,327000000,58000,8108425216
1789917376.4818704,8536055808,100,327000000,58000,8108425216
1789917377.4822884,8536055808,100,325000000,58000,8108425216
1789917378.4826667,8536096768,98,318000000,58000,8108470272
1789917379.4831734,8536141824,100,327000000,59000,8108515328
1789917380.4835432,8536141824,99,314000000,58000,8108515328
1789917381.4839644,8536141824,100,328000000,59000,8108515328
1789917382.484646,8536141824,99,320000000,59000,8108515328
1789917383.4849901,8536154112,100,326000000,59000,8108572672
1789917384.4855165,8536174592,100,326000000,59000,8108564480
1789917385.4860833,8536174592,99,324000000,59000,8108568576
1789917386.4866867,8536207360,100,326000000,59000,8108605440
1789917387.487323,8536207360,100,328000000,59000,8108605440
1789917388.4878585,8536207360,100,327000000,59000,8108605440
1789917389.48865,8536240128,100,325000000,59000,8108646400
1789917390.4892702,8500490240,100,326000000,59000,8108646400
1789917391.4898586,8500490240,100,325000000,59000,8108646400
1789917392.490317,8500502528,99,325000000,59000,8108662784
1789917393.4909856,8500502528,100,326000000,59000,8108662784
1789917394.4915123,8500502528,99,325000000,59000,8108662784
1789917395.4923592,8500506624,100,326000000,59000,8108662784
1789917396.4928114,8500518912,100,326000000,59000,8108711936
1789917397.4934218,8500539392,100,327000000,59000,8108703744
1789917398.494254,8500539392,99,324000000,59000,8108703744
1789917399.5057797,8500584448,100,324000000,59000,8108748800
1789917400.5065885,8500584448,99,324000000,59000,8108748800
1789917401.5071657,8567803904,100,326000000,59000,8108822528
1789917402.5077643,8565760000,100,326000000,59000,8108883968
1789917403.5085118,8565760000,100,327000000,59000,8108883968
1789917404.509187,8565760000,100,326000000,59000,8108883968
1789917405.5096738,8565800960,99,326000000,59000,8108929024
1789917406.510259,8565805056,100,326000000,59000,8108929024
1789917407.5106926,8565805056,99,323000000,59000,8108929024
1789917408.5113802,8565805056,100,326000000,59000,8108929024
1789917409.5119216,8565805056,100,326000000,59000,8108929024
1789917410.513188,8565805056,100,327000000,59000,8108929024
1789917411.513758,8565805056,100,326000000,59000,8108929024
1789917412.5143192,8565805056,100,327000000,59000,8108929024
1789917413.514851,8565805056,99,321000000,59000,8108929024
1789917414.5153794,8565805056,100,326000000,59000,8108929024
1789917415.5157044,8565829632,100,326000000,59000,8108953600
1789917416.5162265,8565825536,100,327000000,59000,8108953600
1789917417.5168397,8565825536,99,325000000,59000,8108957696
1789917418.5172071,8565858304,100,326000000,59000,8109051904
1789917419.5178993,8565862400,100,326000000,59000,8109051904
1789917420.5185268,8565891072,100,326000000,59000,8109162496
1789917421.5190818,8565886976,100,326000000,59000,8109162496
1789917422.5196865,8565886976,99,325000000,59000,8109162496
1789917423.6536548,8565899264,43,178000000,58000,8109199360
1789917424.654245,8565948416,85,285000000,58000,8109228032
1789917425.6549041,8565968896,94,306000000,59000,8109248512
1789917426.655733,8566005760,96,312000000,59000,8109326336
1789917427.6562583,8566075392,95,312000000,59000,8109453312
1789917428.656787,8566075392,100,327000000,59000,8109453312
1789917429.6574035,8566075392,99,320000000,59000,8109453312
1789917430.657913,8566075392,100,326000000,59000,8109453312
1789917431.6586866,8566128640,98,322000000,59000,8109649920
1789917432.6590896,8566153216,95,310000000,59000,8109895680
1789917433.659567,8566153216,99,328000000,59000,8109895680
1789917434.6600676,8566185984,100,323000000,59000,8110247936
1789917435.6604836,8566190080,100,326000000,60000,8110247936
1789917436.6610296,8566190080,99,323000000,60000,8110247936
1789917437.6615086,8566190080,100,326000000,60000,8110247936
1789917438.6618557,8566190080,100,323000000,60000,8110247936
1789917439.6624045,8566185984,99,325000000,60000,8110247936
1789917440.6630309,8566206464,100,326000000,60000,8110600192
1789917441.6635416,8566206464,99,316000000,60000,8110600192
1789917442.664433,8566206464,100,326000000,60000,8110600192
1789917443.6650186,8566226944,99,323000000,60000,8110948352
1789917444.6654692,8566226944,100,322000000,60000,8111308800
1789917445.6662524,8566247424,99,321000000,60000,8111296512
1789917446.6668851,8566251520,100,323000000,60000,8111296512
1789917447.6676316,8566263808,99,325000000,60000,8111738880
1789917448.6682227,8566304768,100,327000000,60000,8112082944
1789917449.668868,8566304768,100,324000000,60000,8112082944
1789917450.6697152,8566304768,100,326000000,60000,8112082944
1789917451.6704006,8566304768,100,326000000,60000,8112082944
1789917452.6710398,8566304768,100,326000000,60000,8112082944
1789917453.671723,8566321152,99,325000000,60000,8112590848
1789917454.6722152,8566321152,100,326000000,60000,8112590848
1789917455.673078,8566325248,100,326000000,60000,8112590848
1789917456.6736965,8566325248,100,326000000,60000,8112590848
1789917457.6742523,8566378496,100,327000000,60000,8113471488
1789917458.675044,8566378496,100,326000000,60000,8113471488
1789917459.675562,8566374400,100,326000000,60000,8113471488
1789917460.676061,8566407168,99,324000000,60000,8114544640
1789917461.6767352,8566427648,100,326000000,60000,8114536448
1789917462.6773674,8566427648,100,325000000,61000,8114536448
1789917463.6778114,8566427648,100,326000000,60000,8114536448
1789917464.678521,8566427648,100,327000000,60000,8114536448
1789917465.6791294,8566427648,99,325000000,60000,8114536448
1789917466.6800718,8566497280,76,261000000,60000,8115286016
1789917467.680677,8566530048,100,327000000,60000,8115539968
1789917468.6868498,8566550528,99,367000000,61000,8115838976
1789917469.6873224,8566571008,100,327000000,60000,8115834880
1789917470.6883106,8566571008,100,325000000,60000,8115834880
1789917471.6890805,8566583296,94,309000000,60000,8116219904
1789917472.689509,8566636544,86,287000000,60000,8116572160
1789917473.6902316,8566636544,100,327000000,60000,8116576256
1789917474.6908457,8566669312,100,326000000,60000,8116965376
1789917475.6913226,8566669312,99,324000000,60000,8116969472
1789917476.9619281,8566669312,100,323000000,60000,8116969472
1789917478.5683782,8566669312,62,228000000,59000,8116969472
1789917479.5691476,8566702080,100,330000000,60000,8117207040
1789917480.569568,8566697984,99,314000000,60000,8117207040
1789917481.5702434,8566697984,100,326000000,60000,8117207040
1789917482.5707033,8566702080,99,325000000,61000,8117207040
1789917483.5711231,8566702080,100,327000000,61000,8117207040
1789917484.5714924,8566702080,100,326000000,61000,8117207040
1789917485.5721629,8566722560,100,325000000,61000,8117231616
1789917486.5726898,8566718464,99,309000000,61000,8117231616
1789917487.57332,8566771712,99,325000000,61000,8117403648
1789917488.5742385,8566775808,100,323000000,61000,8117403648
1789917489.5748935,8566775808,99,322000000,61000,8117407744
1789917490.5754483,8566771712,100,326000000,61000,8117407744
1789917491.5761561,8566771712,99,319000000,61000,8117407744
1789917492.5769856,8566833152,78,266000000,61000,8118128640
1789917493.577465,8566833152,100,327000000,61000,8118128640
1789917494.578157,8566890496,99,326000000,61000,8118829056
1789917495.5787296,8566886400,100,326000000,62000,8118829056
1789917496.5795972,8566890496,100,324000000,62000,8118829056
1789917497.5808768,8566919168,89,294000000,61000,8119107584
1789917498.5816338,8566935552,91,303000000,61000,8119541760
1789917499.5823443,8566947840,100,326000000,62000,8119799808
1789917500.583157,8566988800,100,326000000,62000,8120094720
1789917501.5835907,8566988800,100,326000000,62000,8120094720
1789917502.5841088,8566992896,100,324000000,62000,8120094720
1789917503.5847096,8566992896,99,325000000,62000,8120094720
1789917504.5854843,8566988800,100,326000000,62000,8120094720
1789917505.5861716,8566992896,100,326000000,62000,8120094720
1789917506.5867145,8566992896,100,326000000,62000,8120094720
1789917507.5871797,8566992896,100,326000000,62000,8120094720
1789917508.5876815,8566992896,99,322000000,62000,8120094720
1789917509.5885966,8566992896,100,326000000,62000,8120094720
1789917510.589807,8566988800,99,310000000,62000,8120094720
1789917511.5904834,8566988800,100,328000000,62000,8120094720
1789917512.5911689,8567042048,99,326000000,62000,8121151488
1789917513.5915663,8567042048,100,324000000,62000,8121151488
1789917514.592042,8567042048,100,326000000,62000,8121155584
1789917515.5928252,8567042048,99,318000000,62000,8121155584
1789917516.5935185,8567042048,100,323000000,62000,8121155584
1789917517.5943289,8567095296,100,326000000,62000,8126226432
1789917518.594908,8567128064,99,325000000,62000,8127508480
1789917519.5955787,8567140352,100,327000000,62000,8127889408
1789917520.5961163,8567164928,100,326000000,62000,8129155072
1789917521.5966733,8567164928,100,325000000,63000,8129155072
1789917522.597242,8567164928,100,327000000,63000,8129155072
1789917523.597739,8567222272,100,325000000,63000,8130715648
1789917524.5983253,8567226368,100,327000000,63000,8130715648
1789917525.598862,8567218176,100,326000000,63000,8130715648
1789917526.5994253,8567222272,99,325000000,63000,8130715648
1789917527.6000044,8567222272,100,326000000,62000,8130719744
1789917528.600487,8567255040,100,326000000,63000,8132141056
1789917529.601102,8567255040,100,326000000,63000,8132141056
1789917530.601596,8567259136,100,326000000,63000,8132141056
1789917531.6019902,8567259136,100,326000000,63000,8132141056
1789917532.6025066,8567250944,99,323000000,62000,8132141056
1789917533.6028917,8567250944,100,326000000,62000,8132145152
1789917535.1657848,8567300096,43,175000000,61000,8138514432
1789917536.1687758,8567312384,100,330000000,61000,8138788864
1789917537.1700416,8567353344,100,326000000,62000,8138833920
1789917538.170419,8567353344,100,325000000,62000,8138833920
1789917539.1707468,8567357440,100,327000000,62000,8138833920
1789917540.1711478,8567353344,99,325000000,62000,8138833920
1789917541.1716254,8567410688,100,326000000,62000,8139493376
1789917542.1723711,8567410688,100,326000000,62000,8139493376
1789917543.1730385,8567410688,100,325000000,62000,8139493376
1789917544.1737878,8567410688,100,327000000,62000,8139493376
1789917545.1742072,8567410688,100,326000000,62000,8139493376
1789917546.1753354,8567443456,99,325000000,62000,8139853824
1789917547.1757207,8567533568,95,305000000,62000,8140898304
1789917548.1763153,8567582720,99,325000000,63000,8151977984
1789917549.1770873,8567672832,44,151000000,60000,8175280128
1789917550.1779368,8567676928,1,69000000,58000,8184201216
1789917551.1785018,8567762944,6,59000000,57000,8184393728
1789917552.1792545,8567832576,34,130000000,58000,8184483840
1789917553.1799588,8567832576,100,330000000,61000,8184483840
1789917554.1807597,8567832576,100,324000000,61000,8184483840
1789917555.18148,8567828480,99,318000000,62000,8184483840
1789917556.1821668,8567828480,100,324000000,62000,8184483840
1789917557.1825068,8567832576,100,326000000,62000,8184483840
1789917558.183157,8567885824,99,326000000,62000,8184614912
1789917559.1835349,8567881728,100,325000000,62000,8184614912
1789917560.183928,8567881728,100,326000000,63000,8184614912
1789917561.1844792,8567885824,100,326000000,63000,8184614912
1789917562.1851203,8567922688,100,327000000,63000,8184647680
1789917563.1909661,8567918592,100,325000000,63000,8184647680
1789917564.1913211,8567918592,99,325000000,63000,8184647680
1789917565.1917348,8567918592,100,326000000,63000,8184651776
1789917566.192297,8567918592,100,326000000,63000,8184651776
1789917567.19276,8567918592,99,318000000,63000,8184655872
1789917568.1931806,8567918592,99,326000000,63000,8184655872
1789917569.194001,8567922688,100,317000000,63000,8184655872
1789917570.1943338,8567922688,100,325000000,63000,8184655872
1789917571.1949031,8567918592,100,327000000,63000,8184655872
1789917572.1954029,8567939072,99,321000000,63000,8184676352
1789917573.1959043,8567959552,97,313000000,63000,8184705024
1789917574.1962535,8567992320,99,327000000,63000,8184745984
1789917575.19722,8567992320,100,326000000,63000,8184745984
1789917576.1976976,8567992320,100,324000000,63000,8184750080
1789917577.1981082,8567992320,100,326000000,63000,8184750080
1789917578.1987484,8568012800,96,313000000,63000,8184782848
1789917579.199188,8568012800,99,322000000,63000,8184782848
1789917580.1995437,8568008704,100,327000000,63000,8184782848
1789917581.2000794,8568008704,100,324000000,63000,8184782848
1789917582.2008288,8568008704,100,325000000,63000,8184782848
1789917583.2013032,8568008704,100,326000000,63000,8184782848
1789917584.2018301,8568008704,99,324000000,63000,8184782848
1789917585.2029543,8568008704,99,323000000,63000,8184786944
1789917586.2033346,8568008704,100,326000000,63000,8184791040
1789917587.2038472,8568008704,100,324000000,63000,8184827904
1789917588.2043798,8568029184,100,326000000,63000,8184827904
1789917589.2048972,8568029184,100,326000000,63000,8184827904
1789917590.2054136,8568029184,100,326000000,63000,8184827904
1789917591.2062035,8568029184,99,320000000,63000,8184832000
1789917592.2066596,8568094720,85,279000000,62000,8184954880
1789917593.2073936,8568098816,33,149000000,60000,8184954880
1789917594.2080474,8568152064,100,329000000,62000,8185008128
1789917595.2085536,8568152064,100,326000000,62000,8185008128
1789917596.2091725,8568156160,100,326000000,62000,8185008128
1789917597.2100298,8568188928,99,325000000,63000,8185044992
1789917598.2106516,8568188928,100,325000000,63000,8185044992
1789917599.210995,8568188928,99,321000000,63000,8185044992
1789917600.2113793,8568238080,100,327000000,63000,8185118720
1789917601.2120574,8568238080,100,325000000,63000,8185118720
1789917602.2130835,8568238080,100,327000000,63000,8185118720
1789917603.2135801,8568238080,100,322000000,63000,8185118720
1789917604.214148,8568266752,100,326000000,63000,8185208832
1789917605.2147036,8568270848,100,327000000,63000,8185208832
1789917606.2154229,8568270848,100,326000000,63000,8185208832
1789917607.216192,8568270848,99,325000000,63000,8185208832
1789917608.2166672,8568274944,100,325000000,63000,8185208832
1789917609.2175589,8568274944,99,325000000,63000,8185208832
1789917610.2183847,8568274944,100,326000000,63000,8185208832
1789917611.2188666,8568303616,99,325000000,63000,8185319424
1789917612.21947,8568303616,100,326000000,63000,8185319424
1789917613.2203295,8568303616,100,326000000,63000,8185319424
1789917614.2208467,8568344576,100,326000000,63000,8185368576
1789917615.2213254,8568344576,100,325000000,63000,8185368576
1789917616.22185,8568344576,100,326000000,63000,8185368576
1789917617.2224512,8568344576,100,326000000,63000,8185368576
1789917618.2231493,8568344576,99,325000000,64000,8185368576
1789917619.2235453,8568344576,100,327000000,64000,8185389056
1789917620.2239048,8568377344,100,326000000,63000,8185409536
1789917621.22431,8568377344,100,326000000,63000,8185409536
1789917622.224702,8568397824,99,325000000,63000,8185434112
1789917623.2250493,8568451072,92,306000000,63000,8185499648
1789917624.2256665,8568483840,100,326000000,64000,8185540608
1789917625.2262206,8568504320,94,308000000,63000,8185565184
1789917626.2265925,8568508416,100,328000000,64000,8185606144
1789917627.2273715,8568528896,99,324000000,64000,8185589760
1789917628.2280834,8568528896,100,327000000,64000,8185589760
1789917629.22871,8568528896,100,326000000,64000,8185589760
1789917630.229319,8568524800,100,326000000,64000,8185589760
1789917631.2297416,8568545280,100,326000000,64000,8185610240
1789917632.2303631,8568545280,99,325000000,64000,8185614336
1789917633.2308095,8568590336,89,299000000,63000,8186433536
1789917634.2312005,8568590336,99,325000000,64000,8186433536
1789917635.2315958,8568623104,100,326000000,64000,8186687488
1789917636.232158,8568623104,99,321000000,64000,8186687488
1789917637.232578,8568647680,100,327000000,64000,8187015168
1789917638.2329898,8568651776,100,325000000,64000,8187015168
1789917639.2334895,8568647680,99,322000000,64000,8187015168
1789917640.2338457,8568647680,100,327000000,64000,8187015168
1789917641.2342122,8568647680,99,324000000,64000,8187015168
1789917642.234633,8568647680,100,325000000,64000,8187015168
1789917643.2350829,8568647680,100,326000000,64000,8187015168
1789917644.2356422,8568647680,100,326000000,64000,8187015168
1789917645.2359881,8568700928,100,326000000,64000,8187076608
1789917646.2363515,8568733696,100,327000000,64000,8187457536
1789917647.236962,8568733696,100,325000000,64000,8187457536
1789917648.2376328,8568733696,100,328000000,65000,8187457536
1789917649.2380276,8568754176,99,321000000,64000,8187990016
1789917650.2384953,8568754176,100,326000000,64000,8187990016
1789917651.2391505,8568774656,99,325000000,64000,8188338176
1789917652.2396915,8568774656,100,326000000,64000,8188338176
1789917653.2401035,8568774656,100,326000000,64000,8188338176
1789917654.793663,8568795136,53,200000000,63000,8200654848
1789917655.7940395,8568827904,100,318000000,63000,8200810496
1789917656.7946742,8568827904,100,326000000,64000,8200810496
1789917657.7951596,8568827904,99,324000000,64000,8200810496
1789917658.7959692,8568848384,100,326000000,64000,8200884224
1789917659.7967925,8568852480,99,321000000,64000,8200884224
1789917660.7971742,8568872960,99,321000000,64000,8201383936
1789917661.7977562,8568872960,100,326000000,64000,8201383936
1789917662.798169,8568868864,100,324000000,64000,8201383936
1789917663.7988045,8568913920,99,325000000,64000,8202256384
1789917664.7992857,8568913920,100,326000000,64000,8202256384
1789917665.7997413,8568913920,100,326000000,65000,8202256384
1789917666.8007073,8568918016,100,326000000,65000,8202256384
1789917667.8011281,8568913920,100,326000000,65000,8202256384
1789917668.8016307,8568934400,99,325000000,65000,8202276864
1789917669.8023286,8568934400,100,326000000,65000,8202276864
1789917670.803232,8568934400,99,323000000,65000,8202276864
1789917671.803672,8568934400,100,326000000,65000,8202276864
1789917672.8042777,8568954880,100,326000000,65000,8202465280
1789917673.804933,8568954880,99,321000000,65000,8202465280
1789917674.8055775,8568975360,100,326000000,65000,8202977280
1789917675.8065016,8568975360,100,326000000,65000,8202977280
1789917676.8074315,8568975360,99,323000000,65000,8202977280
1789917677.808161,8568979456,100,326000000,65000,8202977280
1789917678.8091235,8568975360,99,325000000,65000,8202977280
1789917679.809574,8568975360,100,326000000,65000,8202977280
1789917680.8101513,8568995840,99,317000000,65000,8203317248
1789917681.8106833,8568995840,100,323000000,65000,8203317248
1789917682.8113933,8568995840,99,325000000,65000,8203845632
1789917683.811763,8569016320,100,326000000,65000,8203837440
1789917684.8123477,8569036800,100,324000000,65000,8204361728
1789917685.8130257,8569036800,100,327000000,65000,8204361728
1789917686.813575,8569036800,100,326000000,65000,8204361728
1789917687.813945,8569057280,99,324000000,65000,8204382208
1789917688.8149133,8569057280,100,326000000,65000,8204382208
1789917689.8159988,8569094144,100,326000000,65000,8204427264
1789917690.8170352,8569098240,100,326000000,65000,8204427264
1789917691.8175352,8569094144,99,326000000,65000,8204427264
1789917692.8181994,8569094144,100,326000000,65000,8204427264
1789917693.8185685,8569098240,100,325000000,65000,8204427264
1789917694.818948,8569102336,100,326000000,65000,8204427264
1789917695.8193607,8569098240,99,325000000,65000,8204427264
1789917696.8200352,8569098240,100,323000000,65000,8204427264
1789917697.8207138,8569151488,90,303000000,65000,8205373440
1789917698.8210893,8569225216,100,326000000,65000,8210235392
1789917699.82175,8569225216,100,326000000,65000,8210235392
1789917700.8222327,8569225216,92,307000000,65000,8210272256
1789917701.822673,8569335808,98,325000000,65000,8216027136
1789917702.82357,8569335808,100,325000000,65000,8216027136
1789917703.8240113,8569335808,99,325000000,65000,8216027136
1789917704.8246758,8569335808,100,326000000,65000,8216027136
1789917705.825138,8569356288,100,326000000,65000,8217169920
1789917706.8258014,8569356288,100,327000000,65000,8217169920
1789917707.826375,8569356288,55,214000000,64000,8217169920
1789917708.8268971,8569356288,100,328000000,65000,8217169920
1789917709.8272526,8569389056,100,325000000,65000,8217444352
1789917710.8277633,8569389056,100,325000000,65000,8217444352
1789917711.8282938,8569393152,99,326000000,65000,8217444352
1789917712.8289502,8569393152,100,326000000,65000,8217444352
1789917713.8297677,8569393152,99,323000000,65000,8217444352
1789917714.83021,8569393152,99,321000000,65000,8217444352
1789917715.8308094,8569393152,100,326000000,65000,8217444352
1789917716.8314712,8569393152,100,324000000,65000,8217444352
1789917717.8318691,8569393152,99,325000000,65000,8217444352
1789917718.8322234,8569393152,100,326000000,65000,8217444352
1789917719.8331707,8569397248,100,327000000,65000,8217444352
1789917720.8337998,8569397248,100,327000000,65000,8217444352
1789917721.83432,8569393152,100,326000000,65000,8217444352
1789917722.8348763,8569413632,99,325000000,65000,8217976832
1789917723.8356397,8569413632,100,326000000,65000,8217976832
1789917724.8366692,8569434112,100,326000000,65000,8218382336
1789917725.837205,8569434112,100,326000000,65000,8218382336
1789917726.8377018,8569434112,99,325000000,65000,8218382336
1789917727.8383331,8569466880,100,326000000,65000,8218906624
1789917728.8387964,8569507840,99,326000000,65000,8218947584
1789917729.8393507,8569507840,100,327000000,65000,8218947584
1789917730.8398693,8569507840,100,327000000,65000,8218947584
1789917731.8403008,8569507840,100,325000000,65000,8218947584
1789917732.8407326,8569507840,100,326000000,65000,8218947584
1789917733.8411572,8569507840,99,325000000,65000,8218968064
1789917734.8415785,8569540608,100,327000000,65000,8219353088
1789917735.8420925,8569544704,100,326000000,65000,8219353088
1789917736.842766,8569581568,100,326000000,65000,8219394048
1789917737.8433225,8569573376,100,325000000,65000,8219394048
1789917738.8437152,8569606144,99,322000000,65000,8219426816
1789917739.844179,8569643008,100,326000000,65000,8219811840
1789917740.8445966,8569638912,100,327000000,65000,8219811840
1789917741.8451257,8569692160,96,313000000,65000,8220864512
1789917742.8457906,8569729024,99,328000000,65000,8221290496
1789917743.8463066,8569729024,100,326000000,65000,8221290496
1789917744.846783,8569761792,100,326000000,65000,8221646848
1789917745.8473363,8569761792,100,326000000,65000,8221646848
1789917746.8478732,8569761792,100,326000000,65000,8221646848
1789917747.848239,8569761792,100,325000000,65000,8221646848
1789917748.8486905,8569782272,96,315000000,65000,8221999104
1789917749.8492339,8569802752,100,327000000,65000,8222326784
1789917750.8497431,8569798656,100,326000000,65000,8222326784
1789917751.8504105,8569831424,99,322000000,65000,8222724096
1789917752.8510036,8569835520,100,327000000,65000,8222724096
1789917753.851728,8569831424,100,326000000,65000,8222724096
1789917754.8521957,8569835520,100,326000000,65000,8222724096
1789917755.8527873,8569868288,100,327000000,65000,8223596544
1789917756.853316,8569872384,100,326000000,65000,8223596544
1789917757.8540184,8569872384,100,325000000,66000,8223596544
1789917758.8546743,8569872384,99,326000000,66000,8223596544
1789917759.9693801,8569872384,100,326000000,65000,8223600640
1789917760.9700065,8569872384,100,326000000,65000,8223604736
1789917761.997705,8569872384,99,323000000,65000,8223612928
1789917762.9982398,8569872384,100,326000000,65000,8223612928
1789917763.9988465,8569913344,100,327000000,65000,8225234944
1789917764.9998574,8569929728,99,326000000,65000,8225501184
1789917766.0003965,8569929728,100,326000000,65000,8225501184
1789917767.0010245,8569929728,100,325000000,65000,8225501184
1789917768.0014884,8569942016,99,322000000,65000,8225566720
1789917769.002147,8569987072,100,326000000,65000,8228745216
1789917770.0027425,8569987072,100,327000000,65000,8228745216
1789917771.0035803,8569987072,100,322000000,65000,8228745216
1789917772.0044436,8570032128,99,322000000,65000,8228794368
1789917773.0050292,8570036224,100,326000000,66000,8228794368
1789917774.0056026,8570032128,100,327000000,66000,8228794368
1789917775.0061927,8570032128,100,326000000,66000,8228794368
1789917776.00672,8570036224,42,177000000,64000,8228794368
1789917777.007235,8570032128,100,332000000,65000,8228794368
1789917778.007774,8570056704,99,325000000,65000,8228958208
1789917779.00834,8570056704,100,324000000,65000,8228958208
1789917780.0089948,8570056704,100,326000000,65000,8228958208
1789917781.009683,8570056704,99,321000000,65000,8228958208
1789917782.010514,8570109952,100,327000000,65000,8229036032
1789917783.0112402,8570114048,100,326000000,65000,8229036032
1789917784.0116699,8570146816,99,325000000,65000,8229203968
1789917785.0122535,8570146816,100,326000000,65000,8229203968
1789917786.0127506,8570142720,100,327000000,65000,8229203968
1789917787.0135057,8570142720,100,327000000,66000,8229208064
1789917788.0140707,8570146816,100,327000000,65000,8229208064
1789917789.014955,8570142720,100,326000000,66000,8229208064
1789917790.0155907,8570167296,92,298000000,65000,8230187008
1789917791.0164518,8570187776,100,326000000,65000,8230428672
1789917792.0172338,8570187776,100,326000000,65000,8230428672
1789917793.01785,8570228736,100,327000000,65000,8232194048
1789917794.01856,8570228736,100,326000000,66000,8232194048
1789917795.019055,8570220544,99,324000000,66000,8232194048
1789917796.0197616,8570220544,100,327000000,65000,8232194048
1789917797.0202765,8570277888,100,327000000,66000,8233492480
1789917798.0207963,8570273792,100,326000000,66000,8233492480
1789917799.0216858,8570273792,100,326000000,66000,8233492480
1789917800.0221565,8570273792,99,324000000,66000,8234000384
1789917801.0228114,8570298368,100,326000000,66000,8234860544
1789917802.0234687,8570298368,100,328000000,66000,8234860544
1789917803.024114,8570298368,100,325000000,66000,8234860544
1789917804.0245395,8570298368,99,325000000,66000,8234860544
1789917805.0253067,8570331136,100,327000000,66000,8236089344
1789917806.0258768,8570331136,100,326000000,66000,8236089344
1789917807.0268414,8570331136,100,325000000,66000,8236089344
1789917808.0274768,8570327040,99,323000000,66000,8236089344
1789917809.0281377,8570327040,99,320000000,66000,8236089344
1789917810.0288923,8570327040,100,324000000,66000,8236089344
1789917811.0296154,8570327040,100,326000000,66000,8236089344
1789917812.0303788,8570327040,100,328000000,66000,8236089344
1789917813.0310297,8570327040,100,325000000,66000,8236089344
1789917814.0316727,8570327040,99,325000000,66000,8236089344
1789917815.0321524,8570327040,100,325000000,66000,8236089344
1789917816.0329392,8570331136,100,327000000,66000,8236089344
1789917817.0334997,8570331136,100,326000000,66000,8236122112
1789917818.0342424,8570351616,100,326000000,66000,8236617728
1789917819.034911,8570380288,99,325000000,66000,8237404160
1789917820.0354607,8570380288,100,326000000,66000,8237404160
1789917821.0358765,8570413056,100,327000000,66000,8239849472
1789917822.0369189,8570433536,99,325000000,66000,8240459776
1789917823.0373998,8570454016,100,326000000,66000,8240926720
1789917824.037883,8570454016,100,328000000,66000,8240926720
1789917825.038362,8570454016,100,325000000,66000,8240926720
1789917826.0387683,8570486784,100,325000000,66000,8243003392
1789917827.0394847,8570486784,100,327000000,66000,8243003392
1789917828.0398464,8570519552,99,325000000,66000,8243122176
1789917829.0405502,8570540032,100,326000000,66000,8244568064
1789917830.0414405,8570540032,100,326000000,66000,8244568064
1789917831.0422027,8570540032,100,326000000,66000,8244568064
1789917832.0429533,8570540032,99,322000000,66000,8244846592
1789917833.0434537,8570560512,100,326000000,66000,8245104640
1789917834.0441494,8570560512,100,325000000,66000,8245104640
1789917835.0447795,8570613760,99,322000000,66000,8246886400
1789917836.0452611,8570613760,100,325000000,66000,8246886400
1789917837.0459135,8570617856,100,328000000,66000,8246886400
1789917838.0465446,8570617856,100,325000000,66000,8246886400
1789917839.0470226,8570617856,99,320000000,66000,8246890496
1789917840.0473897,8570650624,100,325000000,66000,8248774656
1789917841.0480506,8570650624,100,325000000,66000,8248774656
1789917842.0484998,8570662912,99,325000000,66000,8248827904
1789917843.0491207,8570683392,100,326000000,66000,8249937920
1789917844.0496042,8570703872,100,327000000,66000,8250277888
1789917845.6916287,8570699776,95,313000000,66000,8250294272
1789917846.6921113,8570732544,95,312000000,65000,8250454016
1789917847.6927807,8570732544,100,327000000,66000,8250454016
1789917848.6933775,8570785792,99,325000000,66000,8250880000
1789917849.693996,8570785792,100,327000000,66000,8250880000
1789917850.6944768,8570785792,100,326000000,66000,8250880000
1789917851.6951425,8570785792,100,326000000,66000,8250880000
1789917852.6958094,8570806272,99,326000000,66000,8251338752
1789917853.6965523,8570806272,100,326000000,66000,8251338752
1789917854.6972678,8570810368,100,328000000,66000,8251338752
1789917855.698027,8570810368,100,325000000,66000,8251338752
1789917856.6986341,8570830848,100,326000000,66000,8251359232
1789917857.6992836,8570830848,99,324000000,66000,8251359232
1789917858.6999414,8570830848,99,323000000,66000,8251359232
1789917859.7004871,8570830848,100,326000000,66000,8251359232
1789917860.7010436,8570863616,100,327000000,66000,8252223488
1789917861.7015991,8570863616,99,326000000,66000,8252223488
1789917862.7024612,8570863616,100,325000000,66000,8252223488
1789917863.7031276,8570863616,100,327000000,66000,8252223488
1789917864.703805,8570863616,100,325000000,66000,8252223488
1789917865.7044005,8570884096,100,327000000,66000,8252702720
1789917866.704903,8570904576,100,327000000,66000,8253243392
1789917867.7057738,8570908672,100,325000000,66000,8253243392
1789917868.706304,8570908672,100,327000000,66000,8253243392
1789917869.707128,8570908672,100,326000000,66000,8253243392
1789917870.707544,8570908672,99,325000000,66000,8253243392
1789917871.707953,8570904576,100,326000000,66000,8253243392
1789917872.7083778,8570937344,99,326000000,66000,8253960192
1789917873.7088192,8570937344,100,326000000,66000,8253960192
1789917874.7092738,8570937344,100,327000000,66000,8253964288
1789917875.7099197,8570937344,100,326000000,66000,8253964288
1789917876.7103693,8570957824,100,326000000,66000,8254337024
1789917877.710746,8571015168,99,325000000,66000,8255225856
1789917878.7117836,8571015168,100,326000000,66000,8255225856
1789917879.7125368,8571015168,100,326000000,66000,8255229952
1789917880.713049,8571015168,100,325000000,66000,8255229952
1789917881.7136247,8571015168,99,325000000,66000,8278110208
1789917882.7141094,8571015168,100,326000000,66000,8255234048
1789917883.7147563,8571035648,100,327000000,66000,8255750144
1789917884.7153316,8571035648,100,326000000,66000,8255750144
1789917885.7159073,8571068416,100,326000000,66000,8256094208
1789917886.7165475,8571068416,99,325000000,66000,8256098304
1789917887.7173293,8571068416,100,327000000,66000,8256098304
1789917888.7178614,8571088896,99,326000000,66000,8256118784
1789917889.7184646,8571088896,100,326000000,66000,8256118784
1789917890.718959,8571142144,100,327000000,66000,8262352896
1789917891.7198713,8571142144,100,327000000,66000,8262352896
1789917892.7204576,8571142144,100,325000000,66000,8262352896
1789917893.7226517,8571154432,99,323000000,66000,8262402048
1789917894.7230616,8571174912,100,326000000,66000,8262582272
1789917895.7237582,8571174912,100,327000000,66000,8262586368
1789917896.724287,8571174912,100,326000000,66000,8262586368
1789917897.725065,8571215872,100,327000000,66000,8264577024
1789917898.725747,8571215872,100,326000000,66000,8264577024
1789918104.3667219,2985336832,1,20000000,50000,4959072256
1789918105.489611,3490652160,3,51000000,45000,5310885888
1789918106.4909008,5129244672,86,275000000,49000,5582254080
1789918107.4912949,6856151040,100,320000000,51000,5586485248
1789918108.4918587,6866243584,98,319000000,52000,5605072896
1789918109.4923358,6916546560,87,283000000,52000,5739024384
1789918110.4927008,6916870144,100,325000000,53000,5743640576
1789918111.4933124,6929571840,99,321000000,53000,5812502528
1789918112.4940608,6929809408,99,317000000,53000,5950730240
1789918113.4948406,6929813504,100,326000000,54000,5951361024
1789918114.49519,7036907520,100,322000000,54000,5954043904
1789918115.4957232,8360419328,99,325000000,54000,5957316608
1789918116.4962504,8360419328,100,326000000,55000,5957488640
1789918117.496916,8360415232,100,325000000,55000,5957488640
1789918118.4973733,8360681472,100,326000000,55000,5962727424
1789918119.4978397,8360763392,100,326000000,56000,5963984896
1789918120.4983594,8360898560,99,325000000,56000,5965803520
1789918121.499204,8361037824,100,324000000,56000,5968449536
1789918122.499718,8361123840,99,322000000,56000,5970374656
1789918123.5006387,8361193472,100,326000000,57000,5971464192
1789918124.501183,8361246720,100,325000000,57000,5972500480
1789918125.5016735,8361312256,99,320000000,57000,5973741568
1789918126.5022342,8361484288,100,325000000,57000,5976608768
1789918127.5027776,8361525248,100,327000000,58000,5977190400
1789918128.5032291,8361705472,99,321000000,58000,5979828224
1789918129.503747,8361738240,100,326000000,58000,5981442048
1789918130.504607,8361791488,99,325000000,58000,5981904896
1789918131.5051737,8361791488,100,325000000,58000,5982564352
1789918132.505822,8361918464,99,315000000,58000,5984391168
1789918133.5063245,8362037248,100,321000000,59000,5986816000
1789918134.5689354,8362160128,99,324000000,59000,5988507648
1789918135.5694067,8362160128,100,326000000,59000,5988737024
1789918136.570128,8362348544,100,322000000,59000,5991583744
1789918137.5707417,8362348544,100,326000000,59000,5992218624
1789918138.5712616,8362348544,100,327000000,60000,5992218624
1789918139.5719543,8362471424,99,324000000,60000,5994237952
1789918140.5727978,8362545152,100,325000000,60000,5995274240
1789918141.573618,8362688512,100,327000000,60000,5998063616
1789918142.574417,8362688512,100,326000000,60000,5998063616
1789918143.5748606,8362741760,99,325000000,60000,5998592000
1789918144.5755353,8362762240,100,327000000,60000,5999443968
1789918145.5760236,8362872832,100,325000000,60000,6001369088
1789918146.5765839,8362872832,100,326000000,60000,6001369088
1789918147.577141,8363036672,99,320000000,60000,6003482624
1789918148.5776994,8363089920,100,327000000,60000,6005006336
1789918149.5783384,8363233280,99,325000000,60000,6007156736
1789918150.5790358,8363233280,100,327000000,60000,6007590912
1789918151.5795703,8363286528,100,325000000,60000,6008770560
1789918152.580206,8363450368,100,326000000,60000,6011404288
1789918153.5807989,8363454464,100,326000000,60000,6011600896
1789918154.581186,8363450368,40,170000000,58000,6011695104
1789918155.5819337,8363503616,99,331000000,60000,6012264448
1789918156.5824895,8363544576,100,326000000,60000,6013726720
1789918157.5831082,8363597824,100,326000000,60000,6014558208
1789918158.5838766,8363597824,99,324000000,60000,6014558208
1789918159.584408,8363630592,100,327000000,60000,6014955520
1789918160.5852292,8363839488,100,323000000,60000,6018580480
1789918161.5857844,8363839488,100,325000000,61000,6018863104
1789918162.5862918,8363839488,99,326000000,61000,6018920448
1789918163.5867932,8363962368,100,324000000,60000,6020870144
1789918164.5878031,8363962368,100,326000000,61000,6021410816
1789918165.5883555,8364003328,99,320000000,60000,6022201344
1789918166.5892336,8364167168,99,322000000,60000,6024134656
1789918167.5903482,8364228608,100,322000000,61000,6025736192
1789918168.5909815,8364298240,99,326000000,61000,6027112448
1789918169.5916488,9165553664,100,326000000,61000,6029389824
1789918170.5922196,9165553664,100,327000000,61000,6029504512
1789918171.5928547,9165553664,100,327000000,61000,6029504512
1789918172.5933626,9165606912,100,325000000,61000,6030123008
1789918173.5940487,9165606912,100,327000000,61000,6030675968
1789918174.5948489,9165647872,99,325000000,61000,6031118336
1789918175.595645,9165647872,100,326000000,61000,6031474688
1789918176.5963678,9165705216,100,327000000,61000,6032424960
1789918177.5969024,9165754368,99,325000000,61000,6033264640
1789918178.5973995,9165840384,100,326000000,61000,6035054592
1789918179.5978904,9165873152,100,326000000,61000,6035578880
1789918180.5987134,9166032896,99,325000000,61000,6038212608
1789918181.5993016,9166176256,100,325000000,61000,6040260608
1789918182.59978,9166176256,100,327000000,61000,6040748032
1789918183.6005728,9166176256,100,327000000,61000,6040748032
1789918184.601072,9166229504,100,324000000,61000,6041432064
1789918185.601731,9166290944,99,325000000,61000,6042157056
1789918186.602271,9166290944,100,325000000,61000,6042165248
1789918187.6030064,9166376960,100,326000000,61000,6043504640
1789918188.603541,9166376960,100,326000000,61000,6044012544
1789918189.6043787,9166499840,99,318000000,61000,6046683136
1789918190.6048841,9166553088,100,326000000,61000,6047723520
1789918191.605485,9166553088,100,326000000,61000,6047731712
1789918192.6060135,9166635008,100,326000000,61000,6048854016
1789918193.606642,9166688256,99,325000000,61000,6049267712
1789918194.6071563,9166688256,100,326000000,61000,6049865728
1789918195.6075897,9166757888,100,326000000,61000,6050619392
1789918196.6920378,9166757888,100,325000000,61000,6051213312
1789918197.692777,9166757888,100,326000000,61000,6051213312
1789918198.6932523,9166790656,100,323000000,61000,6051573760
1789918199.693769,9166823424,99,325000000,61000,6052032512
1789918200.6946242,9166962688,100,326000000,61000,6054920192
1789918201.6952837,9166983168,100,326000000,61000,6055452672
1789918202.695857,9167163392,99,322000000,61000,6058205184
1789918203.6963933,9167163392,100,327000000,61000,6058954752
1789918204.6969733,9167163392,100,325000000,61000,6058954752
1789918205.697579,9167220736,100,326000000,61000,6059692032
1789918206.6982498,9167273984,100,327000000,61000,6060097536
1789918207.6988788,9167273984,100,327000000,61000,6060363776
1789918208.699797,9167273984,100,324000000,61000,6060363776
1789918209.7005181,9167294464,99,325000000,61000,6060863488
1789918210.7015293,9167400960,100,326000000,61000,6062301184
1789918211.7021189,9167400960,100,327000000,61000,6062862336
1789918212.702871,9167507456,99,322000000,61000,6064787456
1789918213.7035813,9167560704,100,326000000,61000,6065586176
1789918214.7041929,9167613952,100,326000000,61000,6066331648
1789918215.778742,9167634432,99,325000000,61000,6066565120
1789918216.7791958,9167654912,100,326000000,61000,6067642368
1789918217.7797651,9167712256,39,159000000,59000,6068490240
1789918218.7802534,9167732736,99,324000000,61000,6069387264
1789918219.7807577,9167802368,100,326000000,61000,6069972992
1789918220.781533,9167802368,100,326000000,61000,6070370304
1789918221.7821727,9167802368,100,327000000,61000,6070370304
1789918222.852396,9167966208,98,313000000,61000,6072430592
1789918223.8529449,9167966208,100,325000000,61000,6073135104
1789918224.8535564,9167966208,100,327000000,61000,6073135104
1789918225.8541267,9167998976,100,326000000,62000,6074224640
1789918226.8547266,9168039936,100,327000000,62000,6075056128
1789918227.8554087,9168093184,99,325000000,62000,6075543552
1789918228.8558257,9168093184,100,326000000,62000,6075736064
1789918229.8561938,9168109568,100,324000000,62000,6076231680
1789918230.8566105,9168109568,99,321000000,62000,6076346368
1789918231.8572206,9168158720,100,326000000,62000,6077448192
1789918232.8579276,9168211968,100,326000000,62000,6078668800
1789918233.858364,9168281600,99,326000000,62000,6079102976
1789918234.8587406,9168281600,100,325000000,62000,6079520768
1789918235.859159,9168281600,100,327000000,62000,6079520768
1789918236.859576,9168281600,100,326000000,62000,6079811584
1789918237.8602207,9168351232,100,327000000,62000,6080532480
1789918238.8607533,9168351232,100,327000000,62000,6080593920
1789918239.8616436,9168363520,100,324000000,62000,6080724992
1789918240.862423,9168461824,99,323000000,62000,6082310144
1789918241.8630612,9168461824,100,327000000,62000,6082789376
1789918242.8634756,9168551936,100,327000000,62000,6083833856
1789918243.864126,9168556032,100,326000000,62000,6084554752
1789918244.8647757,9168556032,100,326000000,63000,6084554752
1789918245.865287,9168601088,99,324000000,63000,6085279744
1789918246.865844,9168654336,100,326000000,63000,6086021120
1789918247.8662963,9168654336,100,326000000,63000,6086168576
1789918248.867048,9168654336,100,325000000,63000,6086168576
1789918249.8676834,9168695296,99,325000000,63000,6086864896
1789918250.8681982,9168785408,100,326000000,63000,6088183808
1789918251.8689911,9168785408,100,326000000,63000,6088708096
1789918252.8695939,9168785408,100,326000000,63000,6088708096
1789918253.8701282,9168846848,99,323000000,63000,6089433088
1789918254.8705764,9168941056,100,327000000,63000,6090698752
1789918255.871093,9168941056,100,326000000,63000,6090903552
1789918256.8717952,9168941056,100,326000000,63000,6090903552
1789918257.8723338,9168973824,100,325000000,63000,6091816960
1789918258.8729842,9168994304,99,320000000,63000,6092103680
1789918259.8737714,9169104896,99,320000000,63000,6094319616
1789918260.8744574,9169158144,100,326000000,63000,6095093760
1789918261.8749743,9169158144,100,325000000,63000,6095097856
1789918262.8757765,9169158144,100,327000000,63000,6095097856
1789918263.8765101,9169182720,99,325000000,63000,6095925248
1789918264.877201,9169235968,100,326000000,63000,6096605184
1789918265.8779705,9169231872,100,326000000,63000,6097174528
1789918266.878579,9169252352,100,326000000,63000,6097653760
1789918267.8791687,9169321984,100,326000000,63000,6098718720
1789918268.8798192,9169403904,99,325000000,63000,6099787776
1789918269.8803065,9169403904,100,326000000,63000,6099935232
1789918270.8810704,9169465344,100,326000000,63000,6101086208
1789918271.8817575,9169534976,100,326000000,63000,6102003712
1789918272.9350588,9169608704,99,325000000,63000,6103224320
1789918273.9357362,9169608704,100,326000000,63000,6103322624
1789918274.9363112,9169608704,100,327000000,63000,6103322624
1789918275.936751,9169629184,100,325000000,63000,6103752704
1789918276.9371574,9169686528,100,326000000,63000,6105042944
1789918277.9375553,9169682432,99,326000000,63000,6105116672
1789918278.9381366,9169735680,100,326000000,63000,6105845760
1789918279.9390352,9169735680,100,327000000,63000,6105853952
1789918280.9394948,9169731584,100,325000000,63000,6105853952
1789918281.9399567,9169735680,99,320000000,63000,6105972736
1789918282.9403598,9169788928,100,326000000,63000,6107172864
1789918283.9407234,9169788928,100,326000000,63000,6107283456
1789918284.9411013,9169903616,99,321000000,63000,6108704768
1789918285.9416428,9169907712,100,328000000,63000,6109003776
1789918286.94208,9169907712,100,325000000,63000,6109007872
1789918287.9427214,9169907712,100,326000000,63000,6109007872
1789918288.9432383,9169907712,99,319000000,63000,6109294592
1789918289.9436646,9169903616,45,190000000,61000,6109294592
1789918290.9442668,9169956864,100,326000000,63000,6110523392
1789918291.9448035,9169956864,100,325000000,63000,6110523392
1789918292.9455268,9170026496,99,325000000,63000,6110978048
1789918293.9459317,9170026496,100,325000000,63000,6111252480
1789918294.9464114,9170079744,100,327000000,63000,6112423936
1789918295.9468825,9170112512,100,326000000,63000,6112735232
1789918296.947284,9170112512,100,327000000,63000,6113226752
1789918297.9479868,9170112512,100,325000000,64000,6113226752
1789918298.948604,9170255872,99,325000000,64000,6115274752
1789918299.9490812,9170255872,100,326000000,64000,6115278848
1789918300.9501624,9170255872,100,326000000,64000,6115479552
1789918301.9505837,9170288640,100,326000000,64000,6115950592
1789918302.951059,9170341888,99,326000000,64000,6116515840
1789918303.9518278,9170341888,100,325000000,64000,6116999168
1789918304.952364,9170341888,100,327000000,64000,6116999168
1789918305.9528975,9170395136,100,326000000,64000,6118178816
1789918306.9535582,9170427904,100,326000000,64000,6118838272
1789918307.957935,9170440192,99,325000000,64000,6118895616
1789918308.9584982,9170485248,99,323000000,64000,6119706624
1789918309.959225,9170505728,100,327000000,64000,6120398848
1789918310.9599407,9170579456,100,326000000,64000,6121365504
1789918311.960875,9975943168,99,324000000,64000,6122536960
1789918312.9613488,9975943168,100,327000000,64000,6122868736
1789918313.9619195,9975943168,100,326000000,64000,6122868736
1789918314.9627047,9975943168,100,326000000,64000,6122868736
1789918315.963309,9975996416,100,326000000,64000,6123880448
1789918316.9637902,9976029184,100,326000000,64000,6124240896
1789918317.964503,9976029184,100,327000000,64000,6124265472
1789918318.9649947,9976029184,100,325000000,65000,6124265472
1789918319.9655194,9976082432,100,327000000,65000,6124941312
1789918320.9660323,9976123392,99,325000000,64000,6126063616
1789918321.9666069,9976205312,100,326000000,64000,6127964160
1789918322.9673483,9976315904,99,326000000,64000,6129520640
1789918323.968128,9976315904,100,326000000,64000,6129520640
1789918324.9688418,9976315904,100,327000000,64000,6129672192
1789918325.969349,9976315904,100,326000000,64000,6130008064
1789918326.970156,9976422400,99,325000000,64000,6131994624
1789918327.9709988,9976492032,99,325000000,64000,6132609024
1789918328.971601,9976492032,100,326000000,64000,6132989952
1789918329.9721508,9976492032,100,327000000,64000,6133129216
1789918330.9727235,9976532992,100,325000000,64000,6133899264
1789918331.9732363,9976532992,99,325000000,64000,6133956608
1789918332.9740646,9976573952,100,326000000,64000,6134816768
1789918333.9746673,9976594432,100,326000000,64000,6135132160
1789918334.9750547,9976610816,100,326000000,64000,6135291904
1789918335.975969,9976647680,100,327000000,64000,6135840768
1789918336.9765184,9976680448,99,324000000,64000,6136201216
1789918337.9770818,9976725504,100,326000000,64000,6137307136
1789918338.9775422,9976745984,99,325000000,64000,6137692160
1789918339.9785192,9976799232,100,327000000,64000,6138417152
1789918340.9789746,9976795136,100,327000000,64000,6138908672
1789918341.9797769,9976795136,100,324000000,64000,6138912768
1789918342.9804657,9976795136,100,326000000,64000,6138912768
1789918343.9810593,9976946688,99,324000000,64000,6140903424
1789918344.9815664,9976946688,100,326000000,64000,6141468672
1789918345.9820046,9976967168,100,327000000,64000,6142222336
1789918346.982664,9976967168,100,327000000,64000,6142353408
1789918347.9832551,9977036800,100,326000000,64000,6143295488
1789918348.9838567,9977036800,100,325000000,64000,6143303680
1789918349.9846232,9977090048,99,321000000,64000,6143684608
1789918350.985103,9977090048,100,326000000,64000,6143995904
1789918351.9857678,9977217024,100,326000000,64000,6146449408
1789918352.9865057,9977237504,100,326000000,64000,6146842624
1789918353.9870052,9977270272,99,323000000,64000,6147678208
1789918354.9878254,9977339904,100,326000000,64000,6210990080
1789918355.9883773,9977339904,100,326000000,64000,6210990080
1789918356.9891436,9977360384,100,328000000,64000,6212308992
1789918357.9896615,9977364480,100,326000000,64000,6212308992
1789918358.9902666,9977397248,99,326000000,64000,6213390336
1789918359.9908671,9977397248,100,327000000,64000,6213390336
1789918360.9914517,9977393152,100,326000000,64000,6213591040
1789918361.9921882,9977417728,100,326000000,64000,6215794688
1789918362.992754,9977417728,99,326000000,64000,6215950336
1789918364.5684867,9977413632,61,225000000,63000,6215954432
1789918365.5691419,9977466880,100,324000000,64000,6216994816
1789918366.5698512,9977479168,100,327000000,64000,6217920512
1789918367.570678,9977536512,99,325000000,64000,6219714560
1789918368.5711894,9977569280,100,328000000,64000,6220271616
1789918369.5718367,9977569280,100,326000000,65000,6220271616
1789918370.5725858,9977589760,100,326000000,65000,6220414976
1789918371.5732143,9977647104,100,325000000,65000,6220599296
1789918372.574171,9977647104,99,324000000,65000,6220599296
1789918373.5747886,9977700352,100,329000000,65000,6224318464
1789918374.575494,9977696256,100,326000000,65000,6224318464
1789918375.576318,9977729024,92,303000000,65000,6227238912
1789918376.5770423,9977851904,99,326000000,65000,6228910080
1789918377.5778143,9977851904,100,326000000,65000,6228910080
1789918378.5784564,9977913344,99,325000000,65000,6229123072
1789918379.579,9977913344,100,326000000,65000,6229123072
1789918380.5795062,9978032128,72,237000000,64000,6252564480
1789918381.580347,9978052608,14,97000000,62000,6281818112
1789918382.5813947,9978056704,1,62000000,60000,6281834496
1789918383.5819283,9978183680,16,83000000,60000,6282346496
1789918384.5824993,10012033024,81,270000000,62000,6282387456
1789918385.5832076,10012028928,100,323000000,64000,6282387456
1789918386.5837588,10012082176,100,327000000,64000,6282440704
1789918387.584522,10012082176,100,328000000,64000,6282440704
1789918388.5851989,10012082176,100,327000000,64000,6282440704
1789918389.5858548,10012082176,99,321000000,64000,6282444800
1789918390.5863938,10012151808,99,322000000,65000,6282706944
1789918391.5872216,10012151808,100,326000000,65000,6282706944
1789918392.5877936,10012151808,100,327000000,65000,6282706944
1789918393.5883586,10012151808,100,326000000,65000,6282788864
1789918394.5891547,10012176384,100,326000000,65000,6282969088
1789918395.5897517,10012192768,99,322000000,65000,6283165696
1789918396.590414,10012192768,100,326000000,65000,6283165696
1789918397.5926442,10012196864,100,327000000,65000,6283272192
1789918398.5932596,10012286976,96,317000000,65000,6283481088
1789918399.5942361,10012340224,99,325000000,65000,6283579392
1789918400.5948057,10012340224,100,327000000,65000,6283579392
1789918401.5954592,10012389376,100,326000000,65000,6283943936
1789918402.5959654,10012389376,100,325000000,65000,6283943936
1789918403.596669,10012389376,100,327000000,65000,6283943936
1789918404.597338,10012442624,100,323000000,65000,6284177408
1789918405.5978675,10012598272,99,317000000,65000,6284771328
1789918406.598621,10012598272,100,327000000,65000,6284771328
1789918407.5991309,10012651520,100,326000000,65000,6284931072
1789918408.5996954,10012651520,99,325000000,65000,6285025280
1789918409.600329,10012708864,91,304000000,64000,6285713408
1789918410.60106,10012745728,99,316000000,64000,6285758464
1789918411.6019065,10012811264,99,326000000,65000,6286196736
1789918412.6026757,10012864512,100,326000000,64000,6286360576
1789918413.6033502,10012925952,99,325000000,64000,6286544896
1789918414.6038983,10012999680,100,326000000,64000,6286852096
1789918415.6044488,10012999680,100,326000000,64000,6286909440
1789918416.6049638,10013081600,99,325000000,64000,6287548416
1789918417.6056294,10013122560,100,325000000,64000,6287589376
1789918418.606058,10013122560,99,324000000,64000,6287589376
1789918419.6066363,10013175808,100,327000000,64000,6287642624
1789918420.6073272,10013175808,99,323000000,64000,6287642624
1789918421.607786,10013216768,100,326000000,64000,6287814656
1789918422.6085794,10013270016,100,326000000,64000,6287974400
1789918423.6091409,10013270016,99,325000000,64000,6288052224
1789918424.6097095,10013323264,100,327000000,64000,6288363520
1789918425.6103523,10013323264,100,325000000,64000,6288363520
1789918426.6108754,10013323264,100,326000000,64000,6288363520
1789918427.611747,10013323264,36,156000000,62000,6288420864
1789918428.6122622,10013376512,100,329000000,64000,6288556032
1789918429.6129305,10013376512,100,326000000,64000,6288556032
1789918430.6137252,10013429760,100,326000000,64000,6288719872
1789918431.6141038,10013483008,100,326000000,64000,6288904192
1789918432.614837,10013483008,99,326000000,64000,6288945152
1789918433.6151938,10013630464,100,326000000,64000,6289567744
1789918434.7486162,10013683712,100,327000000,64000,6289752064
1789918435.749364,10013683712,100,327000000,64000,6289752064
1789918436.7499163,10013683712,100,325000000,64000,6289752064
1789918437.7504187,10013736960,99,325000000,64000,6289838080
1789918438.751119,10013736960,100,325000000,64000,6289940480
1789918439.7518091,10013736960,100,326000000,64000,6289940480
1789918440.752314,10013757440,99,325000000,64000,6290034688
1789918441.7528758,10013790208,100,326000000,64000,6290309120
1789918442.7533603,10013790208,100,326000000,64000,6290370560
1789918443.7539358,10013843456,99,325000000,64000,6290436096
1789918444.7544353,10013970432,100,326000000,64000,6290964480
1789918445.7553267,10013970432,100,325000000,64000,6291046400
1789918446.7558498,10014023680,99,323000000,64000,6291226624
1789918447.756411,10014023680,100,326000000,64000,6291320832
1789918448.7570558,10014076928,99,325000000,64000,6291447808
1789918449.7577462,10014109696,100,327000000,64000,6293848064
1789918450.758274,10014109696,100,325000000,64000,6293848064
1789918451.7589076,10014109696,100,326000000,64000,6293848064
1789918452.759339,10014162944,100,327000000,64000,6293901312
1789918453.75983,10014162944,100,326000000,64000,6293901312
1789918454.7604375,10014162944,100,326000000,64000,6293901312
1789918455.761091,10014162944,100,327000000,64000,6293901312
1789918456.7616494,10014162944,99,324000000,64000,6293901312
1789918457.7620883,10014195712,100,326000000,64000,6295076864
1789918458.762602,10014265344,99,319000000,64000,6295408640
1789918459.7633986,10014265344,99,325000000,64000,6295465984
1789918460.7638636,10014265344,100,326000000,64000,6295470080
1789918461.7645977,10014265344,100,323000000,64000,6295498752
1789918462.7653627,10014265344,99,326000000,64000,6295498752
1789918463.7659018,10014265344,100,327000000,64000,6295498752
1789918464.7666793,10014265344,100,326000000,64000,6295498752
1789918465.7675476,10014318592,100,326000000,64000,6297935872
1789918466.768025,10014318592,100,326000000,64000,6297980928
1789918467.768773,10014318592,99,325000000,64000,6298054656
1789918468.7694643,10014371840,100,326000000,64000,6298165248
1789918469.7702065,10014371840,100,326000000,64000,6298165248
1789918470.7707217,10014371840,100,326000000,64000,6298165248
1789918471.771354,10014404608,100,326000000,64000,6298279936
1789918472.7718058,10014404608,100,327000000,64000,6298279936
1789918473.7725701,10014457856,100,326000000,64000,6298472448
1789918474.7731361,10014457856,99,325000000,64000,6298501120
1789918475.7736542,10014457856,100,326000000,64000,6298546176
1789918476.7741416,10014498816,99,325000000,64000,6298619904
1789918477.774818,10014498816,100,325000000,64000,6298701824
1789918478.775411,10014498816,99,325000000,64000,6298742784
1789918479.7875295,10014519296,100,325000000,64000,6298886144
1789918480.788017,10014572544,99,325000000,64000,6303068160
1789918481.7883978,10014617600,100,322000000,64000,6303244288
1789918482.7889018,10014670848,100,326000000,64000,6303412224
1789918483.7898521,10062929920,86,254000000,63000,6356070400
1789918484.7904232,10063863808,99,270000000,63000,6357327872
1789918485.7911294,10407845888,99,327000000,64000,7164096512
1789918486.7919593,10407845888,99,326000000,64000,7298478080
1789918487.7924962,10407866368,99,327000000,64000,7298957312
1789918488.793126,10407866368,99,325000000,64000,7299158016
1789918489.793704,10407866368,99,327000000,64000,7299276800
1789918490.7942297,10407886848,100,327000000,64000,7300980736
1789918491.794851,10407886848,100,327000000,64000,7301111808
1789918492.7954867,10407890944,100,326000000,64000,7301169152
1789918493.7960532,10407890944,100,327000000,64000,7301189632
1789918494.796559,10407907328,100,327000000,64000,7301595136
1789918495.7968946,10407907328,100,326000000,64000,7301607424
1789918496.7973573,10407923712,100,327000000,64000,7301808128
1789918497.798003,10407923712,100,326000000,64000,7301910528
1789918498.7986052,10407923712,100,327000000,64000,7302053888
1789918499.799113,10407944192,100,327000000,64000,7302729728
1789918500.7994888,10407964672,100,326000000,64000,7303753728
1789918501.7999258,10408030208,100,327000000,64000,7307350016
1789918502.800559,10519199744,100,327000000,64000,7307743232
1789918503.8011565,10519187456,99,326000000,64000,7307747328
1789918504.801853,10519187456,99,326000000,64000,7307751424
1789918505.8023398,10519187456,99,327000000,64000,7307849728
1789918506.8028262,10519187456,99,326000000,64000,7308132352
1789918507.8033698,10519191552,99,326000000,64000,7308357632
1789918508.803849,10519212032,99,327000000,64000,7309004800
1789918509.8042274,10519232512,100,327000000,64000,7309586432
1789918510.8046603,10519228416,99,326000000,64000,7309807616
1789918511.8050258,10519228416,100,327000000,64000,7309922304
1789918512.8056583,10519228416,99,325000000,64000,7310053376
1789918513.8062544,10519228416,100,327000000,64000,7310249984
1789918514.8068495,10519195648,100,326000000,64000,7310491648
1789918515.8074021,10519195648,99,326000000,64000,7310667776
1789918516.80825,10519195648,99,326000000,64000,7310794752
1789918517.8089776,10519195648,99,327000000,64000,7310925824
1789918518.8093543,10519195648,99,326000000,64000,7311925248
1789918519.809794,10519216128,100,326000000,64000,7315320832
1789918520.8102293,10519257088,100,326000000,64000,7317921792
1789918521.8106298,11349794816,100,327000000,64000,7319314432
1789918522.8113203,13329567744,100,326000000,64000,7320084480
1789918523.8116915,14344658944,100,327000000,64000,7321001984
1789918524.8121872,15405826048,100,327000000,64000,7321591808
1789918525.8125234,16477470720,100,327000000,64000,7321706496
1789918526.812954,17618362368,100,326000000,64000,7322292224
1789918527.8135517,18813779968,100,326000000,63000,7323586560
1789918528.8140395,18813779968,100,326000000,63000,7322988544
1789918529.8144846,20038582272,100,327000000,63000,7323770880
1789918530.8149986,21271711744,100,326000000,63000,7323906048
1789918531.8154027,22613934080,100,326000000,63000,7324483584
1789918532.8157876,7403311104,100,305000000,63000,7324680192
1789918533.816098,7403311104,100,329000000,63000,7324680192
1789918534.8164878,7403278336,100,327000000,63000,7324749824
1789918535.8169208,8758038528,100,326000000,63000,7324835840
1789918536.8176234,8758059008,100,323000000,63000,7325323264
1789918537.8183336,8760156160,100,326000000,63000,7325859840
1789918538.819,8760156160,100,327000000,63000,7326330880
1789918539.8195379,8760213504,100,326000000,63000,7327420416
1789918540.8200884,8760250368,100,327000000,63000,7328088064
1789918541.820579,8760287232,100,326000000,63000,7328661504
1789918542.8210216,8760303616,100,327000000,63000,7328935936
1789918543.8216438,8760320000,100,326000000,63000,7329189888
1789918544.8222384,8760287232,100,326000000,63000,7329816576
1789918545.82286,8760287232,100,326000000,63000,7330217984
1789918546.8233025,8760287232,100,327000000,63000,7330324480
1789918547.8237727,8760287232,100,326000000,63000,7330623488
1789918548.8243673,8760303616,100,326000000,63000,7330889728
1789918549.8249657,8760320000,100,327000000,63000,7331151872
1789918550.825304,8760320000,100,326000000,63000,7331303424
1789918551.8257282,8760320000,100,326000000,63000,7331393536
1789918552.826261,8760320000,100,327000000,63000,7331647488
1789918553.826558,8760336384,100,326000000,63000,7332012032
1789918554.827152,8760336384,100,327000000,63000,7332139008
1789918556.05064,8760303616,54,208000000,62000,7332335616
1789918557.0510097,8760336384,100,331000000,63000,7332663296
1789918558.0515213,8760336384,100,326000000,63000,7332663296
1789918559.0521214,8760336384,100,327000000,63000,7332708352
1789918560.052672,8760336384,100,326000000,63000,7332794368
1789918561.0531726,8760356864,100,327000000,64000,7333281792
1789918562.053771,10358448128,100,326000000,64000,7334055936
1789918563.0544548,11969077248,100,326000000,64000,7334326272
1789918564.055053,11969077248,100,326000000,64000,7334326272
1789918565.0556402,11969077248,100,326000000,64000,7334572032
1789918566.0562575,11969044480,100,326000000,64000,7334842368
1789918567.0568025,11969044480,100,327000000,64000,7335116800
1789918568.0572183,11969069056,100,326000000,64000,7335559168
1789918569.057752,11969064960,100,327000000,64000,7335620608
1789918570.058436,11969101824,100,326000000,64000,7336198144
1789918571.059207,11969101824,100,327000000,64000,7336300544
1789918572.059713,11969101824,100,326000000,64000,7336542208
1789918573.0600245,11969101824,100,327000000,65000,7336665088
1789918574.060436,11969101824,100,327000000,65000,7336931328
1789918575.0612671,11969101824,100,326000000,65000,7336988672
1789918576.061631,11969089536,100,327000000,65000,7337496576
1789918577.062243,11969089536,100,326000000,65000,7337619456
1789918578.062807,11969089536,100,326000000,65000,7337635840
1789918579.0632684,11969089536,100,326000000,65000,7337680896
1789918580.0638537,11969089536,100,327000000,65000,7337701376
1789918581.064346,11969089536,100,327000000,65000,7337738240
1789918582.0650332,11969089536,100,326000000,65000,7337762816
1789918583.0655935,12227039232,100,326000000,65000,7337865216
1789918584.0663862,12329803776,100,327000000,65000,7337979904
1789918585.066863,12436758528,96,315000000,65000,7337979904
1789918586.0674775,12545773568,99,325000000,65000,7337979904
1789918587.0682337,12545773568,99,326000000,65000,7338274816
1789918588.0689356,12545773568,99,326000000,65000,7338725376
1789918589.0694606,12545773568,100,327000000,65000,7338995712
1789918590.070611,12545773568,100,326000000,65000,7339307008
1789918591.0713503,12545773568,100,327000000,65000,7339413504
1789918592.071876,12545773568,100,327000000,65000,7339573248
1789918593.0725288,12545814528,100,326000000,65000,7340318720
1789918594.0730326,12545847296,100,327000000,65000,7340900352
1789918595.073407,12545884160,100,327000000,65000,7341449216
1789918596.0737777,12545871872,100,326000000,65000,7341748224
1789918597.074293,12545888256,100,326000000,65000,7342047232
1789918598.0749376,12545888256,100,327000000,65000,7342186496
1789918599.0756726,12545888256,100,328000000,65000,7342186496
1789918600.076415,12545904640,100,327000000,65000,7342460928
1789918601.0769155,12545921024,100,326000000,65000,7342759936
1789918602.0775766,12545957888,100,327000000,65000,7343329280
1789918603.0780792,12545957888,100,327000000,65000,7343329280
1789918604.0786097,12545994752,100,326000000,65000,7343919104
1789918605.079087,12545994752,100,327000000,65000,7344103424
1789918606.079618,12545961984,100,326000000,65000,7344103424
1789918607.080275,12545961984,99,326000000,65000,7344361472
1789918608.0808122,12545961984,99,327000000,64000,7344594944
1789918609.081634,12545961984,99,326000000,64000,7344701440
1789918610.0823,12545961984,100,326000000,64000,7344803840
1789918611.0827625,12545961984,100,326000000,64000,7345037312
1789918612.0831244,12545961984,100,326000000,64000,7345479680
1789918613.0835702,12545961984,100,327000000,64000,7345479680
1789918614.0842922,12545961984,100,326000000,64000,7345479680
1789918615.0848362,12545961984,100,326000000,64000,7345799168
1789918616.0853043,12545961984,100,326000000,64000,7346135040
1789918617.0856614,12545929216,100,326000000,64000,7346298880
1789918618.0866206,12545929216,96,315000000,64000,7346401280
1789918619.0874066,12545929216,100,326000000,64000,7346544640
1789918620.088176,12545929216,99,326000000,64000,7346839552
1789918621.088864,12545929216,99,326000000,64000,7347150848
1789918622.0895913,12545929216,99,326000000,64000,7347359744
1789918623.0903585,12545929216,99,327000000,64000,7347580928
1789918624.0909443,12545929216,99,326000000,64000,7347847168
1789918625.0917635,12545929216,100,326000000,64000,7348019200
1789918626.0924933,12545949696,100,326000000,64000,7348613120
1789918627.0929453,12545937408,99,326000000,64000,7349022720
1789918628.0934572,12545937408,100,327000000,64000,7349555200
1789918629.094017,12627726336,78,251000000,63000,7396470784
1789918630.0944936,12627800064,100,326000000,64000,7396810752
1789918631.0951445,12697059328,99,326000000,64000,7396937728
1789918632.0958312,12697059328,100,326000000,64000,7397019648
1789918633.0963662,12697059328,100,326000000,64000,7397048320
1789918634.0977385,12697071616,99,323000000,64000,7397117952
1789918635.0984476,12697112576,100,326000000,64000,7397310464
1789918636.098972,12697112576,99,326000000,64000,7397384192
1789918637.09973,12697083904,100,325000000,64000,7397384192
1789918638.100399,12697083904,100,327000000,64000,7397384192
1789918639.100888,12697104384,100,326000000,64000,7397425152
1789918640.1014805,12697104384,100,326000000,64000,7397474304
1789918641.1019998,12697157632,100,326000000,64000,7402205184
1789918642.1027484,12697157632,99,325000000,64000,7402291200
1789918643.1034815,12697169920,100,325000000,64000,7402364928
1789918644.104244,12697202688,100,326000000,64000,7403139072
1789918645.1048217,12697202688,100,326000000,64000,7403139072
1789918646.105383,12697202688,99,324000000,64000,7403192320
1789918647.105914,12697169920,100,327000000,64000,7403360256
1789918648.106376,12697223168,100,326000000,64000,7404302336
1789918649.1071336,12697280512,100,326000000,64000,7405494272
1789918650.107634,12697276416,99,325000000,64000,7405547520
1789918651.1081097,12697296896,99,316000000,64000,7405617152
1789918652.108693,12697317376,100,328000000,64000,7405830144
1789918653.109279,12697317376,100,326000000,64000,7405985792
1789918654.1101508,12697317376,99,325000000,64000,7406010368
1789918655.110668,12697317376,100,326000000,64000,7406022656
1789918656.111251,12697358336,100,326000000,64000,7406882816
1789918657.1117747,12699537408,99,325000000,64000,7407087616
1789918658.1125517,12699504640,99,322000000,64000,7407206400
1789918659.1130962,12699537408,100,326000000,64000,7407251456
1789918660.1138155,12699549696,99,326000000,64000,7407304704
1789918661.1143932,12699602944,100,326000000,64000,7411548160
1789918662.1148345,12699656192,100,326000000,64000,7411605504
1789918663.115431,12699656192,100,326000000,64000,7411605504
1789918664.115891,12699688960,99,325000000,64000,7412748288
1789918665.116753,12699688960,100,326000000,64000,7412748288
1789918666.1174252,12699709440,100,327000000,64000,7412957184
1789918667.144146,12699750400,99,321000000,64000,7413145600
1789918668.1449075,12699717632,100,326000000,64000,7413145600
1789918669.145417,12699758592,100,326000000,64000,7415771136
1789918670.1460874,12699811840,99,325000000,64000,7416451072
1789918671.146926,12699811840,100,323000000,64000,7416512512
1789918672.1475453,12699811840,100,326000000,64000,7416512512
1789918673.1481583,12699811840,99,325000000,64000,7416598528
1789918674.4401019,12699832320,50,197000000,63000,7416770560
1789918675.4406707,12710395904,100,323000000,63000,7418294272
1789918676.4415846,12710395904,99,325000000,64000,7418294272
1789918677.4422855,12710436864,100,326000000,64000,7418339328
1789918678.443087,12710461440,99,319000000,64000,7418396672
1789918679.4437783,12710514688,100,327000000,64000,7420555264
1789918680.4442315,12710572032,100,326000000,64000,7421325312
1789918681.4448118,12710572032,100,327000000,64000,7421325312
1789918682.4454024,12710572032,100,326000000,64000,7421325312
1789918683.4492242,12710584320,99,326000000,64000,7423217664
1789918684.4497213,12710658048,100,325000000,64000,7423258624
1789918685.4502454,12710690816,99,326000000,64000,7424905216
1789918686.4507847,12710690816,100,326000000,65000,7424905216
1789918687.4514942,12710690816,100,327000000,65000,7424905216
1789918688.4521244,12710658048,99,325000000,65000,7424905216
1789918689.4527662,12710690816,100,326000000,65000,7426396160
1789918690.4534214,12767313920,100,326000000,65000,7426396160
1789918691.4541728,12767313920,100,327000000,65000,7426396160
1789918692.454897,12767334400,99,324000000,65000,7426416640
1789918693.4556413,12767408128,100,327000000,65000,7496409088
1789918694.4561477,12767408128,100,326000000,65000,7496409088
1789918695.4568038,12767408128,100,327000000,65000,7496409088
1789918696.4578378,12767408128,99,325000000,65000,7496409088
1789918697.4582741,12767408128,100,327000000,65000,7496409088
1789918698.4588127,12767428608,99,325000000,65000,7496470528
1789918699.459917,12767428608,100,326000000,65000,7496470528
1789918700.4608295,12767428608,100,326000000,65000,7496470528
1789918701.4613063,12767449088,100,326000000,65000,7496491008
1789918702.4619114,12767481856,99,325000000,65000,7497363456
1789918703.4624884,12767535104,98,322000000,65000,7500996608
1789918704.4629512,12767567872,100,326000000,65000,7501488128
1789918705.4633934,12767567872,100,326000000,65000,7501488128
1789918706.4641666,12767567872,99,322000000,65000,7501488128
1789918707.464888,12767567872,100,327000000,65000,7501488128
1789918708.4653862,12767555584,100,326000000,65000,7502036992
1789918709.4663436,12767555584,100,327000000,65000,7502036992
1789918710.4669518,12767555584,100,325000000,65000,7502036992
1789918711.467802,12767588352,99,326000000,65000,7502073856
1789918712.4684734,12767641600,100,326000000,65000,7504863232
1789918713.469057,12767641600,100,326000000,65000,7504863232
1789918714.469805,12767666176,97,318000000,65000,7505108992
1789918715.4703453,12767707136,95,310000000,65000,7505219584
1789918716.4708505,12767707136,100,327000000,65000,7505219584
1789918717.4718664,12767768576,100,326000000,65000,7505281024
1789918718.4725933,12767768576,99,325000000,65000,7505281024
1789918719.4733212,12767744000,100,326000000,65000,7505281024
1789918720.4741688,12767764480,100,326000000,65000,7508176896
1789918721.4746878,12767797248,99,325000000,65000,7509262336
1789918722.4839792,12767797248,100,327000000,65000,7509262336
1789918723.4845161,12767830016,100,327000000,65000,7510876160
1789918724.48513,12767830016,100,326000000,65000,7510876160
1789918725.485594,12767883264,100,325000000,65000,7513751552
1789918726.4863844,12767883264,100,326000000,65000,7513751552
1789918727.4868922,12767883264,99,324000000,65000,7513751552
1789918728.4872844,12767903744,100,326000000,65000,7514267648
1789918729.4878018,12767875072,99,324000000,65000,7514267648
1789918730.4882674,12767907840,100,327000000,65000,7514304512
1789918731.488686,12767907840,99,323000000,65000,7514304512
1789918732.4891486,12767907840,100,327000000,65000,7514304512
1789918733.4898212,12767965184,99,320000000,65000,7514365952
1789918734.490602,12767965184,100,326000000,65000,7514365952
1789918735.5565448,12767965184,39,171000000,63000,7514365952
1789918736.557227,12768006144,99,327000000,64000,7514406912
1789918737.5579386,12768006144,100,327000000,65000,7514406912
1789918738.558756,12768018432,99,320000000,65000,7514423296
1789918739.5595949,12767985664,99,326000000,65000,7514423296
1789918740.5603142,12768026624,99,326000000,65000,7514468352
1789918741.5613163,12768026624,100,320000000,65000,7514468352
1789918742.5617986,12768026624,99,324000000,65000,7514468352
1789918743.5627081,12768079872,100,326000000,65000,7516332032
1789918744.5634365,12768079872,100,324000000,65000,7516332032
1789918745.5640883,12768079872,99,325000000,65000,7516332032
1789918746.564742,12768112640,100,324000000,65000,7516958720
1789918747.5653782,12768112640,100,326000000,65000,7516958720
1789918748.5660863,12768112640,100,326000000,65000,7516958720
1789918749.5670884,12768079872,99,325000000,65000,7516958720
1789918750.5677407,12768079872,99,317000000,65000,7516958720
1789918751.5683506,12768112640,100,326000000,65000,7517302784
1789918752.568993,12768112640,100,326000000,65000,7517302784
1789918753.5698898,12768112640,100,327000000,65000,7517302784
1789918754.5703423,12768112640,100,326000000,65000,7517302784
1789918755.5709922,12768112640,99,325000000,65000,7517302784
1789918756.571738,12768133120,100,326000000,65000,7517323264
1789918757.572762,12768194560,100,326000000,65000,7519633408
1789918758.5735404,12768194560,100,326000000,65000,7519633408
1789918759.5741777,12768194560,100,327000000,65000,7519633408
1789918760.5749662,12768161792,99,325000000,65000,7519633408
1789918761.575513,12768182272,100,326000000,65000,7519657984
1789918762.5761454,12768182272,100,327000000,65000,7519657984
1789918763.5769548,12768182272,99,325000000,65000,7519657984
1789918764.577721,12768235520,100,326000000,65000,7521091584
1789918765.5782182,12768235520,100,326000000,65000,7521091584
1789918766.5790987,12768235520,99,324000000,65000,7521091584
1789918767.5795724,12768235520,100,327000000,65000,7521091584
1789918768.5801165,12768288768,100,326000000,65000,7521603584
1789918769.5806525,12768329728,99,320000000,65000,7522828288
1789918770.5811577,12768301056,100,326000000,65000,7522828288
1789918771.581674,12768333824,86,260000000,64000,7526772736
1789918772.5821984,12768354304,99,327000000,65000,7526797312
1789918773.582984,12768374784,100,326000000,65000,7526817792
1789918774.5833318,12768407552,99,325000000,65000,7528759296
1789918775.5840302,12768423936,100,326000000,65000,7530033152
1789918776.5847213,12768444416,100,326000000,65000,7530053632
1789918777.5852883,12768448512,99,321000000,65000,7530053632
1789918778.585889,12768481280,100,327000000,65000,7530090496
1789918779.815965,12768477184,100,326000000,65000,7530090496
1789918780.8165648,12768444416,100,327000000,65000,7530090496
1789918781.817225,12768444416,100,326000000,65000,7530090496
1789918782.8176014,12768444416,99,324000000,65000,7530090496
1789918783.8181627,12768497664,100,327000000,65000,7533584384
1789918784.8186543,12768497664,100,326000000,65000,7533584384
1789918785.8190696,12768550912,100,326000000,65000,7534874624
1789918786.8194747,12768571392,100,326000000,65000,7535529984
1789918787.8200958,12768604160,99,325000000,65000,7535562752
1789918788.8207643,12768604160,39,172000000,63000,7535562752
1789918789.8213394,12768624640,100,327000000,65000,7535587328
1789918790.821843,12768624640,98,317000000,65000,7535611904
1789918791.822529,12768645120,99,322000000,65000,7535636480
1789918792.822982,12768669696,100,323000000,65000,7535656960
1789918793.8234825,12768669696,99,325000000,65000,7535656960
1789918794.8238482,12768710656,100,327000000,65000,7535702016
1789918795.8242767,12768710656,100,326000000,65000,7535702016
1789918796.824683,12768710656,99,325000000,65000,7535702016
1789918797.8253734,12768763904,99,322000000,65000,7535759360
1789918798.8259985,12768763904,100,326000000,65000,7535759360
1789918799.826413,12768763904,100,326000000,65000,7535759360
1789918800.8271413,12768796672,100,327000000,65000,7537676288
1789918801.8277197,12768796672,100,326000000,65000,7537676288
1789918802.8284364,12768796672,99,321000000,65000,7537676288
1789918803.828966,12768796672,100,326000000,65000,7537676288
1789918804.8296194,12768796672,99,322000000,65000,7537676288
1789918805.8301868,12768817152,100,326000000,65000,7537836032
1789918806.8306851,12768849920,100,327000000,65000,7538094080
1789918807.8312337,12768849920,99,325000000,65000,7538094080
1789918808.831808,12768870400,100,326000000,65000,7538114560
1789918809.8325777,12768870400,100,326000000,65000,7538114560
1789918810.8331096,12768911360,99,324000000,65000,7538159616
1789918811.833774,12768911360,100,323000000,65000,7538159616
1789918812.834336,12768931840,99,322000000,65000,7538180096
1789918813.8349125,12768985088,100,327000000,65000,7540674560
1789918814.8354945,12768985088,100,326000000,65000,7540674560
1789918815.836223,12768985088,100,327000000,65000,7540674560
1789918816.8370833,12769017856,99,325000000,65000,7540711424
1789918817.8377504,12769017856,100,326000000,65000,7540711424
1789918818.838774,12769017856,100,326000000,65000,7540711424
1789918819.8395047,12769058816,99,326000000,65000,7578468352
1789918820.8401384,12769058816,100,326000000,65000,7540756480
1789918821.840569,12769058816,100,327000000,65000,7540756480
1789918822.8685763,12769112064,100,326000000,65000,7540813824
1789918823.8691998,12769112064,100,327000000,65000,7540813824
1789918824.869924,12769112064,100,325000000,65000,7540813824
1789918825.8704123,12769144832,99,326000000,65000,7540850688
1789918826.8712866,12769144832,100,326000000,65000,7540850688
1789918827.8717604,12769185792,100,327000000,65000,7540895744
1789918828.8723536,12769239040,100,326000000,65000,7544516608
1789918829.872899,12769239040,100,327000000,65000,7544516608
1789918830.8737562,12769239040,100,326000000,65000,7544516608
1789918831.8745613,12769239040,100,326000000,65000,7544516608
1789918832.8753471,12769239040,99,326000000,65000,7544516608
1789918833.8758395,12769239040,100,326000000,65000,7544516608
1789918834.8764522,12769271808,100,327000000,65000,7545610240
1789918835.877045,12769271808,100,325000000,65000,7545610240
1789918836.8780382,12769271808,100,326000000,65000,7545610240
1789918837.8787053,12769271808,99,323000000,65000,7545610240
1789918838.8791804,12769292288,100,326000000,65000,7547154432
1789918839.8798342,12769292288,100,326000000,65000,7547154432
1789918840.8806207,12769333248,99,325000000,65000,7547199488
1789918841.8812168,12769333248,100,326000000,65000,7547199488
1789918842.881789,12769386496,99,326000000,65000,7547252736
1789918843.8823726,12769386496,100,326000000,65000,7547252736
1789918844.8830667,12769386496,100,326000000,65000,7547252736
1789918845.883748,12769386496,100,326000000,65000,7547252736
1789918846.8842437,12769386496,100,327000000,65000,7547252736
1789918847.8851054,12769406976,99,325000000,65000,7547273216
1789918849.5066202,12769406976,73,258000000,64000,7547273216
1789918850.5070693,12769447936,86,290000000,64000,7550353408
1789918851.5075269,12769468416,99,325000000,64000,7550382080
1789918852.5083313,12769468416,100,319000000,64000,7550377984
1789918853.5088034,12769488896,99,326000000,65000,7550398464
1789918854.50933,12769488896,100,326000000,65000,7550398464
1789918855.5101266,12769488896,100,326000000,65000,7550398464
1789918856.537568,12769492992,99,323000000,64000,7550398464
1789918857.5380626,12769488896,100,326000000,65000,7550398464
1789918858.5386093,12769509376,99,322000000,65000,7550418944
1789918859.5391088,12769562624,100,326000000,65000,7550476288
1789918860.5395954,12769562624,100,326000000,65000,7550476288
1789918861.5400693,12769562624,100,326000000,65000,7550476288
1789918862.541019,12769562624,99,322000000,65000,7550476288
1789918863.54177,12769583104,99,325000000,65000,7550500864
1789918864.5421863,12769583104,100,326000000,65000,7550500864
1789918865.542638,12769583104,99,325000000,65000,7550500864
1789918866.5430293,12769603584,100,326000000,65000,7550521344
1789918867.5435503,12769636352,100,324000000,65000,7553761280
1789918868.5442097,12769640448,100,326000000,65000,7553761280
1789918869.5450916,12769640448,100,326000000,65000,7553761280
1789918870.5457315,12769640448,100,327000000,65000,7553761280
1789918871.5463467,12769689600,99,322000000,65000,7554220032
1789918872.5469704,12769689600,99,323000000,65000,7554220032
1789918873.5476284,12769710080,100,327000000,65000,7555567616
1789918874.5482569,12769710080,100,327000000,65000,7555567616
1789918875.5488267,12769710080,100,327000000,65000,7555567616
1789918876.62594,12769751040,100,326000000,65000,7558168576
1789918877.6266942,12769771520,99,318000000,65000,7558189056
1789918878.6273887,12769771520,100,327000000,65000,7558189056
1789918879.627925,12769792000,100,326000000,65000,7558209536
1789918880.6284509,12769824768,99,322000000,65000,7559774208
1789918881.6289372,12769845248,100,326000000,65000,7561080832
1789918882.6294382,12769845248,100,327000000,65000,7561080832
1789918883.6299274,12769865728,100,326000000,65000,7561355264
1789918884.6305053,12769886208,99,326000000,65000,7561375744
1789918885.6319504,12769918976,100,326000000,65000,7561474048
1789918886.6325037,12769939456,100,327000000,65000,7564439552
1789918887.6333027,12769992704,100,326000000,65000,7567024128
1789918888.6338437,12769992704,100,326000000,65000,7567024128
1789918889.63463,12769992704,100,328000000,65000,7567024128
1789918890.6351058,12769992704,99,324000000,65000,7567024128
1789918891.6357832,12769992704,100,326000000,65000,7567024128
1789918892.636343,12770033664,100,326000000,65000,7567413248
1789918893.6370304,12770033664,100,325000000,65000,7567413248
1789918894.637711,12770033664,100,327000000,65000,7567413248
1789918895.638226,12770033664,100,326000000,65000,7567413248
1789918896.6389494,12770033664,100,326000000,65000,7567413248
1789918897.6394253,12770033664,99,325000000,65000,7567413248
1789918898.6401477,12770054144,100,327000000,65000,7567949824
1789918899.6407418,12770054144,100,326000000,65000,7567949824
1789918900.6414418,12770054144,99,324000000,65000,7567949824
1789918901.6419017,12770074624,100,326000000,65000,7567970304
1789918902.6423945,12770144256,99,326000000,65000,7568044032
1789918903.6429052,12770144256,100,326000000,65000,7568044032
1789918904.643648,12770144256,100,326000000,65000,7568044032
1789918905.6441436,12770177024,100,327000000,65000,7570108416
1789918906.644567,12770177024,100,326000000,65000,7570108416
1789918907.644959,12770209792,100,326000000,65000,7570149376
1789918908.6453307,12770209792,99,325000000,65000,7570149376
1789918909.6459024,12770209792,100,325000000,65000,7570149376
1789918910.6463335,12770209792,36,151000000,63000,7570149376
1789918911.6468692,12770242560,99,328000000,64000,7570419712
1789918912.6474164,12770242560,100,326000000,65000,7570419712
1789918913.6480222,12770242560,100,324000000,65000,7570423808
1789918914.6485317,12770299904,99,325000000,65000,7570485248
1789918915.6491158,12770299904,100,323000000,65000,7570485248
1789918916.649679,12770332672,99,325000000,65000,7571329024
1789918917.6503115,12770332672,100,327000000,65000,7571329024
1789918918.6509812,12770373632,100,326000000,65000,7571374080
1789918919.6515117,12770373632,100,326000000,65000,7571374080
1789918920.6521215,12770406400,99,322000000,65000,7571410944
1789918921.652792,12770426880,100,327000000,65000,7573159936
1789918922.6534178,12770426880,100,326000000,65000,7573159936
1789918923.654131,12770480128,99,322000000,65000,7573217280
1789918924.654692,12770500608,99,326000000,65000,7573237760
1789918925.6553147,12770512896,100,324000000,65000,7573250048
1789918926.6560993,12770578432,99,325000000,65000,7576576000
1789918927.6566334,12770578432,100,327000000,65000,7576576000
1789918928.6573145,12770619392,100,325000000,65000,7579848704
1789918929.6579993,12770619392,100,326000000,65000,7580069888
1789918930.6585085,12770639872,100,326000000,65000,7580053504
1789918931.6591551,12770639872,99,324000000,65000,7580053504
1789918932.6597195,12770639872,100,327000000,65000,7580053504
1789918933.660387,12770693120,94,309000000,65000,7582838784
1789918934.6610744,12770693120,100,328000000,65000,7582838784
1789918935.6616356,12770746368,99,325000000,65000,7583068160
1789918936.6624494,12770799616,100,326000000,65000,7583125504
1789918937.6630566,12770811904,99,325000000,65000,7583576064
1789918938.663769,12770832384,100,327000000,65000,7584858112
1789918939.6643596,12770889728,100,325000000,65000,7584919552
1789918940.6649094,12770889728,100,326000000,65000,7584927744
1789918941.6654274,12770938880,99,320000000,65000,7584985088
1789918942.665873,12770938880,99,325000000,65000,7584985088
1789918943.666196,12770992128,100,326000000,65000,7588392960
1789918944.6667116,12770992128,100,327000000,65000,7588392960
1789918945.6672769,12770992128,99,324000000,65000,7588392960
1789918946.6678467,12771024896,100,328000000,65000,7588937728
1789918947.668257,12771024896,100,326000000,66000,7588937728
1789918948.6688282,12771024896,100,326000000,66000,7588937728
1789918949.669474,12771045376,100,327000000,65000,7589752832
1789918950.670139,12771045376,100,326000000,65000,7589752832
1789918951.67084,12771045376,100,326000000,65000,7589752832
1789918952.6714127,12771098624,99,326000000,65000,7591034880
1789918953.6718118,12771098624,100,326000000,65000,7591038976
1789918954.6724455,12771098624,100,325000000,65000,7591043072
1789918955.6729648,12771151872,100,326000000,65000,7593349120
1789918956.673373,12771205120,99,325000000,65000,7594188800
1789918957.6738312,12771205120,100,326000000,65000,7594188800
1789918958.8103032,12771254272,100,327000000,65000,7594246144
1789918959.8107233,12771254272,100,326000000,65000,7594246144
1789918960.8113167,12771254272,100,323000000,65000,7594250240
1789918961.8117049,12771254272,94,298000000,65000,7594340352
1789918962.8122258,12771254272,100,328000000,65000,7594344448
1789918963.8130422,12771254272,99,321000000,65000,7594344448
1789918964.8137221,12771254272,100,327000000,65000,7594344448
1789918965.8141785,12771274752,100,324000000,65000,7594364928
1789918966.8147993,12771307520,46,186000000,64000,7594401792
1789918967.8154297,12771328000,100,331000000,65000,7594422272
1789918968.816036,12771360768,99,324000000,65000,7594459136
1789918969.81649,12771360768,100,326000000,65000,7594459136
1789918970.8169725,12771381248,100,326000000,65000,7596015616
1789918971.8176906,12771381248,99,324000000,65000,7596015616
1789918972.8180666,12771381248,100,327000000,65000,7596015616
1789918973.8185074,12771381248,100,326000000,65000,7596015616
1789918974.8190448,12771381248,99,322000000,65000,7596015616
1789918975.8197138,12771414016,100,326000000,65000,7596527616
1789918976.8201797,12771414016,100,324000000,65000,7596761088
1789918977.820727,12771434496,100,326000000,65000,7597105152
1789918978.821653,12771454976,99,325000000,65000,7597125632
1789918979.822338,12771475456,94,308000000,65000,7598280704
1789918980.823169,12771475456,100,326000000,65000,7598280704
1789918981.8239415,12771475456,100,327000000,65000,7598280704
1789918982.8245642,12771487744,100,326000000,65000,7598596096
1789918983.8250601,12771602432,99,326000000,65000,7599529984
1789918984.8255298,12771602432,100,325000000,65000,7599529984
1789918985.8264182,12771602432,100,328000000,66000,7599529984
1789918986.8269978,12771602432,100,326000000,66000,7599529984
1789918987.8276887,12771602432,100,326000000,66000,7599529984
1789918988.8283591,12771622912,100,326000000,66000,7601999872
1789918989.8289397,12771622912,99,325000000,66000,7601999872
1789918990.8294704,12771655680,100,326000000,66000,7603240960
1789918991.8298864,12771676160,100,326000000,66000,7603261440
1789918992.8303823,12771676160,99,321000000,66000,7603261440
1789918993.830915,12771729408,100,327000000,65000,7605669888
1789918994.8314803,12771729408,100,326000000,65000,7605669888
1789918995.8319855,12771729408,100,326000000,66000,7605669888
1789918996.832598,12771729408,100,326000000,66000,7605669888
1789918997.8331068,12771733504,99,319000000,65000,7605669888
1789918998.8339324,12771729408,99,323000000,65000,7605669888
1789918999.8346932,12771749888,100,326000000,66000,7605690368
1789919000.835367,12771749888,99,321000000,65000,7605690368
1789919001.8359156,12771749888,100,324000000,65000,7605690368
1789919002.8365152,12771749888,99,324000000,65000,7605690368
1789919003.837072,12771749888,100,326000000,65000,7605690368
1789919004.837629,12771749888,100,326000000,66000,7605690368
1789919005.8381612,12771749888,100,327000000,66000,7605690368
1789919006.8387113,12771749888,99,324000000,66000,7605690368
1789919007.8393211,12771749888,100,327000000,65000,7605690368
1789919008.839909,12771803136,100,326000000,65000,7607394304
1789919009.8404894,12771803136,99,321000000,65000,7607394304
1789919010.8412347,12771803136,100,326000000,65000,7607394304
1789919011.8421595,12771803136,99,325000000,65000,7607398400
1789919012.8429253,12771803136,100,326000000,65000,7607398400
1789919013.8434613,12771803136,100,327000000,65000,7607398400
1789919014.8443098,12771803136,99,320000000,65000,7607398400
1789919015.8449385,12771864576,95,310000000,65000,7608754176
1789919016.8453603,12771885056,100,329000000,65000,7608778752
1789919017.8460157,12771885056,99,323000000,65000,7608778752
1789919018.846517,12771885056,100,326000000,65000,7608778752
1789919019.847003,12771917824,100,326000000,65000,7610245120
1789919020.8475335,12771917824,100,328000000,66000,7610245120
1789919021.8482542,12771917824,100,325000000,66000,7610245120
1789919022.8492107,12771950592,99,326000000,65000,7610613760
1789919023.8498442,12771950592,100,326000000,65000,7610613760
1789919024.8648074,12771954688,41,175000000,64000,7610613760
1789919025.865367,12771975168,99,328000000,65000,7610638336
1789919026.8658252,12771975168,100,326000000,65000,7610638336
1789919027.8662932,12771971072,100,326000000,65000,7610638336
1789919028.9817286,12772024320,99,326000000,65000,7610695680
1789919029.9822068,12772024320,100,325000000,65000,7610695680
1789919030.9826767,12772024320,100,323000000,65000,7610695680
1789919031.9860084,12772036608,99,325000000,65000,7610740736
1789919032.986411,12772077568,100,327000000,65000,7613005824
1789919033.9869332,12772077568,100,325000000,65000,7613005824
1789919034.9872723,12772098048,99,325000000,66000,7613026304
1789919035.9876556,12772098048,100,325000000,65000,7613026304
1789919036.9883175,12772130816,100,326000000,65000,7613063168
1789919037.988731,12772151296,99,325000000,66000,7613083648
1789919038.989355,12772171776,100,326000000,66000,7613104128
1789919039.9902008,12772171776,100,325000000,66000,7613104128
1789919040.9906316,12772171776,99,325000000,66000,7613104128
1789919041.9910493,12772171776,100,326000000,66000,7613104128
1789919042.9914265,12772171776,99,325000000,66000,7613104128
1789919043.9920945,12772192256,100,326000000,66000,7613128704
1789919044.9925332,12772225024,100,326000000,66000,7614881792
1789919045.9931016,12772225024,99,325000000,66000,7614881792
1789919046.993851,12772225024,100,326000000,66000,7614881792
1789919047.9945085,12772225024,99,326000000,66000,7614881792
1789919048.99545,12772245504,100,325000000,66000,7615156224
1789919049.995917,12772245504,100,326000000,66000,7615156224
1789919050.996391,12772249600,99,325000000,66000,7615156224
1789919051.9968102,12772282368,100,327000000,66000,7615569920
1789919052.9972203,12772282368,100,326000000,66000,7615569920
1789919053.9978874,12772282368,100,326000000,66000,7615569920
1789919054.9983587,12772278272,99,323000000,66000,7615569920
1789919056.001052,12772278272,100,326000000,66000,7615582208
1789919057.0018263,12772343808,99,323000000,66000,7616196608
1789919058.0022311,12772343808,100,326000000,66000,7616196608
1789919059.0027819,12772343808,99,325000000,66000,7616196608
1789919060.0453691,12772343808,100,326000000,66000,7616196608
1789919061.1230116,12772343808,99,326000000,66000,7616196608
1789919062.1237745,12772343808,100,325000000,66000,7616196608
1789919063.1244392,12772376576,100,326000000,66000,7620993024
1789919064.1249151,12772397056,99,323000000,66000,7621013504
1789919065.1257992,12772397056,100,326000000,66000,7621013504
1789919066.126564,12772397056,100,327000000,66000,7621013504
1789919067.1269593,12772401152,99,322000000,66000,7621013504
1789919068.1275938,12772397056,99,321000000,66000,7621017600
1789919069.1282597,12772397056,100,326000000,66000,7621017600
1789919070.128846,12772462592,100,326000000,66000,7621177344
1789919071.1299505,12772462592,100,326000000,66000,7621177344
1789919072.130536,12772495360,99,325000000,66000,7623688192
1789919073.131152,12772495360,100,327000000,66000,7623696384
1789919074.131928,12772495360,100,326000000,66000,7623696384
1789919075.132716,12772495360,34,151000000,64000,7623696384
1789919076.133486,12772528128,100,324000000,65000,7623958528
1789919077.1339784,12772528128,100,326000000,66000,7623958528
1789919078.1347587,12772528128,100,326000000,66000,7623958528
1789919079.135245,12772528128,99,325000000,66000,7623958528
1789919080.135748,12772560896,100,323000000,66000,7624273920
1789919081.1362903,12772593664,100,326000000,66000,7625101312
1789919082.1368518,12772593664,100,326000000,66000,7625101312
1789919083.137418,12772593664,99,322000000,66000,7625101312
1789919084.1379094,12772593664,99,324000000,66000,7625101312
1789919085.1385212,12772593664,100,327000000,66000,7625101312
1789919086.1389766,12772626432,100,325000000,66000,7625555968
1789919087.1395116,12772626432,100,326000000,66000,7625555968
1789919088.1403396,12772626432,99,326000000,66000,7625555968
1789919089.141027,12772646912,100,324000000,66000,7625576448
1789919090.141719,12772646912,99,322000000,66000,7625576448
1789919091.142383,12772646912,100,326000000,66000,7625576448
1789919092.1433213,12772646912,100,326000000,66000,7625576448
1789919093.1439762,12772687872,99,325000000,66000,7625617408
1789919094.144655,12772687872,100,327000000,66000,7625617408
1789919095.1452527,12772687872,100,325000000,66000,7625617408
1789919096.1459277,12772720640,99,325000000,66000,7627952128
1789919097.1465917,12772720640,100,327000000,66000,7627952128
1789919098.1471202,12772720640,100,327000000,66000,7627952128
1789919099.147729,12772773888,100,326000000,66000,7628009472
1789919100.1482382,12772773888,100,326000000,66000,7628009472
1789919101.149069,12772827136,100,327000000,66000,7631020032
1789919102.149599,12772827136,100,326000000,66000,7631020032
1789919103.1502237,12772827136,100,326000000,66000,7631020032
1789919104.1506531,12772859904,99,324000000,66000,7631544320
1789919105.151243,12772859904,100,327000000,66000,7631544320
1789919106.1517081,12772859904,100,326000000,66000,7631544320
1789919107.152345,12772859904,100,326000000,66000,7631544320
1789919108.15291,12772859904,100,326000000,66000,7631544320
1789919109.153643,12772859904,99,324000000,66000,7631544320
1789919110.1545684,12772859904,98,316000000,66000,7698657280
1789919111.1552756,12772859904,99,327000000,66000,7698661376
1789919112.1557844,12772892672,100,327000000,66000,7700029440
1789919113.1561654,12772892672,100,327000000,66000,7700029440
1789919114.1568406,12772892672,100,326000000,66000,7700029440
1789919115.1574392,12772913152,100,327000000,66000,7701278720
1789919116.158092,12772913152,100,326000000,66000,7701278720
1789919117.1585495,12772913152,100,326000000,66000,7701278720
1789919118.1592207,12772913152,100,326000000,66000,7701282816
1789919119.1597369,12772933632,99,324000000,66000,7701303296
1789919120.4682176,12772933632,100,327000000,66000,7701303296
1789919121.46863,12772933632,100,325000000,66000,7701303296
1789919122.4692876,12772933632,100,327000000,66000,7701303296
1789919123.4697225,12772933632,99,322000000,66000,7701303296
1789919124.470446,12772933632,100,326000000,66000,7701303296
1789919125.4710674,12772933632,99,324000000,66000,7701303296
1789919126.4714046,12772954112,100,327000000,66000,7701327872
1789919127.4718323,12772954112,99,319000000,66000,7701336064
1789919128.4722078,12773003264,100,327000000,65000,7703842816
1789919129.4727705,12773007360,100,326000000,65000,7703842816
1789919130.4731529,12773007360,100,326000000,65000,7703846912
1789919131.4735236,12773007360,100,326000000,65000,7703846912
1789919132.473919,12773007360,100,326000000,65000,7703846912
1789919133.4744418,12773007360,99,325000000,65000,7703846912
1789919134.4748824,12773048320,100,326000000,65000,7703887872
1789919135.47526,12773048320,100,326000000,65000,7703891968
1789919136.4763937,12773048320,99,324000000,65000,7703891968
1789919137.4768836,12773048320,100,326000000,65000,7703891968
1789919138.477357,12773048320,100,325000000,65000,7703891968
1789919139.477903,12773068800,99,326000000,65000,7703916544
1789919141.0877066,12773109760,60,222000000,64000,7706083328
1789919142.0886729,12773109760,99,315000000,64000,7706083328
1789919143.0891387,12773130240,100,327000000,65000,7706107904
1789919144.0900118,12773130240,100,326000000,65000,7706107904
1789919145.0905654,12773130240,100,327000000,65000,7706107904
1789919146.0910456,12773130240,100,325000000,65000,7706107904
1789919147.0915897,12773130240,99,326000000,65000,7706107904
1789919148.0924726,12773130240,100,326000000,65000,7706107904
1789919149.093116,12773130240,100,326000000,65000,7706107904
1789919150.0934992,12773130240,100,327000000,65000,7706107904
1789919151.0941157,12773130240,100,326000000,65000,7706107904
1789919152.0948896,12773130240,100,327000000,65000,7706107904
1789919153.0955143,12773130240,99,319000000,65000,7706107904
1789919154.096121,12773150720,100,327000000,65000,7706271744
1789919155.0966227,12773150720,99,325000000,65000,7706271744
1789919156.0973423,12773203968,100,327000000,65000,7706542080
1789919157.097953,12773203968,100,326000000,65000,7706542080
1789919158.0984275,12773203968,100,326000000,65000,7706542080
1789919159.099032,12773216256,99,325000000,65000,7706558464
1789919160.099491,12773216256,100,326000000,65000,7706558464
1789919161.100242,12773216256,100,326000000,65000,7706558464
1789919162.1008422,12773216256,99,325000000,65000,7706558464
1789919163.10136,12773249024,100,319000000,65000,7708610560
1789919164.1021407,12773249024,100,326000000,65000,7708610560
1789919165.103065,12773249024,99,322000000,65000,7708610560
1789919166.1035488,12773249024,100,321000000,65000,7708610560
1789919167.1040442,12773249024,100,326000000,65000,7708610560
1789919168.1045692,12773249024,100,328000000,66000,7708610560
1789919169.105169,12773249024,99,324000000,66000,7708610560
1789919170.1057138,12773249024,100,327000000,66000,7708610560
1789919171.106299,12773249024,100,325000000,66000,7708610560
1789919172.106925,12773249024,100,326000000,66000,7708610560
1789919173.1077175,12773249024,99,325000000,66000,7708610560
1789919174.1085582,12773249024,100,327000000,66000,7708610560
1789919175.1090486,12773249024,99,325000000,66000,7708610560
1789919176.1094806,12773249024,100,326000000,66000,7708610560
1789919177.1102684,12773249024,99,324000000,66000,7708610560
1789919178.110803,12773249024,100,326000000,66000,7708610560
1789919179.1112382,12773249024,99,324000000,66000,7708610560
1789919180.1118348,12773281792,100,327000000,66000,7708643328
1789919181.112554,12773281792,99,323000000,66000,7708643328
1789919182.1130762,12773314560,100,324000000,66000,7710404608
1789919183.1136348,12773314560,100,326000000,66000,7710404608
1789919184.1141577,12773314560,100,327000000,66000,7710408704
1789919185.114694,12773314560,99,324000000,66000,7710408704
1789919186.1154754,12773335040,100,327000000,66000,7710433280
1789919187.1159601,12773335040,100,326000000,66000,7710437376
1789919188.1166205,12773355520,99,322000000,66000,7711391744
1789919189.11712,12773355520,100,327000000,66000,7711391744
1789919190.1179447,12773355520,100,325000000,66000,7711391744
1789919191.1184945,12773355520,99,321000000,66000,7711391744
1789919192.1191766,12773355520,100,327000000,66000,7711391744
1789919193.1199846,12773396480,100,327000000,66000,7711436800
1789919194.1206048,12773449728,100,326000000,66000,7711494144
1789919195.1215444,12773449728,100,326000000,66000,7711494144
1789919196.122244,12773449728,99,325000000,66000,7711502336
1789919197.122722,12773449728,100,322000000,66000,7711502336
1789919198.1233156,12773490688,99,326000000,66000,7714656256
1789919199.1239805,12773490688,100,327000000,66000,7714656256
1789919200.1246567,12773490688,100,326000000,66000,7714656256
1789919201.1251442,12773494784,100,326000000,66000,7714656256
1789919202.125956,12773490688,100,326000000,66000,7714660352
1789919203.1265037,12773490688,99,325000000,66000,7714660352
1789919204.127364,12773490688,37,161000000,64000,7714660352
1789919205.1280046,12773543936,100,332000000,65000,7714717696
1789919206.1284924,12773543936,99,321000000,65000,7714717696
1789919207.1293013,12773543936,100,327000000,65000,7714717696
1789919208.130466,12773548032,99,316000000,65000,7714717696
1789919209.1311975,12773543936,99,322000000,65000,7714717696
1789919210.131713,12773543936,99,326000000,65000,7714721792
1789919211.132364,12773564416,100,326000000,65000,7715565568
1789919212.1330588,12773564416,100,325000000,66000,7715565568
1789919213.133948,12773625856,100,327000000,66000,7715635200
1789919214.1345706,12773646336,100,326000000,65000,7715655680
1789919215.1350186,12773699584,99,325000000,66000,7717924864
1789919216.1354563,12773695488,100,326000000,66000,7717924864
1789919217.1358893,12773715968,100,327000000,66000,7719075840
1789919218.1362736,12773715968,100,326000000,66000,7719075840
1789919219.1370585,12773715968,100,326000000,66000,7719075840
1789919220.137913,12773715968,99,325000000,65000,7719075840
1789919221.1385288,12773715968,100,326000000,65000,7719075840
1789919222.1391218,12773748736,99,325000000,65000,7719112704
1789919223.1398149,12773752832,100,326000000,65000,7719112704
1789919224.1404748,12773769216,100,326000000,65000,7720452096
1789919225.1409636,12773773312,100,326000000,65000,7720452096
1789919226.1417031,12773773312,99,324000000,65000,7720452096
1789919227.1424117,12773822464,99,323000000,65000,7720505344
1789919228.1432228,12773822464,100,327000000,65000,7720505344
1789919229.144041,12773822464,100,327000000,65000,7720505344
1789919230.144923,12773834752,100,326000000,65000,7720620032
1789919231.1457808,12773875712,100,326000000,65000,7724027904
1789919232.1465404,12773875712,100,327000000,66000,7724027904
1789919233.1470394,12773875712,99,325000000,65000,7724027904
1789919234.1477299,12773924864,100,326000000,65000,7779201024
1789919235.1483319,12773945344,100,326000000,65000,7724834816
1789919236.1494927,12773945344,99,324000000,65000,7724834816
1789919237.149987,12773978112,100,326000000,65000,7725756416
1789919238.1507812,12773978112,100,326000000,65000,7725756416
1789919239.1514564,12773998592,99,326000000,65000,7725780992
1789919240.1519914,12774031360,100,326000000,65000,7727280128
1789919241.152669,12774031360,100,326000000,65000,7727280128
1789919242.1531436,12774055936,100,326000000,65000,7727300608
1789919243.1538033,12774051840,99,326000000,65000,7727304704
1789919244.154397,12774105088,99,319000000,65000,7727362048
1789919245.1548848,12774105088,99,325000000,65000,7727681536
1789919246.1557705,12774125568,100,326000000,65000,7729172480
1789919247.15624,12774125568,100,326000000,65000,7729172480
1789919248.1570458,12774158336,99,325000000,65000,7729213440
1789919249.1575432,12774158336,100,326000000,65000,7729213440
1789919250.1579454,12774158336,100,327000000,65000,7729213440
1789919251.1585524,12774158336,99,324000000,65000,7729217536
1789919252.1776278,12774211584,100,325000000,65000,7732322304
1789919253.1779635,12774211584,100,327000000,65000,7732322304
1789919254.1784716,12774211584,100,325000000,65000,7732322304
1789919255.179052,12774211584,99,324000000,65000,7732322304
1789919256.1794372,12774211584,100,327000000,65000,7732322304
1789919257.180208,12774211584,100,327000000,65000,7732322304
1789919258.1810281,12774211584,100,326000000,65000,7732322304
1789919259.1817899,12774232064,100,326000000,65000,7732539392
1789919260.1929233,12774252544,99,325000000,65000,7732563968
1789919261.1933308,12774248448,99,322000000,65000,7732563968
1789919262.1938713,12774248448,100,326000000,65000,7732563968
1789919263.194361,12774252544,43,178000000,63000,7732912128
1789919264.1969206,12774273024,100,333000000,65000,7732899840
1789919265.1977751,12774305792,98,320000000,65000,7733694464
1789919266.1993787,12774305792,100,326000000,65000,7733694464
1789919267.200203,12774301696,99,326000000,65000,7733694464
1789919268.2007902,12774305792,100,326000000,65000,7733694464
1789919269.20129,12774326272,100,327000000,65000,7733714944
1789919270.2019732,12774326272,99,324000000,65000,7733714944
1789919271.2026796,12774359040,100,327000000,65000,7734996992
1789919272.2036414,12774359040,100,326000000,65000,7734996992
1789919273.2046952,12774359040,99,323000000,65000,7734996992
1789919274.2053232,12774363136,98,315000000,65000,7734996992
1789919275.2429776,12774359040,96,305000000,65000,7734996992
1789919276.2435362,12774391808,100,326000000,65000,7737253888
1789919277.2441688,12774391808,97,315000000,65000,7737253888
1789919278.244873,12774412288,100,326000000,65000,7737274368
1789919279.2454424,12774412288,100,326000000,65000,7737274368
1789919280.2460055,12774457344,99,322000000,65000,7738306560
1789919281.2464483,12774457344,100,327000000,66000,7738306560
1789919282.2470043,12774457344,100,325000000,66000,7738306560
1789919283.2474933,12774490112,100,326000000,65000,7738343424
1789919284.2481384,12774490112,99,315000000,65000,7738343424
1789919285.2487729,12774490112,100,327000000,65000,7738343424
1789919286.249481,12774490112,99,324000000,65000,7738343424
1789919287.2499745,12774490112,100,327000000,65000,7738343424
1789919288.2506247,12774490112,99,324000000,65000,7738343424
1789919289.2511764,12774490112,100,327000000,65000,7738343424
1789919290.2516751,12774510592,98,320000000,65000,7740854272
1789919291.2521393,12774510592,93,292000000,65000,7748096000
1789919292.2525985,12774510592,100,329000000,65000,7748100096
1789919293.2532213,12774510592,99,325000000,65000,7748100096
1789919294.2541187,12774510592,100,326000000,65000,7748100096
1789919295.2547994,12774576128,100,326000000,65000,7750316032
1789919296.2555742,12774576128,100,326000000,65000,7750316032
1789919297.256187,12774629376,99,326000000,65000,7750959104
1789919298.2570055,12774629376,100,327000000,66000,7750959104
1789919299.2575488,12774629376,100,326000000,66000,7750959104
1789919300.2581806,12774662144,100,327000000,66000,7750995968
1789919301.2586288,12774662144,100,327000000,66000,7750995968
1789919302.2594144,12774666240,100,326000000,66000,7750995968
1789919303.2600973,12774666240,100,326000000,66000,7750995968
1789919304.2607622,12774703104,100,326000000,66000,7751041024
1789919305.2612255,12774703104,99,323000000,65000,7751045120
1789919306.2617047,12774703104,99,320000000,65000,7751049216
1789919307.262344,12774703104,100,327000000,65000,7751049216
1789919308.2631083,12774703104,99,321000000,65000,7751053312
1789919309.263663,12774703104,100,328000000,65000,7751053312
1789919310.2641287,12774703104,100,324000000,65000,7751053312
1789919311.2645326,12774703104,100,327000000,65000,7751053312
1789919312.265293,12774703104,99,325000000,65000,7751061504
1789919313.2658608,12774756352,98,318000000,65000,7754305536
1789919314.266315,12774756352,100,329000000,65000,7754305536
1789919315.2669346,12774756352,100,325000000,65000,7754305536
1789919316.2674053,12774756352,100,326000000,65000,7754309632
1789919317.268092,12774756352,99,324000000,65000,7754309632
1789919318.2687683,12774756352,100,326000000,65000,7754309632
1789919319.269364,12774780928,99,323000000,65000,7755452416
1789919320.2713974,12774780928,100,326000000,65000,7755456512
1789919321.272137,12774813696,100,326000000,65000,7757156352
1789919322.272669,12774813696,100,326000000,65000,7757160448
1789919323.2732122,12774813696,99,325000000,65000,7757160448
1789919324.2737627,12774866944,100,327000000,65000,7759187968
1789919325.2748237,12774866944,100,325000000,65000,7759187968
1789919326.2753208,12774866944,100,327000000,65000,7759187968
1789919327.2757814,12774866944,48,190000000,63000,7759187968
1789919328.276389,12774899712,99,326000000,64000,7759450112
1789919329.2771697,12774920192,100,326000000,65000,7759437824
1789919330.277977,12774920192,100,326000000,65000,7759437824
1789919331.278483,12774920192,100,327000000,65000,7759437824
1789919332.2790973,12774924288,100,326000000,65000,7759437824
1789919333.2797441,12774924288,99,325000000,65000,7759437824
1789919334.2801704,12774920192,100,327000000,65000,7759437824
1789919335.4505568,12774920192,100,327000000,65000,7759437824
1789919336.451032,12774920192,100,326000000,65000,7759437824
1789919337.4517975,12774920192,100,326000000,65000,7759437824
1789919338.4523792,12774940672,100,327000000,65000,7759458304
1789919339.452825,12774993920,99,325000000,65000,7759515648
1789919340.453481,12774993920,99,321000000,65000,7759515648
1789919341.454127,12774993920,100,323000000,65000,7759515648
1789919342.4546022,12775014400,99,325000000,65000,7759536128
1789919343.4551845,12775014400,99,322000000,65000,7759540224
1789919344.4558105,12775034880,100,327000000,65000,7760289792
1789919345.4577014,12775047168,99,324000000,65000,7760973824
1789919346.4582815,12775067648,100,327000000,65000,7760998400
1789919347.4588034,12775067648,99,326000000,65000,7760998400
1789919348.4593842,12775067648,100,326000000,65000,7760998400
1789919349.4601407,12775120896,100,326000000,65000,7764062208
1789919350.4607823,12775120896,100,327000000,65000,7764062208
1789919351.4614992,12775120896,100,326000000,65000,7764062208
1789919352.4621828,12775120896,99,325000000,65000,7764062208
1789919353.4626951,12775120896,100,326000000,65000,7764062208
1789919354.4632993,12775153664,100,327000000,65000,7765250048
1789919355.4637685,12775153664,100,327000000,65000,7765250048
1789919356.4643328,12775153664,100,326000000,65000,7765250048
1789919357.4651911,12775153664,100,326000000,65000,7765250048
1789919358.465986,12775153664,99,325000000,65000,7765250048
1789919359.466914,12775174144,100,327000000,65000,7766147072
1789919360.4678404,12775174144,100,326000000,65000,7766147072
1789919361.4685163,12775174144,100,327000000,65000,7766147072
1789919362.4691732,12775174144,100,326000000,65000,7766147072
1789919363.4696343,12775215104,100,326000000,65000,7766192128
1789919364.470704,12775256064,99,326000000,65000,7766233088
1789919365.4711685,12775288832,100,326000000,65000,7766274048
1789919366.4719179,12775321600,100,327000000,65000,7770083328
1789919367.6660378,12775321600,100,327000000,65000,7770083328
1789919368.6664338,12775321600,100,326000000,65000,7770083328
1789919369.6670148,12775321600,99,324000000,65000,7770083328
1789919370.6677806,12775321600,100,326000000,65000,7770083328
1789919371.6682918,12775374848,100,326000000,65000,7771570176
1789919372.668941,12775374848,100,326000000,65000,7771570176
1789919373.6696966,12775374848,100,328000000,65000,7771570176
1789919374.6702487,12775374848,99,324000000,65000,7771570176
1789919375.670972,12775391232,100,326000000,65000,7771590656
1789919376.6715806,12775403520,100,325000000,65000,7772839936
1789919377.6722076,12775424000,100,326000000,65000,7772831744
1789919378.6728723,12775424000,100,327000000,65000,7772831744
1789919379.6735141,12775424000,99,324000000,65000,7772831744
1789919380.6742454,12775448576,100,326000000,65000,7773425664
1789919381.6747274,12775448576,100,326000000,65000,7773425664
1789919382.6753297,12775448576,99,323000000,65000,7773425664
1789919383.675863,12775460864,99,319000000,65000,7773872128
1789919384.676667,12775481344,100,326000000,65000,7774334976
1789919385.6770508,12775481344,100,327000000,65000,7774334976
1789919386.677556,12775481344,100,325000000,65000,7774334976
1789919387.678301,12775505920,99,326000000,65000,7774359552
1789919388.678747,12775505920,100,326000000,65000,7774359552
1789919389.679275,12775505920,100,326000000,65000,7774359552
1789919390.6797016,12775538688,99,325000000,65000,7776022528
1789919391.6800876,12775538688,100,327000000,65000,7776022528
1789919392.6808403,12775538688,100,327000000,65000,7776022528
1789919393.8808086,12775538688,50,198000000,63000,7776022528
1789919394.909655,12775563264,100,329000000,64000,7776464896
1789919395.9106688,12775559168,100,326000000,64000,7776464896
1789919396.911166,12775559168,99,322000000,64000,7776464896
1789919397.9119525,12775559168,100,327000000,64000,7776464896
1789919398.9124768,12775591936,100,326000000,65000,7776542720
1789919399.9132936,12775591936,100,327000000,65000,7776542720
1789919400.9138498,12775591936,99,325000000,65000,7776542720
1789919401.914302,12775624704,100,327000000,65000,7776903168
1789919402.9148638,12775645184,100,326000000,65000,7776923648
1789919403.9154878,12775645184,100,327000000,65000,7776923648
1789919404.9160423,12775645184,100,326000000,65000,7776923648
1789919405.9165804,12775645184,100,322000000,65000,7776923648
1789919406.9172418,12775645184,99,326000000,65000,7776923648
1789919407.9176311,12775645184,100,326000000,65000,7776923648
1789919408.9181323,12775645184,99,319000000,65000,7776923648
1789919409.9189913,12775645184,100,326000000,65000,7776923648
1789919410.919641,12775677952,99,324000000,65000,7777005568
1789919411.9200983,12775710720,100,327000000,65000,7777038336
1789919412.920794,12775710720,100,325000000,65000,7777038336
1789919413.921448,12775710720,99,323000000,65000,7777038336
1789919414.9219258,12775723008,99,325000000,65000,7777050624
1789919415.9225655,12775759872,100,326000000,65000,7778889728
1789919416.9231038,12775780352,100,327000000,65000,7779233792
1789919417.9239182,12775780352,100,326000000,65000,7779233792
1789919418.924484,12775784448,100,327000000,65000,7779233792
1789919419.9252863,12775813120,100,326000000,65000,7779270656
1789919420.9257863,12775813120,100,327000000,65000,7779270656
1789919421.9262602,12775813120,99,324000000,65000,7779270656
1789919422.9270403,12775813120,100,327000000,65000,7779270656
1789919423.9277885,12775866368,99,325000000,65000,7781568512
1789919424.9283829,12775878656,100,326000000,65000,7782027264
1789919425.9289112,12775899136,100,326000000,65000,7783178240
1789919426.9296193,12775899136,100,325000000,65000,7783178240
1789919427.9301462,12775899136,100,328000000,65000,7783178240
1789919428.9310544,12775899136,100,325000000,65000,7783178240
1789919429.931421,12775899136,99,326000000,65000,7783178240
1789919430.9320164,12775899136,100,326000000,65000,7783178240
1789919431.9326851,12775899136,100,326000000,65000,7783178240
1789919432.9333081,12775899136,99,322000000,65000,7783178240
1789919433.9339366,12775899136,99,319000000,65000,7783178240
1789919434.9346697,12775899136,100,325000000,65000,7783178240
1789919435.935128,12775899136,99,322000000,65000,7783178240
1789919436.935799,12775911424,100,326000000,65000,7783190528
1789919437.9365451,12775931904,100,326000000,65000,7783211008
1789919438.937014,12775964672,99,325000000,65000,7784030208
1789919439.9375715,12775964672,100,327000000,65000,7784030208
1789919440.9380946,12775985152,100,326000000,65000,7785058304
1789919441.9385433,12775985152,100,326000000,65000,7785058304
1789919442.9389699,12775985152,98,322000000,65000,7785058304
1789919443.9396305,12775985152,100,326000000,65000,7785058304
1789919444.9402697,12776005632,100,326000000,65000,7785754624
1789919445.940734,12776005632,99,323000000,65000,7785754624
1789919446.9411328,12776046592,100,327000000,65000,7787364352
1789919447.9419053,12776046592,100,326000000,65000,7787364352
1789919448.9422333,12776046592,100,326000000,65000,7787364352
1789919449.9428341,12776046592,99,322000000,65000,7787364352
1789919450.9435384,12776046592,100,327000000,65000,7787364352
1789919451.9440103,12776067072,100,326000000,65000,7787388928
1789919452.9445817,12776067072,99,322000000,65000,7787388928
1789919454.6178966,12776087552,74,260000000,64000,7787409408
1789919455.6183386,12776087552,99,327000000,64000,7787409408
1789919456.6187906,12776108032,100,327000000,65000,7787716608
1789919457.619347,12776108032,100,326000000,65000,7787716608
1789919458.6197588,12776108032,99,325000000,65000,7787716608
1789919459.6202762,12776108032,100,326000000,65000,7787716608
1789919460.6207793,12776108032,100,326000000,65000,7787716608
1789919461.6213858,12776153088,99,326000000,65000,7788208128
1789919462.6218557,12776153088,100,327000000,65000,7788208128
1789919463.6224592,12776153088,100,325000000,65000,7788208128
1789919464.6229186,12776153088,100,326000000,65000,7788208128
1789919465.623686,12776153088,100,326000000,65000,7788208128
1789919466.624301,12776153088,100,326000000,65000,7788208128
1789919467.624871,12776153088,99,325000000,65000,7788208128
1789919468.6258397,12776173568,100,326000000,65000,7788228608
1789919469.626514,12776173568,99,322000000,65000,7788228608
1789919470.62742,12776173568,100,326000000,65000,7788228608
1789919471.6281264,12776173568,99,320000000,65000,7788228608
1789919472.6287572,12776173568,100,326000000,65000,7788228608
1789919473.6297662,12776181760,99,321000000,65000,7788228608
1789919474.6303337,12776198144,98,319000000,65000,7788249088
1789919475.631135,12776226816,100,327000000,65000,7788269568
1789919476.6317518,12776222720,99,325000000,65000,7788269568
1789919477.632374,12776222720,100,326000000,65000,7788269568
1789919478.6327841,12776247296,99,323000000,65000,7788298240
1789919479.6337786,12776251392,100,327000000,65000,7788298240
1789919480.6342552,12776247296,99,327000000,65000,7788298240
1789919481.6350408,12776251392,99,322000000,65000,7788298240
1789919482.635807,12776247296,95,308000000,65000,7788298240
1789919483.6364512,12776251392,96,310000000,65000,7788298240
1789919484.6371398,12776308736,97,317000000,65000,7788359680
1789919485.6379476,12776300544,96,310000000,65000,7788359680
1789919486.6387634,12776296448,99,314000000,65000,7788359680
1789919487.6396115,12776312832,99,324000000,65000,7788683264
1789919488.6403177,12776312832,100,326000000,65000,7788683264
1789919489.6411421,12776312832,100,327000000,65000,7788683264
1789919490.6418645,12776312832,99,325000000,65000,7788683264
1789919491.6423469,12776312832,100,326000000,65000,7788683264
1789919492.6435115,12776312832,100,326000000,65000,7788683264
1789919493.6443222,12776333312,100,326000000,65000,7788703744
1789919494.6448176,12776333312,100,326000000,65000,7788703744
1789919495.6453016,12776333312,100,326000000,66000,7788703744
1789919496.6460807,12776333312,99,319000000,65000,7788703744
1789919497.646755,12776333312,99,325000000,65000,7788703744
1789919498.6474586,12776333312,100,326000000,66000,7788703744
1789919499.6481369,12776353792,100,326000000,65000,7789096960
1789919500.6488554,12776353792,100,326000000,66000,7789096960
1789919501.6497967,12776353792,99,322000000,65000,7789096960
1789919502.650488,12776353792,100,326000000,65000,7789096960
1789919503.6511056,12776374272,100,326000000,65000,7793647616
1789919504.6515744,12776374272,99,325000000,65000,7793647616
1789919505.6522467,12776374272,100,326000000,65000,7793647616
1789919506.6527996,12776374272,100,326000000,65000,7793647616
1789919507.6533425,12776374272,100,326000000,65000,7793647616
1789919508.6539617,12776374272,100,327000000,65000,7793647616
1789919509.6550398,12776374272,99,323000000,65000,7793647616
1789919510.6557028,12776374272,99,324000000,65000,7793647616
1789919511.6562836,12776374272,100,327000000,65000,7793647616
1789919512.6569543,12776415232,100,326000000,65000,7795175424
1789919513.6578188,12776415232,100,326000000,65000,7795175424
1789919514.6584866,12776415232,100,327000000,65000,7795175424
1789919515.7158842,12776415232,99,326000000,65000,7795179520
1789919517.0419388,12776415232,51,201000000,64000,7795179520
1789919518.042599,12776435712,100,323000000,64000,7795560448
1789919519.0430546,12776468480,99,325000000,65000,7796166656
1789919520.0438917,12776468480,100,326000000,65000,7796166656
1789919521.0445597,12776468480,99,323000000,65000,7796166656
1789919522.0452068,12776468480,100,327000000,65000,7796166656
1789919523.0458133,12776468480,99,323000000,65000,7796166656
1789919524.046336,12776521728,100,326000000,65000,7798685696
1789919525.046757,12776521728,100,326000000,65000,7798685696
1789919526.0472145,12776554496,100,327000000,65000,7799078912
1789919527.0478005,12776554496,100,327000000,65000,7799078912
1789919528.048335,12776554496,99,325000000,65000,7799078912
1789919529.049181,12776554496,100,324000000,65000,7799078912
1789919530.0498745,12776554496,100,326000000,65000,7799078912
1789919531.0503857,12776554496,99,324000000,65000,7799078912
1789919532.0511754,12776615936,75,260000000,64000,7806353408
1789919533.0517983,12776615936,100,326000000,65000,7806353408
1789919534.052451,12776615936,100,326000000,65000,7806353408
1789919535.053043,12776615936,99,325000000,65000,7806353408
1789919536.0536697,12776615936,100,326000000,65000,7806353408
1789919537.0541334,12776615936,100,326000000,65000,7806353408
1789919538.0549731,12776615936,100,326000000,65000,7806357504
1789919539.0601091,12776628224,100,327000000,65000,7806447616
1789919540.0606065,12776669184,100,326000000,65000,7807332352
1789919541.0614145,12776669184,100,326000000,65000,7807332352
1789919542.0621836,12776669184,99,323000000,65000,7807332352
1789919543.0625687,12776669184,100,321000000,65000,7807332352
1789919544.063255,12776669184,99,325000000,65000,7807332352
1789919545.063954,12776665088,100,326000000,66000,7807332352
1789919546.0645685,12776665088,100,327000000,66000,7807332352
1789919547.065075,12776665088,100,326000000,66000,7807332352
1789919548.0658662,12776685568,99,324000000,66000,7807352832
1789919549.0666783,12776738816,100,328000000,66000,7807926272
1789919550.0674865,12776738816,100,325000000,66000,7807926272
1789919551.0764368,12776738816,99,325000000,66000,7807950848
1789919552.077173,12776759296,100,327000000,66000,7808466944
1789919553.0777209,12776759296,100,327000000,66000,7808466944
1789919554.0781841,12776779776,100,325000000,66000,7809069056
1789919555.078909,12776779776,100,326000000,66000,7809069056
1789919556.0794353,12776779776,100,327000000,66000,7809069056
1789919557.080198,12776779776,100,326000000,66000,7809069056
1789919558.080703,12776779776,100,326000000,66000,7809069056
1789919559.0812626,12776820736,99,321000000,66000,7810236416
1789919560.0818665,12776820736,100,325000000,66000,7810236416
1789919561.0822291,12776873984,99,326000000,65000,7811219456
1789919562.0833418,12776886272,100,326000000,65000,7811670016
1789919563.0839856,12776906752,100,326000000,66000,7813337088
1789919564.084483,12776906752,100,327000000,65000,7813341184
1789919565.0852904,12776906752,100,326000000,65000,7813341184
1789919566.0858648,12776906752,100,327000000,65000,7813341184
1789919567.0864763,12776939520,99,325000000,65000,7813459968
1789919568.087211,12776939520,100,327000000,65000,7813459968
1789919569.087848,12776939520,100,325000000,65000,7813459968
1789919570.0885167,12776960000,99,321000000,65000,7814156288
1789919571.089009,12776960000,100,325000000,65000,7814160384
1789919572.15718,12776960000,99,325000000,65000,7814160384
1789919573.1578429,12776972288,100,326000000,65000,7814598656
1789919574.1585972,12776992768,100,325000000,65000,7815491584
1789919575.1593084,12776992768,99,325000000,65000,7815495680
1789919576.1597822,12776992768,100,326000000,65000,7815495680
1789919577.1603231,12777005056,99,325000000,65000,7815516160
1789919578.4422061,12777005056,51,201000000,64000,7815516160
1789919579.4426146,12777025536,100,328000000,65000,7816060928
1789919580.4430127,12777025536,100,326000000,65000,7816060928
1789919581.4438088,12777025536,100,326000000,65000,7816060928
1789919582.4442432,12777025536,100,327000000,65000,7816060928
1789919583.4445581,12777025536,99,326000000,65000,7816060928
1789919584.4448762,12777029632,100,326000000,65000,7816060928
1789919585.4453998,12777029632,100,327000000,65000,7816060928
1789919586.446576,12777095168,99,322000000,65000,7816130560
1789919587.447238,12777095168,99,322000000,65000,7816130560
1789919588.4476728,12777095168,100,326000000,65000,7816130560
1789919589.4482362,12777095168,100,326000000,65000,7816130560
1789919590.448785,12777115648,100,321000000,65000,7816151040
1789919591.4491885,12777115648,99,322000000,65000,7816151040
1789919592.449828,12777115648,100,325000000,65000,7816151040
1789919593.450315,12777115648,99,322000000,65000,7816151040
1789919594.4512508,12777115648,100,325000000,65000,7816151040
1789919595.4520552,12777115648,99,321000000,65000,7816151040
1789919596.452658,12777115648,100,326000000,65000,7816151040
1789919597.453004,12777148416,100,327000000,65000,7816187904
1789919598.4534073,12777148416,100,326000000,66000,7816187904
1789919599.4541533,12777148416,99,324000000,65000,7816187904
1789919600.455147,12777148416,100,327000000,65000,7816187904
1789919601.4556463,12777148416,100,326000000,65000,7816187904
1789919602.4560714,12777148416,99,326000000,65000,7816187904
1789919603.4564931,12777148416,100,325000000,65000,7816187904
1789919604.4569597,12777201664,99,326000000,66000,7817523200
1789919605.4576466,12777201664,100,325000000,65000,7817523200
1789919606.4582155,12777201664,100,326000000,65000,7817523200
1789919607.458808,12777201664,99,325000000,65000,7817523200
1789919608.4591339,12777201664,100,324000000,66000,7817523200
1789919609.4595327,12777201664,100,326000000,66000,7817523200
1789919610.4599707,12777222144,99,324000000,65000,7817543680
1789919611.460423,12777222144,99,325000000,66000,7817543680
1789919612.4608023,12777222144,100,326000000,66000,7817547776
1789919613.461345,12777222144,99,326000000,66000,7817547776
1789919614.4620552,12777222144,100,326000000,66000,7817547776
1789919615.4625401,12777222144,100,326000000,66000,7817547776
1789919616.4629428,12777222144,100,326000000,66000,7817547776
1789919617.4634233,12777234432,100,327000000,66000,7817752576
1789919618.46378,12777254912,100,327000000,66000,7818452992
1789919619.4644525,12777254912,100,327000000,66000,7818452992
1789919620.4649546,12777254912,100,326000000,66000,7818452992
1789919621.4653137,12777275392,99,325000000,66000,7818477568
1789919622.4657652,12777275392,99,324000000,66000,7818477568
1789919623.4664476,12777275392,100,326000000,66000,7818477568
1789919624.467125,12777295872,99,317000000,65000,7819141120
1789919625.4676785,12777328640,100,326000000,65000,7820058624
1789919626.4683914,12777328640,100,327000000,66000,7820058624
1789919627.4691122,12777332736,100,326000000,66000,7820058624
1789919628.4698346,12777332736,100,326000000,66000,7820062720
1789919629.4704514,12777332736,100,326000000,66000,7820062720
1789919630.4708955,12777332736,99,325000000,65000,7820062720
1789919631.4713168,12777332736,100,324000000,65000,7820066816
1789919632.4717283,12777328640,100,326000000,65000,7820066816
1789919633.47219,12777332736,99,319000000,65000,7820066816
1789919634.472908,12777328640,99,325000000,65000,7820066816
1789919635.4732697,12777328640,100,323000000,65000,7820066816
1789919636.4738731,12777328640,47,192000000,63000,7820066816
1789919637.4743073,12777349120,100,329000000,65000,7820423168
1789919638.474661,12777349120,100,326000000,65000,7820423168
1789919639.4749599,12777349120,100,328000000,65000,7820423168
1789919640.475374,12777381888,100,325000000,65000,7821135872
1789919641.4759147,12777381888,100,327000000,65000,7821135872
1789919642.4765415,12777381888,100,326000000,65000,7821135872
1789919643.4768577,12777402368,93,299000000,65000,7829409792
1789919644.4774384,12777455616,100,328000000,65000,7830642688
1789919645.4779515,12777455616,100,326000000,65000,7830642688
1789919646.47855,12777476096,100,327000000,65000,7831293952
1789919647.4790955,12777476096,99,325000000,65000,7831293952
1789919648.4798715,12777492480,100,326000000,65000,7832039424
1789919649.48058,12777492480,100,327000000,65000,7832039424
1789919650.48134,12777492480,100,327000000,65000,7832039424
1789919651.4819527,12777492480,100,327000000,65000,7832039424
1789919652.4825253,12777492480,100,326000000,65000,7832039424
1789919653.4833794,12777492480,99,326000000,65000,7832043520
1789919654.4840522,12777492480,100,326000000,65000,7832043520
1789919655.4847543,12777512960,99,322000000,65000,7832625152
1789919656.485139,12777512960,100,327000000,65000,7832625152
1789919657.4856675,12777517056,100,326000000,65000,7832625152
1789919658.4862235,12777517056,100,327000000,65000,7832625152
1789919659.4867322,12777537536,99,322000000,65000,7833247744
1789919660.4872136,12777537536,100,325000000,65000,7833247744
1789919661.4877567,12777558016,100,326000000,65000,7833272320
1789919662.4884253,12777558016,100,328000000,65000,7833272320
1789919663.488925,12777558016,100,325000000,65000,7833272320
1789919664.4897633,12777558016,100,325000000,65000,7833272320
1789919665.4905057,12777558016,99,326000000,65000,7833272320
1789919666.4909763,12777623552,100,326000000,65000,7833346048
1789919667.4919295,12777623552,99,324000000,65000,7833346048
1789919668.4926555,12777656320,100,327000000,65000,7833391104
1789919669.4932592,12777656320,100,326000000,65000,7833391104
1789919670.4940786,12777656320,100,328000000,65000,7833391104
1789919671.4948645,12777656320,100,325000000,65000,7833391104
1789919672.4953365,12777656320,99,325000000,65000,7833391104
1789919673.4960542,12777656320,100,326000000,65000,7833391104
1789919674.4966598,12777656320,100,326000000,65000,7833391104
1789919675.4972422,12777656320,99,326000000,65000,7833391104
1789919676.4977608,12777656320,100,327000000,65000,7833391104
1789919677.498605,12777656320,100,326000000,65000,7833391104
1789919678.4991217,12777656320,100,321000000,65000,7833395200
1789919679.4995658,12777656320,99,322000000,65000,7833399296
1789919680.5000389,12777656320,100,326000000,65000,7833399296
1789919681.5006456,12777656320,100,326000000,65000,7833399296
1789919682.5011241,12777676800,99,322000000,65000,7836016640
1789919683.5017872,12777676800,99,322000000,65000,7836020736
1789919684.502252,12777697280,100,327000000,65000,7836946432
1789919685.5027792,12777697280,100,326000000,65000,7836946432
1789919686.5033548,12777697280,100,327000000,65000,7836946432
1789919687.5037236,12777709568,100,323000000,65000,7837319168
1789919688.504351,12777730048,99,322000000,65000,7837675520
1789919689.5056548,12777730048,99,323000000,65000,7837675520
1789919690.5062587,12777730048,100,327000000,65000,7837679616
1789919691.50677,12777730048,100,325000000,65000,7837679616
1789919692.5076256,12777730048,100,327000000,65000,7837679616
1789919693.508306,12777750528,99,325000000,65000,7837704192
1789919694.508797,12777750528,100,326000000,65000,7837704192
1789919695.5094535,12777803776,99,325000000,65000,7837765632
1789919696.5100846,12777803776,100,326000000,65000,7837769728
1789919697.5105426,12777857024,100,325000000,65000,7837835264
1789919698.5109594,12777857024,100,324000000,65000,7837839360
1789919699.5116365,12777889792,99,326000000,65000,7838265344
1789919700.512204,12777910272,100,326000000,65000,7841046528
1789919701.513137,12777910272,99,319000000,65000,7841054720
1789919702.5136478,12777910272,100,326000000,65000,7841054720
1789919703.5141082,12777943040,99,325000000,65000,7841599488
1789919704.5148113,12777943040,100,326000000,65000,7841673216
1789919705.9742973,12777943040,55,212000000,64000,7841673216
1789919706.974897,12777943040,100,330000000,65000,7841673216
1789919707.97553,12777943040,99,321000000,65000,7841673216
1789919708.9760673,12777943040,100,327000000,65000,7841673216
1789919709.9765496,12777967616,99,325000000,65000,7841693696
1789919710.977238,12777963520,100,327000000,65000,7841693696
1789919711.9779902,12777963520,100,326000000,65000,7841693696
1789919712.9785094,12777963520,100,327000000,65000,7841693696
1789919713.979424,12777963520,100,325000000,65000,7841693696
1789919714.9801018,12778016768,100,327000000,65000,7844077568
1789919715.9807255,12778016768,100,326000000,65000,7844077568
1789919716.9811738,12778029056,99,325000000,65000,7844626432
1789919717.9815595,12778049536,100,326000000,66000,7845134336
1789919718.9819984,12778049536,100,326000000,66000,7845134336
1789919719.9825947,12778049536,100,324000000,65000,7845134336
1789919720.9830618,12778049536,87,262000000,65000,7845134336
1789919721.9836347,12778049536,100,326000000,65000,7845134336
1789919722.9840968,12778049536,99,326000000,65000,7845134336
1789919723.9849007,12778053632,100,327000000,65000,7845134336
1789919724.9855928,12778049536,100,326000000,65000,7845134336
1789919725.9864573,12778049536,99,323000000,65000,7845134336
1789919726.9871752,12778049536,100,327000000,65000,7845134336
1789919727.9879403,12778049536,100,326000000,65000,7845134336
1789919728.9884095,12778049536,99,325000000,65000,7845134336
1789919729.9888449,12778070016,100,326000000,65000,7845154816
1789919730.989412,12778070016,99,325000000,65000,7845154816
1789919731.9899106,12778090496,100,327000000,65000,7846420480
1789919732.9903648,12778090496,100,326000000,66000,7846420480
1789919733.9907625,12778090496,100,327000000,66000,7846420480
1789919734.9914634,12778090496,100,325000000,66000,7846420480
1789919735.9920566,12778090496,99,325000000,65000,7846420480
1789919736.9927955,12778110976,100,326000000,65000,7846440960
1789919737.9934099,12778110976,99,325000000,65000,7846440960
1789919738.9939106,12778110976,100,326000000,65000,7846440960
1789919739.9943206,12778110976,100,326000000,66000,7846440960
1789919740.9947226,12778110976,99,325000000,66000,7846440960
1789919741.9954658,12778110976,100,326000000,65000,7846440960
1789919742.9960613,12778164224,100,326000000,65000,7850053632
1789919743.996753,12778164224,100,327000000,65000,7850053632
1789919744.9972234,12778164224,99,322000000,65000,7850053632
1789919745.9981067,12778164224,100,326000000,65000,7850053632
1789919746.9988585,12778164224,100,326000000,65000,7850053632
1789919747.9992929,12778164224,99,325000000,66000,7850053632
1789919748.9999971,12778164224,100,326000000,66000,7850053632
1789919750.000702,12778164224,100,325000000,65000,7850053632
1789919751.0013483,12778196992,99,325000000,66000,7850373120
1789919752.0021002,12778196992,99,318000000,65000,7850373120
1789919753.367827,12778237952,100,324000000,65000,7850414080
1789919754.368604,12778237952,100,326000000,66000,7850414080
1789919755.3690841,12778237952,100,326000000,66000,7850414080
1789919756.3695457,12778237952,99,320000000,65000,7850414080
1789919757.3699446,12778237952,99,318000000,65000,7851683840
1789919758.3703995,12778258432,100,326000000,65000,7851675648
1789919759.3708873,12778311680,100,327000000,66000,7853568000
1789919760.3714502,12778311680,100,326000000,66000,7853568000
1789919761.3719592,12778311680,100,326000000,66000,7853568000
1789919762.373132,12778311680,100,327000000,66000,7853568000
1789919763.3737001,12778311680,100,327000000,66000,7853568000
1789919764.3742616,12778311680,100,326000000,66000,7853568000
1789919765.3749788,12778311680,99,321000000,65000,7853568000
1789919766.3755774,12778311680,100,326000000,65000,7853568000
1789919767.3761654,12778311680,100,326000000,65000,7853568000
1789919768.3795986,12778311680,32,149000000,63000,7853592576
1789919769.3801289,12778332160,100,334000000,65000,7853809664
1789919770.3805966,12778332160,100,326000000,65000,7853809664
1789919771.3812766,12778332160,100,324000000,65000,7853809664
1789919772.382031,12778352640,99,325000000,65000,7853936640
1789919773.3825903,12778352640,100,325000000,65000,7853936640
1789919774.3832023,12778373120,100,326000000,65000,7854628864
1789919775.383785,12778393600,99,325000000,65000,7855529984
1789919776.384439,12778393600,100,323000000,65000,7855529984
1789919777.385214,12778393600,99,325000000,65000,7855529984
1789919778.385795,12778393600,100,326000000,65000,7855529984
1789919779.386427,12778426368,100,327000000,65000,7857307648
1789919780.3871207,12778426368,100,326000000,65000,7857307648
1789919781.3877254,12778426368,99,326000000,65000,7857307648
1789919782.3882394,12778426368,100,326000000,65000,7857307648
1789919783.3889225,12778426368,100,326000000,65000,7857307648
1789919784.3897953,12778426368,100,326000000,65000,7857307648
1789919785.3903115,12778467328,99,326000000,65000,7857692672
1789919786.3910627,12778467328,100,327000000,65000,7857692672
1789919787.391827,12778487808,100,326000000,65000,7857713152
1789919788.3924565,12778487808,99,323000000,65000,7857713152
1789919789.3934152,12778549248,94,307000000,65000,7859683328
1789919790.3941386,12778549248,100,328000000,65000,7859683328
1789919791.394567,12778569728,99,326000000,65000,7860080640
1789919792.3951738,12778569728,100,326000000,65000,7860080640
1789919793.3980885,12778569728,100,325000000,65000,7860092928
1789919794.3986292,12778602496,100,327000000,65000,7861927936
1789919795.3991723,12778602496,100,325000000,65000,7861927936
1789919796.4000363,12778602496,100,326000000,65000,7861927936
1789919797.4008863,12778602496,99,325000000,65000,7861927936
1789919798.401455,12778622976,100,327000000,65000,7861952512
1789919799.4021096,12778643456,99,322000000,65000,7862308864
1789919800.4028792,12778643456,100,326000000,65000,7862308864
1789919801.4033892,12778684416,99,320000000,65000,7862353920
1789919802.4037814,12778704896,100,327000000,65000,7864463360
1789919803.4041872,12778704896,100,326000000,65000,7864463360
1789919804.4046452,12778704896,99,323000000,65000,7864463360
1789919805.405244,12778704896,100,324000000,65000,7864463360
1789919806.406206,12778704896,99,322000000,65000,7864463360
1789919807.4069586,12778704896,99,325000000,65000,7864463360
1789919808.4075036,12778725376,100,327000000,65000,7866142720
1789919809.408,12778725376,100,326000000,65000,7866142720
1789919810.4084184,12778725376,100,326000000,65000,7866142720
1789919811.409412,12778725376,100,326000000,65000,7866142720
1789919812.4102294,12778745856,100,328000000,65000,7867609088
1789919813.4107602,12778745856,100,325000000,65000,7867609088
1789919814.4112015,12778745856,100,327000000,65000,7867609088
1789919815.4117553,12778745856,99,324000000,65000,7867609088
1789919816.4124253,12778745856,100,326000000,65000,7867609088
1789919817.4131444,12778758144,99,323000000,65000,7867654144
1789919818.4138017,12778778624,100,327000000,65000,7867998208
1789919819.41434,12778778624,100,325000000,65000,7867998208
1789919820.4147873,12778803200,95,312000000,65000,7869202432
1789919821.4151952,12778819584,100,329000000,65000,7869222912
1789919822.4155934,12778819584,99,325000000,65000,7869231104
1789919823.4162478,12778819584,100,327000000,65000,7869231104
1789919824.416719,12778819584,100,326000000,65000,7869231104
1789919825.417549,12778819584,99,325000000,65000,7869231104
1789919826.4180212,12778852352,100,327000000,65000,7871004672
1789919827.4186764,12778852352,100,327000000,65000,7871004672
1789919828.4193506,12778852352,100,327000000,65000,7871004672
1789919829.4199133,12778872832,100,322000000,65000,7871352832
1789919830.4205172,12778872832,100,327000000,65000,7871352832
1789919831.4212406,12778872832,100,326000000,65000,7871352832
1789919832.5342877,12778872832,54,209000000,64000,7871352832
1789919833.5348947,12778893312,100,331000000,64000,7871373312
1789919834.5412216,12778905600,100,351000000,65000,7871688704
1789919835.5417736,12778926080,100,326000000,65000,7871680512
1789919836.5425467,12778979328,100,326000000,65000,7873617920
1789919837.5429645,12778979328,100,325000000,65000,7873617920
1789919838.5436196,12778979328,99,323000000,65000,7873617920
1789919839.544539,12778979328,100,326000000,65000,7873617920
1789919840.545202,12778979328,100,326000000,65000,7873617920
1789919841.5461323,12778979328,100,327000000,65000,7873617920
1789919842.5466325,12778979328,99,325000000,65000,7873871872
1789919843.547196,12778995712,100,326000000,65000,7873859584
1789919844.548013,12778995712,100,327000000,65000,7873859584
1789919845.5486772,12778995712,100,326000000,65000,7873859584
1789919846.5491729,12779036672,100,326000000,65000,7875649536
1789919847.5499606,12779036672,100,327000000,65000,7875649536
1789919848.550714,12779057152,98,319000000,65000,7875670016
1789919849.551496,12779098112,100,325000000,65000,7877840896
1789919850.551899,12779102208,99,323000000,65000,7877840896
1789919851.552311,12779122688,100,327000000,65000,7877861376
1789919852.55276,12779122688,100,326000000,65000,7877861376
1789919853.5531409,12779122688,100,326000000,65000,7877861376
1789919854.553574,12779122688,99,325000000,65000,7877861376
1789919855.554233,12779163648,100,327000000,65000,7881269248
1789919856.5549688,12779163648,100,326000000,65000,7881269248
1789919857.555394,12779163648,100,327000000,65000,7881269248
1789919858.556391,12779163648,99,323000000,65000,7881269248
1789919859.5571313,12779192320,100,328000000,65000,7881306112
1789919860.55772,12779192320,100,326000000,65000,7881306112
1789919861.5582647,12779192320,100,327000000,65000,7881306112
1789919862.5587912,12779192320,100,327000000,65000,7881306112
1789919863.5592864,12779192320,100,327000000,65000,7881306112
1789919864.560023,12779192320,100,326000000,65000,7881306112
1789919865.5605624,12779192320,100,326000000,65000,7881306112
1789919866.5611408,12779192320,99,325000000,65000,7881306112
1789919867.5616481,12779192320,100,326000000,65000,7881306112
1789919868.5621564,12779192320,99,325000000,65000,7881306112
1789919869.5627117,12779192320,100,326000000,65000,7881306112
1789919870.563473,12779192320,100,326000000,65000,7881306112
1789919871.5640652,12779192320,100,327000000,65000,7881306112
1789919872.5645773,12779192320,99,325000000,65000,7881306112
1789919873.5650613,12779204608,100,326000000,65000,7881576448
1789919874.565694,12779225088,100,327000000,65000,7882342400
1789919875.5662508,12779225088,99,325000000,65000,7882342400
1789919876.5670235,12779225088,100,327000000,65000,7882342400
1789919877.5675325,12779225088,100,326000000,65000,7882342400
1789919878.5681481,12779225088,99,322000000,65000,7882342400
1789919879.5691257,12779225088,100,327000000,65000,7882342400
1789919880.5699258,12779245568,100,326000000,65000,7883194368
1789919881.5709007,12779245568,99,325000000,65000,7883194368
1789919882.5713804,12779245568,100,325000000,65000,7883194368
1789919883.572177,12779278336,99,325000000,65000,7883231232
1789919884.5727656,12779278336,100,326000000,65000,7883231232
1789919885.5731676,12779278336,100,326000000,65000,7883231232
1789919886.5737166,12779282432,100,326000000,65000,7883231232
1789919887.5742033,12779302912,100,326000000,65000,7883255808
1789919888.5747478,12779315200,100,327000000,65000,7883255808
1789919889.5753832,12779307008,99,325000000,65000,7883259904
1789919890.5760906,12779302912,100,326000000,65000,7883259904
1789919891.5768116,12779302912,99,326000000,65000,7883259904
1789919892.577332,12779302912,100,326000000,65000,7883259904
1789919893.5781648,12779302912,100,327000000,65000,7883259904
1789919894.5790656,12779302912,99,325000000,65000,7883259904
1789919895.579815,12779302912,100,325000000,65000,7883259904
1789919896.5805159,12779302912,99,321000000,65000,7883259904
1789919897.5811038,12779335680,100,327000000,65000,7886086144
1789919898.6777806,12779352064,100,327000000,65000,7886110720
1789919899.678345,12779352064,100,326000000,65000,7886110720
1789919900.6789813,12779352064,100,324000000,65000,7886110720
1789919901.6795282,12779356160,100,327000000,65000,7886110720
1789919902.7286882,12779356160,35,160000000,63000,7886110720
1789919903.729251,12779356160,100,327000000,64000,7886110720
1789919904.7299163,12779356160,100,326000000,65000,7886110720
1789919905.7306721,12779356160,99,325000000,65000,7886110720
1789919906.7312489,12779356160,100,327000000,65000,7886110720
1789919907.7324185,12779356160,100,324000000,65000,7886110720
1789919908.7332928,12779356160,99,322000000,65000,7886110720
1789919909.7342699,12779356160,100,326000000,65000,7886110720
1789919910.7348146,12779356160,99,323000000,65000,7886110720
1789919911.7353904,12779356160,100,325000000,65000,7886110720
1789919912.735986,12779388928,99,325000000,65000,7886143488
1789919913.7365518,12779388928,100,326000000,65000,7886143488
1789919914.737448,12779388928,100,326000000,65000,7886143488
1789919915.7381337,12779388928,99,323000000,65000,7886143488
1789919916.7385745,12779388928,100,326000000,65000,7886143488
1789919917.7392368,12779388928,99,325000000,65000,7886143488
1789919918.7398195,12779483136,99,323000000,65000,7886471168
1789919919.7403996,12779483136,100,327000000,65000,7886471168
1789919920.7409518,12779483136,100,325000000,65000,7886471168
1789919921.741569,12779483136,99,325000000,65000,7886471168
1789919922.7422404,12779483136,97,315000000,65000,7886471168
1789919923.7428148,12779483136,100,326000000,65000,7886471168
1789919924.743472,12779483136,100,327000000,65000,7886471168
1789919925.7443604,12779483136,99,321000000,65000,7886471168
1789919926.7449527,12779536384,100,327000000,65000,7887335424
1789919927.7454748,12779536384,100,326000000,65000,7887335424
1789919928.7463627,12779536384,99,325000000,65000,7887335424
1789919929.7467866,12779556864,100,325000000,65000,7887388672
1789919930.7473736,12779556864,100,327000000,65000,7887388672
1789919931.7480001,12779556864,99,325000000,65000,7887388672
1789919932.7488132,12779577344,100,326000000,65000,7887806464
1789919933.7494333,12779577344,100,326000000,65000,7887806464
1789919934.7500901,12779577344,100,326000000,65000,7887806464
1789919935.75106,12779577344,99,325000000,65000,7887806464
1789919936.7515068,12779610112,100,326000000,65000,7889453056
1789919937.7521515,12779610112,100,327000000,65000,7889453056
1789919938.7528145,12779610112,99,325000000,65000,7889453056
1789919939.7534535,12779610112,100,327000000,65000,7889453056
1789919940.7540658,12779610112,100,325000000,65000,7889453056
1789919941.7545655,12779610112,100,327000000,65000,7889453056
1789919942.7554743,12779610112,100,327000000,65000,7889453056
1789919943.7560816,12779610112,100,326000000,65000,7889453056
1789919944.7566245,12779610112,100,326000000,65000,7889453056
1789919945.7572825,12779610112,99,324000000,65000,7889453056
1789919946.757959,12779610112,100,327000000,65000,7889453056
1789919947.7586298,12779610112,100,326000000,65000,7889453056
1789919948.759448,12779610112,99,325000000,65000,7889453056
1789919949.7598293,12779610112,100,324000000,65000,7889453056
1789919950.7606432,12779663360,100,326000000,65000,7889510400
1789919951.9740765,12779663360,100,325000000,65000,7889510400
1789919952.9747488,12779663360,100,328000000,65000,7889510400
1789919953.975178,12779663360,99,325000000,65000,7889510400
1789919954.9759772,12779663360,100,326000000,65000,7889510400
1789919956.1239102,12779663360,100,326000000,65000,7889510400
1789919957.124434,12779663360,100,328000000,65000,7889510400
1789919958.1250873,12779663360,100,326000000,65000,7889510400
1789919959.125698,12779663360,99,324000000,65000,7889510400
1789919960.1261435,12779663360,100,326000000,65000,7889510400
1789919961.1268659,12779696128,100,325000000,65000,7889616896
1789919962.1273446,12779696128,99,325000000,65000,7889616896
1789919963.1279693,12779728896,100,327000000,65000,7891677184
1789919964.12834,12779728896,100,325000000,65000,7891677184
1789919965.1289673,12779728896,100,327000000,65000,7891677184
1789919966.1296582,12779749376,100,326000000,65000,7892029440
1789919967.1301625,12779749376,99,325000000,65000,7892103168
1789919968.1307113,12779782144,100,325000000,65000,7893786624
1789919969.1313617,12779782144,100,326000000,65000,7893786624
1789919970.1319196,12779782144,58,217000000,64000,7893786624
1789919971.1323514,12779782144,99,327000000,65000,7893786624
1789919972.1331873,12779782144,100,326000000,65000,7893786624
1789919973.133688,12779814912,100,326000000,65000,7894044672
1789919974.1343627,12779814912,100,328000000,65000,7894044672
1789919975.134984,12779814912,100,325000000,65000,7894044672
1789919976.1359627,12779814912,100,327000000,65000,7894044672
1789919977.1367111,12779814912,99,324000000,65000,7894044672
1789919978.1373556,12779814912,99,320000000,65000,7894044672
1789919979.1380947,12779814912,100,327000000,65000,7894044672
1789919980.138749,12779814912,100,326000000,65000,7894044672
1789919981.1393034,12779847680,100,326000000,65000,7895449600
1789919982.1398938,12779868160,100,326000000,65000,7896203264
1789919983.1403184,12779868160,100,327000000,65000,7896203264
1789919984.140895,12779868160,99,325000000,65000,7896203264
1789919985.1414347,12779868160,100,326000000,65000,7896203264
1789919986.1418662,12779868160,100,326000000,65000,7896203264
1789919987.142476,12779900928,100,326000000,65000,7897157632
1789919988.1428883,12779900928,100,327000000,65000,7897157632
1789919989.145514,12779913216,100,326000000,65000,7897509888
1789919990.1460385,12779933696,100,327000000,65000,7897538560
1789919991.1466665,12779933696,100,327000000,65000,7897538560
1789919992.147247,12779933696,99,325000000,65000,7897538560
1789919993.1477635,12779933696,100,326000000,65000,7897538560
1789919994.148405,12779933696,100,326000000,65000,7897538560
1789919995.149061,12779933696,99,320000000,65000,7897538560
1789919996.1496987,12779933696,100,327000000,65000,7897538560
1789919997.1501212,12779966464,100,327000000,65000,7897575424
1789919998.1507854,12780007424,98,320000000,65000,7899832320
1789919999.1512206,12780040192,99,325000000,65000,7900598272
1789920000.1518254,12780040192,100,327000000,65000,7900598272
1789920001.152438,12780040192,100,326000000,65000,7900598272
1789920002.1530263,12780040192,100,326000000,65000,7900598272
1789920003.1536617,12780040192,100,327000000,65000,7900598272
1789920004.154144,12780040192,100,326000000,65000,7900598272
1789920005.154773,12780040192,99,325000000,65000,7900598272
1789920006.1554112,12780040192,100,326000000,65000,7900598272
1789920007.1558833,12780072960,99,322000000,65000,7901147136
1789920008.1563406,12780072960,100,326000000,65000,7901147136
1789920009.1566904,12780093440,100,326000000,65000,7901495296
1789920010.1570826,12780093440,100,326000000,65000,7901495296
1789920011.2633872,12780093440,96,73000000,63000,7901528064
1789920012.2645283,12828352512,98,160000000,63000,7953973248
1789920013.2649043,12831285248,99,168000000,62000,7953977344
1789920014.2655282,12831285248,99,329000000,64000,7953977344
1789920015.2659879,13175222272,99,327000000,64000,7953977344
1789920016.266581,13175226368,83,282000000,64000,7953977344
1789920017.267006,13175226368,99,332000000,64000,7953977344
1789920018.2688491,13175226368,99,325000000,65000,7954092032
1789920019.2697148,13175226368,99,327000000,65000,7954096128
1789920020.270294,13175226368,100,327000000,65000,7955054592
1789920021.2709577,13175242752,93,307000000,65000,7955083264
1789920022.2716599,13175238656,96,321000000,65000,7955087360
1789920023.2725387,13175238656,100,327000000,65000,7955091456
1789920024.2730799,13175238656,100,326000000,65000,7955095552
1789920025.273633,13175238656,100,327000000,65000,7955148800
1789920026.2741692,13175238656,100,327000000,65000,7955156992
1789920027.2746456,13175238656,100,326000000,65000,7955156992
1789920028.2754169,13175238656,100,326000000,65000,7955156992
1789920029.276062,13175238656,100,327000000,65000,7955156992
1789920030.276906,13175250944,87,279000000,65000,7955156992
1789920031.2776227,13175250944,97,323000000,64000,7955156992
1789920032.278324,13286395904,100,326000000,65000,7955156992
1789920033.2794232,13286395904,99,326000000,65000,8064344064
1789920034.2803063,13286395904,99,326000000,65000,7955161088
1789920035.2811751,13286395904,99,326000000,65000,7955161088
1789920036.2816498,13286395904,99,327000000,65000,7955161088
1789920037.2821367,13286395904,99,326000000,65000,7955161088
1789920038.2829337,13286395904,99,327000000,65000,7955161088
1789920039.283395,13286395904,100,326000000,65000,7955161088
1789920040.2840602,13286363136,99,326000000,65000,7955161088
1789920041.2846055,13286363136,99,326000000,64000,7955161088
1789920042.2852976,13286363136,100,327000000,64000,7955161088
1789920043.2858186,13286363136,99,326000000,64000,7955161088
1789920044.286544,13286363136,99,327000000,64000,7955161088
1789920045.2871375,13286363136,99,326000000,64000,7955161088
1789920046.2876554,13286363136,99,327000000,64000,7955161088
1789920047.2882226,13286363136,99,326000000,64000,7955161088
1789920048.2888155,13286363136,99,326000000,64000,7955226624
1789920049.2894967,13286363136,99,326000000,64000,7955644416
1789920050.2899644,13286330368,99,327000000,64000,7956197376
1789920051.2904167,13286330368,100,326000000,64000,7956361216
1789920052.2910469,13286330368,100,327000000,64000,7956500480
1789920053.2915437,13286330368,100,326000000,64000,7956623360
1789920054.2921627,13286330368,100,327000000,64000,7956627456
1789920055.293035,13286330368,100,326000000,64000,7956639744
1789920056.2941217,13288427520,100,327000000,64000,7956647936
1789920057.294629,13288427520,100,327000000,64000,7956656128
1789920058.2951229,13288427520,100,326000000,64000,7956717568
1789920059.2957568,13288427520,100,326000000,64000,7956717568
1789920060.2962248,13288394752,100,326000000,64000,7956717568
1789920061.2970142,13288394752,100,327000000,64000,7956717568
1789920062.2974825,13288394752,100,327000000,64000,7956717568
1789920063.2981203,13288394752,100,326000000,64000,7956717568
1789920064.2987738,13288394752,100,327000000,64000,7956717568
1789920065.2992876,13288394752,100,326000000,64000,7956717568
1789920066.2998872,13288394752,100,322000000,64000,7956717568
1789920067.300847,13288394752,100,326000000,64000,7956717568
1789920068.3015192,13288394752,100,326000000,64000,7956717568
1789920069.302137,13288394752,100,327000000,64000,7956717568
1789920070.3027723,13288394752,100,327000000,64000,7956717568
1789920071.303162,13288361984,100,326000000,64000,7956717568
1789920072.3036888,13288366080,100,327000000,64000,7956717568
1789920073.3042724,13288366080,100,325000000,64000,7956717568
1789920074.3049345,13288366080,100,327000000,64000,7956717568
1789920075.305409,13288361984,100,326000000,64000,7956717568
1789920076.305904,13288361984,100,327000000,64000,7956717568
1789920077.3063562,13288361984,100,326000000,64000,7956717568
1789920078.3070369,13288361984,100,327000000,64000,7956717568
1789920079.3077598,13288361984,100,326000000,64000,7956717568
1789920080.3083787,13288361984,100,327000000,64000,7956717568
1789920081.3091385,13288329216,100,326000000,64000,7956717568
1789920082.3095922,13288329216,100,326000000,64000,7956717568
1789920083.3102689,13288329216,100,327000000,64000,7956717568
1789920084.3108146,13288329216,100,327000000,64000,7956717568
1789920085.311411,13288329216,100,326000000,64000,7956717568
1789920086.3118904,13288329216,100,327000000,64000,7956717568
1789920087.3125541,13288329216,100,327000000,64000,7956717568
1789920088.3129983,13288329216,100,326000000,64000,7956717568
1789920089.3133564,13288329216,100,327000000,64000,7956717568
1789920090.3138158,13288329216,100,327000000,64000,7956717568
1789920091.3145037,13288296448,100,325000000,64000,7956717568
1789920092.3151126,13288296448,100,328000000,64000,7956717568
1789920093.3156908,13288296448,100,327000000,64000,7956717568
1789920094.3163993,13288296448,100,326000000,64000,7956717568
1789920095.3170254,13288296448,100,327000000,64000,7956717568
1789920096.3175526,13288296448,100,326000000,64000,7956750336
1789920097.318089,13288300544,100,327000000,64000,7956791296
1789920098.3186998,13288296448,100,327000000,64000,7956869120
1789920099.319359,13288296448,100,326000000,64000,7956869120
1789920100.3199074,13288296448,100,326000000,65000,7956987904
1789920101.3203852,13288263680,100,327000000,65000,7957225472
1789920102.3208458,13288263680,100,326000000,65000,7957405696
1789920103.3212926,13288263680,100,327000000,65000,7957606400
1789920104.322021,13288263680,100,327000000,65000,7957831680
1789920105.3225124,13288263680,100,326000000,65000,7957991424
1789920106.3230007,13288263680,100,326000000,65000,7958233088
1789920107.3234823,13288263680,100,327000000,65000,7958388736
1789920108.3242567,13288263680,100,326000000,65000,7958626304
1789920109.3249958,13288263680,100,326000000,65000,7958773760
1789920110.3254793,13288263680,100,327000000,65000,7958929408
1789920111.3260818,13288263680,100,326000000,65000,7959011328
1789920112.3269153,13288230912,99,327000000,65000,7959138304
1789920113.3274515,13288230912,99,326000000,65000,7959158784
1789920114.3282652,13288230912,99,326000000,65000,7959175168
1789920115.328844,13288230912,99,326000000,65000,7992176640
1789920116.3293633,13288230912,99,326000000,65000,7959220224
1789920117.3298771,13288230912,100,327000000,65000,7959257088
1789920118.3306363,13288230912,100,326000000,65000,7959298048
1789920119.3311663,13288230912,100,327000000,65000,7959326720
1789920120.3319225,13288230912,99,326000000,65000,7959367680
1789920121.333214,13288230912,100,327000000,65000,7959384064
1789920122.3337047,13288198144,99,326000000,65000,7959400448
1789920123.3341978,13288198144,100,326000000,65000,7959441408
1789920124.3349965,13288198144,100,327000000,65000,7959474176
1789920125.335915,13288198144,100,327000000,65000,7959498752
1789920126.3366187,13288198144,100,326000000,65000,7959543808
1789920127.3371894,13288198144,100,326000000,65000,7959560192
1789920128.3376868,13288198144,100,327000000,65000,7959576576
1789920129.3384767,13288198144,100,327000000,65000,7959592960
1789920130.3390892,13288198144,100,327000000,65000,7959597056
1789920131.3400786,13288198144,100,327000000,65000,7959629824
1789920132.3407922,13288165376,99,326000000,65000,7959678976
1789920133.3413131,13288165376,100,326000000,65000,7959678976
1789920134.3418393,13288165376,100,328000000,65000,7959695360
1789920135.3424876,13288165376,100,326000000,65000,7959695360
1789920136.3430362,13288165376,99,326000000,65000,7959695360
1789920137.3435714,13288165376,99,326000000,64000,7959695360
1789920138.3440735,13288165376,99,326000000,65000,7959703552
1789920139.3448424,13288165376,100,326000000,64000,7959724032
1789920140.3457332,13288165376,100,326000000,65000,7959744512
1789920141.3464413,13288165376,100,326000000,64000,7959781376
1789920142.3468878,13288132608,99,327000000,64000,7959810048
1789920143.347333,13288132608,100,325000000,64000,7959830528
1789920144.348018,13288132608,100,327000000,64000,7959887872
1789920145.34856,13288132608,100,327000000,64000,7959900160
1789920146.349104,13288132608,100,327000000,64000,7959908352
1789920147.3497708,13288132608,100,326000000,64000,7959916544
1789920148.3503737,13288136704,100,327000000,64000,7959928832
1789920149.351218,13288136704,99,325000000,64000,7959937024
1789920150.35189,13288132608,99,327000000,64000,7959937024
1789920151.35233,13288132608,99,327000000,64000,7959953408
1789920152.3528712,13288099840,99,326000000,64000,7959957504
1789920153.3535252,13288099840,99,326000000,64000,7959973888
1789920154.3540792,13288099840,100,327000000,64000,7960006656
1789920155.3545523,13288099840,100,326000000,64000,7960059904
1789920156.3551161,13288099840,100,327000000,64000,7960109056
1789920157.35601,13288132608,76,246000000,63000,7994769408
1789920158.356597,13288132608,100,328000000,64000,7994769408
1789920159.3572135,13288132608,100,326000000,64000,7994769408
1789920160.3576958,13288132608,100,326000000,64000,7994769408
1789920161.358139,13288185856,99,326000000,64000,7994822656
1789920162.3587873,13288185856,100,326000000,64000,7994822656
1789920163.3595972,13288153088,100,323000000,64000,7994822656
1789920164.3600686,13288153088,99,324000000,64000,7994822656
1789920165.3605504,13288185856,100,326000000,64000,7997669376
1789920166.3612242,13288189952,100,326000000,64000,7997669376
1789920167.3620977,13288185856,100,327000000,64000,7997669376
1789920168.362909,13288185856,99,325000000,64000,7997669376
1789920169.3634071,13288218624,100,326000000,64000,7998308352
1789920170.3639224,13288218624,100,327000000,64000,7998308352
1789920171.3646007,13288218624,100,325000000,64000,7998308352
1789920172.365193,13288218624,99,322000000,64000,7998308352
1789920173.366026,13288185856,99,327000000,64000,7998308352
1789920174.3668761,13288185856,100,326000000,64000,7998308352
1789920175.367571,13288206336,99,326000000,64000,7998656512
1789920176.3681753,13288206336,100,326000000,64000,7998656512
1789920177.3688693,13288206336,100,326000000,64000,7998656512
1789920178.3695583,13288206336,100,328000000,64000,7998656512
1789920179.3702493,13288206336,100,325000000,64000,7998656512
1789920180.3710515,13288247296,100,326000000,64000,8001351680
1789920181.3718245,13288247296,99,326000000,64000,8001351680
1789920182.6708925,13288247296,50,198000000,63000,8001351680
1789920183.6714928,13288214528,99,328000000,63000,8001351680
1789920184.672467,13288247296,99,319000000,64000,8001556480
1789920185.6730201,13288267776,100,326000000,64000,8001576960
1789920186.6734939,13288267776,100,327000000,64000,8001576960
1789920187.6743276,13288267776,100,326000000,64000,8001576960
1789920188.6748366,13288267776,99,325000000,64000,8001576960
1789920189.675285,13288267776,100,326000000,64000,8001576960
1789920190.6759748,13288267776,100,326000000,64000,8001576960
1789920191.6767561,13288300544,99,325000000,64000,8001650688
1789920192.6772008,13288300544,100,326000000,64000,8001650688
1789920193.677676,13288267776,99,323000000,64000,8001650688
1789920194.6783028,13288300544,100,327000000,64000,8002076672
1789920195.6790662,13288300544,100,327000000,64000,8002076672
1789920196.679914,13288300544,100,327000000,64000,8002076672
1789920197.6804125,13288341504,100,326000000,64000,8003305472
1789920198.6812704,13288341504,100,326000000,64000,8003305472
1789920199.6820478,13288341504,100,327000000,64000,8003305472
1789920200.6826599,13288341504,100,326000000,65000,8003305472
1789920201.683133,13288341504,99,325000000,65000,8003305472
1789920202.6835077,13288341504,100,326000000,65000,8003678208
1789920203.6841917,13288329216,100,327000000,65000,8003973120
1789920204.6851063,13288329216,99,325000000,65000,8003973120
1789920205.6859345,13288329216,100,326000000,65000,8003973120
1789920206.6865203,13288329216,100,326000000,65000,8003973120
1789920207.9547064,13288361984,99,322000000,65000,8004005888
1789920208.9553983,13288361984,100,326000000,65000,8004005888
1789920209.9561508,13288361984,100,326000000,65000,8004005888
1789920210.9566717,13288361984,100,326000000,65000,8004005888
1789920211.957287,13288361984,99,321000000,65000,8004005888
1789920212.9578228,13288361984,100,324000000,65000,8004005888
1789920213.958458,13288329216,100,326000000,65000,8004005888
1789920214.9660153,13288329216,99,325000000,65000,8004005888
1789920215.9667213,13288361984,100,327000000,65000,8005726208
1789920216.967262,13288361984,100,325000000,65000,8005726208
1789920217.968048,13288361984,100,326000000,65000,8005726208
1789920218.9688106,13288361984,100,326000000,65000,8005726208
1789920219.9693642,13288361984,99,326000000,65000,8005726208
1789920220.9700675,13288361984,100,326000000,65000,8005726208
1789920221.9708102,13288382464,100,326000000,65000,8005746688
1789920222.9717352,13288382464,100,326000000,65000,8005746688
1789920223.9724867,13288349696,100,326000000,65000,8005746688
1789920224.9732814,13288349696,99,325000000,65000,8005746688
1789920225.9738085,13288349696,100,327000000,65000,8005746688
1789920226.9743917,13288349696,100,326000000,65000,8005746688
1789920227.9751601,13288370176,99,322000000,65000,8005767168
1789920228.97574,13288370176,100,326000000,65000,8005767168
1789920229.9762516,13288370176,99,325000000,65000,8005767168
1789920230.9771192,13288370176,100,327000000,65000,8005767168
1789920231.977577,13288427520,100,327000000,65000,8007221248
1789920232.9781659,13288427520,100,325000000,65000,8007221248
1789920233.979163,13288427520,100,327000000,65000,8007221248
1789920234.9797065,13288427520,99,325000000,65000,8008306688
1789920235.9802358,13288427520,100,326000000,65000,8008306688
1789920236.9811742,13288427520,100,328000000,65000,8008306688
1789920237.981669,13288427520,100,325000000,65000,8008306688
1789920238.9823198,13288480768,100,328000000,65000,8011374592
1789920239.9830494,13288480768,100,325000000,65000,8011374592
1789920241.0756667,13288480768,99,325000000,65000,8011374592
1789920242.0762434,13288480768,100,325000000,65000,8011374592
1789920243.0767417,13288480768,100,328000000,65000,8011374592
1789920244.0957353,13288480768,100,326000000,65000,8011374592
1789920245.0963702,13288448000,100,326000000,65000,8011374592
1789920246.097288,13288448000,100,326000000,65000,8011374592
1789920247.0978394,13288448000,99,322000000,65000,8011374592
1789920248.098588,13288448000,100,326000000,65000,8011374592
1789920249.0993752,13288468480,99,323000000,65000,8011395072
1789920250.0999355,13288468480,100,326000000,65000,8011395072
1789920251.1005006,13288468480,100,326000000,65000,8011395072
1789920252.1010678,13288468480,99,326000000,65000,8011395072
1789920253.1018531,13288468480,100,326000000,65000,8011395072
1789920254.1025643,13288468480,100,323000000,65000,8011395072
1789920255.1030464,13288435712,99,325000000,65000,8011395072
1789920256.235896,13288435712,42,177000000,63000,8011395072
1789920257.2364337,13288435712,100,325000000,64000,8011395072
1789920258.2368617,13288468480,99,323000000,65000,8011698176
1789920259.2374306,13288468480,100,326000000,65000,8011698176
1789920260.2384007,13288468480,100,327000000,65000,8011698176
1789920261.2389207,13288468480,100,326000000,65000,8011698176
1789920262.239586,13288468480,100,328000000,65000,8011698176
1789920263.240335,13288468480,100,325000000,65000,8011698176
1789920264.241129,13288488960,99,325000000,65000,8011718656
1789920265.2418299,13288456192,100,326000000,65000,8011718656
1789920266.24233,13288456192,100,327000000,65000,8011718656
1789920267.2429476,13288456192,100,326000000,65000,8011718656
1789920268.243868,13288456192,99,323000000,65000,8011718656
1789920269.244436,13288456192,99,322000000,65000,8011718656
1789920270.2449186,13288456192,100,327000000,65000,8011718656
1789920271.2454638,13288460288,100,325000000,65000,8011718656
1789920272.2460165,13288529920,100,327000000,65000,8013090816
1789920273.2466452,13288529920,99,321000000,65000,8013090816
1789920274.2471523,13288583168,100,326000000,65000,8015265792
1789920275.24772,13288550400,100,325000000,65000,8015265792
1789920276.248248,13288550400,100,327000000,65000,8015265792
1789920277.2489178,13288550400,99,325000000,65000,8015265792
1789920278.2495804,13288570880,100,327000000,65000,8015286272
1789920279.2502549,13288570880,100,326000000,65000,8015286272
1789920280.250813,13288570880,99,326000000,65000,8015286272
1789920281.2515633,13288570880,100,327000000,65000,8015286272
1789920282.252046,13288591360,100,325000000,65000,8016461824
1789920283.2526538,13288591360,100,327000000,65000,8016461824
1789920284.2532763,13288615936,100,326000000,65000,8016482304
1789920285.2538054,13288632320,99,325000000,65000,8016502784
1789920286.2544675,13288656896,100,326000000,65000,8016556032
1789920287.2550108,13288656896,100,323000000,65000,8016556032
1789920288.25578,13288656896,99,317000000,65000,8016556032
1789920289.2565296,13288656896,100,327000000,65000,8016556032
1789920290.257182,13288656896,99,325000000,65000,8016556032
1789920291.2577267,13288656896,100,325000000,65000,8016556032
1789920292.2585216,13288689664,99,325000000,65000,8018980864
1789920293.2589993,13288685568,100,326000000,65000,8018980864
1789920294.2597325,13288685568,100,327000000,65000,8018980864
1789920295.2602358,13288706048,100,325000000,65000,8019001344
1789920296.2610016,13288673280,100,326000000,65000,8019001344
1789920297.2617226,13288673280,100,327000000,65000,8019001344
1789920298.2622209,13288673280,99,324000000,65000,8019001344
1789920299.2630994,13288673280,100,320000000,65000,8019001344
1789920300.263674,13288673280,99,323000000,65000,8019001344
1789920301.264498,13288673280,100,326000000,65000,8019001344
1789920302.2649043,13288693760,100,326000000,65000,8019021824
1789920303.2653675,13288726528,99,325000000,65000,8020422656
1789920304.2659798,13288726528,100,325000000,66000,8020422656
1789920305.2666376,13288726528,100,327000000,66000,8020422656
1789920306.2671561,13288693760,100,326000000,65000,8020422656
1789920307.267728,13288693760,99,325000000,65000,8020422656
1789920308.323929,13288726528,100,327000000,65000,8020455424
1789920309.3246,13288726528,100,326000000,65000,8020455424
1789920310.3251216,13288726528,100,326000000,65000,8020455424
1789920311.3257,13288726528,100,327000000,65000,8020455424
1789920312.3262236,13288726528,99,326000000,65000,8020455424
1789920313.3266442,13288726528,100,325000000,65000,8020455424
1789920314.3270361,13288759296,100,326000000,65000,8023748608
1789920315.3274987,13288759296,99,325000000,65000,8023748608
1789920316.327992,13288726528,100,326000000,66000,8023748608
1789920317.3285856,13288747008,100,326000000,65000,8023769088
1789920318.3293765,13288747008,99,325000000,65000,8023769088
1789920319.3299623,13288747008,100,325000000,65000,8023769088
1789920320.774017,13288742912,95,314000000,65000,8023769088
1789920321.7748384,13288787968,100,328000000,65000,8023810048
1789920322.775415,13288787968,100,326000000,66000,8023810048
1789920323.7762184,13288787968,100,326000000,65000,8023810048
1789920324.7770731,13288787968,99,325000000,65000,8023810048
1789920325.7778988,13288787968,100,326000000,65000,8023810048
1789920326.7785425,13288755200,100,326000000,66000,8023810048
1789920327.7791338,13288775680,100,327000000,65000,8023830528
1789920328.779729,13288775680,99,325000000,65000,8023830528
1789920329.780376,13288796160,100,326000000,65000,8024829952
1789920330.7810833,13288800256,100,325000000,65000,8024829952
1789920331.7817366,13288800256,99,324000000,65000,8024829952
1789920332.7822666,13288800256,100,326000000,65000,8024829952
1789920333.782641,13288800256,99,320000000,65000,8024829952
1789920334.7832463,13288800256,100,325000000,65000,8024829952
1789920335.7837968,13288800256,99,325000000,65000,8024829952
1789920336.816198,13288767488,99,327000000,65000,8024829952
1789920337.8172731,13288763392,100,326000000,65000,8024829952
1789920338.8178916,13288763392,99,326000000,65000,8024829952
1789920339.8190017,13288767488,100,326000000,65000,8024829952
1789920340.8196516,13288763392,100,326000000,65000,8024829952
1789920341.8202724,13288767488,99,325000000,65000,8024829952
1789920342.8208957,13288767488,100,327000000,65000,8024829952
1789920343.821566,13288767488,100,323000000,65000,8024829952
1789920344.8221087,13288820736,100,327000000,65000,8025604096
1789920345.8226988,13288820736,100,326000000,65000,8025604096
1789920346.8233933,13288820736,100,325000000,66000,8025604096
1789920347.823784,13288808448,99,322000000,65000,8026595328
1789920348.8242617,13288808448,100,326000000,65000,8026595328
1789920349.8247323,13288808448,100,326000000,65000,8026615808
1789920350.8252616,13288841216,99,324000000,65000,8028450816
1789920351.8257883,13288841216,100,326000000,65000,8028450816
1789920352.8262024,13288894464,100,326000000,65000,8030167040
1789920353.826618,13289000960,100,327000000,65000,8031944704
1789920354.8271759,13289000960,100,327000000,65000,8031944704
1789920355.8277082,13289000960,100,326000000,65000,8031944704
1789920356.8281078,13289013248,99,326000000,65000,8033734656
1789920357.8285525,13289000960,100,326000000,65000,8033718272
1789920358.8289943,13289000960,100,326000000,65000,8033718272
1789920359.829509,13289000960,100,327000000,65000,8033718272
1789920360.8299541,13289054208,99,324000000,65000,8034295808
1789920361.8303692,13289054208,100,328000000,65000,8034295808
1789920362.8308764,13289054208,100,325000000,65000,8034295808
1789920363.8312337,13289054208,100,326000000,65000,8034295808
1789920364.8317227,13289054208,100,326000000,65000,8034295808
1789920365.832394,13289054208,100,327000000,65000,8034295808
1789920366.8329275,13289054208,99,322000000,65000,8034295808
1789920367.8333843,13289037824,99,322000000,65000,8034316288
1789920368.8340619,13289037824,100,324000000,65000,8034316288
1789920369.834572,13289037824,99,325000000,65000,8034316288
1789920370.835181,13289037824,100,327000000,65000,8034316288
1789920371.8357136,13289037824,100,326000000,65000,8034316288
1789920372.8360918,13289037824,99,325000000,65000,8034316288
1789920373.8367012,13289041920,100,326000000,65000,8034316288
1789920374.8371215,13289074688,100,326000000,65000,8036986880
1789920375.8379061,13289074688,100,326000000,65000,8036986880
1789920376.8385353,13289074688,99,323000000,65000,8037531648
1789920377.8392763,13289062400,99,326000000,65000,8038825984
1789920379.4814007,13289062400,60,222000000,64000,8038825984
1789920380.4826207,13289062400,100,324000000,64000,8038825984
1789920381.4833093,13289062400,100,326000000,65000,8038825984
1789920382.4840474,13289062400,99,325000000,65000,8038825984
1789920383.4846203,13289062400,100,326000000,65000,8038825984
1789920384.4851804,13289082880,99,326000000,65000,8039022592
1789920385.4858832,13289082880,100,326000000,65000,8039022592
1789920386.4862604,13289082880,100,326000000,65000,8039022592
1789920387.4867616,13289082880,99,323000000,65000,8039022592
1789920388.487292,13289050112,100,326000000,65000,8039022592
1789920389.4878674,13289050112,100,326000000,65000,8039022592
1789920390.4882183,13289070592,99,325000000,65000,8039047168
1789920391.4886167,13289070592,100,327000000,65000,8039047168
1789920392.4891717,13289115648,100,323000000,65000,8039096320
1789920393.4895833,13289115648,99,325000000,65000,8039096320
1789920394.490327,13289115648,100,328000000,65000,8039096320
1789920395.4907637,13289115648,100,326000000,65000,8039096320
1789920396.491208,13289115648,100,326000000,65000,8039096320
1789920397.4916098,13289115648,100,326000000,65000,8039096320
1789920398.4920628,13289164800,99,324000000,65000,8039395328
1789920399.4924693,13289164800,100,326000000,65000,8039395328
1789920400.4930806,13289164800,99,323000000,65000,8039395328
1789920401.493717,13289185280,100,327000000,65000,8039419904
1789920402.494255,13289185280,99,319000000,65000,8039419904
1789920403.4948995,13289218048,100,326000000,65000,8040153088
1789920404.4954994,13289218048,100,327000000,65000,8040153088
1789920405.4959178,13289254912,99,321000000,65000,8040706048
1789920406.4964523,13289275392,100,326000000,65000,8041205760
1789920407.497011,13289275392,100,326000000,65000,8041205760
1789920408.4976563,13289242624,99,324000000,65000,8041205760
1789920409.498275,13289242624,100,327000000,65000,8041205760
1789920410.49864,13289283584,100,326000000,65000,8042536960
1789920411.4992056,13289283584,100,326000000,65000,8042536960
1789920412.499736,13289283584,99,326000000,65000,8042536960
1789920413.5001664,13289304064,100,324000000,65000,8043204608
1789920414.500545,13289304064,100,327000000,65000,8043204608
1789920415.5010784,13289304064,99,319000000,65000,8043204608
1789920416.5019963,13289308160,100,326000000,65000,8043204608
1789920417.5025833,13289328640,99,325000000,65000,8043794432
1789920418.5030336,13289328640,100,326000000,65000,8043794432
1789920419.5037487,13289295872,99,325000000,65000,8043794432
1789920420.5044873,13289291776,99,323000000,65000,8043794432
1789920421.50534,13289295872,100,326000000,65000,8043794432
1789920422.505991,13289291776,100,326000000,65000,8043794432
1789920423.5066762,13289291776,99,325000000,65000,8043794432
1789920424.5075252,13289291776,100,326000000,65000,8043794432
1789920425.5081272,13289291776,100,326000000,65000,8043794432
1789920426.508661,13289291776,100,326000000,65000,8043794432
1789920427.509137,13289316352,99,323000000,65000,8043819008
1789920428.5100422,13289316352,100,324000000,65000,8043819008
1789920429.5107126,13289283584,99,325000000,65000,8043819008
1789920430.5113502,13289283584,100,325000000,65000,8043819008
1789920431.5118296,13289283584,100,327000000,65000,8043819008
1789920432.5125675,13289283584,100,326000000,65000,8043819008
1789920433.5134091,13289283584,100,326000000,65000,8043819008
1789920434.5139298,13289283584,99,326000000,65000,8043819008
1789920435.5144286,13289316352,100,326000000,65000,8045350912
1789920436.5149443,13289316352,100,326000000,65000,8045350912
1789920437.5153177,13289349120,100,327000000,65000,8047075328
1789920439.1715,13289316352,60,223000000,64000,8047075328
1789920440.1720636,13289336832,100,329000000,65000,8047218688
1789920441.1727962,13289340928,100,326000000,65000,8047218688
1789920442.173266,13289332736,99,325000000,65000,8047218688
1789920443.174206,13289332736,100,326000000,65000,8047218688
1789920444.1748915,13289332736,99,325000000,65000,8047218688
1789920445.1753566,13289332736,100,325000000,65000,8047218688
1789920446.1758714,13289332736,100,326000000,65000,8047218688
1789920447.1766603,13289332736,99,325000000,65000,8047218688
1789920448.177158,13289332736,100,326000000,65000,8047218688
1789920449.1776438,13289332736,99,325000000,65000,8047218688
1789920450.178,13289320448,99,316000000,65000,8047243264
1789920451.1786048,13289324544,100,326000000,65000,8047243264
1789920452.1791067,13289357312,100,326000000,65000,8047894528
1789920453.1799586,13289357312,100,325000000,65000,8047894528
1789920454.1807442,13289357312,99,325000000,65000,8047894528
1789920455.1813898,13289357312,100,326000000,65000,8047894528
1789920456.181855,13289361408,100,326000000,65000,8047894528
1789920457.1824064,13289373696,99,324000000,65000,8048242688
1789920458.1829205,13289373696,100,324000000,65000,8048242688
1789920459.1835995,13289373696,99,325000000,65000,8048242688
1789920460.1841738,13289340928,99,326000000,65000,8048242688
1789920461.1846402,13289340928,100,325000000,65000,8048242688
1789920462.1850753,13289373696,100,326000000,65000,8050241536
1789920463.1860518,13289373696,100,327000000,65000,8050241536
1789920464.1868505,13289377792,99,325000000,65000,8050241536
1789920465.1872256,13289377792,100,326000000,65000,8050241536
1789920466.1879551,13289377792,100,326000000,65000,8050241536
1789920467.188485,13289377792,100,327000000,66000,8050241536
1789920468.1891043,13289431040,100,327000000,65000,8051593216
1789920469.189791,13289431040,99,317000000,65000,8051593216
1789920470.1903954,13289398272,100,326000000,65000,8051593216
1789920471.1909523,13289418752,100,325000000,65000,8051953664
1789920472.1915627,13289418752,100,327000000,65000,8051953664
1789920473.19234,13289414656,100,326000000,66000,8051953664
1789920474.1929348,13289414656,99,326000000,66000,8051953664
1789920475.1936915,13289414656,100,325000000,65000,8051953664
1789920476.194251,13289418752,100,328000000,65000,8051953664
1789920477.1948526,13289418752,100,325000000,65000,8051953664
1789920478.1959028,13289418752,100,326000000,65000,8051953664
1789920479.1964493,13289418752,100,327000000,65000,8051953664
1789920480.1969185,13289385984,99,314000000,65000,8051953664
1789920481.1974015,13289390080,99,326000000,65000,8051953664
1789920482.1986356,13289406464,100,326000000,65000,8052764672
1789920483.1992013,13289406464,100,326000000,65000,8052764672
1789920484.199893,13289406464,99,325000000,65000,8052764672
1789920485.200622,13289406464,100,326000000,65000,8052764672
1789920486.2009704,13289484288,100,326000000,65000,8052846592
1789920487.2014544,13289484288,100,327000000,65000,8052846592
1789920488.202123,13289480192,100,326000000,65000,8052846592
1789920489.203207,13289480192,100,327000000,65000,8052846592
1789920490.2043326,13289484288,99,321000000,65000,8052846592
1789920491.2048414,13289451520,100,325000000,65000,8052846592
1789920492.2054975,13289451520,100,326000000,65000,8052846592
1789920493.206054,13289467904,100,327000000,65000,8054874112
1789920494.206594,13289500672,99,326000000,65000,8054910976
1789920495.2071033,13289500672,100,327000000,65000,8054910976
1789920496.2075882,13289496576,100,325000000,65000,8054910976
1789920497.2082932,13289541632,100,327000000,65000,8057454592
1789920498.2088046,13289541632,100,327000000,65000,8057454592
1789920499.2095125,13289545728,100,326000000,65000,8057454592
1789920500.2106507,13289545728,100,326000000,65000,8057454592
1789920501.2111228,13289508864,99,325000000,65000,8057454592
1789920502.2116318,13289529344,100,326000000,65000,8057479168
1789920503.3102012,13289549824,100,327000000,65000,8058785792
1789920504.3108437,13289549824,100,327000000,65000,8058785792
1789920505.3115258,13289549824,100,326000000,65000,8058785792
1789920506.3119788,13289586688,99,325000000,65000,8059777024
1789920507.5169268,13289586688,48,192000000,63000,8059777024
1789920508.5173004,13289607168,100,330000000,64000,8061067264
1789920509.5177152,13289607168,100,323000000,64000,8061067264
1789920510.518316,13289607168,99,323000000,64000,8061067264
1789920511.5187032,13289594880,100,322000000,65000,8061259776
1789920512.519541,13289594880,97,313000000,65000,8061259776
1789920513.520347,13289594880,96,314000000,64000,8061263872
1789920514.520862,13289594880,100,327000000,65000,8061263872
1789920515.5213413,13289598976,100,326000000,65000,8061263872
1789920516.521984,13289598976,100,326000000,65000,8061263872
1789920517.5227923,13289598976,100,327000000,65000,8061263872
1789920518.5233471,13289594880,99,325000000,65000,8061263872
1789920519.5240028,13289627648,100,327000000,65000,8061300736
1789920520.5246997,13289627648,100,327000000,65000,8061300736
1789920521.5255914,13289594880,100,324000000,65000,8061300736
1789920522.5263693,13289615360,100,324000000,65000,8061648896
1789920523.5269675,13289615360,100,326000000,65000,8061648896
1789920524.5277781,13289615360,99,325000000,65000,8061648896
1789920525.5282595,13289615360,100,326000000,65000,8061648896
1789920526.5289385,13289615360,100,327000000,65000,8061648896
1789920527.5294342,13289615360,100,326000000,65000,8061648896
1789920528.530002,13289615360,100,326000000,65000,8061652992
1789920529.5306346,13289648128,99,324000000,65000,8062914560
1789920530.531136,13289648128,100,326000000,65000,8062914560
1789920531.5315888,13289611264,100,325000000,65000,8062914560
1789920532.5320241,13289611264,100,326000000,65000,8062918656
1789920533.532685,13289611264,100,328000000,65000,8062918656
1789920534.5333095,13289615360,100,325000000,65000,8062918656
1789920535.5337589,13289615360,99,324000000,65000,8062918656
1789920536.5341804,13289648128,100,326000000,65000,8063324160
1789920537.5348153,13289668608,100,327000000,65000,8064024576
1789920538.535532,13289668608,99,322000000,65000,8064024576
1789920539.5361013,13289668608,100,326000000,65000,8064024576
1789920540.536589,13289672704,100,327000000,65000,8064024576
1789920541.5370765,13289635840,99,323000000,65000,8064024576
1789920542.5376933,13289635840,100,326000000,66000,8064028672
1789920543.5382018,13289635840,99,325000000,65000,8064028672
1789920544.538861,13289639936,100,326000000,65000,8064028672
1789920545.5394552,13289672704,100,326000000,65000,8064069632
1789920546.5400314,13289672704,99,325000000,65000,8064069632
1789920547.5407429,13289664512,100,326000000,65000,8064069632
1789920548.5412033,13289668608,100,326000000,66000,8064073728
1789920549.5416222,13289668608,100,326000000,66000,8064073728
1789920550.5420828,13289664512,100,328000000,66000,8064073728
1789920551.5424423,13289664512,99,324000000,66000,8064073728
1789920552.5429113,13289672704,100,326000000,66000,8065785856
1789920553.5435333,13289676800,100,327000000,66000,8065785856
1789920554.5440986,13289672704,100,325000000,66000,8065785856
1789920555.5445898,13289676800,100,326000000,66000,8065785856
1789920556.5450892,13289676800,99,325000000,66000,8065785856
1789920557.5455124,13289676800,100,326000000,66000,8065785856
1789920558.5460815,13289676800,99,321000000,65000,8065785856
1789920559.5467634,13289676800,99,319000000,65000,8065789952
1789920560.547277,13289697280,100,327000000,65000,8065814528
1789920561.5478866,13289730048,100,326000000,65000,8066220032
1789920562.548598,13289721856,100,327000000,66000,8067309568
1789920563.5491357,13289721856,100,326000000,66000,8067309568
1789920564.5496404,13289721856,100,326000000,66000,8067309568
1789920565.5503106,13289721856,99,325000000,65000,8067309568
1789920566.550911,13289721856,100,325000000,66000,8067309568
1789920567.5515263,13289742336,99,326000000,66000,8067330048
1789920568.5522416,13289742336,100,325000000,66000,8067330048
1789920569.5529072,13289742336,100,327000000,66000,8067330048
1789920570.5533967,13289746432,100,327000000,66000,8067330048
1789920571.5539715,13289742336,100,326000000,66000,8067330048
1789920572.5546298,13289709568,100,327000000,66000,8067330048
1789920573.5553079,13289709568,100,326000000,66000,8067334144
1789920574.556193,13289709568,100,325000000,66000,8067338240
1789920575.556792,13289750528,99,325000000,65000,8069607424
1789920576.5573182,13289750528,100,327000000,66000,8069607424
1789920577.5579286,13289750528,100,325000000,65000,8069607424
1789920578.5583394,13289750528,99,326000000,65000,8069611520
1789920579.5590215,13289750528,100,326000000,65000,8069615616
1789920580.5598044,13289750528,99,324000000,65000,8069615616
1789920581.7530334,13289750528,48,194000000,64000,8069615616
1789920582.7535508,13289717760,100,329000000,65000,8069615616
1789920583.7539463,13289750528,99,323000000,65000,8069771264
1789920584.7545514,13289750528,100,326000000,65000,8069771264
1789920585.7552972,13289746432,100,326000000,65000,8069771264
1789920586.7560117,13289750528,99,323000000,65000,8069840896
1789920587.756547,13289799680,100,327000000,65000,8071262208
1789920588.7573142,13289799680,100,326000000,65000,8071262208
1789920589.7578568,13289832448,100,326000000,65000,8071299072
1789920590.7583232,13289832448,100,326000000,65000,8071299072
1789920591.7592487,13289832448,99,325000000,65000,8071299072
1789920592.7601247,13289799680,100,326000000,65000,8071299072
1789920593.7605927,13289799680,99,323000000,65000,8071299072
1789920594.7611625,13289799680,100,326000000,65000,8071299072
1789920595.7618575,13289799680,99,325000000,65000,8071299072
1789920596.7623003,13289799680,100,326000000,65000,8071299072
1789920598.0607564,13289832448,100,326000000,65000,8072773632
1789920599.0614078,13289832448,100,327000000,65000,8072773632
1789920600.062319,13289852928,99,325000000,65000,8073117696
1789920601.0628257,13289857024,100,326000000,65000,8073117696
1789920602.0632567,13289852928,100,325000000,65000,8073117696
1789920603.0640347,13289828352,100,327000000,65000,8073117696
1789920604.0648408,13289828352,100,326000000,65000,8073117696
1789920605.0653026,13289832448,99,322000000,65000,8073117696
1789920606.0658898,13289852928,100,326000000,65000,8073138176
1789920607.0662618,13289852928,100,326000000,65000,8073138176
1789920608.0669806,13289885696,99,322000000,65000,8073932800
1789920609.067623,13289885696,99,321000000,65000,8073932800
1789920610.0680676,13289926656,96,316000000,65000,8076197888
1789920611.0685542,13289938944,100,326000000,65000,8076210176
1789920612.0693922,13289943040,99,325000000,65000,8076210176
1789920613.0698953,13289943040,100,326000000,65000,8076210176
1789920614.0703607,13289910272,99,325000000,65000,8076210176
1789920615.0708783,13289906176,99,318000000,65000,8076210176
1789920616.0714207,13289926656,100,326000000,65000,8076419072
1789920617.0719488,13289930752,99,321000000,65000,8076419072
1789920618.0724242,13289930752,100,327000000,65000,8076419072
1789920619.0737062,13289930752,100,325000000,65000,8076419072
1789920620.0742738,13289947136,99,323000000,65000,8077381632
1789920621.0748155,13289979904,100,326000000,65000,8079245312
1789920622.0755694,13289979904,100,327000000,65000,8079245312
1789920623.0762904,13289979904,100,325000000,65000,8079245312
1789920624.0770686,13289947136,99,324000000,65000,8079245312
1789920625.0779006,13289947136,99,326000000,65000,8079245312
1789920626.0784693,13289947136,100,327000000,65000,8079245312
1789920627.079109,13289947136,100,325000000,65000,8079245312
1789920628.0799336,13289947136,99,325000000,65000,8079245312
1789920629.0806053,13289947136,100,325000000,65000,8079245312
1789920630.1287408,13289951232,99,325000000,65000,8079245312
1789920631.1293113,13289951232,100,326000000,65000,8079245312
1789920632.1299932,13289951232,100,326000000,65000,8079245312
1789920633.1306272,13289951232,99,326000000,65000,8079245312
1789920634.1310887,13289930752,100,326000000,65000,8079261696
1789920635.2621138,13289951232,100,327000000,65000,8079282176
1789920636.2626386,13289947136,100,327000000,65000,8079282176
1789920637.263037,13289947136,99,324000000,65000,8079282176
1789920638.2634947,13289967616,100,326000000,65000,8080531456
1789920639.2639158,13289967616,99,321000000,65000,8080531456
1789920640.5633905,13289967616,48,193000000,63000,8080531456
1789920641.5640569,13289967616,100,328000000,64000,8080531456
1789920642.5649347,13289967616,99,322000000,65000,8080531456
1789920643.5655577,13289967616,100,327000000,65000,8080531456
1789920644.5660753,13289934848,100,327000000,65000,8080531456
1789920645.566776,13289934848,100,326000000,65000,8080531456
1789920646.5677907,13289934848,99,323000000,65000,8080531456
1789920647.5686996,13289938944,100,327000000,65000,8080531456
1789920648.5695357,13289938944,100,327000000,65000,8080531456
1789920649.570365,13289938944,100,327000000,65000,8080531456
1789920650.5710528,13289938944,100,326000000,65000,8080531456
1789920651.571673,13289943040,100,326000000,65000,8080531456
1789920652.5722492,13289938944,99,323000000,65000,8080531456
1789920653.5730395,13289938944,100,327000000,65000,8080531456
1789920654.5735555,13289910272,99,323000000,65000,8080531456
1789920655.574159,13289910272,100,326000000,65000,8080531456
1789920656.5750422,13289906176,99,322000000,65000,8080531456
1789920657.5754547,13289906176,100,322000000,65000,8080531456
1789920658.5759435,13289938944,100,328000000,65000,8080752640
1789920659.5764942,13289938944,100,326000000,65000,8080752640
1789920660.5770955,13289938944,99,325000000,65000,8080752640
1789920661.5778468,13289938944,100,323000000,65000,8080752640
1789920662.578627,13289959424,100,326000000,65000,8081256448
1789920663.5791485,13289959424,100,326000000,65000,8081256448
1789920664.5799234,13289926656,100,327000000,65000,8081256448
1789920665.580473,13289926656,99,320000000,65000,8081256448
1789920666.5812194,13289938944,99,323000000,65000,8081268736
1789920667.5818362,13289938944,100,327000000,65000,8081268736
1789920668.582512,13289938944,100,326000000,65000,8081268736
1789920669.5830755,13289971712,99,325000000,65000,8082259968
1789920670.5838532,13289971712,100,326000000,65000,8082259968
1789920671.5844736,13289971712,100,326000000,65000,8082259968
1789920672.5849862,13289971712,100,324000000,65000,8082259968
1789920673.5857663,13289971712,100,327000000,65000,8082259968
1789920674.5863357,13289938944,100,324000000,65000,8082259968
1789920675.5869899,13289938944,99,327000000,65000,8082259968
1789920676.5877802,13289938944,100,326000000,65000,8082259968
1789920677.5884833,13289938944,100,326000000,65000,8082259968
1789920678.5889769,13289938944,99,324000000,65000,8082264064
1789920679.589677,13289938944,100,326000000,65000,8082264064
1789920680.5902524,13289938944,100,327000000,65000,8082264064
1789920681.5907586,13289992192,100,327000000,65000,8084279296
1789920682.591564,13289992192,100,326000000,65000,8084279296
1789920683.5923166,13289992192,99,326000000,65000,8084279296
1789920684.5932138,13289992192,100,326000000,65000,8084279296
1789920685.5937622,13289979904,100,326000000,65000,8085221376
1789920686.5945241,13290012672,100,326000000,65000,8085258240
1789920687.59511,13290012672,100,326000000,65000,8085258240
1789920688.5959823,13290012672,99,326000000,65000,8085258240
1789920689.596697,13290012672,100,326000000,65000,8085258240
1789920690.5974677,13290012672,100,326000000,65000,8085258240
1789920691.5980716,13290012672,100,326000000,66000,8085258240
1789920692.6468167,13290012672,99,323000000,65000,8085258240
1789920693.6474166,13290016768,100,326000000,65000,8085258240
1789920694.6482425,13290016768,99,322000000,65000,8085258240
1789920695.6490066,13290016768,100,326000000,65000,8086913024
1789920696.649694,13290016768,100,326000000,65000,8086913024
1789920697.6506302,13290016768,100,324000000,65000,8086913024
1789920698.6512346,13290033152,99,325000000,65000,8086937600
1789920699.6517446,13290033152,100,327000000,66000,8086937600
1789920700.652197,13290033152,100,326000000,66000,8086937600
1789920701.652936,13290033152,100,326000000,65000,8086937600
1789920702.65361,13290033152,99,322000000,65000,8086937600
1789920703.6543713,13290053632,100,326000000,65000,8088084480
1789920704.6549723,13290053632,99,325000000,65000,8088084480
1789920705.655523,13290020864,100,326000000,65000,8088084480
1789920706.6561382,13290020864,99,322000000,65000,8088084480
1789920707.656807,13290016768,100,327000000,66000,8088084480
1789920708.6573548,13290020864,36,164000000,63000,8088084480
1789920709.6579692,13290020864,100,331000000,65000,8088084480
1789920710.6585405,13290020864,100,326000000,65000,8088084480
1789920711.6591656,13290020864,99,322000000,65000,8100671488
1789920712.659765,13290020864,99,326000000,65000,8088084480
1789920713.6605437,13290020864,100,327000000,65000,8088084480
1789920714.6610482,13290033152,99,324000000,65000,8088317952
1789920715.6617556,13290020864,100,326000000,65000,8088305664
1789920716.6623282,13290020864,100,326000000,65000,8088305664
1789920717.6629634,13290020864,100,327000000,65000,8088305664
1789920718.6635506,13290020864,100,326000000,65000,8088305664
1789920719.664231,13290020864,99,323000000,65000,8088305664
1789920720.664791,13290020864,100,326000000,65000,8088305664
1789920721.665333,13290053632,100,328000000,65000,8089530368
1789920722.6662257,13290053632,100,325000000,65000,8089530368
1789920723.6669202,13290053632,100,328000000,66000,8089530368
1789920724.667624,13290053632,99,319000000,65000,8089530368
1789920725.6682386,13290053632,100,320000000,65000,8089530368
1789920726.6687107,13290020864,99,324000000,65000,8089530368
1789920727.6697245,13290020864,99,322000000,65000,8089530368
1789920728.6704462,13290020864,100,328000000,66000,8089530368
1789920729.6709828,13290020864,100,327000000,66000,8089530368
1789920730.6715279,13290020864,100,324000000,65000,8089530368
1789920731.67211,13290024960,99,323000000,65000,8089530368
1789920732.6729772,13290045440,100,326000000,65000,8090394624
1789920733.6736624,13290045440,100,326000000,65000,8090394624
1789920734.6743498,13290045440,100,327000000,65000,8090394624
1789920735.6751502,13290041344,99,321000000,65000,8090394624
1789920736.6759114,13290008576,100,326000000,65000,8090394624
1789920737.6763911,13290020864,99,326000000,65000,8090824704
1789920738.67706,13290041344,100,326000000,65000,8091353088
1789920739.6777122,13290041344,100,326000000,65000,8091353088
1789920740.678384,13290041344,100,326000000,65000,8091353088
1789920741.679069,13290074112,100,326000000,66000,8092987392
1789920742.6797647,13290074112,100,326000000,65000,8092987392
1789920743.680629,13290074112,99,326000000,65000,8092987392
1789920744.6812565,13290074112,100,327000000,65000,8092987392
1789920745.681957,13290074112,100,327000000,66000,8092987392
1789920746.682539,13290041344,100,325000000,65000,8092987392
1789920747.683059,13290074112,100,327000000,65000,8093360128
1789920748.6836805,13290074112,100,325000000,66000,8093360128
1789920749.6841667,13290074112,100,328000000,66000,8093360128
1789920750.6847687,13290074112,99,322000000,65000,8093360128
1789920751.6854188,13290074112,100,328000000,65000,8093360128
1789920752.6859915,13290074112,100,325000000,65000,8093360128
1789920753.6863477,13290074112,100,327000000,65000,8093360128
1789920754.6871288,13290074112,100,326000000,65000,8093360128
1789920755.6877933,13290115072,99,325000000,65000,8093405184
1789920756.6885595,13290082304,100,327000000,65000,8093405184
1789920757.6893055,13290082304,99,322000000,65000,8093405184
1789920758.6898265,13290082304,100,327000000,65000,8093405184
1789920759.6905036,13290082304,100,327000000,65000,8093405184
1789920760.6913414,13290082304,100,325000000,65000,8093405184
1789920761.6920393,13290082304,100,326000000,65000,8093405184
1789920762.6924393,13290082304,99,326000000,65000,8093765632
1789920763.6929398,13290123264,100,325000000,65000,8095252480
1789920764.6937413,13290143744,100,327000000,65000,8095825920
1789920765.6942794,13290143744,100,324000000,65000,8095825920
1789920766.6949625,13290110976,100,325000000,65000,8095825920
1789920767.6956308,13290110976,100,328000000,65000,8095825920
1789920768.6960983,13290110976,99,325000000,65000,8095825920
1789920769.6967428,13290110976,100,325000000,65000,8095825920
1789920770.6975293,13290110976,100,327000000,65000,8095825920
1789920771.6979446,13290110976,99,320000000,65000,8095825920
1789920772.698559,13290110976,100,324000000,65000,8095825920
1789920773.699213,13290110976,100,326000000,65000,8095825920
1789920774.6997435,13290131456,99,326000000,65000,8096178176
1789920775.7003124,13290131456,100,326000000,65000,8096178176
1789920776.701085,13290131456,100,327000000,65000,8096178176
1789920777.701604,13290135552,100,326000000,65000,8096780288
1789920778.702203,13290131456,100,325000000,65000,8096780288
1789920779.7031195,13290131456,100,324000000,65000,8096780288
1789920780.7036376,13290131456,100,326000000,65000,8096780288
1789920781.7040625,13290131456,99,325000000,65000,8096780288
1789920782.7044528,13290151936,100,326000000,65000,8097136640
1789920783.704881,13290168320,100,327000000,65000,8097161216
1789920784.7055175,13290172416,100,327000000,65000,8097161216
1789920786.0339272,13290172416,68,244000000,64000,8097161216
1789920787.0346005,13290172416,99,329000000,64000,8097161216
1789920788.034942,13290139648,100,324000000,65000,8097161216
1789920789.0357702,13290139648,99,324000000,65000,8097161216
1789920790.0361612,13290139648,100,326000000,65000,8097161216
1789920791.0367742,13290139648,100,325000000,65000,8097161216
1789920792.037684,13290139648,99,320000000,65000,8097161216
1789920793.038209,13290139648,100,327000000,65000,8097161216
1789920794.0391326,13290139648,99,325000000,65000,8097161216
1789920795.0401351,13290139648,100,325000000,65000,8097161216
1789920796.073062,13290172416,100,325000000,65000,8097382400
1789920797.0735111,13290172416,100,327000000,65000,8097382400
1789920798.0741827,13290135552,99,325000000,65000,8097382400
1789920799.0745387,13290135552,100,326000000,65000,8097382400
1789920800.0749197,13290139648,100,327000000,65000,8097382400
1789920801.0754728,13290139648,100,326000000,65000,8097382400
1789920802.075913,13290139648,100,325000000,65000,8097382400
1789920803.0763056,13290139648,99,326000000,65000,8097382400
1789920804.0770283,13290139648,100,326000000,65000,8097382400
1789920805.0775702,13290160128,100,326000000,65000,8097595392
1789920806.0780752,13290160128,100,328000000,65000,8097595392
1789920807.0786574,13290160128,100,326000000,65000,8097595392
1789920808.0797145,13290127360,100,326000000,65000,8097595392
1789920809.0801654,13290160128,99,323000000,65000,8101789696
1789920810.0807767,13290160128,100,326000000,65000,8101789696
1789920811.0815856,13290164224,100,326000000,65000,8101789696
1789920812.0821872,13290164224,100,326000000,65000,8101789696
1789920813.0829177,13290160128,99,324000000,65000,8101789696
1789920814.0834587,13290160128,100,326000000,65000,8101789696
1789920815.0839016,13290213376,99,325000000,65000,8101851136
1789920816.0843601,13290213376,100,326000000,65000,8101851136
1789920817.0846806,13290213376,100,327000000,65000,8101851136
1789920818.0854824,13290201088,100,326000000,65000,8101871616
1789920819.086007,13290201088,99,324000000,65000,8101871616
1789920820.0864618,13290205184,100,326000000,65000,8101871616
1789920821.087201,13290201088,100,326000000,65000,8101871616
1789920822.0877929,13290201088,99,322000000,65000,8101871616
1789920823.0887084,13290213376,99,325000000,65000,8101883904
1789920824.0890052,13290213376,100,327000000,65000,8101883904
1789920825.0896988,13290233856,99,320000000,65000,8101908480
1789920826.090067,13290233856,100,326000000,65000,8101908480
1789920827.0905359,13290233856,100,325000000,65000,8101908480
1789920828.091089,13290233856,100,326000000,65000,8101908480
1789920829.09165,13290201088,99,326000000,65000,8101908480
1789920830.0920184,13290201088,100,327000000,65000,8101908480
1789920831.0924954,13290201088,100,324000000,65000,8101908480
1789920832.0929632,13290201088,100,327000000,65000,8101908480
1789920833.0933378,13290201088,100,327000000,65000,8101908480
1789920834.0939744,13290201088,99,325000000,65000,8101908480
1789920835.094309,13290201088,100,327000000,65000,8101908480
1789920836.094943,13290201088,100,327000000,65000,8101908480
1789920837.095434,13290201088,100,325000000,65000,8101908480
1789920838.0961835,13290221568,100,326000000,65000,8101928960
1789920839.0965707,13290188800,99,325000000,65000,8101928960
1789920840.0971863,13290188800,100,326000000,65000,8101928960
1789920841.0978935,13290188800,99,324000000,65000,8101928960
1789920842.0985343,13290188800,100,324000000,65000,8101928960
1789920843.0992095,13290188800,99,324000000,65000,8101928960
1789920844.0998173,13290221568,99,320000000,65000,8101965824
1789920845.1004438,13290225664,100,326000000,65000,8101965824
1789920846.1008306,13290221568,100,326000000,65000,8101965824
1789920847.399547,13290225664,50,198000000,64000,8107544576
1789920848.3999965,13290225664,100,329000000,64000,8101965824
1789920849.4006486,13290192896,100,326000000,65000,8101965824
1789920850.4011292,13290242048,100,327000000,65000,8107020288
1789920851.4014688,13290242048,100,327000000,65000,8107020288
1789920852.4019678,13290242048,99,323000000,65000,8107020288
1789920853.402433,13290242048,100,326000000,65000,8107020288
1789920854.4028437,13290242048,99,325000000,65000,8107020288
1789920855.4032028,13290242048,100,323000000,65000,8107020288
1789920856.4038687,13290242048,99,320000000,65000,8107020288
1789920857.404342,13290242048,100,328000000,65000,8107020288
1789920858.4047818,13290242048,100,326000000,65000,8107020288
1789920859.405151,13290209280,100,325000000,65000,8107020288
1789920860.4056118,13290209280,100,326000000,65000,8107020288
1789920861.4060476,13290209280,99,324000000,65000,8107020288
1789920862.4066086,13290209280,100,326000000,65000,8107020288
1789920863.407013,13290229760,99,325000000,65000,8107724800
1789920864.4074829,13290250240,100,327000000,65000,8107978752
1789920865.4080093,13290250240,100,326000000,65000,8107978752
1789920866.408379,13290250240,100,326000000,65000,8107978752
1789920867.4087787,13290250240,93,302000000,65000,8107995136
1789920868.4093757,13290250240,100,326000000,65000,8107999232
1789920869.409691,13290217472,100,325000000,65000,8108003328
1789920870.4103558,13290217472,99,325000000,65000,8108003328
1789920871.4108474,13290217472,100,325000000,65000,8108003328
1789920872.4113607,13290217472,99,322000000,65000,8108003328
1789920873.4141026,13290217472,100,323000000,65000,8108011520
1789920874.4146159,13290217472,100,326000000,65000,8108011520
1789920875.4152493,13290237952,100,326000000,65000,8108032000
1789920876.4157245,13290237952,100,327000000,65000,8108032000
1789920877.4168534,13290237952,99,323000000,65000,8108032000
1789920878.417454,13290246144,99,324000000,65000,8108032000
1789920879.4180138,13290205184,93,303000000,65000,8108032000
1789920880.4188707,13290237952,100,326000000,65000,8108556288
1789920881.4194736,13290291200,100,327000000,65000,8109613056
1789920882.4218776,13290303488,99,324000000,65000,8109641728
1789920883.4224327,13290323968,100,327000000,65000,8110133248
1789920884.4229898,13290323968,100,326000000,65000,8110133248
1789920885.4234054,13290344448,100,327000000,65000,8110161920
1789920886.4239168,13290344448,100,326000000,65000,8110161920
1789920887.4243672,13290344448,100,326000000,65000,8110161920
1789920888.4253564,13290344448,100,327000000,65000,8110161920
1789920889.426129,13290344448,100,326000000,65000,8110161920
1789920890.426599,13290315776,99,322000000,65000,8110166016
1789920891.4272492,13290336256,100,323000000,65000,8110190592
1789920892.427904,13290336256,99,325000000,65000,8110190592
1789920893.4285548,13290336256,100,323000000,65000,8110190592
1789920894.4292147,13290336256,99,325000000,65000,8110190592
1789920895.4303916,13290336256,100,324000000,65000,8110190592
1789920896.4309568,13290336256,99,323000000,65000,8110190592
1789920897.4313207,13290336256,100,327000000,65000,8110194688
1789920898.432034,13290340352,100,326000000,65000,8110194688
1789920899.432767,13290336256,99,324000000,65000,8110194688
1789920900.4333975,13290336256,99,326000000,65000,8112054272
1789920901.4339697,13290336256,100,326000000,65000,8112054272
1789920902.434536,13290336256,85,257000000,65000,8112054272
1789920903.4352307,13290336256,90,284000000,64000,8112058368
1789920904.435598,13290336256,99,322000000,65000,8112058368
1789920905.436249,13290356736,100,326000000,65000,8112082944
1789920906.4367135,13290356736,100,326000000,65000,8112082944
1789920907.4371688,13290356736,99,325000000,65000,8112082944
1789920908.438164,13290356736,100,326000000,65000,8112082944
1789920909.4385107,13290356736,100,326000000,65000,8112087040
1789920910.4389186,13290328064,99,325000000,65000,8112087040
1789920912.1162872,13290328064,60,224000000,64000,8112087040
1789920913.1167526,13290328064,99,322000000,64000,8112087040
1789920914.1172218,13290328064,100,326000000,65000,8112087040
1789920915.1177104,13290328064,100,323000000,65000,8112087040
1789920916.1182823,13290328064,99,325000000,65000,8112087040
1789920917.1188958,13290328064,99,323000000,65000,8112087040
1789920918.1192577,13290328064,99,326000000,65000,8112087040
1789920919.1198242,13290328064,100,327000000,65000,8112087040
1789920920.120354,13290328064,100,326000000,65000,8112087040
1789920921.1209207,13290295296,100,325000000,65000,8112087040
1789920922.1215782,13290295296,100,327000000,65000,8112087040
1789920923.128966,13290307584,100,327000000,65000,8112181248
1789920924.1293988,13290348544,100,325000000,65000,8114040832
1789920925.1298199,13290348544,100,327000000,65000,8114040832
1789920926.130631,13290348544,99,326000000,65000,8114040832
1789920927.1312633,13290348544,100,326000000,65000,8114040832
1789920928.131708,13290348544,100,326000000,65000,8114040832
1789920929.1323779,13290381312,99,326000000,65000,8115564544
1789920930.1328545,13290381312,100,325000000,65000,8115564544
1789920931.1334813,13290348544,100,327000000,65000,8115564544
1789920932.1342201,13290369024,100,326000000,65000,8115585024
1789920933.1348934,13290369024,100,326000000,65000,8115585024
1789920934.135281,13290369024,99,325000000,65000,8115585024
1789920935.1357067,13290369024,100,326000000,65000,8115585024
1789920936.13642,13290369024,100,326000000,65000,8115585024
1789920937.13749,13290369024,99,321000000,65000,8115585024
1789920938.1380494,13290369024,100,327000000,65000,8115585024
1789920939.1386163,13290369024,100,327000000,65000,8115585024
1789920940.139357,13290369024,100,326000000,65000,8115585024
1789920941.1399827,13290336256,99,322000000,65000,8115585024
1789920942.1405056,13290336256,100,326000000,65000,8115585024
1789920943.1411793,13290336256,100,327000000,65000,8115585024
1789920944.1418657,13290336256,99,322000000,65000,8115585024
1789920945.142515,13290369024,100,327000000,65000,8116690944
1789920946.143096,13290369024,100,326000000,65000,8116690944
1789920947.143637,13290369024,99,322000000,65000,8116690944
1789920948.1445062,13290369024,100,324000000,65000,8116690944
1789920949.1451206,13290369024,99,325000000,65000,8116690944
1789920950.1455998,13290401792,100,327000000,65000,8118636544
1789920951.1462686,13290369024,100,326000000,65000,8118636544
1789920952.1551998,13290381312,99,325000000,65000,8118734848
1789920953.1558323,13290401792,100,326000000,65000,8119406592
1789920954.1565635,13290422272,100,327000000,65000,8121069568
1789920955.1574054,13290422272,100,326000000,65000,8121069568
1789920956.158379,13290422272,99,324000000,65000,8121069568
1789920957.1588635,13290442752,100,327000000,65000,8122175488
1789920958.159298,13290442752,100,326000000,65000,8122175488
1789920959.1597986,13290463232,100,327000000,65000,8123383808
1789920960.1603866,13290463232,100,327000000,65000,8123383808
1789920961.1613393,13290463232,100,325000000,65000,8123383808
1789920962.16183,13290434560,99,326000000,65000,8123383808
1789920963.1629012,13290434560,100,326000000,65000,8123383808
1789920964.168254,13290434560,99,324000000,65000,8123383808
1789920965.168995,13290455040,100,326000000,65000,8123408384
1789920966.169606,13290455040,99,321000000,65000,8123408384
1789920967.170248,13290455040,100,327000000,65000,8123408384
1789920968.2082963,13290455040,100,326000000,65000,8123408384
1789920969.2092001,13290455040,100,327000000,65000,8123408384
1789920970.2095797,13290455040,100,327000000,65000,8123408384
1789920971.2102652,13290455040,100,326000000,65000,8123408384
1789920972.2109203,13290455040,99,324000000,65000,8123437056
1789920973.2116609,13290471424,100,326000000,65000,8125698048
1789920974.2122655,13290512384,99,325000000,65000,8126316544
1789920975.2129128,13290512384,100,328000000,65000,8126316544
1789920976.2134058,13290512384,100,325000000,65000,8126316544
1789920977.2138891,13290512384,100,326000000,65000,8126316544
1789920978.344731,13290512384,53,205000000,64000,8126341120
1789920979.345245,13290532864,89,298000000,64000,8126709760
1789920980.3458028,13290532864,100,326000000,65000,8126709760
1789920981.3462799,13290532864,99,322000000,65000,8126709760
1789920982.3471427,13290516480,100,325000000,65000,8126709760
1789920983.347793,13290516480,100,327000000,65000,8126709760
1789920984.3483667,13290516480,100,326000000,65000,8126709760
1789920985.3489788,13290516480,99,325000000,65000,8126709760
1789920986.3494844,13290536960,100,326000000,65000,8126787584
1789920987.3501472,13290557440,100,326000000,65000,8126808064
1789920988.3506274,13290557440,100,327000000,65000,8126808064
1789920989.351237,13290557440,99,321000000,65000,8126808064
1789920990.3521016,13290577920,100,327000000,65000,8127418368
1789920991.3529227,13290577920,99,324000000,65000,8127418368
1789920992.3536615,13290577920,100,327000000,65000,8127418368
1789920993.3547466,13290598400,100,323000000,65000,8128086016
1789920994.3554463,13290598400,99,324000000,65000,8128086016
1789920995.3561568,13290651648,100,327000000,65000,8130027520
1789920996.356751,13290651648,100,328000000,65000,8130027520
1789920997.3573353,13290651648,100,325000000,65000,8130027520
1789920998.3580134,13290651648,100,326000000,65000,8130027520
1789920999.3585792,13290672128,99,325000000,65000,8130048000
1789921000.3593001,13290672128,100,326000000,65000,8130048000
1789921001.360288,13290672128,99,325000000,65000,8130048000
1789921002.3608203,13290672128,100,326000000,65000,8130048000
1789921003.3614602,13290672128,100,326000000,65000,8130048000
1789921004.3619354,13290672128,99,320000000,65000,8130052096
1789921005.3624067,13290672128,100,327000000,65000,8130052096
1789921006.3629878,13290672128,100,327000000,65000,8130052096
1789921007.363549,13290704896,99,325000000,65000,8130084864
1789921008.3643608,13290704896,100,326000000,65000,8130084864
1789921009.3649836,13290704896,100,323000000,65000,8130084864
1789921010.3659832,13290704896,98,316000000,65000,8130084864
1789921011.3665795,13290704896,100,327000000,65000,8130084864
1789921012.3674755,13290704896,100,327000000,65000,8130084864
1789921013.3686333,13290704896,99,319000000,65000,8130097152
1789921014.3692808,13290741760,95,310000000,65000,8131325952
1789921015.3698816,13290741760,100,329000000,65000,8131325952
1789921016.3707998,13290741760,100,326000000,65000,8131325952
1789921017.3714619,13290782720,100,327000000,65000,8131366912
1789921018.3720367,13290782720,100,326000000,65000,8131366912
1789921019.3726573,13290782720,100,326000000,65000,8131366912
1789921020.3732302,13290782720,99,324000000,65000,8131366912
1789921021.3736215,13290782720,100,328000000,65000,8131366912
1789921022.3742216,13290782720,100,327000000,65000,8131366912
1789921023.3749173,13290782720,100,326000000,65000,8131366912
1789921024.3756824,13290782720,99,325000000,65000,8131366912
1789921025.376491,13290782720,100,326000000,65000,8131366912
1789921026.377021,13290782720,99,325000000,65000,8131366912
1789921027.377677,13290803200,100,320000000,65000,8133234688
1789921028.3784451,13290803200,100,327000000,65000,8133234688
1789921029.379027,13290803200,100,328000000,65000,8133234688
1789921030.3796818,13290835968,99,324000000,65000,8133775360
1789921031.3803592,13290835968,100,326000000,65000,8133775360
1789921032.3808217,13290831872,100,326000000,65000,8133775360
1789921033.3813634,13290831872,100,327000000,65000,8133775360
1789921034.3822324,13290835968,100,326000000,65000,8133775360
1789921035.382868,13290835968,99,325000000,65000,8133775360
1789921036.4003663,13290835968,100,327000000,65000,8133775360
1789921037.4010608,13290835968,100,325000000,65000,8133775360
1789921038.4016762,13290831872,100,328000000,65000,8133775360
1789921039.4024181,13290868736,100,325000000,65000,8135434240
1789921040.4031603,13290868736,99,325000000,65000,8135434240
1789921041.4038296,13290889216,100,326000000,65000,8135454720
1789921042.4043012,13290885120,100,328000000,65000,8135454720
1789921043.404673,13290885120,100,325000000,65000,8135454720
1789921044.4054132,13290885120,99,320000000,65000,8135454720
1789921045.40589,13290885120,100,327000000,65000,8135454720
1789921046.406725,13290885120,99,323000000,65000,8135454720
1789921047.407339,13290885120,95,304000000,65000,8135454720
1789921048.4079094,13290889216,99,327000000,65000,8135454720
1789921049.4087346,13290885120,100,326000000,65000,8135454720
1789921050.4092064,13290905600,43,183000000,63000,8135475200
1789921051.410009,13290909696,99,322000000,64000,8135475200
1789921052.4106486,13290909696,100,327000000,65000,8135475200
1789921053.4112778,13290909696,99,325000000,65000,8135475200
1789921054.4119444,13290913792,100,325000000,65000,8135475200
1789921055.4125159,13290909696,99,322000000,65000,8135475200
1789921056.4129784,13290909696,100,326000000,65000,8135475200
1789921057.414031,13290909696,99,325000000,65000,8135475200
1789921058.41465,13290909696,100,326000000,65000,8135475200
1789921059.4153247,13290909696,100,326000000,65000,8135475200
1789921060.4159026,13290909696,99,325000000,65000,8135475200
1789921061.416596,13290909696,100,327000000,65000,8135475200
1789921062.4170964,13290909696,100,325000000,65000,8135475200
1789921063.4174938,13290909696,100,328000000,65000,8135475200
1789921064.4179642,13290909696,100,325000000,65000,8135475200
1789921065.4187195,13290909696,100,327000000,65000,8135475200
1789921066.4192245,13290909696,100,326000000,65000,8135475200
1789921067.4199326,13290909696,99,325000000,65000,8135475200
1789921068.4204452,13290950656,100,327000000,65000,8135516160
1789921069.421215,13290950656,100,325000000,65000,8135516160
1789921070.4217706,13290950656,100,327000000,65000,8135516160
1789921071.4223862,13290950656,99,325000000,65000,8135516160
1789921072.4233556,13290950656,100,319000000,65000,8135516160
1789921073.4241745,13290950656,99,325000000,65000,8135516160
1789921074.4247723,13290971136,100,324000000,65000,8136019968
1789921075.4257648,13290971136,100,327000000,65000,8136019968
1789921076.4262462,13290991616,99,326000000,65000,8136609792
1789921077.4267356,13290991616,100,326000000,65000,8136609792
1789921078.4273987,13290991616,100,327000000,65000,8136609792
1789921079.4400456,13290991616,99,325000000,65000,8136634368
1789921080.4406245,13291032576,100,326000000,65000,8138719232
1789921081.4411538,13291032576,100,327000000,65000,8138719232
1789921082.4418015,13291032576,100,326000000,65000,8138719232
1789921083.4425426,13291040768,100,326000000,65000,8138731520
1789921084.4430676,13291085824,99,325000000,65000,8140275712
1789921085.443732,13291085824,100,327000000,65000,8140275712
1789921086.4447522,13291085824,100,326000000,65000,8140275712
1789921087.4452472,13291085824,100,327000000,65000,8140275712
1789921088.4458957,13291085824,100,326000000,65000,8140275712
1789921089.4468691,13291085824,100,327000000,65000,8140275712
1789921090.4475317,13291085824,100,325000000,65000,8140275712
1789921091.4481518,13291085824,100,328000000,65000,8140275712
1789921092.448974,13291085824,100,326000000,65000,8140275712
1789921093.449563,13291106304,99,326000000,65000,8140926976
1789921094.4501104,13291106304,100,326000000,65000,8140926976
1789921095.4508805,13291106304,100,326000000,65000,8140926976
1789921096.4516654,13291126784,100,326000000,65000,8140951552
1789921097.4523494,13291126784,100,326000000,65000,8140951552
1789921098.4528136,13291126784,99,322000000,65000,8140951552
1789921099.4535549,13291122688,99,325000000,65000,8140951552
1789921100.4541743,13291126784,100,326000000,65000,8140951552
1789921101.4545789,13291126784,100,326000000,65000,8140951552
1789921102.455092,13291126784,99,323000000,65000,8140951552
1789921103.4555705,13291126784,100,326000000,65000,8140951552
1789921104.456162,13291159552,99,321000000,65000,8142671872
1789921105.4567578,13291159552,100,326000000,65000,8142671872
1789921106.4574256,13291159552,100,327000000,65000,8142671872
1789921107.4579067,13291159552,99,320000000,65000,8142671872
1789921108.4586568,13291159552,100,326000000,65000,8142671872
1789921109.459394,13291159552,97,304000000,65000,8142671872
1789921110.4610023,13291159552,99,318000000,65000,8142671872
1789921111.4616394,13291180032,100,326000000,65000,8142696448
1789921112.4622219,13291180032,100,326000000,65000,8142696448
1789921113.4627736,13291180032,100,327000000,65000,8142696448
1789921114.463383,13291200512,99,323000000,65000,8143597568
1789921115.4640791,13291200512,100,326000000,65000,8143593472
1789921116.4645207,13291253760,100,327000000,65000,8145833984
1789921117.465193,13291253760,100,327000000,65000,8145833984
1789921118.465645,13291253760,99,323000000,65000,8145833984
1789921119.4663618,13291253760,100,326000000,65000,8145833984
1789921120.4673092,13291253760,100,326000000,65000,8145833984
1789921121.649445,13291253760,46,189000000,63000,8145833984
1789921122.6502707,13291253760,99,328000000,64000,8145833984
1789921123.6510642,13291253760,100,326000000,65000,8145833984
1789921124.6515455,13291253760,99,316000000,64000,8145833984
1789921125.6594326,13291253760,100,326000000,65000,8145833984
1789921126.6600685,13291253760,99,324000000,65000,8145833984
1789921127.6607442,13291274240,100,327000000,65000,8145981440
1789921128.6613405,13291274240,100,326000000,65000,8145981440
1789921129.6622632,13291274240,99,323000000,65000,8145981440
1789921130.662995,13291294720,100,326000000,65000,8146186240
1789921131.6636066,13291315200,100,326000000,65000,8146206720
1789921132.6643221,13291315200,100,326000000,65000,8146206720
1789921133.6650712,13291331584,99,323000000,65000,8146206720
1789921134.6658742,13291327488,99,320000000,65000,8146206720
1789921135.6666415,13291372544,97,318000000,65000,8146628608
1789921136.6672783,13291368448,100,328000000,65000,8146628608
1789921137.6679225,13291368448,100,325000000,65000,8146628608
1789921138.6684828,13291368448,100,326000000,65000,8146628608
1789921139.669061,13291372544,100,324000000,65000,8146628608
1789921140.6697977,13291368448,99,324000000,65000,8146628608
1789921141.670581,13291368448,99,325000000,65000,8146628608
1789921142.671385,13291380736,100,327000000,65000,8146628608
1789921143.6722558,13291372544,100,325000000,65000,8146628608
1789921144.6727414,13291384832,100,327000000,65000,8146628608
1789921145.6734214,13291372544,98,318000000,65000,8146628608
1789921146.6741319,13291368448,100,324000000,65000,8146628608
1789921148.0671017,13291388928,100,325000000,65000,8146653184
1789921149.0677843,13291388928,100,329000000,66000,8146653184
1789921150.0683355,13291388928,98,320000000,65000,8146653184
1789921151.068898,13291393024,99,325000000,66000,8146653184
1789921152.0693355,13291393024,99,325000000,66000,8146653184
1789921153.0700276,13291388928,100,326000000,66000,8146653184
1789921154.070909,13291421696,100,327000000,66000,8149340160
1789921155.0714664,13291421696,100,325000000,66000,8149340160
1789921156.0727446,13291421696,100,327000000,66000,8149340160
1789921157.0731297,13291421696,99,324000000,66000,8149340160
1789921158.0735948,13291421696,100,327000000,66000,8149340160
1789921159.074205,13291442176,100,326000000,66000,8149364736
1789921160.074754,13291442176,100,327000000,66000,8149364736
1789921161.0755444,13291442176,100,327000000,66000,8149364736
1789921162.0760517,13291442176,100,325000000,66000,8149364736
1789921163.0764384,13291442176,99,325000000,66000,8149364736
1789921164.077093,13291474944,100,326000000,66000,8150269952
1789921165.0776155,13291474944,100,326000000,66000,8150269952
1789921166.0784817,13291507712,100,326000000,66000,8151121920
1789921167.0789697,13291507712,99,324000000,66000,8151121920
1789921168.079507,13291507712,100,326000000,66000,8151121920
1789921169.0800817,13291540480,100,326000000,66000,8152080384
1789921170.0807173,13291544576,99,320000000,66000,8152080384
1789921171.0815082,13291556864,100,326000000,66000,8152150016
1789921172.082106,13291552768,100,326000000,66000,8152150016
1789921173.082742,13291556864,99,325000000,66000,8152150016
1789921174.0833018,13291556864,100,326000000,66000,8152150016
1789921175.0840752,13291556864,99,320000000,66000,8152150016
1789921176.0847454,13291589632,100,323000000,66000,8153210880
1789921177.0854402,13291585536,100,326000000,66000,8153210880
1789921178.0861022,13291618304,99,325000000,66000,8153247744
1789921179.0867224,13291618304,100,326000000,66000,8153247744
1789921180.0872865,13291618304,99,322000000,66000,8153247744
1789921181.087893,13291618304,100,328000000,66000,8153247744
1789921182.0885909,13291618304,100,325000000,66000,8153247744
1789921183.0890262,13291618304,99,324000000,66000,8153247744
1789921184.0896313,13291622400,100,326000000,66000,8153247744
1789921185.0900955,13291622400,99,326000000,66000,8153247744
1789921186.0905857,13291618304,100,325000000,66000,8153247744
1789921187.0912368,13291618304,100,326000000,66000,8153247744
1789921188.307933,13291618304,43,178000000,64000,8153247744
1789921189.3086138,13291651072,99,321000000,65000,8153284608
1789921190.3092186,13291651072,100,326000000,65000,8153284608
1789921191.3096707,13291651072,99,325000000,65000,8153284608
1789921192.3102443,13291651072,100,327000000,65000,8153284608
1789921193.310821,13291651072,100,325000000,65000,8153284608
1789921194.3115911,13291651072,99,325000000,65000,8153284608
1789921195.3125978,13291655168,98,320000000,65000,8153284608
1789921196.3130887,13291655168,100,327000000,65000,8153284608
1789921197.3139439,13291651072,99,325000000,65000,8153284608
1789921198.3145814,13291651072,99,321000000,65000,8153284608
1789921199.3150253,13291683840,100,327000000,66000,8155185152
1789921200.3159475,13291683840,99,323000000,65000,8155185152
1789921201.3163946,13291683840,100,325000000,66000,8155185152
1789921202.3168688,13291683840,99,326000000,65000,8155185152
1789921203.317514,13291704320,100,326000000,66000,8155652096
1789921204.3183937,13291704320,100,326000000,66000,8155652096
1789921205.318964,13291704320,98,322000000,66000,8155652096
1789921206.3201158,13291708416,100,325000000,66000,8155652096
1789921207.320748,13291708416,100,328000000,66000,8155652096
1789921208.3211029,13291704320,100,326000000,66000,8155652096
1789921209.3216612,13291704320,100,326000000,66000,8155652096
1789921210.3223317,13291704320,99,327000000,66000,8155652096
1789921211.322858,13291704320,100,326000000,66000,8155652096
1789921212.3235707,13291704320,100,326000000,66000,8155652096
1789921213.3246624,13291704320,100,327000000,66000,8155652096
1789921214.325378,13291704320,91,291000000,65000,8155652096
1789921215.325826,13291704320,97,319000000,65000,8155652096
1789921216.3263912,13291704320,100,323000000,65000,8155652096
1789921217.3270555,13291716608,99,315000000,65000,8155668480
1789921218.3276062,13291716608,100,328000000,66000,8155668480
1789921219.3283546,13291716608,93,300000000,65000,8155766784
1789921220.3292239,13291737088,100,326000000,65000,8155787264
1789921221.3296046,13291737088,99,323000000,65000,8155795456
1789921222.342806,13291737088,100,326000000,65000,8155799552
1789921223.3435984,13291737088,100,327000000,66000,8155799552
1789921224.344101,13291737088,100,327000000,65000,8155799552
1789921225.344721,13291737088,100,326000000,65000,8155799552
1789921226.3452353,13291737088,99,326000000,65000,8155799552
1789921227.3460846,13291737088,100,326000000,65000,8155803648
1789921228.3466637,13291737088,100,326000000,65000,8155803648
1789921229.347567,13291737088,99,323000000,65000,8155807744
1789921230.3481843,13291737088,100,328000000,65000,8155807744
1789921231.3488305,13291737088,99,325000000,65000,8155811840
1789921232.349559,13291749376,100,327000000,65000,8158375936
1789921233.3500435,13291769856,100,327000000,65000,8158363648
1789921234.3505723,13291769856,100,326000000,66000,8158363648
1789921235.351117,13291769856,100,327000000,66000,8158363648
1789921236.3516293,13291769856,100,327000000,65000,8158363648
1789921237.352212,13291769856,100,327000000,65000,8158363648
1789921238.35294,13291769856,100,326000000,65000,8158363648
1789921239.353719,13291769856,100,326000000,66000,8158363648
1789921240.4247549,13291769856,99,321000000,65000,8158363648
1789921241.4254599,13291769856,100,327000000,65000,8158363648
1789921242.4262488,13291769856,100,326000000,65000,8158363648
1789921243.4270465,13291769856,100,327000000,65000,8158363648
1789921244.4278107,13291769856,99,325000000,65000,8158363648
1789921245.4284272,13291769856,100,326000000,65000,8158363648
1789921246.4296675,13291769856,99,325000000,65000,8158363648
1789921247.4302294,13291769856,100,326000000,65000,8158363648
1789921248.4307616,13291769856,100,326000000,65000,8158363648
1789921249.4315517,13291769856,99,325000000,65000,8158363648
1789921250.7392187,13291769856,51,201000000,64000,8158363648
1789921251.7400289,13291769856,100,329000000,64000,8158363648
1789921252.7406833,13291765760,99,325000000,65000,8158363648
1789921253.7411404,13291765760,100,326000000,65000,8158363648
1789921254.7415838,13291765760,100,326000000,65000,8158363648
1789921255.742344,13291769856,100,327000000,65000,8158363648
1789921256.742959,13291769856,100,326000000,65000,8158363648
1789921257.7435505,13291790336,99,325000000,65000,8158572544
1789921258.7442482,13291790336,100,326000000,65000,8158572544
1789921259.7449522,13291790336,100,326000000,65000,8158572544
1789921260.7457323,13291790336,100,324000000,65000,8158576640
1789921261.7462606,13291790336,99,323000000,65000,8158572544
1789921262.7795634,13291794432,100,326000000,65000,8158572544
1789921263.7801077,13291790336,99,325000000,65000,8158572544
1789921264.7805653,13291810816,100,326000000,65000,8158597120
1789921265.7812428,13291810816,100,327000000,65000,8158597120
1789921266.7817616,13291810816,99,322000000,65000,8158597120
1789921267.7821748,13291810816,100,324000000,65000,8158597120
1789921268.7829072,13291843584,99,323000000,65000,8159240192
1789921269.7834442,13291843584,100,326000000,65000,8159240192
1789921270.7840939,13291843584,100,326000000,65000,8159240192
1789921271.7847953,13291843584,99,325000000,65000,8159240192
1789921272.785573,13291843584,100,326000000,65000,8159240192
1789921273.7861242,13291843584,100,327000000,65000,8159240192
1789921274.7869048,13291843584,99,326000000,65000,8159240192
1789921275.7875404,13291843584,100,326000000,65000,8159240192
1789921276.7882605,13291843584,100,327000000,65000,8159240192
1789921277.788808,13291843584,100,327000000,65000,8159240192
1789921278.789354,13291843584,100,326000000,65000,8159240192
1789921279.7900505,13291843584,99,325000000,65000,8159240192
1789921280.7905858,13291843584,100,327000000,65000,8159240192
1789921281.7913978,13291843584,100,326000000,65000,8159240192
1789921282.7920089,13291864064,99,325000000,65000,8159264768
1789921283.7925963,13291864064,100,328000000,65000,8159264768
1789921284.7931328,13291864064,100,325000000,65000,8159264768
1789921285.793668,13291884544,100,325000000,65000,8160411648
1789921286.794435,13291884544,100,326000000,65000,8160411648
1789921287.7949479,13291884544,100,326000000,65000,8160411648
1789921288.7954643,13291884544,100,326000000,65000,8160411648
1789921289.7961042,13291884544,99,325000000,65000,8160411648
1789921290.7966287,13291884544,100,326000000,65000,8160411648
1789921291.7974012,13291905024,100,326000000,65000,8161148928
1789921292.7978365,13291905024,100,326000000,65000,8161148928
1789921293.7982676,13291905024,99,325000000,65000,8161148928
1789921294.7990627,13291905024,100,326000000,65000,8161148928
1789921295.79986,13291905024,100,326000000,65000,8161148928
1789921296.8005316,13291905024,99,323000000,65000,8161148928
1789921297.801081,13291905024,100,326000000,65000,8161509376
1789921298.8016038,13291925504,100,326000000,65000,8161890304
1789921299.802218,13291925504,99,321000000,65000,8161890304
1789921300.8031409,13291925504,100,325000000,65000,8161890304
1789921301.8036604,13291925504,100,328000000,65000,8161890304
1789921302.8045306,13291925504,100,324000000,65000,8161890304
1789921303.8054285,13291925504,100,327000000,65000,8161890304
1789921304.8061533,13291925504,99,320000000,65000,8161890304
1789921305.8071015,13291925504,100,326000000,65000,8161890304
1789921306.8076599,13291925504,99,325000000,65000,8161890304
1789921307.80819,13291925504,100,326000000,65000,8161890304
1789921308.8088381,13291925504,99,325000000,65000,8161890304
1789921309.8095257,13291929600,100,326000000,65000,8161890304
1789921310.810669,13291929600,100,327000000,65000,8161890304
1789921311.8115797,13291929600,100,326000000,65000,8161890304
1789921312.8120937,13291925504,99,325000000,65000,8161890304
1789921313.8131456,13291925504,100,326000000,65000,8161890304
1789921314.8137116,13291925504,100,327000000,65000,8161890304
1789921315.8145494,13291929600,99,321000000,65000,8161890304
1789921316.8155243,13291925504,100,326000000,65000,8161890304
1789921317.8163068,13291921408,99,326000000,65000,8161890304
1789921318.8168108,13291921408,100,326000000,65000,8161890304
1789921319.8174102,13291921408,100,327000000,65000,8161890304
1789921321.252048,13291925504,67,238000000,64000,8161914880
1789921322.2526722,13291945984,90,303000000,64000,8162574336
1789921323.2534864,13291945984,99,323000000,65000,8162574336
1789921324.2539399,13291941888,100,326000000,65000,8162574336
1789921325.2544181,13291941888,100,325000000,65000,8162574336
1789921326.254987,13291941888,99,323000000,65000,8162574336
1789921327.2556493,13291941888,100,327000000,65000,8162574336
1789921328.2563019,13291962368,100,325000000,65000,8163848192
1789921329.2568262,13291962368,100,326000000,65000,8163848192
1789921330.2578661,13291966464,99,326000000,65000,8163848192
1789921331.2584932,13291966464,100,326000000,65000,8163848192
1789921332.2591422,13291966464,100,326000000,65000,8163848192
1789921333.2598577,13291966464,100,326000000,65000,8163848192
1789921334.260625,13291966464,99,325000000,65000,8163848192
1789921335.2611578,13291966464,100,326000000,65000,8163848192
1789921336.2619312,13291986944,100,327000000,65000,8163868672
1789921337.2625077,13291986944,100,326000000,65000,8163868672
1789921338.262918,13291986944,99,325000000,65000,8163868672
1789921339.2632985,13291986944,100,324000000,65000,8163868672
1789921340.2638757,13291986944,100,326000000,65000,8163868672
1789921341.264592,13291986944,100,328000000,65000,8163868672
1789921342.2652035,13291982848,99,321000000,65000,8163868672
1789921343.5515182,13291982848,100,327000000,65000,8163868672
1789921344.552097,13291986944,100,327000000,65000,8163868672
1789921345.5526981,13291986944,100,326000000,65000,8163868672
1789921346.5534267,13291986944,100,327000000,65000,8163868672
1789921347.5543208,13291986944,99,323000000,65000,8163868672
1789921348.5548484,13291986944,100,325000000,65000,8163868672
1789921349.5555584,13291986944,100,326000000,65000,8163868672
1789921350.5563636,13291986944,100,326000000,65000,8163868672
1789921351.5569108,13291986944,99,325000000,65000,8163868672
1789921352.5574713,13291986944,100,327000000,65000,8163868672
1789921353.558327,13291986944,100,323000000,65000,8163868672
1789921354.5590162,13291986944,100,326000000,65000,8163868672
1789921355.5594532,13291986944,99,325000000,65000,8163868672
1789921356.5599077,13291986944,100,325000000,65000,8163868672
1789921357.5604918,13291986944,99,325000000,65000,8163868672
1789921358.5608938,13291986944,100,326000000,65000,8163868672
1789921359.5612972,13292007424,100,327000000,65000,8163889152
1789921360.5619597,13292007424,99,321000000,65000,8163889152
1789921361.5627966,13292007424,100,326000000,65000,8163889152
1789921362.563557,13292007424,100,328000000,65000,8163889152
1789921363.5642445,13292007424,100,326000000,65000,8163889152
1789921364.5650086,13292007424,99,325000000,65000,8163889152
1789921365.5655613,13292007424,100,327000000,65000,8163889152
1789921366.5659757,13292007424,100,325000000,65000,8163889152
1789921367.56643,13292007424,100,327000000,65000,8163889152
1789921368.5668962,13292007424,100,325000000,65000,8163889152
1789921369.5674934,13292007424,99,325000000,65000,8163889152
1789921370.5684853,13292007424,100,326000000,65000,8163889152
1789921371.569099,13292007424,100,325000000,65000,8163889152
1789921372.5698974,13292007424,99,322000000,65000,8163889152
1789921373.57062,13292027904,100,326000000,65000,8165666816
1789921374.5711083,13292027904,100,328000000,65000,8165666816
1789921375.5717032,13292027904,100,325000000,65000,8165666816
1789921376.5722039,13292027904,99,325000000,65000,8165666816
1789921377.5726933,13292027904,100,327000000,65000,8165666816
1789921378.5734777,13292027904,100,325000000,65000,8165666816
1789921379.5739646,13292027904,100,325000000,65000,8165666816
1789921380.5747209,13292048384,100,326000000,65000,8166653952
1789921381.5812387,13292048384,100,326000000,65000,8166653952
1789921382.581874,13292048384,99,325000000,65000,8166653952
1789921383.5824687,13292048384,100,325000000,65000,8166653952
1789921384.5831075,13292081152,99,324000000,65000,8167464960
1789921385.5837677,13292081152,100,326000000,65000,8167464960
1789921386.5844553,13292081152,100,327000000,65000,8167464960
1789921387.5851843,13292081152,99,320000000,65000,8167464960
1789921388.6421862,13292113920,100,327000000,65000,8167497728
1789921389.6427107,13292113920,100,326000000,65000,8167497728
1789921390.64348,13292113920,100,327000000,65000,8167501824
1789921391.6440675,13292113920,100,326000000,65000,8167501824
1789921392.6449862,13292113920,100,327000000,65000,8167501824
1789921393.6455536,13292113920,99,324000000,65000,8167501824
1789921394.6460516,13292113920,100,325000000,65000,8167501824
1789921395.6882148,13292113920,35,158000000,63000,8167501824
1789921396.688953,13292113920,99,319000000,64000,8167501824
1789921397.6897342,13292154880,99,322000000,64000,8167600128
1789921398.6903636,13292154880,100,327000000,64000,8167600128
1789921399.6911435,13292154880,100,326000000,65000,8167600128
1789921400.6916,13292154880,100,326000000,65000,8167600128
1789921401.6922452,13292154880,100,327000000,65000,8167600128
1789921402.6929374,13292154880,100,326000000,65000,8167600128
1789921403.693457,13292154880,100,327000000,65000,8167600128
1789921404.6940246,13292154880,100,326000000,65000,8167600128
1789921405.6945546,13292154880,99,325000000,65000,8167600128
1789921406.6952522,13292154880,100,326000000,65000,8167600128
1789921407.695625,13292175360,100,327000000,65000,8169082880
1789921408.6961846,13292175360,100,327000000,65000,8169082880
1789921409.696591,13292175360,100,326000000,65000,8169082880
1789921410.6972663,13292175360,100,326000000,65000,8169082880
1789921411.6979315,13292175360,100,326000000,65000,8169082880
1789921412.6985016,13292175360,99,325000000,65000,8169082880
1789921413.6989224,13292175360,100,327000000,65000,8169082880
1789921414.6993725,13292175360,100,325000000,65000,8169082880
1789921415.6999128,13292175360,99,321000000,65000,8169082880
1789921416.7005532,13292175360,100,325000000,65000,8169082880
1789921417.7011101,13292208128,99,324000000,65000,8170401792
1789921418.7016747,13292208128,100,327000000,65000,8170401792
1789921419.7025492,13292208128,100,326000000,65000,8170401792
1789921420.703195,13292204032,99,323000000,65000,8170401792
1789921421.7036881,13292204032,100,327000000,65000,8170401792
1789921422.704797,13292228608,100,325000000,65000,8171315200
1789921423.705481,13292228608,99,324000000,65000,8171315200
1789921424.7062457,13292228608,100,326000000,65000,8171315200
1789921425.7071178,13292261376,100,326000000,65000,8172187648
1789921426.7079172,13292261376,99,325000000,65000,8172187648
1789921427.7086546,13292257280,100,326000000,65000,8172187648
1789921428.7091935,13292290048,100,326000000,65000,8173883392
1789921429.7096999,13292290048,99,325000000,65000,8173883392
1789921430.7102864,13292290048,100,327000000,65000,8173883392
1789921431.7108896,13292290048,100,326000000,65000,8173883392
1789921432.711565,13292290048,99,325000000,65000,8173883392
1789921433.7124693,13292290048,100,327000000,65000,8173883392
1789921434.7129123,13292290048,99,324000000,65000,8173883392
1789921435.7136798,13292290048,100,327000000,65000,8173883392
1789921436.7142866,13292290048,99,323000000,65000,8173883392
1789921437.714949,13292290048,100,327000000,65000,8173883392
1789921438.7156203,13292290048,100,327000000,65000,8173883392
1789921439.7164006,13292290048,100,325000000,65000,8173883392
1789921440.7171319,13292294144,100,328000000,65000,8173883392
1789921441.717639,13292294144,100,326000000,65000,8173883392
1789921442.7182343,13292294144,99,325000000,65000,8173883392
1789921443.7187557,13292314624,100,327000000,65000,8173903872
1789921444.7196589,13292343296,89,294000000,65000,8181563392
1789921445.7203312,13292363776,99,327000000,65000,8181604352
1789921446.7212408,13292363776,100,327000000,65000,8181604352
1789921447.721903,13292363776,100,327000000,65000,8181800960
1789921448.7225533,13292363776,100,326000000,65000,8181800960
1789921449.7231483,13292363776,99,325000000,65000,8181800960
1789921450.723833,13292363776,100,327000000,65000,8181800960
1789921451.7244935,13292396544,100,326000000,65000,8181891072
1789921452.7251863,13292396544,100,326000000,65000,8181891072
1789921453.7257373,13292396544,99,326000000,65000,8181891072
1789921454.726248,13292396544,100,325000000,65000,8181891072
1789921455.7268014,13292396544,100,326000000,65000,8181891072
1789921456.7274096,13292396544,100,327000000,65000,8181891072
1789921457.7279432,13292396544,100,326000000,65000,8181891072
1789921458.7286248,13292396544,99,324000000,65000,8181891072
1789921459.7291644,13292396544,100,326000000,65000,8181891072
1789921460.729788,13292396544,100,329000000,65000,8181891072
1789921461.7304468,13292396544,100,325000000,65000,8181891072
1789921462.7310302,13292396544,100,327000000,65000,8181891072
1789921463.7313986,13292396544,99,325000000,65000,8181891072
1789921464.8779392,13292396544,44,184000000,63000,8181891072
1789921465.8789802,13292417024,100,328000000,64000,8182067200
1789921466.8798366,13292421120,100,326000000,65000,8182067200
1789921467.880366,13292441600,99,325000000,65000,8182091776
1789921468.8810253,13292441600,100,326000000,65000,8182091776
1789921469.881893,13292441600,100,323000000,65000,8182091776
1789921470.8824239,13292437504,99,324000000,65000,8182091776
1789921471.8829777,13292437504,100,327000000,65000,8182091776
1789921472.8834844,13292437504,100,326000000,65000,8182091776
1789921473.8842638,13292437504,99,323000000,65000,8182091776
1789921474.8849638,13292437504,100,326000000,65000,8182091776
1789921475.8856592,13292437504,100,328000000,65000,8182091776
1789921476.8863022,13292437504,100,325000000,65000,8182091776
1789921477.8870945,13292437504,100,327000000,65000,8182091776
1789921478.8875673,13292437504,99,323000000,65000,8182091776
1789921479.888206,13292437504,100,327000000,65000,8182091776
1789921480.8888812,13292437504,100,326000000,65000,8182091776
1789921481.8897753,13292437504,99,325000000,65000,8182091776
1789921482.8904636,13292437504,100,324000000,65000,8182091776
1789921483.8912716,13292437504,100,326000000,65000,8182091776
1789921484.8920271,13292457984,99,326000000,65000,8182169600
1789921485.892625,13292457984,100,328000000,66000,8182169600
1789921486.8931632,13292457984,100,326000000,65000,8182169600
1789921487.8938603,13292457984,100,325000000,65000,8182169600
1789921488.8946617,13292457984,100,326000000,65000,8182169600
1789921489.8951616,13292457984,99,325000000,65000,8182169600
1789921490.8959854,13292457984,100,327000000,65000,8182169600
1789921491.8964727,13292457984,100,325000000,65000,8182169600
1789921492.8970745,13292457984,100,327000000,65000,8182169600
1789921493.897681,13292457984,100,326000000,65000,8182169600
1789921494.89816,13292457984,100,326000000,65000,8182169600
1789921495.898908,13292457984,99,325000000,65000,8182169600
1789921496.8993437,13292457984,100,327000000,65000,8182169600
1789921497.9000661,13292457984,99,319000000,65000,8182169600
1789921498.9006531,13292457984,100,328000000,65000,8182169600
1789921499.9012904,13292457984,100,327000000,66000,8182169600
1789921500.90198,13292457984,100,326000000,66000,8182169600
1789921501.9028645,13292511232,100,325000000,65000,8182571008
1789921502.903612,13292511232,99,319000000,65000,8182571008
1789921503.9042232,13292511232,100,328000000,65000,8182571008
1789921504.9048991,13292511232,99,325000000,65000,8182571008
1789921505.9053993,13292511232,100,326000000,65000,8182571008
1789921506.9061198,13292511232,100,326000000,66000,8182571008
1789921507.9067602,13292511232,100,327000000,66000,8182571008
1789921508.907319,13292511232,99,322000000,65000,8182571008
1789921509.9080107,13292511232,100,326000000,65000,8182571008
1789921510.9084978,13292515328,100,327000000,65000,8182571008
1789921511.9093614,13292511232,99,324000000,65000,8182571008
1789921512.91002,13292511232,100,326000000,65000,8182571008
1789921513.9104688,13292511232,100,325000000,65000,8182571008
1789921514.9108987,13292511232,99,325000000,65000,8182571008
1789921515.9113073,13292511232,100,326000000,65000,8182571008
1789921516.9123077,13292511232,100,327000000,65000,8182571008
1789921517.9129894,13292539904,99,325000000,65000,8182935552
1789921518.9137359,13292560384,100,327000000,66000,8183291904
1789921519.9141738,13292564480,100,327000000,66000,8183291904
1789921520.9147372,13292564480,100,323000000,66000,8183291904
1789921521.9151657,13292564480,100,326000000,66000,8183291904
1789921522.9160433,13292564480,99,323000000,65000,8183291904
1789921523.916613,13292564480,100,326000000,66000,8183291904
1789921524.9170432,13292597248,99,326000000,66000,8183701504
1789921525.9175608,13292597248,100,326000000,66000,8183701504
1789921526.918302,13292597248,100,323000000,65000,8183701504
1789921527.9189153,13292597248,99,326000000,66000,8183701504
1789921528.9196017,13292597248,100,327000000,66000,8183701504
1789921529.9205,13292597248,100,327000000,66000,8183701504
1789921530.9213037,13294694400,100,322000000,66000,8183701504
1789921531.9220853,13294694400,100,325000000,66000,8183701504
1789921532.9228408,13294694400,100,327000000,66000,8183701504
1789921534.0557063,13294694400,100,326000000,66000,8183701504
1789921535.0563629,13294694400,100,326000000,66000,8183701504
1789921536.0572157,13294714880,99,325000000,65000,8184061952
1789921537.0577695,13294714880,100,327000000,65000,8184061952
1789921538.0583916,13294714880,47,190000000,64000,8184061952
1789921539.0590322,13294714880,99,329000000,65000,8184061952
1789921540.0595794,13294718976,100,326000000,65000,8184061952
1789921541.0601273,13294718976,100,326000000,65000,8184061952
1789921542.0605996,13294718976,100,326000000,65000,8184061952
1789921543.0611446,13294718976,100,326000000,65000,8184061952
1789921544.0615711,13294739456,99,326000000,65000,8184406016
1789921545.062238,13294739456,100,324000000,65000,8184406016
1789921546.0627418,13294739456,100,326000000,65000,8184406016
1789921547.063238,13294739456,99,325000000,65000,8184406016
1789921548.0639305,13294735360,100,326000000,65000,8184406016
1789921549.0643063,13294735360,100,326000000,65000,8184406016
1789921550.0647156,13294735360,100,326000000,65000,8184406016
1789921551.065331,13294755840,100,326000000,65000,8184770560
1789921552.0656855,13294776320,99,326000000,65000,8185122816
1789921553.0662813,13294776320,100,327000000,65000,8185122816
1789921554.0668626,13294780416,100,327000000,65000,8185122816
1789921555.0675006,13294776320,100,325000000,65000,8185122816
1789921556.0679753,13294776320,100,327000000,65000,8185122816
1789921557.068602,13294776320,99,325000000,65000,8185122816
1789921558.0692508,13294776320,100,326000000,65000,8185122816
1789921559.069933,13294776320,100,326000000,65000,8185122816
1789921560.0704372,13294776320,99,322000000,65000,8185122816
1789921561.0709686,13294796800,100,326000000,65000,8185470976
1789921562.0716674,13294796800,100,326000000,65000,8185470976
1789921563.0721815,13294796800,99,322000000,65000,8185470976
1789921564.0726223,13294837760,100,326000000,65000,8187084800
1789921565.0731897,13294837760,100,326000000,65000,8187084800
1789921566.0736082,13294837760,99,323000000,65000,8187084800
1789921567.0742233,13294837760,100,326000000,65000,8187084800
1789921568.0749602,13294837760,100,327000000,65000,8187084800
1789921569.0758677,13294837760,99,320000000,65000,8187084800
1789921570.0764234,13294837760,99,324000000,65000,8187084800
1789921571.077152,13294837760,100,326000000,65000,8187084800
1789921572.0777774,13294837760,100,327000000,65000,8187084800
1789921573.0785995,13294837760,100,326000000,65000,8187084800
1789921574.3342173,13294837760,100,327000000,65000,8187084800
1789921575.334843,13294837760,100,327000000,65000,8187084800
1789921576.3354626,13294837760,100,326000000,65000,8187084800
1789921577.3361845,13294837760,99,324000000,65000,8187084800
1789921578.3369741,13294837760,100,327000000,65000,8187084800
1789921579.3376489,13294837760,100,326000000,65000,8187084800
1789921580.338152,13294837760,100,326000000,65000,8187084800
1789921581.338949,13294837760,99,325000000,65000,8187084800
1789921582.3399072,13294837760,100,326000000,65000,8187084800
1789921583.340557,13294837760,100,327000000,65000,8187084800
1789921584.3413558,13294837760,100,326000000,65000,8187084800
1789921585.3419907,13294837760,100,327000000,65000,8187084800
1789921586.3426445,13294837760,99,323000000,65000,8187084800
1789921587.343237,13294837760,100,326000000,65000,8187084800
1789921588.3437884,13294837760,100,326000000,65000,8187084800
1789921589.344193,13294858240,99,325000000,65000,8188190720
1789921590.3449273,13294858240,99,321000000,65000,8188190720
1789921591.3454201,13294858240,100,327000000,65000,8188190720
1789921592.3465052,13296959488,85,230000000,64000,8193478656
1789921593.3477504,13296959488,100,161000000,63000,8193478656
1789921594.34835,13299953664,99,231000000,63000,8193486848
1789921595.34889,13545320448,99,327000000,64000,8193486848
1789921596.34959,13643853824,99,325000000,64000,8193486848
1789921597.350231,13643853824,99,327000000,64000,8193486848
1789921598.3509192,13643853824,99,326000000,64000,8193486848
1789921599.351457,13643853824,99,326000000,64000,8193626112
1789921600.351846,13643853824,99,327000000,65000,8193814528
1789921601.3522317,13643853824,100,326000000,64000,8193839104
1789921602.3528085,13643853824,100,326000000,65000,8193839104
1789921603.3536754,13643853824,100,327000000,65000,8193843200
1789921604.3542566,13643853824,100,326000000,65000,8193843200
1789921605.3549356,13643853824,100,326000000,65000,8193900544
1789921606.355348,13643853824,100,327000000,65000,8193916928
1789921607.35596,13643821056,99,326000000,65000,8193916928
1789921608.3566566,13643821056,100,327000000,65000,8193916928
1789921609.3573906,13643821056,100,327000000,65000,8193916928
1789921610.3578417,13643821056,100,326000000,65000,8193921024
1789921611.3587413,13643821056,100,326000000,65000,8193921024
1789921612.3591492,13754974208,100,327000000,65000,8193925120
1789921613.3596997,13754986496,99,326000000,65000,8193929216
1789921614.3602374,13754982400,99,326000000,65000,8193929216
1789921615.360833,13754970112,95,313000000,65000,8193929216
1789921616.3613708,13754982400,91,303000000,64000,8193929216
1789921617.3619142,13754941440,99,327000000,65000,8193929216
1789921618.3625886,13754941440,93,306000000,64000,8193929216
1789921619.3632686,13754941440,98,325000000,64000,8193929216
1789921620.3638356,13754941440,98,325000000,64000,8193929216
1789921621.364353,13754941440,99,326000000,64000,8193929216
1789921622.3650959,13754937344,90,301000000,64000,8193929216
1789921623.3657985,13754937344,99,326000000,64000,8193929216
1789921624.3663723,13754937344,100,327000000,64000,8193929216
1789921625.36681,13754937344,99,326000000,64000,8265891840
1789921626.3673525,13754937344,99,326000000,64000,8193929216
1789921627.3678575,13754904576,99,326000000,64000,8193929216
1789921628.3683822,13754904576,99,326000000,64000,8193929216
1789921629.3688955,13754904576,99,326000000,64000,8194215936
1789921630.3695238,13754904576,100,326000000,64000,8194797568
1789921631.3702645,13754904576,100,327000000,64000,8194953216
1789921632.3708568,13754904576,100,326000000,64000,8195256320
1789921633.3715358,13754904576,100,327000000,64000,8195391488
1789921634.372309,13754904576,100,327000000,64000,8195395584
1789921635.3728871,13754904576,100,327000000,64000,8195403776
1789921636.3736687,13757001728,100,327000000,64000,8195403776
1789921637.3743598,13756968960,100,327000000,64000,8195461120
1789921638.3749058,13756968960,100,327000000,64000,8195469312
1789921639.3756332,13756973056,100,326000000,64000,8195469312
1789921640.3763504,13756973056,100,327000000,64000,8195469312
1789921641.376874,13756968960,100,327000000,64000,8195469312
1789921642.3776054,13756973056,100,326000000,64000,8195469312
1789921643.3780584,13756973056,100,326000000,64000,8195469312
1789921644.3783953,13756973056,100,327000000,64000,8195469312
1789921645.3790329,13756968960,100,326000000,64000,8195469312
1789921646.3794475,13756968960,100,326000000,64000,8195469312
1789921647.3799503,13756936192,99,322000000,64000,8195469312
1789921648.3805912,13756936192,100,328000000,64000,8195469312
1789921649.381364,13756936192,100,326000000,64000,8195469312
1789921650.382137,13756936192,100,327000000,64000,8195469312
1789921651.3828511,13756936192,100,326000000,64000,8195469312
1789921652.3834207,13756936192,100,327000000,64000,8195469312
1789921653.3840935,13756936192,100,326000000,64000,8195469312
1789921654.3847642,13756936192,100,327000000,64000,8195469312
1789921655.385462,13756936192,81,281000000,63000,8195469312
1789921656.3860881,13756936192,100,327000000,64000,8195469312
1789921657.3866017,13756936192,100,326000000,64000,8195469312
1789921658.387161,13756903424,100,326000000,64000,8195469312
1789921659.38788,13756903424,100,326000000,64000,8195469312
1789921660.3884237,13756903424,100,327000000,64000,8195469312
1789921661.3890893,13756903424,100,326000000,64000,8195469312
1789921662.3896444,13756903424,100,326000000,64000,8195469312
1789921663.3901782,13756903424,100,327000000,64000,8195469312
1789921664.3907309,13756903424,100,326000000,64000,8195469312
1789921665.3912752,13756903424,100,326000000,64000,8195469312
1789921666.3918877,13756903424,100,326000000,64000,8195469312
1789921667.3926265,13756903424,100,327000000,64000,8195469312
1789921668.3934016,13756870656,99,326000000,64000,8195469312
1789921669.3943007,13756874752,100,327000000,64000,8195469312
1789921670.3948424,13756874752,100,326000000,64000,8195469312
1789921671.3956542,13756874752,100,326000000,64000,8195469312
1789921672.3961954,13756874752,100,327000000,64000,8195469312
1789921673.396908,13756870656,100,326000000,64000,8195469312
1789921674.3975017,13756870656,100,326000000,64000,8195469312
1789921675.3979595,13756870656,100,327000000,65000,8195469312
1789921676.3984103,13756870656,100,326000000,65000,8195469312
1789921677.3989666,13756870656,100,326000000,65000,8195469312
1789921678.3996463,13756837888,100,327000000,65000,8195469312
1789921679.4001367,13756837888,100,327000000,65000,8195469312
1789921680.40073,13756837888,100,326000000,65000,8195469312
1789921681.4011467,13756837888,100,327000000,65000,8195469312
1789921682.4017403,13756837888,100,326000000,65000,8195469312
1789921683.4023523,13756837888,100,327000000,65000,8195469312
1789921684.4028008,13756837888,100,326000000,65000,8195469312
1789921685.4035833,13756837888,100,326000000,65000,8195481600
1789921686.4041188,13756837888,100,326000000,65000,8195514368
1789921687.404563,13756837888,100,326000000,65000,8195547136
1789921688.40512,13756805120,99,326000000,65000,8195600384
1789921689.405576,13756805120,100,326000000,65000,8195629056
1789921690.406055,13756809216,100,326000000,65000,8195674112
1789921691.4069223,13756805120,100,327000000,65000,8195690496
1789921692.407419,13756805120,100,326000000,65000,8195698688
1789921693.4082017,13756805120,100,325000000,65000,8195727360
1789921694.4088862,13756805120,99,327000000,65000,8195735552
1789921695.4094555,13756805120,99,327000000,65000,8195739648
1789921696.4102435,13756805120,99,326000000,65000,8195747840
1789921697.411113,13756805120,99,327000000,65000,8195764224
1789921698.4117885,13756805120,99,326000000,65000,8195776512
1789921699.4124687,13756772352,100,327000000,65000,8195792896
1789921700.4129915,13756772352,99,326000000,65000,8195805184
1789921701.413567,13756772352,100,326000000,65000,8195805184
1789921702.4142528,13756772352,100,327000000,65000,8195805184
1789921703.414813,13756772352,100,326000000,65000,8195805184
1789921704.4153905,13756772352,100,327000000,65000,8195805184
1789921705.41614,13756772352,100,327000000,65000,8195805184
1789921706.4168057,13756772352,100,325000000,65000,8195813376
1789921707.4173546,13756772352,100,329000000,65000,8195817472
1789921708.4179182,13756772352,100,327000000,65000,8195817472
1789921709.4184935,13756739584,99,326000000,65000,8195817472
1789921710.4191306,13756735488,100,327000000,65000,8195817472
1789921711.4197783,13756739584,100,326000000,65000,8195817472
1789921712.4203458,13756739584,100,327000000,65000,8195817472
1789921713.4209652,13756739584,100,326000000,65000,8195817472
1789921714.4214635,13756739584,100,325000000,65000,8195817472
1789921715.4222314,13756739584,100,328000000,65000,8195817472
1789921716.422912,13756743680,100,326000000,65000,8195821568
1789921717.4235392,13756739584,99,326000000,65000,8195821568
1789921718.4240787,13756739584,99,326000000,65000,8195825664
1789921719.4246457,13756706816,99,327000000,65000,8195837952
1789921720.4257464,13756706816,99,325000000,65000,8195854336
1789921721.4265532,13756710912,100,327000000,65000,8195862528
1789921722.4270117,13756710912,100,327000000,65000,8195866624
1789921723.4275234,13756706816,100,326000000,65000,8195874816
1789921724.428285,13756706816,100,326000000,64000,8195907584
1789921725.4287486,13756706816,100,327000000,64000,8195952640
1789921726.4293907,13756706816,100,327000000,64000,8195964928
1789921727.43002,13756706816,100,326000000,64000,8195977216
1789921728.4307704,13756710912,100,326000000,64000,8195985408
1789921729.431375,13756669952,99,326000000,64000,8195997696
1789921730.4321249,13756674048,99,327000000,64000,8196001792
1789921731.4325936,13756674048,99,325000000,65000,8196005888
1789921732.4334185,13756674048,99,327000000,65000,8196018176
1789921733.4339201,13756674048,100,326000000,64000,8196026368
1789921734.4346118,13756674048,100,326000000,64000,8196046848
1789921735.4350936,13756674048,100,326000000,64000,8196091904
1789921736.4355607,13756674048,100,327000000,64000,8196136960
1789921737.4362214,13756674048,100,326000000,64000,8196182016
1789921738.436969,13756674048,77,250000000,63000,8221487104
1789921739.437564,13756674048,100,326000000,64000,8221487104
1789921740.4383452,13756641280,100,325000000,64000,8221487104
1789921741.4387114,13756641280,100,326000000,64000,8221487104
1789921742.439154,13756641280,99,325000000,64000,8221487104
1789921743.4402223,13756641280,100,325000000,64000,8221487104
1789921744.4406023,13756637184,100,326000000,64000,8221487104
1789921745.441045,13756657664,99,325000000,64000,8221507584
1789921746.4416087,13756661760,100,327000000,64000,8221507584
1789921747.4418855,13756657664,100,327000000,64000,8221507584
1789921748.4425616,13756661760,99,320000000,64000,8221507584
1789921749.4430013,13756661760,42,175000000,62000,8221507584
1789921750.4436228,13756633088,99,331000000,64000,8221507584
1789921751.4440825,13756637184,99,319000000,64000,8221507584
1789921752.444381,13756633088,100,326000000,64000,8221507584
1789921753.4449527,13756633088,99,325000000,64000,8221507584
1789921754.4454195,13756633088,100,322000000,64000,8221507584
1789921755.4462144,13756653568,100,323000000,64000,8221650944
1789921756.4469454,13756649472,100,326000000,64000,8221650944
1789921757.4475336,13756649472,100,325000000,64000,8221650944
1789921758.4480755,13756649472,99,325000000,64000,8221650944
1789921759.449047,13756649472,100,326000000,64000,8221650944
1789921760.4517283,13756637184,99,324000000,64000,8221650944
1789921761.4522278,13756637184,100,327000000,64000,8221650944
1789921762.4530685,13756637184,100,326000000,64000,8221650944
1789921763.453741,13756669952,100,326000000,65000,8222392320
1789921764.4543486,13756669952,100,326000000,64000,8222392320
1789921765.45481,13756669952,99,326000000,64000,8222392320
1789921766.4554489,13756669952,100,326000000,65000,8222392320
1789921767.455896,13756669952,100,326000000,65000,8222392320
1789921768.456542,13756674048,100,327000000,65000,8222392320
1789921769.4571574,13756674048,100,326000000,65000,8222392320
1789921770.4579532,13756633088,99,325000000,65000,8222392320
1789921771.4584153,13756637184,100,327000000,65000,8222392320
1789921772.4590662,13756657664,100,326000000,65000,8223764480
1789921773.4597735,13756657664,100,326000000,65000,8223764480
1789921774.4604402,13756657664,99,321000000,65000,8223764480
1789921775.8633335,13756678144,100,326000000,65000,8225366016
1789921776.8638144,13756678144,100,327000000,65000,8225366016
1789921777.8641644,13756678144,99,324000000,65000,8225366016
1789921778.8645387,13756698624,100,327000000,65000,8226062336
1789921779.8650398,13756698624,100,326000000,65000,8226062336
1789921780.8658898,13756665856,99,326000000,65000,8226062336
1789921781.8666203,13756665856,100,326000000,65000,8226062336
1789921782.8674195,13756665856,99,325000000,65000,8226062336
1789921783.8679843,13756690432,100,326000000,65000,8226086912
1789921784.8687918,13756690432,100,327000000,65000,8226086912
1789921785.8695095,13756686336,100,324000000,65000,8226086912
1789921786.8702035,13756686336,99,326000000,65000,8226086912
1789921787.8710477,13756690432,100,327000000,65000,8226086912
1789921788.871758,13756690432,100,325000000,65000,8226086912
1789921789.8724449,13756686336,100,326000000,65000,8226086912
1789921790.8730104,13756653568,99,324000000,65000,8226086912
1789921791.8736522,13756653568,100,323000000,65000,8226086912
1789921792.8742738,13756653568,99,324000000,65000,8226086912
1789921793.875086,13756653568,100,326000000,65000,8226086912
1789921794.8756123,13756674048,100,327000000,65000,8227377152
1789921795.876284,13756674048,100,325000000,65000,8227377152
1789921796.8769464,13756674048,100,327000000,65000,8227377152
1789921797.877449,13756674048,99,325000000,65000,8227377152
1789921798.9393322,13756674048,100,326000000,65000,8227377152
1789921799.9399755,13756674048,100,326000000,65000,8227377152
1789921800.9408348,13756665856,100,325000000,65000,8228196352
1789921801.941306,13756661760,99,325000000,65000,8228196352
1789921802.9420238,13756694528,100,327000000,65000,8228229120
1789921803.9427023,13756694528,100,325000000,65000,8228229120
1789921804.9438076,13756694528,100,327000000,65000,8228229120
1789921805.9446118,13756694528,100,326000000,65000,8228229120
1789921806.9453132,13756694528,99,324000000,65000,8228229120
1789921807.945806,13756698624,100,327000000,65000,8228229120
1789921808.946313,13756694528,100,326000000,65000,8228229120
1789921809.947122,13756698624,100,326000000,65000,8228229120
1789921810.9476523,13756731392,99,321000000,65000,8228261888
1789921811.9483886,13756710912,100,326000000,65000,8229875712
1789921812.9491568,13756710912,100,327000000,65000,8229875712
1789921813.9496942,13756710912,100,327000000,65000,8229875712
1789921814.950326,13756710912,99,325000000,65000,8229875712
1789921815.9508874,13756710912,100,327000000,65000,8229875712
1789921816.9514353,13756710912,100,326000000,65000,8229875712
1789921817.9522114,13756710912,99,319000000,65000,8229875712
1789921818.9527738,13756715008,100,326000000,65000,8229875712
1789921819.9533293,13756710912,100,326000000,65000,8229875712
1789921820.9540596,13756735488,100,327000000,65000,8229896192
1789921821.9547572,13756702720,100,326000000,65000,8229896192
1789921822.955297,13756702720,100,326000000,65000,8229896192
1789921823.9559286,13756702720,99,325000000,65000,8229896192
1789921824.9567902,13756723200,100,324000000,65000,8231936000
1789921825.9575934,13756723200,100,326000000,65000,8231936000
1789921826.9582198,13756723200,32,146000000,63000,8231936000
1789921827.9590569,13756723200,100,331000000,64000,8231936000
1789921828.9598536,13756723200,99,324000000,65000,8231936000
1789921829.9606402,13756723200,100,327000000,65000,8231936000
1789921830.961393,13756723200,100,327000000,65000,8231936000
1789921831.9620965,13756690432,100,326000000,65000,8231936000
1789921832.9629138,13756690432,99,321000000,65000,8231936000
1789921833.963706,13756690432,100,326000000,65000,8231936000
1789921834.964202,13756690432,100,326000000,65000,8231936000
1789921835.9646945,13756690432,99,321000000,65000,8231936000
1789921836.9652848,13756690432,100,326000000,65000,8231936000
1789921837.9657454,13756710912,99,325000000,65000,8232079360
1789921838.9664154,13756710912,100,326000000,65000,8232079360
1789921839.9672966,13756710912,100,326000000,65000,8232079360
1789921840.9682167,13756710912,100,327000000,65000,8232079360
1789921841.9693255,13756678144,99,323000000,65000,8232079360
1789921842.9700706,13756678144,99,321000000,65000,8232079360
1789921843.970856,13756678144,100,328000000,65000,8232079360
1789921844.971477,13756678144,100,328000000,65000,8232079360
1789921845.9721014,13756678144,100,325000000,65000,8232079360
1789921846.9728024,13756678144,100,327000000,65000,8232079360
1789921847.9733102,13756678144,99,325000000,65000,8232079360
1789921848.9740112,13756698624,100,327000000,65000,8232284160
1789921849.9746912,13756698624,100,326000000,65000,8232284160
1789921850.9752226,13756698624,100,326000000,65000,8232284160
1789921851.9758406,13756719104,100,325000000,65000,8232726528
1789921852.9763348,13756686336,99,327000000,65000,8232726528
1789921853.9769986,13756686336,100,325000000,65000,8232726528
1789921854.9775515,13756686336,99,325000000,65000,8232726528
1789921855.9780686,13756686336,100,324000000,65000,8232726528
1789921856.9786365,13756719104,100,327000000,65000,8233828352
1789921857.9791663,13756719104,100,326000000,66000,8233828352
1789921858.9799542,13756719104,99,326000000,66000,8233828352
1789921859.9806716,13756719104,100,326000000,65000,8233828352
1789921860.9813192,13756719104,100,327000000,65000,8233828352
1789921861.9818954,13756719104,100,326000000,65000,8233828352
1789921862.982636,13756706816,99,323000000,65000,8233848832
1789921863.9832003,13756706816,100,326000000,65000,8233848832
1789921864.9841058,13756706816,100,326000000,65000,8233848832
1789921865.984682,13756706816,99,322000000,65000,8233848832
1789921866.9854832,13756706816,99,322000000,65000,8233848832
1789921867.9863284,13756706816,100,327000000,65000,8233848832
1789921868.9869385,13756706816,100,327000000,65000,8233848832
1789921869.987446,13756706816,100,326000000,65000,8233848832
1789921870.9881144,13756706816,99,325000000,65000,8233848832
1789921871.9888089,13756706816,100,327000000,65000,8233848832
1789921872.9897287,13756674048,99,325000000,65000,8233848832
1789921873.9905872,13756674048,99,318000000,65000,8233848832
1789921874.991077,13756674048,100,326000000,65000,8233848832
1789921875.991887,13756674048,99,325000000,65000,8233848832
1789921876.9927108,13756674048,100,326000000,65000,8233848832
1789921877.9935513,13756674048,100,326000000,65000,8233848832
1789921878.9941478,13756674048,99,324000000,65000,8233848832
1789921879.9947731,13756715008,100,324000000,65000,8234221568
1789921880.995361,13756715008,100,326000000,66000,8234221568
1789921881.9959931,13756715008,99,324000000,65000,8234221568
1789921882.9968033,13756682240,100,326000000,65000,8234221568
1789921883.9973693,13756682240,99,321000000,65000,8234221568
1789921884.9978795,13756682240,100,326000000,65000,8234221568
1789921885.9984736,13756682240,99,321000000,65000,8234221568
1789921886.9990187,13756682240,100,326000000,65000,8234221568
1789921888.235324,13756682240,44,181000000,64000,8234221568
1789921889.2359467,13756682240,99,322000000,64000,8234221568
1789921890.2364223,13756682240,100,327000000,65000,8234221568
1789921891.2368422,13756682240,99,324000000,65000,8234221568
1789921892.2372344,13756682240,100,326000000,65000,8234221568
1789921893.2376742,13756649472,100,327000000,65000,8234221568
1789921894.2385104,13756649472,99,325000000,65000,8234221568
1789921895.2389615,13756649472,100,323000000,65000,8234221568
1789921896.2395656,13756649472,100,325000000,65000,8234221568
1789921897.2402153,13756649472,100,326000000,65000,8234221568
1789921898.2409036,13756649472,100,327000000,65000,8234221568
1789921899.2413907,13756649472,99,324000000,65000,8234221568
1789921900.2419164,13756649472,100,325000000,65000,8234221568
1789921901.242561,13756649472,99,325000000,65000,8234221568
1789921902.2432933,13756649472,100,327000000,65000,8234221568
1789921903.243927,13756649472,100,325000000,66000,8234221568
1789921904.244569,13756616704,100,325000000,66000,8234221568
1789921905.2452312,13756616704,100,324000000,66000,8234221568
1789921906.2460098,13756616704,99,323000000,65000,8234221568
1789921907.2465427,13756616704,100,326000000,66000,8234221568
1789921908.247238,13756616704,100,327000000,66000,8234221568
1789921909.2476969,13756616704,99,325000000,66000,8234221568
1789921910.2483273,13756616704,99,319000000,65000,8234221568
1789921911.2491803,13756616704,100,327000000,65000,8234221568
1789921912.2496862,13756616704,100,326000000,65000,8234221568
1789921913.2502096,13756616704,99,324000000,65000,8234221568
1789921914.2510114,13756583936,100,326000000,65000,8234221568
1789921915.2515845,13756583936,100,326000000,65000,8234221568
1789921916.2521307,13756583936,99,325000000,65000,8234221568
1789921917.252673,13756583936,99,315000000,65000,8234221568
1789921918.2534747,13756583936,100,324000000,65000,8234221568
1789921919.254519,13756641280,99,324000000,65000,8234823680
1789921920.2552593,13756633088,100,326000000,65000,8234823680
1789921921.256028,13756637184,100,326000000,65000,8234823680
1789921922.2566895,13756637184,100,326000000,65000,8234823680
1789921923.2574627,13756637184,99,326000000,65000,8234823680
1789921924.2579858,13756608512,99,325000000,65000,8234823680
1789921925.2586458,13756608512,100,325000000,65000,8234823680
1789921926.259016,13756616704,99,324000000,65000,8235376640
1789921927.259511,13756653568,100,327000000,65000,8235884544
1789921928.2601082,13756653568,100,325000000,65000,8235884544
1789921929.260599,13756674048,99,326000000,65000,8235905024
1789921930.261149,13756674048,100,325000000,66000,8235905024
1789921931.261659,13756674048,100,327000000,66000,8235905024
1789921932.2623012,13756674048,100,326000000,66000,8235905024
1789921933.2627633,13756674048,100,327000000,66000,8235905024
1789921934.2631233,13756678144,99,324000000,65000,8236134400
1789921935.2637603,13756678144,100,325000000,65000,8236134400
1789921936.2644374,13756678144,99,323000000,65000,8236134400
1789921937.2650855,13756678144,100,324000000,65000,8236134400
1789921938.3266468,13756678144,99,325000000,66000,8236134400
1789921939.327292,13756682240,100,326000000,66000,8236134400
1789921940.3280084,13756682240,100,326000000,66000,8236134400
1789921941.3284795,13756682240,99,325000000,66000,8236134400
1789921942.628757,13756678144,46,188000000,64000,8236134400
1789921943.6294172,13756678144,99,316000000,64000,8236134400
1789921944.6301434,13756665856,99,325000000,65000,8236302336
1789921945.630614,13756665856,100,326000000,65000,8236302336
1789921946.6309865,13756686336,99,325000000,65000,8236625920
1789921947.6315913,13756686336,100,326000000,65000,8236625920
1789921948.632064,13756719104,100,326000000,65000,8236662784
1789921949.6327515,13756719104,100,327000000,65000,8236662784
1789921950.633217,13756723200,100,325000000,65000,8236662784
1789921951.6341724,13756719104,99,317000000,65000,8236662784
1789921952.6347082,13756719104,100,327000000,65000,8236662784
1789921953.6352186,13756719104,100,326000000,65000,8236662784
1789921954.6358068,13756686336,100,323000000,65000,8236662784
1789921955.6365278,13756686336,99,321000000,65000,8236662784
1789921956.6371539,13756686336,99,325000000,65000,8236662784
1789921957.637946,13756686336,100,326000000,65000,8236662784
1789921958.6387944,13756686336,100,326000000,65000,8236662784
1789921959.639605,13756686336,100,327000000,65000,8236662784
1789921960.6403944,13756686336,99,325000000,65000,8236662784
1789921961.6412258,13756686336,100,327000000,65000,8236662784
1789921962.6419768,13756686336,100,325000000,65000,8236662784
1789921963.6428802,13756686336,100,327000000,65000,8236662784
1789921964.6436703,13756706816,100,326000000,65000,8236683264
1789921965.6442678,13756674048,99,326000000,65000,8236683264
1789921966.645085,13756674048,99,325000000,65000,8236683264
1789921967.6457148,13756674048,100,325000000,65000,8236683264
1789921968.6460295,13756674048,99,323000000,65000,8236683264
1789921969.6464605,13756694528,100,323000000,65000,8241926144
1789921970.6469889,13756694528,100,327000000,65000,8241926144
1789921971.6472745,13756694528,100,327000000,65000,8241926144
1789921972.6478531,13756694528,99,324000000,65000,8241926144
1789921973.648633,13756715008,100,326000000,65000,8242798592
1789921974.648986,13756715008,100,326000000,65000,8242798592
1789921975.6494951,13756682240,100,326000000,65000,8242798592
1789921976.6503046,13756682240,100,326000000,65000,8242798592
1789921977.6508117,13756694528,99,325000000,65000,8242814976
1789921978.6517658,13756694528,100,326000000,65000,8242814976
1789921979.6521149,13756694528,100,327000000,65000,8242814976
1789921980.6531634,13756694528,99,323000000,65000,8242814976
1789921981.6537392,13756694528,100,326000000,65000,8242814976
1789921982.654435,13756694528,100,325000000,65000,8242814976
1789921983.6551232,13756694528,99,325000000,65000,8242814976
1789921984.656025,13756694528,100,326000000,65000,8242814976
1789921985.6568916,13756661760,100,327000000,65000,8242814976
1789921986.6575246,13756661760,100,323000000,65000,8242814976
1789921987.658746,13756694528,100,327000000,65000,8243814400
1789921988.6596,13756698624,100,326000000,65000,8243814400
1789921989.6601484,13756694528,99,326000000,65000,8243814400
1789921990.6608176,13756694528,100,326000000,65000,8243814400
1789921991.6613705,13756715008,100,327000000,65000,8243834880
1789921992.6618855,13756719104,100,327000000,65000,8243834880
1789921993.6627824,13756715008,100,325000000,65000,8243834880
1789921994.6633837,13756715008,100,326000000,65000,8243834880
1789921995.6639392,13756682240,100,327000000,65000,8243834880
1789921996.6645458,13756682240,100,327000000,65000,8243834880
1789921997.6655068,13756682240,99,320000000,65000,8243834880
1789921998.6661444,13756682240,100,328000000,65000,8243834880
1789921999.6669433,13756682240,100,326000000,65000,8243834880
1789922000.6675289,13756715008,100,327000000,65000,8246005760
1789922001.6680253,13756715008,100,326000000,65000,8246005760
1789922002.6684756,13756710912,100,328000000,65000,8246005760
1789922003.6689668,13756710912,100,325000000,65000,8246005760
1789922004.6695929,13756710912,99,325000000,65000,8246005760
1789922005.6701336,13756710912,100,326000000,65000,8246005760
1789922006.6707706,13756678144,99,324000000,65000,8246005760
1789922007.6714048,13756678144,100,326000000,65000,8246005760
1789922008.6719646,13756682240,100,326000000,65000,8246005760
1789922009.6727164,13756682240,100,326000000,65000,8246005760
1789922010.6732497,13756715008,100,326000000,65000,8246882304
1789922011.6740446,13756715008,99,325000000,65000,8246882304
1789922012.6746683,13756715008,100,327000000,65000,8246882304
1789922013.6751947,13756715008,100,326000000,65000,8246882304
1789922014.6759007,13756715008,100,326000000,65000,8246882304
1789922015.6766288,13756719104,100,326000000,65000,8246882304
1789922016.6772509,13756678144,99,325000000,65000,8246882304
1789922017.678005,13756678144,100,326000000,65000,8246882304
1789922018.6784844,13756682240,99,325000000,65000,8246882304
1789922019.6789978,13756682240,100,326000000,65000,8246882304
1789922021.1473012,13756682240,57,214000000,64000,8246882304
1789922022.1480389,13756682240,100,326000000,64000,8246882304
1789922023.1485095,13756682240,99,324000000,64000,8246882304
1789922024.1495895,13756682240,100,325000000,64000,8246882304
1789922025.1501493,13756682240,99,319000000,64000,8246882304
1789922026.1506183,13756682240,100,321000000,64000,8246882304
1789922027.1513634,13756649472,99,324000000,65000,8246882304
1789922028.1519654,13756649472,100,326000000,65000,8246882304
1789922029.1527739,13756649472,100,327000000,65000,8246882304
1789922030.1533315,13756649472,100,325000000,65000,8246882304
1789922031.153872,13756649472,99,319000000,65000,8246882304
1789922032.1545439,13756649472,100,327000000,65000,8246882304
1789922033.155354,13756649472,99,324000000,65000,8246882304
1789922034.1561337,13756649472,100,327000000,65000,8246882304
1789922035.1568735,13756649472,100,326000000,65000,8246882304
1789922036.157659,13756649472,99,325000000,65000,8246882304
1789922037.1581717,13756616704,100,325000000,65000,8246882304
1789922038.1586778,13756616704,100,327000000,65000,8246882304
1789922039.1594806,13756616704,100,325000000,65000,8246882304
1789922040.1601422,13756649472,100,327000000,65000,8247742464
1789922041.1608145,13756649472,99,320000000,65000,8247742464
1789922042.1612933,13756649472,100,326000000,65000,8247742464
1789922043.1621053,13756649472,100,326000000,65000,8247742464
1789922044.1626494,13756649472,99,321000000,65000,8247742464
1789922045.1633067,13756649472,100,326000000,65000,8247742464
1789922046.1636615,13756682240,99,325000000,65000,8248070144
1789922047.164041,13756649472,100,326000000,65000,8248070144
1789922048.16454,13756649472,100,326000000,65000,8248070144
1789922049.1650133,13756649472,100,326000000,65000,8248070144
1789922050.166325,13756649472,100,326000000,65000,8248070144
1789922051.1668503,13756649472,99,325000000,65000,8248070144
1789922052.167246,13756649472,100,326000000,65000,8248070144
1789922053.167819,13756653568,99,324000000,65000,8248070144
1789922054.168385,13756649472,100,324000000,65000,8248070144
1789922055.1692674,13756649472,100,327000000,65000,8248070144
1789922056.1698582,13756653568,100,326000000,65000,8248070144
1789922057.1705737,13756641280,99,325000000,65000,8248475648
1789922058.1710281,13756641280,100,323000000,65000,8248475648
1789922059.1716073,13756637184,99,317000000,65000,8248475648
1789922060.1720064,13756641280,100,326000000,65000,8248475648
1789922061.1724436,13756637184,100,327000000,65000,8248475648
1789922062.17311,13756637184,100,325000000,65000,8248475648
1789922063.1736414,13756657664,99,319000000,65000,8249847808
1789922064.1741364,13756657664,100,327000000,65000,8249847808
1789922065.1746159,13756657664,99,325000000,65000,8249847808
1789922066.1751804,13756698624,100,327000000,65000,8251199488
1789922067.1755943,13756665856,100,325000000,65000,8251199488
1789922068.1762133,13756665856,99,325000000,65000,8251199488
1789922069.176878,13756665856,100,326000000,65000,8251199488
1789922070.1851416,13756665856,99,325000000,65000,8251199488
1789922071.1857426,13756665856,100,326000000,66000,8251199488
1789922072.1861706,13756665856,100,327000000,65000,8251199488
1789922073.1868145,13756665856,99,325000000,65000,8251199488
1789922074.1882246,13756686336,100,327000000,66000,8253005824
1789922075.188657,13756706816,100,326000000,66000,8254193664
1789922076.1893094,13756706816,100,325000000,65000,8254193664
1789922077.855753,13756674048,55,205000000,64000,8254193664
1789922078.8563244,13756674048,100,332000000,65000,8254193664
1789922079.8568907,13756674048,99,325000000,65000,8254193664
1789922080.8573022,13756674048,100,327000000,65000,8254193664
1789922081.8578446,13756674048,100,327000000,65000,8254193664
1789922082.8583128,13756674048,100,326000000,65000,8254193664
1789922083.858853,13756674048,99,325000000,65000,8254193664
1789922084.8594918,13756674048,100,326000000,65000,8254193664
1789922085.8602664,13756674048,100,325000000,65000,8254193664
1789922086.8609736,13756674048,99,322000000,65000,8254193664
1789922087.8615093,13756641280,99,324000000,65000,8254193664
1789922088.862074,13756641280,99,322000000,65000,8254193664
1789922089.862405,13756641280,100,327000000,65000,8254193664
1789922090.863066,13756641280,99,323000000,65000,8254193664
1789922091.8635793,13756637184,100,327000000,65000,8254193664
1789922092.864143,13756637184,100,325000000,65000,8254193664
1789922093.8646028,13756637184,100,327000000,65000,8254193664
1789922094.865064,13756637184,100,326000000,65000,8254193664
1789922095.8658752,13756637184,99,317000000,65000,8254193664
1789922096.8663573,13756637184,99,323000000,65000,8254193664
1789922097.8668797,13756637184,100,328000000,66000,8254193664
1789922098.8674073,13756604416,100,325000000,65000,8254193664
1789922099.8678665,13756608512,99,325000000,65000,8254193664
1789922100.868588,13756608512,100,326000000,66000,8254193664
1789922101.86922,13756608512,100,326000000,66000,8254193664
1789922102.8698752,13756608512,100,327000000,66000,8254193664
1789922103.8705432,13756604416,100,326000000,66000,8254193664
1789922104.8709333,13756604416,99,324000000,66000,8254193664
1789922105.8713353,13756604416,100,328000000,66000,8254193664
1789922106.8720975,13756604416,100,326000000,66000,8254193664
1789922107.8725896,13756604416,100,325000000,66000,8254193664
1789922108.8733246,13756571648,99,326000000,66000,8254193664
1789922109.8741076,13756571648,100,327000000,66000,8254193664
1789922110.8745492,13756571648,100,327000000,66000,8254193664
1789922111.8749611,13756571648,100,326000000,66000,8254193664
1789922112.8756144,13756571648,100,326000000,66000,8254193664
1789922113.876249,13756596224,99,324000000,65000,8254214144
1789922114.876782,13756596224,100,326000000,66000,8254214144
1789922115.8773155,13756596224,100,326000000,66000,8254214144
1789922116.8781974,13756596224,100,327000000,66000,8254214144
1789922117.8788743,13756596224,100,326000000,66000,8254214144
1789922118.8797798,13756563456,99,320000000,66000,8254214144
1789922119.88033,13756563456,100,326000000,66000,8254214144
1789922120.8806965,13756563456,99,325000000,66000,8254214144
1789922121.8813813,13756563456,100,327000000,66000,8254214144
1789922122.8820279,13756563456,100,324000000,65000,8254214144
1789922123.8825493,13756563456,99,325000000,65000,8254214144
1789922124.8829362,13756563456,100,326000000,65000,8254214144
1789922125.8833764,13756563456,99,325000000,65000,8254214144
1789922126.8837636,13756563456,100,326000000,65000,8254214144
1789922127.8841949,13756563456,100,327000000,65000,8254214144
1789922128.8846133,13756530688,99,324000000,65000,8254214144
1789922129.885166,13756530688,100,326000000,65000,8254214144
1789922130.8857067,13756542976,100,327000000,65000,8254386176
1789922131.8861175,13756563456,100,326000000,65000,8254373888
1789922132.8865016,13756563456,99,325000000,65000,8254373888
1789922133.8869114,13756563456,100,326000000,65000,8254373888
1789922134.887341,13756567552,100,326000000,65000,8254373888
1789922135.8878398,13756563456,99,325000000,65000,8254373888
1789922136.8883176,13756583936,100,326000000,65000,8254394368
1789922137.888846,13756583936,100,327000000,65000,8254394368
1789922138.889311,13756551168,100,323000000,65000,8254394368
1789922139.8900719,13756551168,99,326000000,65000,8254394368
1789922140.8906624,13756551168,100,325000000,65000,8254394368
1789922141.891327,13756551168,100,328000000,65000,8254394368
1789922142.8921971,13756551168,100,325000000,65000,8254394368
1789922143.8926861,13756555264,100,326000000,65000,8254394368
1789922145.0287838,13756551168,50,198000000,64000,8254394368
1789922146.0293272,13756551168,100,329000000,65000,8254394368
1789922147.0299647,13756551168,100,326000000,65000,8254394368
1789922148.0307357,13756551168,99,325000000,65000,8254394368
1789922149.0313103,13756551168,100,326000000,65000,8254394368
1789922150.0321186,13756518400,100,326000000,65000,8254394368
1789922151.0328913,13756518400,100,323000000,65000,8254394368
1789922152.0335963,13756518400,100,326000000,65000,8254394368
1789922153.034283,13756514304,100,326000000,65000,8254394368
1789922154.0348334,13756514304,99,326000000,65000,8254484480
1789922155.0355015,13756534784,100,326000000,65000,8254562304
1789922156.0360117,13756534784,100,326000000,65000,8254562304
1789922157.0366552,13756534784,100,326000000,65000,8254562304
1789922158.0373206,13756538880,99,325000000,65000,8254562304
1789922159.037788,13756559360,100,327000000,65000,8256143360
1789922160.0383143,13756522496,100,326000000,65000,8256143360
1789922161.0391092,13756522496,100,326000000,65000,8256143360
1789922162.0396578,13756522496,99,325000000,65000,8256143360
1789922163.0404136,13756522496,100,327000000,65000,8256143360
1789922164.0410292,13756522496,100,326000000,66000,8256143360
1789922165.041578,13756522496,100,327000000,66000,8256143360
1789922166.0423877,13756522496,99,320000000,66000,8256143360
1789922167.0498807,13756522496,100,327000000,65000,8256143360
1789922168.050946,13756522496,100,326000000,66000,8256143360
1789922169.0515192,13756542976,100,326000000,65000,8256163840
1789922170.052317,13756510208,99,321000000,65000,8256163840
1789922171.0528233,13756510208,99,326000000,65000,8256196608
1789922172.0536697,13756530688,100,327000000,65000,8256909312
1789922173.0543175,13756530688,100,326000000,65000,8256909312
1789922174.0550008,13756534784,99,325000000,65000,8256909312
1789922175.056339,13756534784,100,321000000,65000,8256909312
1789922176.0570557,13756538880,99,326000000,65000,8256909312
1789922177.0576258,13756534784,100,326000000,65000,8256909312
1789922178.058355,13756534784,100,326000000,65000,8256909312
1789922179.058933,13756534784,100,326000000,66000,8256909312
1789922180.0597253,13756502016,99,325000000,66000,8256909312
1789922181.0603144,13756502016,100,327000000,66000,8256909312
1789922182.0608997,13756502016,100,326000000,66000,8256909312
1789922183.061549,13756502016,100,326000000,65000,8256909312
1789922184.0621934,13756534784,99,327000000,65000,8256946176
1789922185.062764,13756534784,100,325000000,65000,8256946176
1789922186.063607,13756534784,100,327000000,66000,8256946176
1789922187.06422,13756534784,100,324000000,66000,8256946176
1789922188.0647478,13756534784,99,325000000,66000,8256946176
1789922189.0655222,13756534784,100,325000000,65000,8256946176
1789922190.066179,13756502016,99,324000000,65000,8256946176
1789922191.0670424,13756502016,100,324000000,65000,8256946176
1789922192.0675442,13756522496,100,324000000,65000,8258383872
1789922193.0681477,13756522496,99,325000000,65000,8258383872
1789922194.0684829,13756522496,100,326000000,65000,8258383872
1789922195.069124,13756522496,100,326000000,65000,8258383872
1789922196.0695367,13756522496,99,325000000,66000,8258383872
1789922197.070025,13756542976,100,326000000,66000,8259788800
1789922198.0706692,13756563456,100,328000000,65000,8259776512
1789922199.0710804,13756563456,100,325000000,66000,8259776512
1789922200.0718029,13756583936,100,326000000,66000,8261083136
1789922201.0722444,13756551168,99,324000000,65000,8261083136
1789922202.072626,13756551168,100,327000000,66000,8261083136
1789922203.07301,13756551168,100,323000000,65000,8261083136
1789922204.074079,13756551168,99,325000000,65000,8261083136
1789922205.0747914,13756571648,100,326000000,65000,8262098944
1789922206.075495,13756571648,99,322000000,65000,8262098944
1789922207.0759938,13756571648,100,326000000,65000,8262098944
1789922208.0767448,13756624896,100,327000000,65000,8265846784
1789922209.077348,13756624896,100,326000000,65000,8265846784
1789922210.7073035,13756592128,59,221000000,64000,8265846784
1789922211.7078042,13756592128,100,325000000,65000,8265846784
1789922212.7085707,13756592128,99,325000000,65000,8265846784
1789922213.7091117,13756592128,100,326000000,65000,8265846784
1789922214.7095969,13756592128,100,326000000,65000,8265846784
1789922215.7103114,13756633088,99,326000000,65000,8265961472
1789922216.7108202,13756633088,100,327000000,65000,8265961472
1789922217.7114582,13756633088,100,325000000,65000,8265961472
1789922218.7121184,13756633088,100,326000000,65000,8265961472
1789922219.7127428,13756633088,99,326000000,65000,8265961472
1789922220.713459,13756633088,100,326000000,65000,8265961472
1789922221.7139585,13756600320,100,326000000,65000,8265961472
1789922222.7145114,13756600320,99,326000000,65000,8265961472
1789922223.7153523,13756600320,100,325000000,65000,8265961472
1789922224.7160037,13756600320,100,328000000,65000,8265961472
1789922225.7165182,13756600320,100,325000000,65000,8265961472
1789922226.7170622,13756600320,100,326000000,65000,8265961472
1789922227.71765,13756600320,100,324000000,65000,8265961472
1789922228.718576,13756600320,99,323000000,65000,8265961472
1789922229.7191322,13756600320,100,326000000,65000,8265961472
1789922230.7199316,13756600320,100,326000000,65000,8265961472
1789922231.7204769,13756567552,100,328000000,65000,8265961472
1789922232.7210114,13756567552,100,326000000,65000,8265961472
1789922233.721661,13756567552,99,324000000,65000,8265961472
1789922234.722476,13756567552,100,327000000,65000,8265961472
1789922235.7231114,13756571648,99,325000000,65000,8265961472
1789922236.723687,13756567552,100,326000000,65000,8265961472
1789922237.7242239,13756567552,99,325000000,65000,8265961472
1789922238.7250228,13756567552,100,326000000,66000,8265961472
1789922239.7255638,13756567552,100,327000000,66000,8265961472
1789922240.7261982,13756567552,100,326000000,66000,8265961472
1789922241.7270076,13756534784,100,326000000,66000,8265961472
1789922242.7275698,13756534784,99,326000000,66000,8265961472
1789922243.7337615,13756534784,100,325000000,66000,8265961472
1789922244.7342849,13756534784,100,326000000,66000,8265961472
1789922245.7350075,13756534784,99,326000000,66000,8265961472
1789922246.7354636,13756534784,100,326000000,66000,8265961472
1789922247.7360976,13756534784,100,325000000,66000,8265961472
1789922248.7366278,13756555264,99,325000000,66000,8265981952
1789922249.7375476,13756555264,100,326000000,66000,8265981952
1789922250.7381804,13756555264,100,326000000,66000,8265986048
1789922251.7389946,13756522496,99,324000000,66000,8265986048
1789922252.739709,13756542976,100,324000000,66000,8266215424
1789922253.7402065,13756542976,100,327000000,66000,8266215424
1789922254.7409768,13756542976,100,325000000,66000,8266215424
1789922255.742092,13756547072,99,324000000,66000,8311783424
1789922256.7838793,13756547072,100,327000000,66000,8266215424
1789922257.7847605,13756542976,100,326000000,66000,8266215424
1789922258.7856326,13756542976,99,324000000,66000,8266215424
1789922259.7861648,13756542976,100,327000000,66000,8266215424
1789922260.7865639,13756542976,100,326000000,66000,8266215424
1789922261.7870483,13756510208,99,324000000,66000,8266215424
1789922262.7874653,13756510208,100,328000000,66000,8266215424
1789922263.7879066,13756510208,100,326000000,66000,8266215424
1789922264.788273,13756510208,100,326000000,66000,8266215424
1789922265.7888598,13756510208,99,325000000,66000,8266215424
1789922266.7893841,13756510208,100,326000000,66000,8266215424
1789922267.78971,13756510208,99,325000000,66000,8266215424
1789922268.7904558,13756510208,100,327000000,66000,8266215424
1789922269.7910764,13756510208,100,326000000,66000,8266215424
1789922270.7915788,13756510208,99,326000000,66000,8266215424
1789922271.7920687,13756510208,100,326000000,66000,8266215424
1789922272.7929122,13756477440,99,325000000,66000,8266215424
1789922273.799328,13756477440,100,326000000,66000,8266215424
1789922274.7998037,13756477440,100,326000000,66000,8266215424
1789922275.8004825,13756477440,100,328000000,66000,8266215424
1789922276.801237,13756477440,100,325000000,66000,8266215424
1789922277.801977,13756477440,99,321000000,66000,8266215424
1789922278.8025951,13756477440,100,327000000,66000,8266215424
1789922279.803397,13756477440,100,326000000,66000,8266215424
1789922280.8040397,13756477440,100,326000000,66000,8266215424
1789922281.8800442,13756477440,34,157000000,64000,8266215424
1789922282.8806467,13756444672,99,330000000,65000,8266215424
1789922283.8813186,13756444672,100,326000000,65000,8266215424
1789922284.881878,13756444672,100,327000000,65000,8266215424
1789922285.882558,13756444672,100,326000000,65000,8266215424
1789922286.8830738,13756440576,99,326000000,65000,8266215424
1789922287.8838873,13756440576,100,326000000,65000,8266215424
1789922288.8845394,13756444672,100,328000000,65000,8266215424
1789922289.885251,13756465152,100,325000000,65000,8266571776
1789922290.8858082,13756465152,100,327000000,65000,8266575872
1789922291.886476,13756465152,99,318000000,65000,8266575872
1789922292.8873308,13756432384,100,326000000,65000,8266575872
1789922293.8879454,13756432384,99,319000000,65000,8266575872
1789922294.8886065,13756432384,99,325000000,65000,8266575872
1789922295.8892605,13756432384,100,326000000,66000,8266575872
1789922296.889761,13756432384,100,326000000,66000,8266575872
1789922297.8902526,13756432384,100,326000000,66000,8266575872
1789922298.8908527,13756432384,99,322000000,66000,8266575872
1789922299.8914323,13756432384,100,328000000,65000,8266575872
1789922300.892141,13756436480,100,326000000,66000,8266575872
1789922301.8928921,13756436480,100,326000000,66000,8266575872
1789922302.893792,13756403712,100,326000000,66000,8266575872
1789922303.8945599,13756403712,99,323000000,66000,8266575872
1789922304.8952038,13756403712,100,326000000,66000,8266575872
1789922305.8959055,13756403712,100,325000000,66000,8266575872
1789922306.8966556,13756403712,99,323000000,66000,8266575872
1789922307.8975892,13756403712,100,326000000,66000,8266575872
1789922308.8982112,13756403712,99,325000000,66000,8266575872
1789922309.8987179,13756399616,100,326000000,66000,8266575872
1789922310.8995059,13756399616,100,327000000,66000,8266575872
1789922311.9001203,13756399616,100,326000000,66000,8266575872
1789922312.9006925,13756420096,100,326000000,66000,8266944512
1789922313.9014242,13756387328,99,324000000,66000,8266944512
1789922314.902047,13756387328,100,327000000,66000,8266944512
1789922315.9025712,13756387328,100,326000000,66000,8266944512
1789922316.9029412,13756387328,100,327000000,66000,8266944512
1789922317.9035182,13756387328,100,326000000,66000,8266944512
1789922318.9040334,13756387328,100,325000000,66000,8266944512
1789922319.9044852,13756387328,99,323000000,66000,8266944512
1789922320.9051318,13756387328,100,326000000,66000,8266944512
1789922321.907655,13756387328,99,325000000,66000,8266944512
1789922322.9083595,13756407808,100,326000000,66000,8266969088
1789922323.9089403,13756375040,100,327000000,66000,8266969088
1789922324.9099004,13756375040,100,326000000,66000,8266969088
1789922325.910399,13756375040,100,327000000,66000,8266969088
1789922326.9110248,13756375040,99,325000000,66000,8266969088
1789922327.9114916,13756375040,100,326000000,66000,8266969088
1789922328.9121673,13756375040,100,326000000,66000,8266969088
1789922329.9128697,13756375040,99,320000000,66000,8266969088
1789922330.913366,13756375040,100,328000000,66000,8266969088
1789922331.914244,13756375040,100,327000000,66000,8266969088
1789922332.9149005,13756375040,100,326000000,66000,8266969088
1789922333.9153864,13756342272,100,326000000,66000,8266969088
1789922334.916015,13756362752,99,325000000,66000,8268222464
1789922335.9168572,13756362752,100,326000000,66000,8268222464
1789922336.917355,13756362752,100,326000000,66000,8268222464
1789922337.9180489,13756383232,100,326000000,66000,8269361152
1789922338.9185848,13756383232,99,323000000,65000,8269361152
1789922339.9190938,13756383232,100,326000000,66000,8269361152
1789922340.919724,13756383232,99,326000000,66000,8269361152
1789922341.920252,13756383232,100,326000000,66000,8269361152
1789922342.9211605,13756416000,100,326000000,66000,8270192640
1789922343.9216948,13756379136,100,325000000,66000,8270192640
1789922344.9222841,13756379136,100,328000000,66000,8270192640
1789922345.9228354,13756383232,99,324000000,66000,8270192640
1789922346.9235184,13756383232,100,324000000,65000,8270192640
1789922347.924607,13756383232,99,324000000,66000,8270192640
1789922348.9250953,13756383232,100,326000000,66000,8270192640
1789922349.925756,13756403712,100,326000000,66000,8271683584
1789922351.20361,13756403712,64,235000000,65000,8271683584
1789922352.204261,13756424192,100,330000000,65000,8271777792
1789922353.2048402,13756424192,100,326000000,65000,8271777792
1789922354.2055666,13756391424,99,326000000,65000,8271777792
1789922355.206578,13756391424,100,326000000,65000,8271777792
1789922356.2071865,13756391424,100,326000000,65000,8271777792
1789922357.207804,13756391424,99,324000000,65000,8271777792
1789922358.208365,13756391424,100,327000000,65000,8271777792
1789922359.2089767,13756391424,100,326000000,65000,8271777792
1789922360.2098076,13756391424,99,325000000,65000,8271777792
1789922361.210284,13756391424,100,326000000,66000,8271777792
1789922362.2109046,13756391424,100,326000000,66000,8271777792
1789922363.2113433,13756391424,99,325000000,66000,8271777792
1789922364.2118344,13756358656,100,323000000,66000,8271777792
1789922365.2127218,13756358656,100,326000000,66000,8271777792
1789922366.2132022,13756379136,99,325000000,66000,8272044032
1789922367.2139897,13756379136,100,326000000,66000,8272044032
1789922368.2144647,13756399616,100,326000000,66000,8272064512
1789922369.215117,13756399616,100,326000000,66000,8272064512
1789922370.2156775,13756399616,99,322000000,66000,8272064512
1789922371.2166753,13756399616,100,325000000,66000,8272064512
1789922372.2170696,13756399616,99,324000000,66000,8272064512
1789922373.2178245,13756399616,100,326000000,66000,8272064512
1789922374.218547,13756399616,99,324000000,66000,8272064512
1789922375.2193508,13756366848,100,326000000,66000,8272064512
1789922376.2201042,13756366848,100,327000000,66000,8272064512
1789922377.2207365,13756366848,100,326000000,66000,8272064512
1789922378.221418,13756366848,99,325000000,66000,8272064512
1789922379.222126,13756366848,100,326000000,66000,8272064512
1789922380.2229848,13756366848,99,320000000,66000,8272064512
1789922381.2235541,13756399616,100,328000000,66000,8272101376
1789922382.2241008,13756399616,100,326000000,66000,8272101376
1789922383.2248747,13756399616,100,327000000,66000,8272101376
1789922384.22547,13756399616,100,326000000,66000,8272101376
1789922385.2260988,13756366848,100,326000000,66000,8272101376
1789922386.226567,13756366848,99,326000000,66000,8272101376
1789922387.2272792,13756407808,100,327000000,66000,8274833408
1789922388.2278686,13756407808,100,326000000,66000,8274833408
1789922389.2286286,13756407808,100,326000000,66000,8274833408
1789922390.2292466,13756403712,100,327000000,66000,8274833408
1789922391.2300441,13756403712,99,325000000,66000,8274833408
1789922392.2305996,13756403712,100,326000000,66000,8274833408
1789922393.231329,13756407808,100,326000000,66000,8274833408
1789922394.2320182,13756407808,100,326000000,66000,8274833408
1789922395.232738,13756375040,100,326000000,66000,8274833408
1789922396.2332475,13756375040,99,325000000,66000,8274833408
1789922397.2338376,13756375040,100,326000000,66000,8274833408
1789922398.2345304,13756375040,100,326000000,66000,8274833408
1789922399.234996,13756375040,99,322000000,66000,8274833408
1789922400.235538,13756375040,100,327000000,66000,8274833408
1789922401.2359204,13756375040,100,326000000,66000,8274833408
1789922402.236281,13756375040,99,325000000,66000,8274833408
1789922403.2368,13756375040,100,326000000,66000,8274833408
1789922404.237727,13756375040,100,326000000,66000,8274833408
1789922405.2382994,13756342272,99,325000000,66000,8274833408
1789922406.2388184,13756342272,100,326000000,66000,8274833408
1789922407.2394805,13756338176,100,326000000,66000,8274833408
1789922408.2400014,13756358656,99,324000000,65000,8274853888
1789922409.2405927,13756358656,100,326000000,66000,8274853888
1789922410.2411134,13756362752,100,327000000,66000,8274853888
1789922411.2418232,13756362752,99,322000000,66000,8274853888
1789922412.2424808,13756362752,100,325000000,65000,8274853888
1789922413.2430172,13756362752,99,325000000,65000,8274857984
1789922414.2435138,13756362752,100,326000000,65000,8274853888
1789922415.2443125,13756362752,100,326000000,66000,8274853888
1789922416.2450538,13756329984,99,325000000,66000,8274853888
1789922417.2455988,13756329984,100,323000000,66000,8274853888
1789922418.246211,13756329984,99,325000000,66000,8274853888
1789922419.2467985,13756329984,100,326000000,66000,8274853888
1789922420.2473664,13756329984,32,144000000,63000,8274853888
1789922421.247919,13756329984,93,305000000,65000,8274853888
1789922422.2484214,13756329984,100,326000000,65000,8274853888
1789922423.2492087,13756329984,100,326000000,65000,8274853888
1789922424.249894,13756329984,100,326000000,65000,8274853888
1789922425.2505045,13756350464,100,326000000,65000,8274878464
1789922426.2511163,13756317696,100,327000000,65000,8274878464
1789922427.2520604,13756317696,99,325000000,65000,8274878464
1789922428.2528615,13756317696,100,327000000,65000,8274878464
1789922429.2533681,13756317696,100,325000000,66000,8274878464
1789922430.254142,13756317696,100,324000000,66000,8274878464
1789922431.254906,13756317696,100,326000000,66000,8274878464
1789922432.2553794,13756338176,99,321000000,65000,8275501056
1789922433.255942,13756338176,100,326000000,65000,8275501056
1789922434.2566555,13756338176,100,327000000,66000,8275505152
1789922435.2570941,13756338176,99,325000000,65000,8275505152
1789922436.257643,13756305408,100,326000000,66000,8275505152
1789922437.2584665,13756325888,100,327000000,66000,8275525632
1789922438.2591355,13756329984,100,325000000,66000,8275525632
1789922439.3662555,13756329984,99,321000000,65000,8275525632
1789922440.3670285,13756325888,100,326000000,66000,8275525632
1789922441.367845,13756325888,100,326000000,66000,8275525632
1789922442.3684,13756325888,100,327000000,66000,8275525632
1789922443.369346,13756366848,99,322000000,66000,8276729856
1789922444.3701582,13756366848,100,326000000,66000,8276729856
1789922445.3706663,13756366848,100,328000000,66000,8276729856
1789922446.3713088,13756342272,100,325000000,66000,8276733952
1789922447.371837,13756346368,100,326000000,66000,8276733952
1789922448.3728979,13756342272,99,324000000,66000,8276738048
1789922449.3733606,13756375040,99,325000000,66000,8278609920
1789922450.37413,13756375040,100,326000000,66000,8278609920
1789922451.3746846,13756375040,100,327000000,66000,8278609920
1789922452.3751905,13756375040,100,326000000,66000,8278609920
1789922453.3757832,13756375040,99,323000000,66000,8278609920
1789922454.376395,13756375040,100,326000000,66000,8278609920
1789922455.37729,13756375040,100,326000000,66000,8278609920
1789922456.377718,13756342272,99,325000000,66000,8278609920
1789922457.3781264,13756342272,100,326000000,66000,8278614016
1789922458.3791566,13756342272,100,327000000,66000,8278614016
1789922459.3797863,13756342272,100,327000000,66000,8278614016
1789922460.380584,13756342272,100,326000000,66000,8278614016
1789922461.381105,13756342272,99,321000000,66000,8278614016
1789922462.3817647,13756342272,99,324000000,66000,8278614016
1789922463.3822372,13756342272,100,327000000,66000,8278614016
1789922464.382845,13756342272,100,323000000,66000,8278614016
1789922465.3833263,13756342272,99,320000000,66000,8278614016
1789922466.3838785,13756342272,100,326000000,66000,8278614016
1789922467.3843913,13756321792,100,327000000,66000,8278614016
1789922468.3849268,13756321792,100,325000000,66000,8278614016
1789922469.3854876,13756321792,100,326000000,66000,8278614016
1789922470.3861275,13756321792,100,327000000,66000,8278614016
1789922471.3867066,13756321792,100,327000000,66000,8278614016
1789922472.3871622,13756321792,99,324000000,66000,8278614016
1789922473.3878129,13756321792,100,326000000,66000,8278614016
1789922474.388355,13756321792,100,326000000,66000,8278614016
1789922475.389212,13756321792,100,327000000,66000,8278614016
1789922476.3896945,13756321792,100,325000000,66000,8278614016
1789922477.3908424,13756293120,99,322000000,65000,8278614016
1789922478.3916528,13756293120,100,326000000,66000,8278614016
1789922479.392128,13756325888,99,325000000,66000,8279429120
1789922480.3928602,13756325888,100,327000000,66000,8279429120
1789922481.393339,13756325888,100,326000000,66000,8279429120
1789922482.393813,13756346368,100,326000000,66000,8281489408
1789922483.3944812,13756346368,100,326000000,66000,8281489408
1789922484.3951967,13756346368,100,326000000,66000,8281489408
1789922485.3961768,13756346368,99,326000000,66000,8281489408
1789922486.396851,13756346368,100,327000000,66000,8281489408
1789922487.3973246,13756313600,100,326000000,66000,8281489408
1789922488.3978763,13756313600,100,326000000,66000,8281489408
1789922489.3984222,13756313600,100,326000000,66000,8281489408
1789922490.3992727,13756313600,99,323000000,66000,8281489408
1789922491.3997521,13756313600,99,323000000,66000,8281489408
1789922492.7165012,13756313600,48,193000000,64000,8281489408
1789922493.7170887,13756334080,100,323000000,65000,8281509888
1789922494.7176013,13756334080,100,326000000,65000,8281509888
1789922495.718192,13756334080,99,325000000,65000,8281509888
1789922496.7189043,13756334080,100,326000000,65000,8281509888
1789922497.7194738,13756321792,100,327000000,65000,8281530368
1789922498.7199664,13756321792,100,325000000,65000,8281530368
1789922499.7206557,13756321792,100,326000000,65000,8281530368
1789922500.7212992,13756321792,99,326000000,65000,8281530368
1789922501.722063,13756321792,100,325000000,65000,8281530368
1789922502.7228284,13756321792,100,328000000,65000,8281530368
1789922503.7235007,13756334080,100,326000000,65000,8281554944
1789922504.7239783,13756375040,100,326000000,65000,8283275264
1789922505.7244017,13756375040,100,324000000,65000,8283275264
1789922506.7248042,13756375040,99,325000000,65000,8283275264
1789922507.7256453,13756342272,100,326000000,65000,8283275264
1789922508.7261708,13756342272,100,326000000,65000,8283275264
1789922509.727015,13756342272,99,324000000,65000,8283275264
1789922510.7278123,13756342272,100,327000000,65000,8283275264
1789922511.7286997,13756342272,100,326000000,65000,8283275264
1789922512.729316,13756346368,99,323000000,65000,8283275264
1789922513.7299464,13756346368,100,326000000,65000,8283275264
1789922514.7305105,13756346368,100,326000000,65000,8283275264
1789922515.7311816,13756342272,99,321000000,65000,8283275264
1789922516.7318301,13756342272,100,326000000,65000,8283275264
1789922517.7326617,13756309504,99,325000000,65000,8283275264
1789922518.7331672,13756342272,100,328000000,65000,8283308032
1789922519.7338893,13756342272,100,326000000,65000,8283308032
1789922520.7346632,13756342272,100,326000000,65000,8283308032
1789922521.7353785,13756342272,99,325000000,65000,8283308032
1789922522.7359595,13756342272,100,326000000,65000,8283308032
1789922523.736531,13756342272,100,326000000,65000,8283308032
1789922524.7373803,13756342272,99,325000000,65000,8283308032
1789922525.7383108,13756342272,100,326000000,65000,8283308032
1789922526.7389266,13756342272,100,327000000,65000,8283308032
1789922527.7396934,13756342272,100,328000000,65000,8283308032
1789922528.740409,13756309504,99,325000000,65000,8283308032
1789922529.7408857,13756309504,99,325000000,65000,8283308032
1789922530.7414393,13756309504,100,327000000,65000,8283308032
1789922531.7418761,13756309504,100,326000000,65000,8283308032
1789922532.7425656,13756362752,100,327000000,65000,8285556736
1789922533.7433643,13756362752,100,327000000,65000,8285556736
1789922534.743899,13756383232,99,325000000,65000,8285765632
1789922535.7445252,13756383232,100,319000000,65000,8285765632
1789922536.7452035,13756383232,99,325000000,66000,8285765632
1789922537.7460053,13756383232,100,325000000,65000,8285765632
1789922538.7465293,13756358656,99,324000000,65000,8285765632
1789922539.747144,13756358656,100,327000000,65000,8285765632
1789922540.747694,13756379136,100,326000000,65000,8286167040
1789922541.7484455,13756379136,100,326000000,65000,8286167040
1789922542.748973,13756379136,100,326000000,65000,8286167040
1789922543.7496495,13756379136,100,327000000,66000,8286167040
1789922544.7501066,13756379136,99,322000000,65000,8286167040
1789922545.7509558,13756379136,100,326000000,65000,8286167040
1789922546.751738,13756379136,99,324000000,65000,8286167040
1789922547.7525637,13756379136,100,326000000,65000,8286167040
1789922548.7531517,13756379136,100,327000000,65000,8286167040
1789922549.7538607,13756379136,100,325000000,65000,8286167040
1789922550.7544563,13756379136,99,324000000,65000,8286167040
1789922551.7550557,13756379136,100,326000000,65000,8286167040
1789922552.7556279,13756379136,99,324000000,65000,8286167040
1789922553.756128,13756379136,100,326000000,65000,8286167040
1789922554.757506,13756379136,99,324000000,65000,8286167040
1789922555.7580044,13756379136,100,326000000,65000,8286167040
1789922556.7620766,13756379136,99,326000000,65000,8286904320
1789922557.762582,13756399616,100,322000000,65000,8286887936
1789922558.7633164,13756399616,46,189000000,63000,8286887936
1789922559.7638776,13756399616,99,328000000,65000,8286887936
1789922560.7644532,13756399616,100,326000000,65000,8286887936
1789922561.7650056,13756399616,100,326000000,65000,8286887936
1789922562.7658844,13756399616,100,326000000,65000,8286887936
1789922563.766878,13756399616,100,326000000,65000,8286887936
1789922564.767531,13756399616,99,325000000,65000,8286887936
1789922565.7683938,13756399616,100,326000000,65000,8286887936
1789922566.7694519,13756399616,100,327000000,65000,8286887936
1789922567.7701716,13756399616,100,325000000,65000,8286887936
1789922568.7707238,13756399616,100,327000000,65000,8286887936
1789922569.7712724,13756420096,100,326000000,65000,8287653888
1789922570.7719283,13756420096,99,320000000,65000,8287653888
1789922571.7725806,13756420096,100,327000000,65000,8287653888
1789922572.7732663,13756420096,100,326000000,65000,8287653888
1789922573.773784,13756440576,99,324000000,65000,8288051200
1789922574.7743616,13756440576,100,325000000,65000,8288051200
1789922575.774862,13756440576,100,327000000,65000,8288051200
1789922576.7760315,13756440576,99,317000000,65000,8288051200
1789922577.7765334,13756440576,100,326000000,65000,8288051200
1789922578.7773693,13756440576,100,327000000,65000,8288051200
1789922579.777888,13756440576,99,323000000,65000,8288051200
1789922580.7785149,13756440576,100,326000000,65000,8288051200
1789922581.7792625,13756440576,100,326000000,65000,8288051200
1789922582.7798576,13756440576,99,325000000,65000,8288051200
1789922583.7806373,13756440576,100,326000000,65000,8288051200
1789922584.7812939,13756440576,99,325000000,65000,8288051200
1789922585.7820435,13756440576,100,328000000,65000,8288051200
1789922586.782676,13756440576,100,325000000,66000,8288051200
1789922587.7832127,13756440576,100,327000000,66000,8288051200
1789922588.7838047,13756440576,100,326000000,65000,8288051200
1789922589.7842848,13756440576,100,327000000,66000,8288051200
1789922590.7848423,13756440576,100,326000000,65000,8288051200
1789922591.7853875,13756440576,99,326000000,65000,8288051200
1789922592.786012,13756440576,100,323000000,65000,8288051200
1789922593.7869568,13756440576,99,322000000,65000,8288051200
1789922594.7878375,13756440576,100,326000000,65000,8288051200
1789922595.788318,13756440576,100,327000000,65000,8288051200
1789922596.7888284,13756440576,99,326000000,65000,8288051200
1789922597.7900093,13756440576,100,325000000,66000,8288051200
1789922598.7907023,13756440576,100,327000000,66000,8288051200
1789922599.7912686,13756440576,100,326000000,65000,8288051200
1789922600.7921147,13756440576,100,327000000,65000,8288051200
1789922601.7925642,13756440576,99,325000000,65000,8288051200
1789922602.7932155,13756440576,100,326000000,65000,8288051200
1789922603.7936664,13756440576,100,326000000,65000,8288051200
1789922604.794421,13756440576,100,326000000,65000,8288051200
1789922605.7951956,13756440576,100,326000000,65000,8288051200
1789922606.7959871,13756440576,99,325000000,65000,8288051200
1789922607.796581,13756461056,100,327000000,65000,8288071680
1789922608.7970273,13756461056,100,326000000,65000,8288071680
1789922609.797884,13756461056,100,327000000,65000,8288071680
1789922610.7985296,13756461056,100,326000000,65000,8288071680
1789922611.799262,13756481536,99,326000000,65000,8289763328
1789922612.7999682,13756481536,100,326000000,65000,8289763328
1789922613.8006413,13756481536,100,328000000,65000,8289763328
1789922614.8014455,13756481536,99,324000000,65000,8289763328
1789922615.8020754,13756481536,100,326000000,65000,8289763328
1789922616.8027604,13756481536,100,326000000,65000,8289763328
1789922617.8033123,13756481536,100,326000000,65000,8289763328
1789922618.803713,13756481536,100,326000000,65000,8289763328
1789922619.8042705,13756481536,100,326000000,65000,8289763328
1789922620.8049788,13756481536,100,327000000,65000,8289763328
1789922621.8054867,13756481536,99,325000000,65000,8289763328
1789922622.8061085,13756502016,100,326000000,65000,8289783808
1789922623.807113,13756502016,100,326000000,65000,8289783808
1789922624.8078723,13756502016,99,325000000,65000,8289783808
1789922625.808586,13756502016,100,326000000,65000,8289783808
1789922626.8091233,13756502016,100,327000000,65000,8289783808
1789922627.8099563,13756502016,100,325000000,65000,8289783808
1789922628.810463,13756506112,99,326000000,65000,8289783808
1789922629.8112407,13756506112,100,326000000,65000,8289783808
1789922630.8119175,13756506112,100,326000000,65000,8289783808
1789922631.8124595,13756506112,99,326000000,65000,8291459072
1789922632.8132057,13756526592,100,326000000,65000,8291442688
1789922633.8139043,13756526592,100,326000000,65000,8291442688
1789922634.8144777,13756526592,100,326000000,65000,8291442688
1789922635.8152394,13756522496,99,325000000,65000,8291442688
1789922636.9837747,13756522496,54,208000000,64000,8291442688
1789922637.9842498,13756542976,100,331000000,65000,8291700736
1789922638.9848018,13756547072,100,325000000,65000,8291700736
1789922639.9854994,13756542976,99,320000000,65000,8291700736
1789922640.9860566,13756547072,99,319000000,65000,8291700736
1789922641.9869974,13756583936,100,326000000,65000,8291741696
1789922642.9877765,13756583936,100,326000000,65000,8291741696
1789922643.9882843,13756604416,100,327000000,65000,8293023744
1789922644.9890633,13756604416,99,322000000,65000,8293023744
1789922645.989726,13756604416,100,326000000,65000,8293023744
1789922646.9903953,13756624896,100,327000000,65000,8294043648
1789922647.9908555,13756624896,99,325000000,65000,8294043648
1789922648.991357,13756624896,100,326000000,65000,8294043648
1789922649.9919052,13756645376,100,326000000,65000,8294932480
1789922650.9925325,13756645376,100,327000000,65000,8294932480
1789922651.993102,13756645376,100,325000000,65000,8294932480
1789922652.9935634,13756645376,100,328000000,65000,8294932480
1789922653.994144,13756645376,99,322000000,65000,8294932480
1789922654.994618,13756698624,100,327000000,65000,8294985728
1789922655.995298,13756698624,100,325000000,65000,8294985728
1789922656.9962168,13756698624,100,327000000,65000,8294985728
1789922657.9966917,13756719104,99,326000000,65000,8295006208
1789922658.9971907,13756719104,100,326000000,65000,8295006208
1789922659.997746,13756719104,100,325000000,65000,8295006208
1789922660.9981067,13756719104,100,326000000,65000,8295006208
1789922661.9987905,13756719104,100,326000000,65000,8295006208
1789922662.9992046,13756719104,99,325000000,65000,8295006208
1789922663.9996815,13756739584,100,325000000,65000,8295026688
1789922665.0005481,13756739584,100,327000000,65000,8295026688
1789922666.0010216,13756739584,100,326000000,65000,8295026688
1789922667.0013723,13756739584,99,321000000,65000,8295026688
1789922668.0017724,13756739584,100,326000000,65000,8295026688
1789922669.0024762,13756739584,99,325000000,65000,8295026688
1789922670.0031374,13756739584,100,327000000,65000,8295026688
1789922671.0036597,13756739584,100,324000000,65000,8295026688
1789922672.0041592,13756760064,99,323000000,65000,8297828352
1789922673.004586,13756760064,100,325000000,65000,8297828352
1789922674.0052707,13756760064,100,327000000,65000,8297828352
1789922675.0059261,13756760064,100,328000000,65000,8297828352
1789922676.0064747,13756760064,100,324000000,65000,8297828352
1789922677.007124,13756755968,100,327000000,65000,8297828352
1789922678.0077863,13756755968,99,322000000,65000,8297828352
1789922679.0083706,13756755968,100,327000000,65000,8297828352
1789922680.0090759,13756755968,99,324000000,65000,8297828352
1789922681.0099626,13756755968,100,326000000,65000,8297828352
1789922682.0103593,13756755968,99,324000000,65000,8297828352
1789922683.0108995,13756760064,100,326000000,65000,8297828352
1789922684.0113976,13756755968,100,325000000,65000,8297828352
1789922685.0120113,13756755968,99,326000000,65000,8297828352
1789922686.0126886,13756755968,100,327000000,65000,8297828352
1789922687.013287,13756755968,100,326000000,65000,8297828352
1789922688.0141795,13756755968,99,322000000,65000,8297828352
1789922689.0147054,13756755968,100,326000000,65000,8297828352
1789922690.0156155,13756760064,100,326000000,65000,8297828352
1789922691.0161984,13756760064,99,326000000,65000,8297828352
1789922692.0167122,13756755968,100,326000000,65000,8297828352
1789922693.0173912,13756776448,100,326000000,65000,8298770432
1789922694.0182436,13756776448,100,326000000,65000,8298770432
1789922695.018707,13756776448,100,326000000,65000,8298770432
1789922696.0190806,13756817408,99,322000000,65000,8300032000
1789922697.019653,13756817408,100,326000000,65000,8300032000
1789922698.0204062,13756817408,100,327000000,65000,8300032000
1789922699.0210023,13756817408,100,326000000,65000,8300032000
1789922700.0217543,13756817408,99,326000000,65000,8300032000
1789922701.0223649,13756821504,33,152000000,63000,8300032000
1789922702.0232291,13756821504,100,332000000,65000,8300032000
1789922703.023599,13756821504,99,325000000,65000,8300032000
1789922704.024348,13756825600,100,325000000,65000,8300032000
1789922705.0248392,13756821504,99,325000000,65000,8300032000
1789922706.0255256,13756821504,100,326000000,65000,8300032000
1789922707.0265994,13756821504,99,320000000,65000,8300032000
1789922708.0273476,13756821504,99,321000000,65000,8300032000
1789922709.0280938,13756821504,100,326000000,65000,8300032000
1789922710.0285983,13756841984,100,327000000,65000,8300183552
1789922711.0292325,13756841984,100,326000000,65000,8300183552
1789922712.0299098,13756841984,100,326000000,65000,8300183552
1789922713.0307996,13756841984,99,326000000,65000,8300183552
1789922714.0312507,13756841984,100,327000000,65000,8300183552
1789922715.0317996,13756841984,100,325000000,65000,8300183552
1789922716.0324302,13756841984,100,325000000,65000,8300183552
1789922717.0331445,13756846080,99,325000000,65000,8300183552
1789922718.033816,13756841984,100,326000000,65000,8300183552
1789922719.034327,13756841984,99,322000000,65000,8300183552
1789922720.0347884,13756841984,100,326000000,65000,8300183552
1789922721.0355728,13756841984,100,328000000,66000,8300183552
1789922722.0362675,13756841984,100,325000000,65000,8300183552
1789922723.0368903,13756841984,100,323000000,65000,8300183552
1789922724.0372696,13756841984,100,326000000,65000,8300183552
1789922725.038045,13756841984,100,328000000,65000,8300183552
1789922726.0386713,13756841984,99,322000000,65000,8300183552
1789922727.0392172,13756862464,100,327000000,65000,8301129728
1789922728.0399697,13756862464,99,323000000,65000,8301129728
1789922729.162048,13756862464,100,327000000,65000,8301129728
1789922730.1627643,13756862464,100,326000000,65000,8301129728
1789922731.1633763,13756862464,99,325000000,65000,8301129728
1789922732.163978,13756882944,100,326000000,65000,8302080000
1789922733.164452,13756903424,100,326000000,65000,8303276032
1789922734.1649623,13756903424,100,327000000,65000,8303276032
1789922735.16574,13756903424,99,326000000,65000,8303276032
1789922736.1662338,13756903424,100,325000000,65000,8303276032
1789922737.166722,13756923904,99,323000000,65000,8304119808
1789922738.167372,13756923904,100,326000000,65000,8304119808
1789922739.1679218,13756923904,99,322000000,65000,8304119808
1789922740.168662,13756923904,100,326000000,65000,8304119808
1789922741.1692553,13756923904,100,328000000,65000,8304119808
1789922742.1698124,13756923904,100,325000000,65000,8304119808
1789922743.1707256,13756923904,100,325000000,65000,8304119808
1789922744.171545,13756944384,99,326000000,65000,8305307648
1789922745.1723878,13756944384,100,325000000,65000,8305307648
1789922746.1729558,13756944384,100,326000000,65000,8305307648
1789922747.1735306,13756944384,99,323000000,65000,8305311744
1789922748.174204,13756944384,100,325000000,65000,8305307648
1789922749.1747146,13756944384,99,322000000,65000,8305307648
1789922750.1754022,13756944384,100,326000000,65000,8305307648
1789922751.1760662,13756964864,99,325000000,65000,8306221056
1789922752.176639,13756964864,100,327000000,65000,8306221056
1789922753.177272,13756964864,100,326000000,65000,8306221056
1789922754.1777754,13756964864,100,326000000,65000,8306221056
1789922755.1782734,13756964864,99,325000000,65000,8306221056
1789922756.1789305,13757018112,100,326000000,65000,8309202944
1789922757.179721,13757018112,100,326000000,65000,8309202944
1789922758.180297,13757022208,37,164000000,63000,8309202944
1789922759.1809938,13757022208,100,332000000,65000,8309202944
1789922760.1815443,13757018112,100,326000000,65000,8309202944
1789922761.1820514,13757018112,99,324000000,65000,8309202944
1789922762.1828096,13757018112,100,326000000,65000,8309202944
1789922763.183312,13757038592,100,326000000,65000,8309346304
1789922764.1839201,13757038592,100,327000000,65000,8309346304
1789922765.1844962,13757038592,100,326000000,65000,8309346304
1789922766.1852224,13757038592,100,324000000,65000,8309346304
1789922767.1860023,13757038592,99,325000000,65000,8309346304
1789922768.1864989,13757038592,100,326000000,65000,8309346304
1789922769.1872573,13757038592,100,326000000,65000,8309346304
1789922770.1879504,13757059072,100,327000000,65000,8309420032
1789922771.18877,13757059072,100,326000000,65000,8309420032
1789922772.189445,13757059072,100,327000000,65000,8309428224
1789922773.1900885,13757079552,99,324000000,65000,8309714944
1789922774.190669,13757079552,100,326000000,65000,8309714944
1789922775.1912823,13757079552,100,326000000,65000,8309714944
1789922776.191994,13757079552,100,326000000,65000,8309714944
1789922777.192474,13757079552,99,325000000,65000,8309714944
1789922778.1929398,13757079552,100,327000000,65000,8309714944
1789922779.1934645,13757079552,100,327000000,65000,8309714944
1789922780.1940138,13757079552,100,326000000,65000,8309714944
1789922781.1947207,13757079552,100,326000000,65000,8309714944
1789922782.195269,13757079552,93,302000000,65000,8309714944
1789922783.1957574,13757079552,100,326000000,65000,8309714944
1789922784.1961436,13757079552,99,325000000,65000,8309714944
1789922785.1967063,13757079552,100,326000000,65000,8309714944
1789922786.1977863,13757100032,100,326000000,65000,8310407168
1789922787.1984544,13757100032,99,325000000,65000,8310407168
1789922788.199025,13757120512,100,326000000,65000,8311156736
1789922789.1995606,13757120512,100,327000000,65000,8311156736
1789922790.200215,13757120512,100,326000000,65000,8311156736
1789922791.2006955,13757120512,99,326000000,65000,8311156736
1789922792.2014587,13757120512,100,326000000,65000,8311156736
1789922793.2019734,13757120512,100,328000000,65000,8311156736
1789922794.2025807,13757120512,100,321000000,65000,8311156736
1789922795.2032716,13757140992,99,322000000,65000,8311906304
1789922796.2037792,13757140992,100,324000000,65000,8311906304
1789922797.204447,13757140992,100,326000000,65000,8311906304
1789922798.2050912,13757140992,99,326000000,65000,8311906304
1789922799.205813,13757140992,100,326000000,65000,8311906304
1789922800.561103,13757173760,100,327000000,65000,8313339904
1789922801.5618968,13757173760,100,326000000,65000,8313339904
1789922802.5623899,13757173760,100,327000000,65000,8313339904
1789922803.5629644,13757173760,99,322000000,65000,8313339904
1789922804.5634756,13757173760,100,326000000,65000,8313339904
1789922805.564138,13757173760,100,327000000,65000,8313339904
1789922806.5649934,13757173760,99,325000000,65000,8313339904
1789922807.565573,13757177856,100,326000000,65000,8313339904
1789922808.5660305,13757173760,100,326000000,65000,8313339904
1789922809.566947,13757173760,99,325000000,65000,8313339904
1789922810.5674992,13757194240,100,326000000,65000,8313683968
1789922811.568112,13757194240,100,328000000,65000,8313683968
1789922812.5689156,13757194240,100,325000000,65000,8313683968
1789922813.5693839,13757194240,100,327000000,65000,8313683968
1789922814.5698812,13757194240,100,327000000,65000,8313683968
1789922815.5704741,13757194240,100,326000000,65000,8313683968
1789922816.571033,13757194240,100,326000000,65000,8313683968
1789922817.5715704,13757194240,99,325000000,65000,8313683968
1789922818.5720613,13757194240,100,326000000,65000,8313683968
1789922819.572778,13757194240,98,318000000,65000,8313683968
1789922820.573552,13757214720,100,328000000,65000,8314634240
1789922821.574395,13757214720,99,321000000,65000,8314634240
1789922822.575003,13757214720,100,328000000,65000,8314634240
1789922823.575941,13757214720,100,326000000,65000,8314634240
1789922824.5767155,13757214720,100,327000000,65000,8314634240
1789922825.577276,13757214720,100,325000000,65000,8314634240
1789922826.57775,13757210624,99,323000000,65000,8314634240
1789922827.5784078,13757210624,100,326000000,65000,8314654720
1789922828.579136,13757243392,100,326000000,65000,8316547072
1789922829.5796845,13757243392,99,323000000,65000,8316547072
1789922830.5801592,13757243392,37,163000000,63000,8316547072
1789922831.5806966,13757243392,100,329000000,65000,8316547072
1789922832.5813947,13757243392,99,323000000,65000,8316547072
1789922833.581928,13757243392,100,326000000,65000,8316547072
1789922834.5825691,13757263872,100,326000000,65000,8316567552
1789922835.583352,13757284352,99,325000000,65000,8316710912
1789922836.583943,13757284352,100,321000000,65000,8316710912
1789922837.5846133,13757308928,99,322000000,65000,8316784640
1789922838.5852365,13757308928,99,323000000,65000,8316784640
1789922839.5861886,13757308928,100,326000000,65000,8316784640
1789922840.5870922,13757329408,100,326000000,65000,8316805120
1789922841.5877802,13757329408,100,326000000,65000,8316805120
1789922842.5884702,13757329408,99,325000000,65000,8316805120
1789922843.5892162,13757329408,100,326000000,65000,8316805120
1789922844.5898428,13757329408,100,326000000,65000,8316805120
1789922845.5903387,13757329408,99,321000000,65000,8316805120
1789922846.5908575,13757329408,100,326000000,65000,8316805120
1789922847.5915232,13757333504,99,318000000,65000,8316805120
1789922848.592081,13757333504,99,325000000,65000,8316805120
1789922849.592617,13757349888,100,327000000,65000,8317145088
1789922850.593171,13757349888,100,326000000,65000,8317145088
1789922851.5937352,13757349888,99,320000000,65000,8317145088
1789922852.59416,13757349888,100,326000000,65000,8317145088
1789922853.594737,13757349888,99,322000000,65000,8317145088
1789922854.5951498,13757349888,100,326000000,65000,8317145088
1789922855.5957913,13757349888,100,327000000,65000,8317145088
1789922856.5963154,13757345792,99,325000000,65000,8317145088
1789922857.5969734,13757345792,100,327000000,65000,8317145088
1789922858.5976973,13757345792,100,325000000,65000,8317145088
1789922859.598219,13757345792,99,325000000,65000,8317145088
1789922860.5987206,13757345792,100,326000000,65000,8317145088
1789922861.5992334,13757345792,100,326000000,65000,8317145088
1789922862.5997357,13757345792,99,322000000,65000,8317145088
1789922863.6002722,13757366272,100,327000000,65000,8318296064
1789922864.6009831,13757370368,100,325000000,65000,8318296064
1789922865.6017416,13757370368,99,324000000,65000,8318296064
1789922866.60243,13757390848,100,327000000,65000,8319299584
1789922867.6029706,13757390848,99,325000000,65000,8319299584
1789922868.6038318,13757386752,100,326000000,65000,8319299584
1789922869.6044397,13757386752,100,326000000,65000,8319299584
1789922870.6050215,13757390848,99,325000000,65000,8319299584
1789922871.6059103,13757386752,100,326000000,65000,8319299584
1789922872.606515,13757407232,99,325000000,65000,8319647744
1789922873.6069841,13757411328,100,325000000,65000,8319647744
1789922874.607592,13757411328,100,328000000,66000,8319647744
1789922875.6080816,13757411328,100,323000000,65000,8319647744
1789922876.6084695,13757411328,100,326000000,65000,8319647744
1789922877.6090605,13757411328,99,324000000,65000,8319647744
1789922878.6094563,13757411328,100,325000000,65000,8319647744
1789922879.6100128,13757411328,99,325000000,65000,8319647744
1789922880.610948,13757411328,100,326000000,65000,8319647744
1789922881.6116848,13757411328,100,326000000,65000,8319647744
1789922883.0213594,13757411328,57,216000000,64000,8319647744
1789922884.022182,13757411328,100,329000000,65000,8319647744
1789922885.0249119,13757411328,99,319000000,65000,8319647744
1789922886.025532,13757411328,100,328000000,65000,8319647744
1789922887.0259776,13757444096,100,326000000,65000,8320434176
1789922888.0264907,13757444096,100,327000000,65000,8320434176
1789922889.027158,13757444096,100,327000000,65000,8320434176
1789922890.0277057,13757444096,100,327000000,65000,8320434176
1789922891.0282614,13757444096,100,326000000,65000,8320434176
1789922892.0289085,13757444096,99,326000000,65000,8320434176
1789922893.0295668,13757444096,100,327000000,65000,8320434176
1789922894.0304735,13757444096,100,325000000,65000,8320434176
1789922895.0311525,13757444096,100,327000000,65000,8320434176
1789922896.0316026,13757444096,100,325000000,65000,8320434176
1789922897.032293,13757444096,100,327000000,65000,8320434176
1789922898.0328898,13757444096,99,321000000,65000,8320434176
1789922899.0332701,13757444096,100,326000000,65000,8320434176
1789922900.0336459,13757444096,99,325000000,65000,8320434176
1789922901.0344353,13757444096,100,326000000,65000,8320434176
1789922902.0353184,13757444096,100,326000000,65000,8320434176
1789922903.036013,13757444096,100,327000000,65000,8320434176
1789922904.0366104,13757444096,100,327000000,65000,8320434176
1789922905.0371253,13757444096,100,325000000,65000,8320434176
1789922906.0377755,13757444096,100,327000000,65000,8320434176
1789922907.0387297,13757444096,99,325000000,65000,8320434176
1789922908.0395834,13757444096,100,327000000,65000,8320434176
1789922909.040096,13757444096,100,326000000,65000,8320434176
1789922910.040884,13757444096,100,326000000,65000,8320434176
1789922911.0416396,13757444096,100,328000000,65000,8320434176
1789922912.0423856,13757444096,100,323000000,65000,8320434176
1789922913.043006,13757444096,99,325000000,65000,8320434176
1789922914.0438066,13757444096,100,323000000,65000,8320434176
1789922915.0443273,13757444096,100,326000000,65000,8320434176
1789922916.0450099,13757444096,99,325000000,65000,8320434176
1789922917.0455537,13757444096,100,326000000,65000,8320434176
1789922918.0463219,13757444096,100,327000000,65000,8320434176
1789922919.0471053,13757444096,99,323000000,65000,8320434176
1789922920.047668,13757444096,100,328000000,65000,8320434176
1789922921.0483322,13757464576,100,327000000,65000,8320774144
1789922922.0490036,13757464576,100,326000000,65000,8320774144
1789922923.0496259,13757464576,100,328000000,65000,8320774144
1789922924.0500393,13757464576,99,321000000,65000,8346238976
1789922925.05056,13757485056,100,326000000,65000,8321122304
1789922926.0511897,13757485056,100,327000000,65000,8321122304
1789922927.0519888,13757485056,100,325000000,65000,8321122304
1789922928.0525107,13757485056,99,326000000,65000,8321122304
1789922929.052972,13757485056,100,325000000,65000,8321122304
1789922930.0537941,13757485056,100,327000000,65000,8321122304
1789922931.0542722,13757485056,100,326000000,65000,8321122304
1789922932.054853,13757505536,100,326000000,65000,8322138112
1789922933.0553997,13757505536,100,328000000,65000,8322138112
1789922934.0562012,13757505536,99,323000000,65000,8322138112
1789922935.0568876,13757505536,100,327000000,65000,8322138112
1789922936.057387,13757505536,100,325000000,65000,8322138112
1789922937.0578353,13757505536,100,323000000,65000,8322138112
1789922938.0583987,13757505536,99,317000000,65000,8322138112
1789922939.058879,13757505536,100,326000000,65000,8322138112
1789922940.0594895,13757505536,99,325000000,65000,8322138112
1789922941.0601857,13757530112,100,326000000,65000,8322785280
1789922942.0607345,13757530112,100,327000000,65000,8322785280
1789922943.0613153,13757526016,100,326000000,65000,8322785280
1789922944.0725212,13757526016,100,327000000,65000,8322785280
1789922945.0730107,13757526016,99,326000000,65000,8322785280
1789922946.0735447,13757526016,100,326000000,65000,8322785280
1789922947.074178,13757546496,100,327000000,65000,8323485696
1789922948.0747304,13757546496,99,320000000,65000,8323485696
1789922949.0753722,13757546496,100,327000000,65000,8323485696
1789922950.0760224,13757546496,100,326000000,65000,8323485696
1789922951.076723,13757546496,99,324000000,65000,8323485696
1789922952.0772834,13757566976,100,327000000,65000,8325025792
1789922953.0779781,13757566976,100,327000000,65000,8325025792
1789922954.0789475,13757599744,99,324000000,65000,8326451200
1789922955.0795586,13757599744,100,326000000,65000,8326451200
1789922956.0801208,13757599744,100,327000000,65000,8326451200
1789922957.081118,13757599744,99,314000000,65000,8326451200
1789922958.081684,13757599744,100,327000000,65000,8326451200
1789922959.0825229,13757599744,100,326000000,65000,8326451200
1789922960.3500733,13757599744,44,181000000,63000,8326451200
1789922961.3506134,13757599744,100,316000000,64000,8326451200
1789922962.3513834,13757599744,100,326000000,65000,8326451200
1789922963.3520277,13757599744,99,325000000,65000,8326451200
1789922964.3526945,13757599744,100,326000000,65000,8326451200
1789922965.3533876,13757599744,100,326000000,65000,8326451200
1789922966.3539627,13757632512,99,324000000,65000,8326660096
1789922967.3545089,13757632512,100,327000000,65000,8326660096
1789922968.3548877,13757636608,100,324000000,65000,8326660096
1789922969.3555608,13757636608,99,321000000,65000,8326660096
1789922970.3562238,13757632512,100,326000000,65000,8326660096
1789922971.3566413,13757632512,100,328000000,65000,8326660096
1789922972.35712,13757632512,100,326000000,65000,8326660096
1789922973.3576574,13757632512,100,326000000,65000,8326660096
1789922974.3580902,13757652992,100,326000000,65000,8327405568
1789922975.358505,13757652992,100,326000000,66000,8327405568
1789922976.3589306,13757652992,99,324000000,66000,8327405568
1789922977.3595912,13757652992,100,327000000,66000,8327405568
1789922978.3601086,13757652992,100,326000000,66000,8327405568
1789922979.360694,13757652992,100,326000000,66000,8327405568
1789922980.36122,13757673472,100,326000000,66000,8328155136
1789922981.361646,13757693952,99,326000000,66000,8328175616
1789922982.3624666,13757693952,100,326000000,66000,8328175616
1789922983.363116,13757693952,100,326000000,66000,8328175616
1789922984.3635533,13757693952,99,322000000,66000,8328175616
1789922985.3639603,13757693952,100,326000000,66000,8328175616
1789922986.3645217,13757693952,99,321000000,66000,8328175616
1789922987.3652742,13757693952,100,322000000,66000,8328175616
1789922988.3657644,13757714432,99,325000000,66000,8329289728
1789922989.3664722,13757714432,100,326000000,66000,8329289728
1789922990.3671443,13757714432,100,327000000,66000,8329289728
1789922991.3676329,13757714432,100,326000000,66000,8329289728
1789922992.36823,13757714432,100,326000000,66000,8329289728
1789922993.3688362,13757714432,100,327000000,66000,8329289728
1789922994.3695145,13757714432,100,326000000,66000,8329289728
1789922995.3699188,13757734912,99,326000000,66000,8329633792
1789922996.3704512,13757734912,100,327000000,66000,8329633792
1789922997.3710647,13757734912,100,325000000,66000,8329633792
1789922998.3714416,13757734912,99,318000000,66000,8329633792
1789922999.3719907,13757734912,100,327000000,66000,8329633792
1789923000.3725905,13757734912,99,324000000,66000,8329650176
1789923001.3730886,13757734912,100,327000000,66000,8329633792
1789923002.3736675,13757734912,99,322000000,66000,8329633792
1789923003.3742175,13757734912,100,320000000,66000,8329633792
1789923004.375019,13757734912,99,325000000,65000,8329633792
1789923005.3756557,13757734912,100,327000000,65000,8329633792
1789923006.3761318,13757734912,99,325000000,65000,8329633792
1789923007.3770611,13757734912,100,325000000,65000,8329633792
1789923008.3774486,13757767680,100,325000000,65000,8330944512
1789923009.3777828,13757767680,99,326000000,65000,8330944512
1789923010.3784199,13757788160,100,327000000,65000,8330964992
1789923011.3788047,13757788160,100,327000000,65000,8330964992
1789923012.3793485,13757788160,100,325000000,66000,8330964992
1789923013.3800642,13757788160,100,326000000,65000,8330964992
1789923014.3806088,13757788160,100,326000000,65000,8330964992
1789923015.3811493,13757788160,100,326000000,65000,8330964992
1789923016.3817112,13757788160,99,326000000,65000,8330964992
1789923017.3825114,13757788160,100,326000000,65000,8330964992
1789923018.3830185,13757808640,99,325000000,65000,8330985472
1789923019.3836968,13757808640,100,326000000,65000,8330985472
1789923020.3843591,13757808640,100,326000000,65000,8330985472
1789923021.385119,13757808640,100,326000000,65000,8330985472
1789923022.3856642,13757808640,99,326000000,65000,8330985472
1789923023.3861248,13757808640,100,326000000,65000,8330985472
1789923024.386638,13757841408,100,325000000,65000,8331018240
1789923025.3871524,13757841408,100,326000000,65000,8331018240
1789923026.8748674,13757841408,66,238000000,64000,8331018240
1789923027.8754363,13757841408,100,331000000,65000,8331018240
1789923028.8760672,13757841408,99,323000000,65000,8331018240
1789923029.8768494,13757841408,100,326000000,65000,8331018240
1789923030.8773472,13757841408,99,322000000,65000,8331018240
1789923031.878207,13757841408,100,326000000,65000,8331018240
1789923032.878981,13757841408,100,326000000,65000,8331018240
1789923033.8796754,13757841408,99,324000000,65000,8331018240
1789923034.8803031,13757841408,99,324000000,65000,8331018240
1789923035.880937,13757841408,100,327000000,65000,8331018240
1789923036.8814673,13757841408,100,326000000,65000,8331018240
1789923037.8822718,13757841408,100,327000000,65000,8331018240
1789923038.8828006,13757841408,99,325000000,65000,8331018240
1789923039.8834257,13757841408,100,326000000,65000,8331018240
1789923040.8838348,13757841408,100,322000000,65000,8331018240
1789923041.8846688,13757841408,99,325000000,65000,8331018240
1789923042.8851569,13757841408,100,326000000,65000,8331018240
1789923043.8856602,13757841408,99,326000000,65000,8331018240
1789923044.8862567,13757841408,100,325000000,65000,8331018240
1789923045.8869588,13757841408,100,327000000,65000,8331018240
1789923046.8877697,13757841408,100,327000000,65000,8331018240
1789923047.8883262,13757894656,100,326000000,65000,8331071488
1789923048.888965,13757894656,100,327000000,65000,8331071488
1789923049.889651,13757894656,100,326000000,65000,8331071488
1789923050.8907163,13757894656,99,315000000,65000,8331071488
1789923051.8912227,13757915136,99,325000000,65000,8331091968
1789923052.8918686,13757915136,100,326000000,65000,8331091968
1789923053.8922873,13757915136,100,327000000,65000,8331091968
1789923054.8931031,13757915136,100,325000000,65000,8331091968
1789923055.893602,13757915136,99,325000000,65000,8331091968
1789923056.8939617,13757915136,100,325000000,65000,8331091968
1789923057.8945935,13757915136,100,327000000,65000,8331091968
1789923058.8952942,13757915136,100,326000000,65000,8331091968
1789923059.8961847,13757915136,99,325000000,65000,8331091968
1789923060.8968887,13757915136,100,325000000,65000,8331091968
1789923061.8973658,13757935616,99,325000000,65000,8331112448
1789923062.8980079,13757935616,100,326000000,65000,8331112448
1789923063.898756,13757935616,100,328000000,65000,8331112448
1789923064.8996708,13757935616,100,326000000,65000,8331112448
1789923065.90046,13757935616,100,326000000,65000,8331112448
1789923066.900896,13757935616,99,325000000,65000,8331112448
1789923067.9016232,13757935616,100,326000000,65000,8331112448
1789923068.9022312,13757935616,100,326000000,65000,8331112448
1789923069.9029577,13757935616,100,327000000,65000,8331112448
1789923070.9036973,13757956096,100,326000000,65000,8334102528
1789923071.9041364,13757956096,99,325000000,65000,8334102528
1789923072.9045527,13757956096,100,326000000,65000,8334102528
1789923073.9051774,13757956096,100,326000000,65000,8334102528
1789923074.9056177,13757956096,100,326000000,65000,8334102528
1789923075.9059746,13757956096,99,327000000,65000,8334102528
1789923076.9066262,13757956096,100,326000000,65000,8334102528
1789923077.9071646,13757956096,100,327000000,65000,8334102528
1789923078.9146888,13757956096,100,326000000,65000,8334102528
1789923079.9156766,13757956096,100,326000000,65000,8334102528
1789923080.9161816,13757976576,100,328000000,65000,8334929920
1789923081.9167454,13757976576,100,326000000,65000,8334929920
1789923082.9174032,13757976576,100,326000000,65000,8334929920
1789923083.9181833,13757976576,99,324000000,65000,8334929920
1789923084.9186118,13757976576,100,326000000,65000,8334929920
1789923085.918995,13757976576,100,327000000,65000,8334929920
1789923086.919465,13757976576,100,326000000,65000,8334929920
1789923087.9198842,13757976576,100,326000000,65000,8334929920
1789923088.920501,13757976576,99,321000000,65000,8334929920
1789923089.920966,13757976576,100,326000000,65000,8334929920
1789923090.9215198,13757976576,99,326000000,65000,8334929920
1789923091.9222708,13757976576,100,326000000,65000,8334929920
1789923092.9229164,13757997056,100,326000000,65000,8335593472
1789923093.9234076,13758001152,100,326000000,65000,8335593472
1789923094.9238296,13758001152,100,328000000,65000,8335593472
1789923095.9242406,13758001152,100,325000000,65000,8335593472
1789923096.9246044,13757997056,99,323000000,65000,8335593472
1789923097.9250417,13758017536,100,325000000,65000,8335613952
1789923098.9257085,13758017536,100,326000000,65000,8335613952
1789923099.9264932,13758017536,99,325000000,65000,8335613952
1789923101.204465,13758017536,59,221000000,64000,8335613952
1789923102.205085,13758017536,100,330000000,65000,8335613952
1789923103.2054534,13758017536,99,325000000,65000,8335613952
1789923104.2060506,13758017536,100,326000000,65000,8335613952
1789923105.2067537,13758017536,99,325000000,65000,8335613952
1789923106.207392,13758017536,100,326000000,65000,8335613952
1789923107.2079794,13758017536,100,326000000,65000,8335613952
1789923108.2087364,13758017536,99,325000000,65000,8335613952
1789923109.2095118,13758017536,100,324000000,65000,8335613952
1789923110.2101064,13758017536,100,327000000,65000,8335613952
1789923111.2106524,13758017536,99,325000000,65000,8335613952
1789923112.2114646,13758017536,100,326000000,65000,8335613952
1789923113.2119873,13758017536,100,327000000,65000,8335613952
1789923114.2126553,13758017536,99,326000000,65000,8335613952
1789923115.2132165,13758017536,100,326000000,65000,8335613952
1789923116.213749,13758017536,100,327000000,65000,8335613952
1789923117.2143023,13758017536,100,325000000,65000,8335613952
1789923118.2150335,13758017536,100,327000000,65000,8335613952
1789923119.215517,13758017536,100,325000000,65000,8335613952
1789923120.2161474,13758013440,100,328000000,65000,8335613952
1789923121.2168052,13758017536,99,324000000,65000,8335613952
1789923122.217412,13758017536,100,326000000,65000,8335613952
1789923123.217955,13758017536,99,323000000,65000,8335613952
1789923124.2185137,13758017536,100,326000000,66000,8335613952
1789923125.219519,13758017536,99,316000000,65000,8335613952
1789923126.2201989,13758017536,100,326000000,65000,8335613952
1789923127.221478,13760114688,84,268000000,65000,8340893696
1789923128.2223222,13760114688,100,165000000,63000,8340893696
1789923129.222861,13763117056,99,171000000,63000,8340897792
1789923130.2236118,13912014848,99,329000000,64000,8340897792
1789923131.224496,14107049984,99,326000000,65000,8340897792
1789923132.2253904,14107049984,99,327000000,65000,8340897792
1789923133.2257981,14107049984,99,327000000,65000,8340897792
1789923134.226278,14107054080,99,326000000,65000,8341037056
1789923135.2270067,14107054080,99,327000000,65000,8341037056
1789923136.2277362,14107054080,100,326000000,65000,8341139456
1789923137.2285764,14107054080,100,327000000,65000,8341139456
1789923138.229449,14107054080,100,326000000,65000,8341139456
1789923139.230075,14107054080,100,327000000,65000,8341159936
1789923140.2306983,14107054080,100,327000000,65000,8341159936
1789923141.2314837,14107054080,100,326000000,65000,8341196800
1789923142.2322192,14107049984,100,327000000,65000,8341196800
1789923143.232982,14107037696,100,326000000,65000,8341196800
1789923144.2334974,14107037696,100,326000000,65000,8341196800
1789923145.2339623,14107037696,100,326000000,65000,8341196800
1789923146.2347448,14107037696,100,327000000,65000,8341196800
1789923147.2354116,14218186752,100,327000000,65000,8341987328
1789923148.2360015,14218186752,100,327000000,65000,8341196800
1789923149.2368572,14218190848,99,326000000,65000,8341196800
1789923150.237713,14218190848,99,326000000,65000,8341196800
1789923151.2382042,14218190848,99,326000000,65000,8341196800
1789923152.2388391,14218190848,99,326000000,65000,8341196800
1789923153.2396188,14218158080,100,327000000,65000,8341196800
1789923154.2402246,14218158080,99,326000000,65000,8341196800
1789923155.240868,14218158080,100,327000000,65000,8341196800
1789923156.241589,14218158080,100,326000000,65000,8341196800
1789923157.2423823,14218158080,99,327000000,65000,8341196800
1789923158.2429414,14218158080,99,325000000,65000,8341200896
1789923159.243607,14218158080,99,327000000,65000,8341196800
1789923160.2441592,14218158080,99,326000000,65000,8341196800
1789923161.244906,14218158080,99,326000000,65000,8341200896
1789923162.245517,14218158080,99,327000000,65000,8341200896
1789923163.246046,14218125312,99,326000000,65000,8341200896
1789923164.2468276,14218125312,99,326000000,65000,8341450752
1789923165.247319,14218125312,100,327000000,65000,8342036480
1789923166.2479322,14218125312,100,327000000,65000,8342360064
1789923167.248393,14218125312,100,327000000,65000,8342495232
1789923168.248855,14218125312,100,327000000,65000,8342622208
1789923169.2494752,14218125312,100,327000000,65000,8342626304
1789923170.2500052,14218125312,100,327000000,65000,8342638592
1789923171.250793,14220222464,100,327000000,65000,8342646784
1789923172.2516685,14220222464,100,327000000,65000,8342663168
1789923173.2524548,14220189696,100,327000000,65000,8342806528
1789923174.2529244,14220189696,100,326000000,65000,8342806528
1789923175.2534862,14220189696,100,326000000,65000,8342806528
1789923176.2539897,14220189696,100,327000000,64000,8342806528
1789923177.2549863,14220189696,100,327000000,64000,8342806528
1789923178.2555952,14220189696,100,326000000,64000,8342806528
1789923179.2562294,14220189696,100,327000000,64000,8342806528
1789923180.256796,14220189696,100,326000000,64000,8342806528
1789923181.2573056,14220193792,100,326000000,64000,8342806528
1789923182.2580352,14220189696,99,323000000,64000,8342822912
1789923183.2587938,14220189696,100,327000000,64000,8342822912
1789923184.2593985,14220156928,100,326000000,64000,8342822912
1789923185.2598016,14220156928,100,327000000,64000,8342822912
1789923186.2605739,14220156928,100,326000000,64000,8342822912
1789923187.2612894,14220156928,100,327000000,64000,8342822912
1789923188.262053,14220156928,100,326000000,64000,8342822912
1789923189.262611,14220156928,100,327000000,64000,8342822912
1789923190.263281,14220156928,100,327000000,64000,8342822912
1789923191.2640731,14220156928,100,327000000,64000,8342822912
1789923192.2647617,14220156928,100,327000000,64000,8342822912
1789923193.265305,14220156928,100,326000000,64000,8342822912
1789923194.266022,14220124160,100,327000000,64000,8342822912
1789923195.266566,14220124160,100,326000000,64000,8342822912
1789923196.267215,14220124160,100,326000000,64000,8342822912
1789923197.2678156,14220124160,100,326000000,64000,8342822912
1789923198.2682943,14220120064,100,326000000,64000,8342822912
1789923199.268796,14220120064,100,327000000,64000,8342822912
1789923200.2693338,14220120064,100,326000000,64000,8342822912
1789923201.2699082,14220120064,100,327000000,64000,8342822912
1789923202.2704916,14220120064,100,326000000,64000,8342822912
1789923203.271113,14220120064,100,327000000,65000,8342822912
1789923204.2715774,14220087296,100,326000000,64000,8342822912
1789923205.2723682,14220087296,100,326000000,65000,8342822912
1789923206.2730289,14220091392,100,327000000,65000,8342822912
1789923207.2735398,14220091392,100,327000000,65000,8342822912
1789923208.2741718,14220091392,100,326000000,65000,8342822912
1789923209.2746394,14220091392,100,327000000,65000,8342822912
1789923210.27533,14220091392,100,327000000,65000,8342822912
1789923211.2760127,14220091392,80,272000000,64000,8342822912
1789923212.2767153,14220091392,99,328000000,64000,8342822912
1789923213.277582,14220091392,100,327000000,65000,8342822912
1789923214.2784166,14220058624,100,326000000,65000,8342822912
1789923215.2789085,14220058624,100,327000000,65000,8342822912
1789923216.2795024,14220058624,100,326000000,65000,8342822912
1789923217.280032,14220058624,100,326000000,65000,8342822912
1789923218.28062,14220058624,100,327000000,65000,8342822912
1789923219.281254,14220058624,100,326000000,65000,8342822912
1789923220.2818086,14220058624,100,326000000,65000,8342822912
1789923221.2823324,14220058624,100,327000000,65000,8342822912
1789923222.282823,14220058624,100,326000000,65000,8342822912
1789923223.2834442,14220058624,100,327000000,65000,8342822912
1789923224.2839856,14220058624,100,326000000,65000,8342822912
1789923225.2845128,14220025856,99,326000000,65000,8342822912
1789923226.285068,14220025856,100,326000000,65000,8342822912
1789923227.2857428,14220025856,100,326000000,65000,8342822912
1789923228.286418,14220025856,100,326000000,65000,8342831104
1789923229.2869442,14220025856,99,326000000,65000,8342843392
1789923230.2876732,14220025856,99,326000000,65000,8342855680
1789923231.2884643,14220025856,99,326000000,65000,8342863872
1789923232.2891064,14220025856,99,327000000,65000,8342888448
1789923233.2896564,14220025856,99,326000000,65000,8342933504
1789923234.290155,14220025856,100,326000000,65000,8342958080
1789923235.2910326,14219993088,99,325000000,65000,8343007232
1789923236.2914603,14219993088,100,327000000,65000,8343019520
1789923237.292039,14219993088,100,327000000,65000,8343040000
1789923238.292497,14219993088,100,326000000,65000,8343093248
1789923239.2932029,14219993088,100,327000000,65000,8343126016
1789923240.2935688,14219988992,100,327000000,65000,8343150592
1789923241.2941248,14219993088,100,326000000,65000,8343179264
1789923242.2944572,14219993088,100,328000000,65000,8343187456
1789923243.2953901,14219993088,100,327000000,65000,8343203840
1789923244.2958694,14219993088,100,326000000,65000,8343220224
1789923245.2964034,14219960320,99,327000000,65000,8343240704
1789923246.2971795,14219960320,100,327000000,65000,8343273472
1789923247.2978566,14219960320,100,327000000,65000,8343273472
1789923248.2983396,14219960320,100,327000000,65000,8343289856
1789923249.2990267,14219960320,100,326000000,65000,8343314432
1789923250.2996953,14219960320,100,328000000,65000,8343318528
1789923251.3005416,14219960320,100,326000000,65000,8343326720
1789923252.3010135,14219960320,99,326000000,65000,8343330816
1789923253.3016584,14219960320,99,326000000,65000,8343330816
1789923254.302701,14219960320,99,325000000,65000,8343351296
1789923255.3032224,14219927552,99,327000000,65000,8343375872
1789923256.3038416,14219927552,100,327000000,65000,8343392256
1789923257.304612,14219927552,100,327000000,65000,8343433216
1789923258.3050158,14219927552,100,326000000,65000,8343453696
1789923259.3054707,14219927552,100,326000000,65000,8343490560
1789923260.3058543,14219927552,100,327000000,65000,8343527424
1789923261.306216,14219927552,100,326000000,65000,8343543808
1789923262.3066633,14219927552,100,327000000,65000,8343552000
1789923263.3072693,14219927552,100,327000000,65000,8343564288
1789923264.308029,14219927552,100,326000000,65000,8343576576
1789923265.308755,14219894784,99,326000000,65000,8343576576
1789923266.3096192,14219894784,99,326000000,65000,8343584768
1789923267.3100886,14219894784,99,327000000,65000,8343597056
1789923268.3106022,14219894784,99,326000000,65000,8343601152
1789923269.3110907,14219894784,100,326000000,65000,8343621632
1789923270.3117378,14219894784,100,326000000,65000,8343670784
1789923271.3123991,14219894784,99,327000000,65000,8343715840
1789923272.3128653,14219894784,100,326000000,65000,8343760896
1789923273.4777474,14219915264,80,259000000,64000,8359751680
1789923274.4782846,14219915264,100,328000000,64000,8359751680
1789923275.4791892,14219915264,100,325000000,64000,8359755776
1789923276.479661,14219882496,100,326000000,64000,8359755776
1789923277.480049,14219882496,100,326000000,64000,8359755776
1789923278.4806986,14219882496,99,326000000,64000,8359755776
1789923279.4811323,14219882496,100,325000000,64000,8359755776
1789923280.481797,14219882496,100,327000000,64000,8359755776
1789923281.4826086,14219882496,100,324000000,64000,8359755776
1789923282.4831831,14219882496,99,323000000,64000,8359755776
1789923283.484046,14219882496,100,326000000,64000,8359759872
1789923284.4845517,14219886592,100,326000000,64000,8359759872
1789923285.4853246,14219882496,99,325000000,64000,8359759872
1789923286.4860718,14219849728,99,324000000,64000,8359759872
1789923287.4866374,14219853824,99,319000000,64000,8359759872
1789923288.4873521,14219853824,100,325000000,64000,8359759872
1789923289.4880118,14219853824,100,327000000,64000,8359759872
1789923290.4884942,14219874304,100,327000000,64000,8360824832
1789923291.4889765,14219870208,100,326000000,64000,8360824832
1789923292.4895902,14219870208,100,326000000,64000,8360824832
1789923293.490159,14219870208,99,323000000,64000,8360824832
1789923294.4907737,14219870208,100,328000000,64000,8360824832
1789923295.4914157,14219866112,100,326000000,64000,8360824832
1789923296.4921885,14219837440,100,327000000,64000,8360824832
1789923297.492965,14219837440,99,321000000,64000,8360824832
1789923298.493627,14219837440,100,327000000,64000,8360824832
1789923299.4942904,14219857920,100,326000000,64000,8361852928
1789923300.4947982,14219857920,100,326000000,64000,8361852928
1789923301.4953554,14219857920,99,323000000,64000,8361852928
1789923302.495797,14219857920,100,326000000,64000,8361852928
1789923303.4967172,14219857920,99,325000000,64000,8361852928
1789923304.4972355,14219857920,100,326000000,64000,8361852928
1789923305.4980059,14219857920,99,325000000,64000,8361852928
1789923306.4985964,14219825152,100,321000000,64000,8361852928
1789923307.499147,14219845632,99,324000000,64000,8362708992
1789923308.4999852,14219845632,100,327000000,64000,8362708992
1789923309.5006928,14219845632,100,325000000,65000,8362708992
1789923311.1887393,14219849728,59,220000000,63000,8362713088
1789923312.1893747,14219866112,99,322000000,64000,8363069440
1789923313.1898372,14219870208,100,323000000,64000,8363069440
1789923314.190397,14219870208,99,324000000,64000,8363069440
1789923315.1908603,14219866112,100,327000000,64000,8363069440
1789923316.1916537,14219866112,100,327000000,64000,8363069440
1789923317.192494,14219833344,100,326000000,64000,8363069440
1789923318.193137,14219833344,100,326000000,64000,8363069440
1789923319.1940737,14219833344,99,325000000,64000,8363069440
1789923320.1946197,14219833344,100,327000000,65000,8363069440
1789923321.1953132,14219833344,100,326000000,65000,8363069440
1789923322.1958628,14219833344,99,325000000,65000,8363438080
1789923323.1964016,14219853824,100,327000000,65000,8364220416
1789923324.1969554,14219853824,100,326000000,65000,8364220416
1789923325.1974032,14219853824,99,326000000,65000,8364220416
1789923326.1980844,14219853824,99,315000000,65000,8364220416
1789923327.1986709,14219821056,99,325000000,65000,8364220416
1789923328.1994164,14219821056,99,325000000,65000,8364220416
1789923329.2000344,14219841536,100,327000000,65000,8364994560
1789923330.2007244,14219853824,100,325000000,65000,8365412352
1789923331.2012432,14219874304,100,326000000,65000,8366206976
1789923332.2018769,14219874304,100,327000000,65000,8366206976
1789923333.202338,14219874304,99,319000000,65000,8366206976
1789923334.2031336,14219874304,100,325000000,65000,8366206976
1789923335.2040176,14219874304,99,325000000,65000,8366206976
1789923336.2045681,14219874304,100,327000000,65000,8366206976
1789923337.2050464,14219841536,99,322000000,65000,8366206976
1789923338.2058163,14219841536,100,327000000,65000,8366206976
1789923339.2065513,14219841536,100,326000000,65000,8366206976
1789923340.2070997,14219841536,100,324000000,65000,8366206976
1789923341.208216,14219841536,100,327000000,65000,8366206976
1789923342.2088509,14219841536,100,325000000,65000,8366206976
1789923343.2096436,14219841536,100,327000000,65000,8366206976
1789923344.2104359,14219841536,99,325000000,65000,8366206976
1789923345.2110348,14219841536,100,326000000,65000,8366206976
1789923346.5535538,14219862016,100,326000000,65000,8366755840
1789923347.5540128,14219829248,100,327000000,65000,8366755840
1789923348.554871,14219829248,100,326000000,65000,8366755840
1789923349.555566,14219829248,99,325000000,65000,8366755840
1789923350.5560775,14219829248,99,316000000,65000,8366755840
1789923351.556749,14219829248,100,327000000,65000,8366755840
1789923352.5573497,14219829248,100,326000000,65000,8366755840
1789923353.5578218,14219829248,99,325000000,65000,8366755840
1789923354.558829,14219829248,100,325000000,65000,8366755840
1789923355.5595644,14219829248,99,319000000,65000,8366755840
1789923356.560126,14219829248,100,327000000,65000,8366755840
1789923357.5607753,14219796480,100,326000000,65000,8366755840
1789923358.5613801,14219796480,100,326000000,66000,8366755840
1789923359.5621583,14219796480,100,327000000,66000,8366759936
1789923360.5627964,14219796480,99,325000000,65000,8366759936
1789923361.563323,14219796480,99,319000000,65000,8366759936
1789923362.5640242,14219796480,100,326000000,65000,8366759936
1789923363.5646393,14219796480,99,325000000,65000,8366759936
1789923364.5652342,14219796480,100,327000000,65000,8366759936
1789923365.5658917,14219796480,100,327000000,65000,8366759936
1789923366.5670528,14219796480,100,325000000,66000,8366759936
1789923367.5690806,14219808768,100,326000000,65000,8367702016
1789923368.5697093,14219796480,100,326000000,65000,8367693824
1789923369.5705419,14219796480,99,326000000,65000,8367693824
1789923370.5709639,14219796480,100,327000000,65000,8367693824
1789923371.5717902,14219796480,100,326000000,65000,8367693824
1789923372.572317,14219796480,100,327000000,65000,8367693824
1789923373.5731802,14219796480,100,328000000,65000,8367693824
1789923374.5739286,14219796480,100,327000000,65000,8367693824
1789923375.5744853,14219796480,100,326000000,65000,8367693824
1789923376.5749872,14219796480,100,324000000,65000,8367693824
1789923377.5758553,14219796480,99,325000000,65000,8367693824
1789923378.5763748,14219763712,100,326000000,65000,8367693824
1789923379.5770059,14219763712,100,323000000,65000,8367693824
1789923380.9091427,14219763712,54,209000000,64000,8367693824
1789923381.9097393,14219763712,100,330000000,64000,8367693824
1789923382.9105928,14219763712,99,325000000,65000,8367693824
1789923383.9110467,14219763712,100,326000000,65000,8367693824
1789923384.9116423,14219763712,100,326000000,65000,8367693824
1789923385.9122272,14219763712,99,325000000,65000,8367693824
1789923386.9126265,14219763712,100,326000000,65000,8367693824
1789923387.9131675,14219763712,100,327000000,65000,8367693824
1789923388.9140646,14219730944,100,325000000,65000,8367693824
1789923389.9146893,14219730944,100,327000000,65000,8367693824
1789923390.9153435,14219730944,100,326000000,65000,8367693824
1789923391.9160316,14219730944,99,321000000,65000,8367693824
1789923392.91654,14219730944,99,325000000,65000,8367693824
1789923393.9170973,14219730944,100,326000000,65000,8367693824
1789923394.917613,14219730944,100,323000000,65000,8367693824
1789923395.9183187,14219730944,100,326000000,65000,8367693824
1789923396.9191372,14219730944,99,325000000,65000,8367693824
1789923397.9198806,14219730944,100,327000000,65000,8367693824
1789923398.9204702,14219730944,100,326000000,65000,8399196160
1789923399.9213064,14219730944,100,325000000,65000,8367734784
1789923400.9221575,14219730944,99,325000000,65000,8367734784
1789923401.9227004,14219730944,100,326000000,65000,8367734784
1789923402.9232588,14219730944,100,326000000,65000,8367734784
1789923403.9240148,14219730944,99,325000000,65000,8367734784
1789923404.924772,14219730944,100,326000000,65000,8367734784
1789923405.925818,14219730944,99,323000000,65000,8367734784
1789923406.9263313,14219730944,100,326000000,65000,8367734784
1789923407.927096,14219730944,99,325000000,65000,8367734784
1789923408.9279056,14219718656,100,326000000,65000,8367755264
1789923409.928415,14219718656,100,326000000,65000,8367755264
1789923410.9290764,14219718656,99,322000000,65000,8367755264
1789923411.9295561,14219718656,100,327000000,65000,8367755264
1789923412.9303572,14219718656,100,326000000,65000,8367755264
1789923413.9308867,14219718656,100,326000000,65000,8367755264
1789923414.9315495,14219739136,100,327000000,65000,8368136192
1789923415.932378,14219739136,100,327000000,65000,8368136192
1789923416.9329302,14219739136,100,325000000,65000,8368136192
1789923417.933481,14219739136,99,325000000,65000,8368136192
1789923418.9341233,14219706368,100,326000000,65000,8368136192
1789923419.9889402,14219706368,100,326000000,65000,8368136192
1789923420.9898608,14219706368,99,325000000,65000,8368136192
1789923421.9908452,14219706368,100,326000000,65000,8368136192
1789923422.9915228,14219706368,99,325000000,65000,8368136192
1789923423.99204,14219706368,100,326000000,65000,8368136192
1789923424.9927728,14219706368,100,326000000,65000,8368136192
1789923425.9938416,14219706368,99,325000000,65000,8368136192
1789923426.9946187,14219706368,100,324000000,65000,8368136192
1789923427.9951367,14219706368,99,325000000,65000,8368136192
1789923428.9956367,14219730944,100,325000000,65000,8368484352
1789923429.9963107,14219694080,100,326000000,65000,8368484352
1789923430.9966996,14219698176,99,320000000,65000,8368484352
1789923431.99722,14219698176,100,326000000,65000,8368484352
1789923432.997635,14219694080,100,322000000,65000,8368484352
1789923433.9982295,14219694080,99,322000000,65000,8368484352
1789923434.9987195,14219694080,100,326000000,65000,8368484352
1789923435.9992778,14219694080,99,325000000,65000,8368484352
1789923436.9999363,14219694080,100,326000000,65000,8368484352
1789923438.000368,14219694080,100,326000000,65000,8368484352
1789923439.000792,14219694080,99,321000000,65000,8368484352
1789923440.001354,14219661312,99,325000000,65000,8368484352
1789923441.0020978,14219694080,99,325000000,64000,8369065984
1789923442.0028267,14219694080,100,327000000,65000,8369065984
1789923443.003529,14219694080,100,326000000,65000,8369065984
1789923444.004155,14219694080,100,327000000,65000,8369065984
1789923445.0046337,14219694080,30,142000000,62000,8369065984
1789923446.0051165,14219694080,100,329000000,64000,8369065984
1789923447.006002,14219694080,100,327000000,64000,8369065984
1789923448.0066862,14219694080,99,325000000,64000,8369065984
1789923449.0073183,14219694080,100,327000000,64000,8369065984
1789923450.0081413,14219661312,100,326000000,64000,8369065984
1789923451.0087612,14219661312,100,327000000,64000,8369065984
1789923452.009133,14219661312,100,326000000,65000,8369065984
1789923453.009687,14219661312,100,326000000,65000,8369065984
1789923454.0102794,14219661312,100,326000000,65000,8369065984
1789923455.0108178,14219661312,99,326000000,65000,8369065984
1789923456.0115612,14219661312,100,326000000,65000,8369065984
1789923457.0122595,14219702272,100,326000000,65000,8369758208
1789923458.012839,14219702272,100,326000000,65000,8369758208
1789923459.0134747,14219702272,100,326000000,65000,8369758208
1789923460.0141869,14219669504,99,325000000,65000,8369758208
1789923461.0147011,14219669504,100,326000000,65000,8369758208
1789923462.0155168,14219669504,100,326000000,65000,8369758208
1789923463.0161972,14219669504,100,326000000,65000,8369758208
1789923464.0168295,14219669504,99,325000000,65000,8369758208
1789923465.0174162,14219669504,100,326000000,65000,8369758208
1789923466.0180638,14219669504,99,321000000,65000,8369758208
1789923467.0184522,14219669504,100,328000000,65000,8369758208
1789923468.0190012,14219669504,100,326000000,65000,8369758208
1789923469.0197275,14219669504,100,326000000,65000,8369758208
1789923470.0202782,14219669504,100,326000000,65000,8369758208
1789923471.0209188,14219636736,99,324000000,65000,8369758208
1789923472.0214427,14219636736,100,326000000,65000,8369758208
1789923473.022224,14219636736,99,325000000,65000,8369758208
1789923474.022932,14219636736,100,327000000,65000,8369758208
1789923475.0236175,14219636736,99,322000000,65000,8369758208
1789923476.024169,14219636736,98,320000000,65000,8369758208
1789923477.0250056,14219636736,99,322000000,65000,8369758208
1789923478.025763,14219657216,100,328000000,65000,8369782784
1789923479.0262187,14219657216,100,325000000,65000,8369782784
1789923480.0270593,14219657216,100,327000000,65000,8369782784
1789923481.0276058,14219624448,99,326000000,65000,8369782784
1789923482.0280733,14219624448,99,319000000,65000,8369782784
1789923483.0285976,14219624448,100,326000000,65000,8369782784
1789923484.0291605,14219624448,100,326000000,65000,8369782784
1789923485.0297976,14219624448,99,324000000,65000,8369782784
1789923486.03049,14219624448,100,327000000,65000,8369782784
1789923487.0313203,14219628544,100,327000000,65000,8369782784
1789923488.0321736,14219653120,100,327000000,65000,8370135040
1789923489.032858,14219649024,100,326000000,65000,8370135040
1789923490.0336354,14219653120,99,314000000,65000,8370135040
1789923491.0343359,14219644928,99,328000000,65000,8370135040
1789923492.034863,14219644928,100,328000000,65000,8370135040
1789923493.0353787,14219649024,100,325000000,65000,8370135040
1789923494.0358818,14219649024,100,327000000,65000,8370135040
1789923495.0368986,14219649024,99,323000000,65000,8370135040
1789923496.0375133,14219649024,100,326000000,65000,8370135040
1789923497.0382366,14219653120,100,326000000,65000,8370135040
1789923498.0388064,14219649024,100,326000000,65000,8370135040
1789923499.039422,14219702272,99,326000000,65000,8375672832
1789923500.0401351,14219702272,100,326000000,65000,8375672832
1789923501.04091,14219706368,100,327000000,65000,8375672832
1789923502.0414653,14219714560,99,324000000,65000,8375672832
1789923503.0420032,14219730944,100,327000000,65000,8375697408
1789923504.04276,14219735040,100,325000000,65000,8375697408
1789923505.0433395,14219726848,97,319000000,65000,8375697408
1789923506.0438485,14219730944,100,326000000,65000,8375697408
1789923507.0442536,14219726848,95,312000000,65000,8375697408
1789923508.0449743,14219726848,93,309000000,65000,8375697408
1789923509.0453937,14219726848,100,326000000,65000,8375697408
1789923510.0460224,14219726848,100,326000000,65000,8375697408
1789923511.0464888,14219718656,99,314000000,65000,8375697408
1789923512.04723,14219718656,99,321000000,65000,8375697408
1789923513.04776,14219751424,100,326000000,65000,8378183680
1789923514.0482402,14219747328,100,326000000,65000,8378183680
1789923515.048769,14219755520,100,325000000,65000,8378183680
1789923516.0494561,14219759616,99,325000000,65000,8378183680
1789923517.0503438,14219767808,99,323000000,65000,8378183680
1789923518.0509431,14219771904,87,276000000,64000,8379871232
1789923519.0517788,14219767808,100,326000000,65000,8379871232
1789923520.0523329,14219788288,100,327000000,65000,8379891712
1789923521.0531847,14219788288,99,325000000,65000,8379891712
1789923522.0539126,14219792384,100,326000000,65000,8379891712
1789923523.054831,14219808768,99,325000000,65000,8381243392
1789923524.0555809,14219808768,99,326000000,65000,8381243392
1789923525.05631,14219808768,100,326000000,65000,8381243392
1789923526.056753,14219812864,100,327000000,65000,8381243392
1789923527.0575516,14219812864,100,326000000,65000,8381243392
1789923528.0581412,14219816960,100,327000000,65000,8381243392
1789923529.3396723,14219812864,49,196000000,64000,8381243392
1789923530.340453,14219829248,100,331000000,65000,8381657088
1789923531.3409913,14219829248,100,327000000,65000,8381657088
1789923532.3418863,14219829248,100,328000000,65000,8381657088
1789923533.342823,14219841536,100,325000000,65000,8381657088
1789923534.3435245,14219829248,99,325000000,65000,8381657088
1789923535.344378,14219829248,100,327000000,65000,8381657088
1789923536.3450553,14219829248,100,326000000,65000,8381657088
1789923537.345491,14219829248,99,322000000,65000,8381657088
1789923538.4320033,14219829248,100,328000000,65000,8381657088
1789923539.4327502,14219829248,100,326000000,65000,8381657088
1789923540.4332786,14219833344,99,325000000,65000,8381657088
1789923541.434002,14219829248,95,308000000,65000,8381657088
1789923542.4345517,14219841536,99,320000000,65000,8381657088
1789923543.435022,14219845632,100,326000000,65000,8381657088
1789923544.4357893,14219837440,99,324000000,65000,8381657088
1789923545.436495,14219845632,100,326000000,65000,8381657088
1789923546.4369872,14219833344,99,326000000,65000,8381657088
1789923547.4374185,14219829248,100,325000000,66000,8381657088
1789923548.4983432,14219833344,100,326000000,65000,8381657088
1789923549.4989483,14219833344,99,325000000,65000,8381657088
1789923550.499495,14219833344,100,326000000,66000,8381657088
1789923551.500043,14219833344,100,326000000,65000,8381657088
1789923552.5006406,14219804672,99,324000000,66000,8381657088
1789923553.5014014,14219808768,100,327000000,66000,8381657088
1789923554.501946,14219808768,100,327000000,66000,8381657088
1789923555.5024607,14219808768,100,326000000,66000,8381657088
1789923556.5030541,14219808768,100,328000000,66000,8381657088
1789923557.5036638,14219804672,100,325000000,66000,8381657088
1789923558.5042841,14219804672,99,326000000,66000,8381657088
1789923559.5047596,14219812864,100,323000000,66000,8381657088
1789923560.5055742,14219816960,100,323000000,65000,8381657088
1789923561.5061605,14219821056,100,328000000,66000,8381657088
1789923562.5068426,14219821056,100,324000000,66000,8381657088
1789923563.5075786,14219776000,97,320000000,66000,8381657088
1789923564.5081208,14219776000,100,326000000,66000,8381657088
1789923565.50895,14219776000,100,326000000,66000,8381657088
1789923566.5094912,14219771904,100,327000000,66000,8381657088
1789923567.5103314,14219792384,99,324000000,66000,8381730816
1789923568.5111206,14219796480,95,312000000,65000,8381730816
1789923569.5120113,14219796480,100,326000000,65000,8381730816
1789923570.5126889,14219792384,100,326000000,66000,8381730816
1789923571.513193,14219792384,100,325000000,65000,8381730816
1789923572.5138683,14219812864,99,325000000,65000,8382029824
1789923573.514297,14219780096,99,326000000,65000,8382029824
1789923574.5148263,14219780096,100,326000000,66000,8382029824
1789923575.5152194,14219780096,100,327000000,66000,8382029824
1789923576.515886,14219780096,100,327000000,66000,8382029824
1789923577.5163252,14219780096,100,326000000,66000,8382029824
1789923578.5167103,14219780096,99,325000000,65000,8382029824
1789923579.5173225,14219780096,99,315000000,65000,8382029824
1789923580.517815,14219780096,100,326000000,65000,8382029824
1789923581.5183363,14219780096,83,274000000,65000,8382029824
1789923582.518941,14219780096,100,331000000,65000,8382029824
1789923583.5193496,14219747328,99,324000000,65000,8382029824
1789923584.5199947,14219747328,99,324000000,65000,8382029824
1789923585.520497,14219747328,100,327000000,65000,8382029824
1789923586.5211003,14219767808,100,326000000,65000,8382050304
1789923587.5217648,14219788288,99,324000000,65000,8382603264
1789923588.5221817,14219788288,100,328000000,65000,8382603264
1789923589.5228536,14219788288,100,326000000,65000,8382603264
1789923590.5237932,14219788288,100,325000000,65000,8382603264
1789923591.524366,14219788288,99,324000000,65000,8382603264
1789923592.524913,14219788288,100,325000000,65000,8382603264
1789923593.525478,14219755520,99,325000000,65000,8382603264
1789923594.5259976,14219755520,100,327000000,65000,8382603264
1789923595.5266414,14219755520,100,325000000,65000,8382603264
1789923596.527228,14219755520,100,327000000,65000,8382603264
1789923597.5279944,14219755520,100,326000000,65000,8382603264
1789923598.5284958,14219755520,100,326000000,65000,8382603264
1789923599.5289917,14219755520,99,325000000,65000,8382603264
1789923600.5295777,14219755520,100,326000000,65000,8382603264
1789923601.5302033,14219755520,100,326000000,65000,8382603264
1789923602.5309129,14219755520,100,326000000,65000,8382603264
1789923603.5315654,14219755520,99,326000000,65000,8382603264
1789923604.5324771,14219722752,99,320000000,65000,8382603264
1789923605.533022,14219722752,38,167000000,63000,8382603264
1789923606.53344,14219743232,100,332000000,65000,8383197184
1789923607.5342171,14219743232,100,327000000,65000,8383197184
1789923608.5346127,14219763712,100,326000000,65000,8383823872
1789923609.535032,14219763712,100,327000000,65000,8383823872
1789923610.5356786,14219763712,100,326000000,65000,8383823872
1789923611.5360968,14219763712,99,325000000,65000,8383823872
1789923612.536534,14219763712,100,326000000,65000,8383823872
1789923613.5369241,14219763712,100,326000000,65000,8383823872
1789923614.5375667,14219730944,100,326000000,65000,8383823872
1789923615.5383008,14219730944,100,328000000,65000,8383823872
1789923616.538775,14219730944,100,326000000,65000,8383823872
1789923617.5393286,14219730944,100,326000000,65000,8383823872
1789923618.5397851,14219730944,99,322000000,65000,8383823872
1789923619.5404425,14219730944,100,326000000,65000,8383823872
1789923620.5411966,14219730944,99,325000000,65000,8383823872
1789923621.5419135,14219730944,100,326000000,65000,8383823872
1789923622.542483,14219730944,100,326000000,65000,8383823872
1789923623.5431485,14219735040,99,321000000,65000,8383823872
1789923624.5438108,14219722752,99,328000000,66000,8383844352
1789923625.5445244,14219718656,100,326000000,66000,8383844352
1789923626.5451167,14219718656,100,326000000,66000,8383844352
1789923627.5458171,14219718656,99,323000000,65000,8383844352
1789923628.5463634,14219718656,100,325000000,66000,8383844352
1789923629.5469623,14219718656,100,327000000,66000,8383844352
1789923630.5474308,14219722752,100,326000000,66000,8383844352
1789923631.5480595,14219722752,100,326000000,65000,8383844352
1789923632.5487125,14219743232,99,324000000,65000,8383864832
1789923633.5491266,14219743232,100,328000000,66000,8383864832
1789923634.5498416,14219706368,100,324000000,66000,8383864832
1789923635.550278,14219706368,100,327000000,66000,8383864832
1789923636.5508296,14219706368,100,326000000,66000,8383864832
1789923637.551312,14219706368,99,326000000,66000,8383864832
1789923638.5519233,14219706368,100,327000000,65000,8383864832
1789923639.5525026,14219706368,100,327000000,66000,8383864832
1789923640.5532587,14219710464,100,326000000,66000,8383864832
1789923641.5537825,14219710464,100,326000000,66000,8383864832
1789923642.554446,14219710464,100,326000000,66000,8383864832
1789923643.5554032,14219710464,99,322000000,65000,8383864832
1789923644.5560906,14219706368,100,326000000,65000,8383864832
1789923645.5566463,14219673600,99,325000000,65000,8383864832
1789923646.5571198,14219677696,99,325000000,66000,8383864832
1789923647.5579185,14219669504,100,326000000,66000,8383864832
1789923648.5586655,14219669504,100,325000000,66000,8383864832
1789923649.5591702,14219694080,94,302000000,65000,8385667072
1789923650.56001,14219694080,100,326000000,66000,8385667072
1789923651.5605533,14219689984,100,326000000,66000,8385667072
1789923652.5614247,14219689984,99,324000000,65000,8385667072
1789923653.5620036,14219689984,100,325000000,65000,8385667072
1789923654.5629573,14219694080,100,326000000,66000,8385667072
1789923655.5637095,14219661312,100,326000000,66000,8385667072
1789923656.56418,14219661312,99,318000000,65000,8385667072
1789923657.5648186,14219661312,100,326000000,65000,8385667072
1789923658.5654507,14219702272,100,327000000,65000,8385708032
1789923659.5661476,14219755520,99,323000000,65000,8388476928
1789923660.566685,14219755520,100,326000000,65000,8388476928
1789923661.5674834,14219755520,100,327000000,65000,8388476928
1789923662.5681791,14219755520,100,326000000,65000,8388476928
1789923663.569015,14219755520,100,326000000,65000,8388476928
1789923664.5695295,14219755520,100,327000000,65000,8388476928
1789923665.5703297,14219722752,99,324000000,65000,8388476928
1789923666.5707781,14219722752,100,326000000,65000,8388476928
1789923667.5713909,14219722752,100,327000000,65000,8388476928
1789923668.5719676,14219722752,100,326000000,65000,8388476928
1789923669.5730371,14219722752,100,326000000,65000,8388476928
1789923670.5738688,14219722752,99,326000000,65000,8388476928
1789923671.5744267,14219722752,100,326000000,65000,8388476928
1789923672.5750937,14219722752,100,327000000,65000,8388476928
1789923673.5755901,14219722752,99,322000000,65000,8388476928
1789923674.5763621,14219722752,100,327000000,65000,8388476928
1789923675.576996,14219689984,100,325000000,65000,8388476928
1789923676.5777829,14219689984,100,327000000,65000,8388476928
1789923677.5786374,14219714560,100,327000000,65000,8389263360
1789923678.5791314,14219710464,77,257000000,64000,8389263360
1789923679.5800548,14219710464,100,327000000,65000,8389263360
1789923680.5805693,14219710464,100,328000000,65000,8389263360
1789923681.5813138,14219710464,100,325000000,65000,8389263360
1789923682.5820434,14219710464,100,326000000,65000,8389263360
1789923683.582725,14219710464,100,326000000,65000,8389263360
1789923684.583383,14219710464,100,326000000,65000,8389263360
1789923685.583959,14219730944,99,326000000,65000,8389283840
1789923686.5844924,14219698176,100,326000000,65000,8389283840
1789923687.5851116,14219730944,100,327000000,65000,8392237056
1789923688.5856373,14219730944,100,327000000,65000,8392237056
1789923689.5864394,14219730944,100,324000000,65000,8392237056
1789923691.2246053,14219730944,82,281000000,65000,8392237056
1789923692.2254555,14219784192,100,331000000,65000,8392466432
1789923693.2262564,14219784192,100,326000000,65000,8392466432
1789923694.2269342,14219784192,100,324000000,65000,8392466432
1789923695.2275257,14219784192,100,326000000,65000,8392466432
1789923696.2281299,14219751424,98,321000000,65000,8392466432
1789923697.2286313,14219751424,100,326000000,65000,8392466432
1789923698.2319043,14219751424,100,326000000,65000,8392466432
1789923699.2325766,14219751424,100,326000000,65000,8392466432
1789923700.2331119,14219751424,100,326000000,65000,8392466432
1789923701.2336252,14219751424,99,326000000,65000,8392466432
1789923702.2341948,14219751424,100,326000000,65000,8392466432
1789923703.2350025,14219751424,100,326000000,65000,8392466432
1789923704.2356884,14219751424,99,325000000,65000,8392466432
1789923705.236186,14219751424,99,318000000,65000,8392466432
1789923706.236798,14219718656,99,327000000,65000,8392466432
1789923707.2374513,14219718656,100,327000000,65000,8392466432
1789923708.237859,14219718656,100,326000000,66000,8392466432
1789923709.2383888,14219718656,100,328000000,66000,8392466432
1789923710.2391088,14219718656,100,325000000,66000,8392466432
1789923711.2397387,14219751424,99,325000000,66000,8392953856
1789923712.2404091,14219751424,100,326000000,66000,8392953856
1789923713.2410667,14219751424,100,324000000,66000,8392953856
1789923714.2416441,14219751424,99,325000000,65000,8392953856
1789923715.2423246,14219751424,100,326000000,66000,8392953856
1789923716.2428744,14219751424,100,326000000,66000,8392953856
1789923717.243396,14219718656,100,326000000,66000,8392953856
1789923718.2440689,14219718656,99,326000000,66000,8392953856
1789923719.2448497,14219718656,100,326000000,66000,8392953856
1789923720.2456553,14219718656,100,327000000,65000,8392953856
1789923721.246467,14219718656,99,325000000,65000,8392953856
1789923722.247092,14219739136,100,326000000,66000,8394448896
1789923723.2475567,14219739136,99,319000000,65000,8394448896
1789923724.2484946,14219739136,100,326000000,66000,8394448896
1789923725.249377,14219739136,99,320000000,66000,8394448896
1789923726.2500575,14219739136,100,326000000,66000,8394448896
1789923727.2505114,14219706368,99,326000000,66000,8394448896
1789923728.251704,14219706368,100,326000000,66000,8394448896
1789923729.252347,14219706368,100,326000000,66000,8394448896
1789923730.2529697,14219706368,99,322000000,65000,8394448896
1789923731.2536116,14219706368,100,324000000,65000,8394448896
1789923732.2587547,14219706368,99,325000000,66000,8394448896
1789923733.2592335,14219706368,100,327000000,66000,8394448896
1789923734.2598133,14219726848,100,327000000,66000,8394469376
1789923735.260297,14219726848,100,327000000,66000,8394469376
1789923736.2609158,14219726848,99,322000000,66000,8394469376
1789923737.261643,14219694080,99,323000000,66000,8394469376
1789923738.2622936,14219694080,100,323000000,66000,8394469376
1789923739.2628949,14219694080,100,326000000,66000,8394469376
1789923740.263419,14219694080,99,325000000,66000,8394469376
1789923741.2639685,14219694080,100,326000000,66000,8394469376
1789923742.2647,14219694080,100,326000000,66000,8394469376
1789923743.2650857,14219694080,99,324000000,65000,8394469376
1789923744.2656505,14219694080,100,327000000,66000,8394469376
1789923745.2663875,14219694080,100,328000000,66000,8394469376
1789923746.2668798,14219694080,100,325000000,66000,8394469376
1789923747.2676127,14219661312,100,327000000,66000,8394469376
1789923748.268181,14219661312,99,326000000,66000,8394469376
1789923749.2687194,14219661312,100,326000000,66000,8394469376
1789923750.269181,14219681792,100,326000000,66000,8395968512
1789923751.26973,14219681792,99,321000000,65000,8395968512
1789923752.2701774,14219681792,33,148000000,63000,8395968512
1789923753.2706888,14219702272,100,330000000,65000,8396111872
1789923754.2712975,14219702272,100,326000000,65000,8396111872
1789923755.2718666,14219735040,99,326000000,65000,8396374016
1789923756.2725942,14219735040,100,326000000,65000,8396374016
1789923757.2732048,14219735040,100,327000000,65000,8396374016
1789923758.2739387,14219702272,100,326000000,65000,8396374016
1789923759.274609,14219722752,100,326000000,65000,8397479936
1789923760.2752714,14219722752,99,320000000,65000,8397479936
1789923761.2759366,14219722752,99,324000000,65000,8397479936
1789923762.276411,14219722752,100,326000000,65000,8397479936
1789923763.27703,14219722752,100,326000000,65000,8397479936
1789923764.2775764,14219722752,99,325000000,65000,8397479936
1789923765.2781014,14219722752,100,327000000,65000,8397479936
1789923766.2786415,14219722752,100,327000000,66000,8397479936
1789923767.279395,14219722752,100,325000000,65000,8397479936
1789923768.2799268,14219689984,100,328000000,65000,8397479936
1789923769.2806194,14219689984,100,325000000,65000,8397479936
1789923770.2810712,14219689984,100,326000000,65000,8397479936
1789923771.281517,14219689984,100,326000000,65000,8397479936
1789923772.282395,14219689984,100,326000000,65000,8397479936
1789923773.2832425,14219689984,99,326000000,65000,8397479936
1789923774.2837741,14219689984,100,327000000,65000,8397479936
1789923775.2844508,14219689984,100,322000000,65000,8397479936
1789923776.2849908,14219689984,99,324000000,65000,8397479936
1789923777.2855015,14219689984,100,326000000,65000,8397479936
1789923778.286318,14219657216,100,327000000,65000,8397479936
1789923779.286889,14219657216,99,325000000,65000,8397479936
1789923780.28764,14219657216,100,326000000,65000,8397479936
1789923781.288435,14219661312,100,324000000,65000,8397479936
1789923782.2891088,14219657216,99,324000000,65000,8397479936
1789923783.2902434,14219657216,100,326000000,65000,8397479936
1789923784.2910464,14219657216,100,326000000,65000,8397479936
1789923785.2922912,14219657216,99,323000000,65000,8397479936
1789923786.2930772,14219657216,100,327000000,65000,8397479936
1789923787.2937052,14219661312,99,325000000,65000,8397479936
1789923788.294288,14219624448,100,326000000,65000,8397479936
1789923789.2950146,14219644928,100,327000000,65000,8398901248
1789923790.295535,14219644928,100,325000000,65000,8398901248
1789923791.2960057,14219644928,100,327000000,65000,8398901248
1789923792.2966425,14219644928,100,326000000,65000,8398901248
1789923793.297315,14219644928,100,327000000,65000,8398901248
1789923794.2979887,14219644928,100,325000000,65000,8398901248
1789923795.299079,14219644928,99,326000000,65000,8398901248
1789923796.2996867,14219644928,100,326000000,65000,8398901248
1789923797.3002758,14219644928,100,327000000,65000,8398901248
1789923798.3011167,14219632640,99,323000000,65000,8399437824
1789923799.301721,14219632640,100,326000000,65000,8399437824
1789923800.3024507,14219632640,100,327000000,65000,8399437824
1789923801.3030078,14219632640,100,326000000,65000,8399437824
1789923802.303749,14219632640,100,327000000,65000,8399437824
1789923803.3044257,14219632640,99,325000000,65000,8399437824
1789923804.305414,14219632640,100,326000000,65000,8399437824
1789923805.305931,14219632640,99,324000000,65000,8399437824
1789923806.3064265,14219685888,100,327000000,65000,8401686528
1789923807.3071716,14219685888,99,324000000,65000,8401686528
1789923808.307792,14219685888,100,326000000,65000,8401686528
1789923809.3083646,14219653120,99,326000000,65000,8401686528
1789923810.3092256,14219653120,99,324000000,65000,8401686528
1789923811.309795,14219653120,100,326000000,65000,8401686528
1789923812.3103733,14219653120,99,326000000,65000,8401686528
1789923813.3110046,14219653120,100,327000000,65000,8401686528
1789923814.3115146,14219653120,100,327000000,65000,8401686528
1789923815.312062,14219653120,100,324000000,65000,8401686528
1789923816.312921,14219653120,100,326000000,65000,8401686528
1789923817.3134232,14219653120,100,326000000,65000,8401686528
1789923818.3142867,14219653120,99,323000000,65000,8401686528
1789923819.3152544,14219620352,99,325000000,65000,8401686528
1789923820.3158104,14219620352,99,325000000,65000,8401686528
1789923821.3162742,14219624448,100,328000000,65000,8401686528
1789923822.3169112,14219624448,100,325000000,65000,8401686528
1789923823.5944726,14219620352,100,326000000,65000,8401686528
1789923824.5950747,14219620352,100,327000000,65000,8401686528
1789923825.5956612,14219620352,100,327000000,65000,8401686528
1789923826.5961237,14219620352,100,326000000,65000,8401686528
1789923827.5965254,14219620352,99,325000000,65000,8401686528
1789923828.8406904,14219620352,64,233000000,64000,8401686528
1789923829.8411813,14219587584,100,328000000,65000,8401707008
1789923830.8417623,14219620352,100,327000000,65000,8401842176
1789923831.8421774,14219620352,99,318000000,65000,8401842176
1789923832.8428085,14219620352,100,327000000,65000,8401842176
1789923833.8436813,14219620352,99,324000000,65000,8401842176
1789923834.8447995,14219620352,100,326000000,65000,8401842176
1789923835.8456411,14219620352,100,326000000,65000,8401842176
1789923836.8462396,14219620352,99,324000000,65000,8401842176
1789923837.8469543,14219640832,100,326000000,65000,8402055168
1789923838.8475544,14219640832,100,326000000,65000,8402055168
1789923839.8481913,14219608064,99,324000000,65000,8436862976
1789923840.848743,14219608064,100,327000000,65000,8402055168
1789923841.8492649,14219608064,100,326000000,65000,8402055168
1789923842.8503857,14219608064,99,322000000,65000,8402055168
1789923843.8509564,14219608064,100,325000000,65000,8402055168
1789923844.8515718,14219608064,99,322000000,65000,8402055168
1789923845.8523538,14219608064,99,323000000,65000,8402055168
1789923846.8528512,14219608064,100,324000000,65000,8402055168
1789923847.8534462,14219608064,100,326000000,65000,8402055168
1789923848.853866,14219608064,100,326000000,65000,8402055168
1789923849.8544257,14219575296,99,324000000,65000,8402055168
1789923850.8549829,14219575296,100,326000000,65000,8402055168
1789923851.8556268,14219575296,100,326000000,65000,8402055168
1789923852.856176,14219575296,100,326000000,65000,8402055168
1789923853.856735,14219575296,99,324000000,65000,8402055168
1789923854.8573115,14219575296,100,327000000,65000,8402055168
1789923855.858086,14219575296,99,324000000,65000,8402055168
1789923856.8585064,14219575296,100,326000000,65000,8402055168
1789923857.8588607,14219595776,99,325000000,65000,8402399232
1789923858.859515,14219595776,100,326000000,65000,8402399232
1789923859.8601184,14219563008,100,326000000,65000,8402399232
1789923860.8605456,14219563008,100,327000000,65000,8402399232
1789923861.8679245,14219563008,99,325000000,65000,8402399232
1789923862.8684564,14219603968,100,326000000,65000,8404779008
1789923863.8688817,14219603968,100,326000000,65000,8404779008
1789923864.869759,14219603968,100,326000000,65000,8404779008
1789923865.8702593,14219603968,99,322000000,65000,8404779008
1789923866.8707318,14219603968,100,324000000,65000,8404779008
1789923867.871134,14219603968,99,318000000,65000,8404779008
1789923868.8718781,14219603968,100,327000000,65000,8404779008
1789923869.8728437,14219603968,99,324000000,65000,8404779008
1789923870.8732066,14219571200,100,326000000,65000,8404779008
1789923871.8736403,14219571200,100,326000000,65000,8404779008
1789923872.8740435,14219571200,100,325000000,65000,8404779008
1789923873.8747048,14219571200,100,327000000,65000,8404779008
1789923874.8752542,14219571200,100,326000000,65000,8404779008
1789923875.8757827,14219571200,99,324000000,65000,8404779008
1789923876.8764846,14219571200,100,327000000,65000,8404779008
1789923877.8771992,14219571200,100,327000000,65000,8404779008
1789923878.8779736,14219571200,100,327000000,65000,8404779008
1789923879.8786392,14219571200,100,326000000,65000,8404779008
1789923880.8790197,14219538432,100,326000000,65000,8404779008
1789923881.8796985,14219538432,100,327000000,65000,8404779008
1789923882.8803287,14219538432,99,322000000,65000,8404779008
1789923883.8900495,14219538432,100,326000000,65000,8404779008
1789923884.8904974,14219538432,100,327000000,65000,8404779008
1789923885.8913748,14219538432,99,325000000,65000,8404779008
1789923886.8919637,14219538432,100,325000000,65000,8404779008
1789923887.892509,14219538432,100,327000000,65000,8404779008
1789923888.8931677,14219558912,99,326000000,65000,8405377024
1789923889.893936,14219558912,100,326000000,65000,8405377024
1789923890.9159245,14219526144,47,190000000,63000,8405377024
1789923891.916413,14219526144,100,329000000,64000,8405377024
1789923892.917136,14219526144,99,323000000,65000,8405377024
1789923893.9176624,14219526144,100,326000000,65000,8405377024
1789923894.9182968,14219526144,99,324000000,65000,8405377024
1789923895.9188733,14219546624,100,323000000,65000,8405520384
1789923896.919612,14219546624,100,327000000,65000,8405520384
1789923897.9201026,14219546624,100,326000000,65000,8405520384
1789923898.9212048,14219546624,99,326000000,65000,8405520384
1789923899.9217682,14219546624,100,326000000,65000,8405520384
1789923900.9222653,14219513856,100,326000000,65000,8405520384
1789923901.92272,14219513856,99,322000000,65000,8405520384
1789923902.9231062,14219513856,100,326000000,65000,8405520384
1789923903.9237576,14219513856,100,326000000,65000,8405520384
1789923904.9244728,14219513856,99,324000000,65000,8405520384
1789923905.9253302,14219513856,100,326000000,65000,8405520384
1789923906.9262352,14219513856,100,326000000,65000,8405520384
1789923907.9269953,14219513856,99,325000000,65000,8405520384
1789923908.9276123,14219513856,100,327000000,65000,8405520384
1789923909.9282403,14219513856,100,326000000,65000,8405520384
1789923910.9287734,14219481088,100,325000000,65000,8405520384
1789923911.929451,14219481088,99,325000000,65000,8405520384
1789923912.9300091,14219481088,100,326000000,65000,8405520384
1789923913.9307563,14219481088,100,327000000,65000,8405520384
1789923914.9315171,14219481088,100,326000000,65000,8405520384
1789923915.9323804,14219481088,100,326000000,65000,8405520384
1789923916.9328456,14219481088,99,325000000,65000,8405520384
1789923917.933462,14219481088,100,324000000,65000,8405520384
1789923918.9344227,14219481088,99,325000000,65000,8405520384
1789923919.935076,14219501568,100,326000000,65000,8405864448
1789923920.9358685,14219501568,100,326000000,65000,8405864448
1789923921.9363914,14219468800,99,324000000,65000,8405864448
1789923922.9370768,14219468800,100,326000000,65000,8405864448
1789923923.937606,14219468800,99,322000000,65000,8405864448
1789923924.9381802,14219468800,100,327000000,65000,8405864448
1789923925.9387589,14219468800,100,326000000,65000,8405864448
1789923926.939646,14219468800,100,327000000,65000,8405864448
1789923927.9402204,14219468800,99,325000000,65000,8405864448
1789923928.9409978,14219468800,100,326000000,65000,8405864448
1789923929.9416754,14219468800,100,325000000,65000,8405864448
1789923930.9423013,14219468800,99,323000000,65000,8405864448
1789923931.9431057,14219436032,100,326000000,65000,8405864448
1789923932.9436917,14219436032,100,326000000,65000,8405864448
1789923933.9443567,14219456512,99,326000000,65000,8406306816
1789923934.944966,14219456512,100,327000000,65000,8406306816
1789923935.9455495,14219456512,100,327000000,65000,8406306816
1789923936.94624,14219456512,100,325000000,65000,8406306816
1789923937.9467769,14219476992,100,326000000,65000,8407367680
1789923938.9473884,14219476992,100,327000000,65000,8407367680
1789923939.947773,14219476992,99,323000000,65000,8407367680
1789923940.94825,14219476992,100,327000000,65000,8407367680
1789923941.9488792,14219444224,99,323000000,65000,8407367680
1789923942.949247,14219444224,100,326000000,65000,8407367680
1789923943.9497268,14219444224,100,326000000,65000,8407367680
1789923944.9505088,14219444224,99,326000000,65000,8407367680
1789923946.0176105,14219444224,100,325000000,65000,8407367680
1789923947.0183303,14219444224,100,326000000,65000,8407367680
1789923948.018949,14219444224,99,326000000,65000,8407367680
1789923949.0195644,14219444224,99,319000000,65000,8407367680
1789923950.0203373,14219444224,100,326000000,65000,8407367680
1789923951.020873,14219444224,100,326000000,65000,8407367680
1789923952.0212924,14219411456,99,324000000,65000,8407367680
1789923953.021871,14219431936,100,326000000,65000,8407990272
1789923954.2547123,14219431936,46,185000000,63000,8407990272
1789923955.2553992,14219431936,92,288000000,64000,8407990272
1789923956.2561674,14219431936,100,321000000,64000,8407990272
1789923957.2567987,14219431936,99,320000000,65000,8407990272
1789923958.2575223,14219431936,99,324000000,65000,8407990272
1789923959.2578855,14219452416,100,326000000,65000,8408657920
1789923960.2585125,14219452416,100,326000000,65000,8408657920
1789923961.2591422,14219452416,100,326000000,65000,8460636160
1789923962.2597334,14219419648,99,325000000,65000,8408657920
1789923963.260199,14219419648,100,321000000,65000,8408657920
1789923964.2608368,14219419648,99,320000000,65000,8408657920
1789923965.2615128,14219440128,99,327000000,65000,8409063424
1789923966.2621982,14219440128,100,325000000,65000,8409063424
1789923967.2629166,14219440128,100,327000000,65000,8409063424
1789923968.2637725,14219440128,100,327000000,65000,8409063424
1789923969.264262,14219440128,100,326000000,65000,8409063424
1789923970.2651541,14219440128,100,326000000,65000,8409063424
1789923971.2657068,14219440128,99,325000000,65000,8409063424
1789923972.2664084,14219440128,100,326000000,65000,8409063424
1789923973.266893,14219407360,100,325000000,65000,8409063424
1789923974.2674983,14219407360,100,327000000,65000,8409063424
1789923975.2682683,14219407360,100,325000000,65000,8409063424
1789923976.268963,14219407360,99,326000000,65000,8409063424
1789923977.2696648,14219407360,100,325000000,65000,8409063424
1789923978.2701645,14219407360,99,320000000,65000,8409096192
1789923979.2705634,14219427840,100,326000000,65000,8410071040
1789923980.2713387,14219427840,100,326000000,65000,8410071040
1789923981.2718403,14219427840,99,323000000,65000,8410071040
1789923982.2724633,14219448320,100,327000000,65000,8410091520
1789923983.2729623,14219415552,100,326000000,65000,8410091520
1789923984.2737868,14219415552,99,325000000,65000,8410091520
1789923985.2746599,14219415552,100,326000000,65000,8410091520
1789923986.275397,14219415552,100,326000000,65000,8410091520
1789923987.2759945,14219415552,99,325000000,65000,8410091520
1789923988.2767265,14219415552,100,325000000,65000,8410091520
1789923989.2777345,14219415552,97,314000000,65000,8410091520
1789923990.2784977,14219415552,97,314000000,65000,8410091520
1789923991.2791605,14219415552,100,326000000,65000,8410091520
1789923992.2796597,14219415552,100,326000000,65000,8410091520
1789923993.2805653,14219382784,100,326000000,65000,8410091520
1789923994.2810147,14219382784,99,325000000,65000,8410091520
1789923995.281651,14219382784,100,323000000,65000,8410091520
1789923996.2823024,14219382784,99,323000000,65000,8410091520
1789923997.2828574,14219382784,100,326000000,65000,8410091520
1789923998.2835257,14219382784,99,324000000,65000,8410091520
1789923999.2842534,14219382784,100,324000000,65000,8410091520
1789924000.2850318,14219382784,99,322000000,65000,8410091520
1789924001.2856164,14219386880,100,320000000,65000,8410091520
1789924002.2863655,14219382784,99,326000000,65000,8410091520
1789924003.2871017,14219350016,100,326000000,65000,8410091520
1789924004.2875893,14219370496,100,326000000,65000,8410112000
1789924005.288366,14219370496,100,326000000,65000,8410112000
1789924006.2888832,14219390976,99,327000000,65000,8411369472
1789924007.289237,14219390976,100,325000000,66000,8411369472
1789924008.289856,14219390976,100,323000000,65000,8411369472
1789924009.2903996,14219411456,99,325000000,65000,8412037120
1789924010.2912474,14219411456,100,327000000,65000,8412037120
1789924011.9818237,14219411456,61,225000000,64000,8412037120
1789924012.982681,14219411456,99,326000000,65000,8412037120
1789924013.9835145,14219378688,100,325000000,65000,8412037120
1789924014.9842572,14219378688,100,322000000,65000,8412037120
1789924015.9849393,14219378688,99,326000000,65000,8412037120
1789924016.9855893,14219378688,100,326000000,65000,8412037120
1789924017.986396,14219378688,100,327000000,65000,8412037120
1789924018.9869008,14219378688,100,326000000,65000,8412037120
1789924019.9873893,14219378688,100,326000000,65000,8412037120
1789924020.9880033,14219411456,100,326000000,65000,8412069888
1789924021.9886322,14219411456,100,326000000,66000,8412069888
1789924022.989222,14219411456,100,327000000,65000,8412073984
1789924023.9897728,14219378688,99,324000000,65000,8412073984
1789924024.990279,14219378688,100,325000000,66000,8412073984
1789924025.990818,14219378688,99,326000000,66000,8412073984
1789924026.9914203,14219378688,100,326000000,66000,8412073984
1789924027.9922395,14219411456,100,326000000,66000,8413749248
1789924028.9929342,14219411456,100,326000000,66000,8413749248
1789924029.9935575,14219411456,100,327000000,66000,8413749248
1789924030.9943192,14219411456,99,321000000,65000,8413749248
1789924031.9948733,14219411456,100,327000000,66000,8413749248
1789924032.9954247,14219411456,100,325000000,66000,8413749248
1789924033.9960985,14219378688,100,327000000,66000,8413749248
1789924034.9968395,14219378688,100,322000000,66000,8413749248
1789924035.9975524,14219378688,99,326000000,66000,8414109696
1789924036.9982057,14219399168,100,325000000,66000,8414466048
1789924037.9989586,14219399168,100,326000000,66000,8414466048
1789924038.9997764,14219399168,99,326000000,66000,8414466048
1789924040.0005174,14219399168,100,326000000,66000,8414466048
1789924041.0014014,14219399168,99,320000000,65000,8414466048
1789924042.0021214,14219399168,100,326000000,65000,8414466048
1789924043.002685,14219399168,99,323000000,65000,8414466048
1789924044.003234,14219386880,100,324000000,65000,8416075776
1789924045.0040383,14219386880,99,315000000,65000,8416075776
1789924046.0046508,14219407360,100,326000000,65000,8416096256
1789924047.0051394,14219407360,99,326000000,66000,8416096256
1789924048.005744,14219407360,100,324000000,65000,8416096256
1789924049.0064406,14219407360,99,319000000,65000,8416096256
1789924050.0070548,14219407360,100,327000000,65000,8416096256
1789924051.0075257,14219407360,100,326000000,65000,8416096256
1789924052.0080793,14219427840,100,327000000,65000,8416829440
1789924053.0087984,14219427840,100,326000000,66000,8416829440
1789924054.0094328,14219427840,100,328000000,66000,8416829440
1789924055.0101955,14219403264,99,323000000,66000,8416829440
1789924056.0108068,14219403264,100,325000000,66000,8416829440
1789924057.0117693,14219403264,99,325000000,65000,8416829440
1789924058.0123203,14219403264,100,322000000,65000,8416829440
1789924059.0128481,14219403264,99,324000000,65000,8416829440
1789924060.0134904,14219403264,100,325000000,65000,8416829440
1789924061.0140097,14219403264,99,325000000,65000,8416829440
1789924062.014507,14219403264,100,326000000,65000,8416829440
1789924063.0150764,14219403264,100,326000000,65000,8416829440
1789924064.015588,14219403264,99,324000000,65000,8416829440
1789924065.0160694,14219374592,100,328000000,65000,8416829440
1789924066.016722,14219374592,100,325000000,65000,8416829440
1789924067.0172637,14219374592,100,327000000,66000,8416829440
1789924068.0179505,14219395072,100,327000000,66000,8416849920
1789924069.0184658,14219395072,100,326000000,66000,8416849920
1789924070.0190117,14219395072,100,326000000,66000,8416849920
1789924071.019648,14219395072,100,328000000,66000,8416849920
1789924072.0203025,14219395072,99,319000000,65000,8416882688
1789924073.020978,14219415552,100,326000000,65000,8418029568
1789924074.0215223,14219427840,100,326000000,65000,8418471936
1789924075.0222538,14219427840,100,326000000,65000,8419282944
1789924076.0231493,14219427840,99,324000000,65000,8419282944
1789924077.0236332,14219427840,100,327000000,65000,8419282944
1789924078.0242643,14219427840,99,325000000,65000,8419282944
1789924079.0248115,14219427840,100,326000000,65000,8419282944
1789924080.025412,14219427840,100,326000000,65000,8419282944
1789924081.0260987,14219427840,100,327000000,65000,8419282944
1789924082.0268815,14219427840,99,325000000,65000,8419282944
1789924083.0276287,14219427840,100,326000000,65000,8419282944
1789924084.0282373,14219427840,100,327000000,65000,8419282944
1789924085.0288765,14219403264,49,192000000,63000,8419282944
1789924086.0300477,14219403264,100,332000000,64000,8419282944
1789924087.0304987,14219403264,99,324000000,65000,8419282944
1789924088.0309632,14219403264,100,326000000,65000,8419282944
1789924089.0318875,14219403264,99,321000000,65000,8419282944
1789924090.0323913,14219423744,100,325000000,65000,8419491840
1789924091.03291,14219423744,100,327000000,65000,8419491840
1789924092.0335772,14219423744,100,326000000,65000,8419491840
1789924093.0342484,14219423744,99,326000000,65000,8419491840
1789924094.0348175,14219444224,100,326000000,65000,8419999744
1789924095.0353339,14219444224,100,327000000,65000,8419999744
1789924096.0362213,14219411456,100,326000000,65000,8419999744
1789924097.036806,14219411456,99,325000000,65000,8419999744
1789924098.0374205,14219411456,100,326000000,65000,8419999744
1789924099.038086,14219431936,100,326000000,65000,8421482496
1789924100.038565,14219431936,100,327000000,65000,8421482496
1789924101.0390308,14219427840,100,325000000,65000,8421482496
1789924102.039601,14219427840,99,326000000,65000,8421482496
1789924103.0403097,14219427840,100,326000000,65000,8421482496
1789924104.0407603,14219427840,100,326000000,65000,8421482496
1789924105.041453,14219427840,99,325000000,65000,8421482496
1789924106.0420327,14219395072,100,324000000,65000,8421482496
1789924107.0425265,14219427840,99,326000000,65000,8422338560
1789924108.0431292,14219448320,100,327000000,65000,8423579648
1789924109.0435445,14219448320,100,326000000,65000,8423579648
1789924110.0443866,14219481088,100,326000000,65000,8424960000
1789924111.0449235,14219481088,100,326000000,65000,8424960000
1789924112.0454085,14219481088,100,327000000,65000,8424960000
1789924113.0459547,14219513856,100,328000000,65000,8425676800
1789924114.046855,14219513856,100,325000000,65000,8425676800
1789924115.0475004,14219546624,100,326000000,65000,8426606592
1789924116.0483356,14219513856,100,326000000,65000,8426606592
1789924117.0490224,14219513856,99,326000000,65000,8426606592
1789924118.0495558,14219513856,100,326000000,65000,8426606592
1789924119.050092,14219513856,100,326000000,65000,8426606592
1789924120.0507936,14219513856,99,320000000,65000,8426606592
1789924121.0514796,14219513856,100,327000000,65000,8426606592
1789924122.0521502,14219513856,100,326000000,65000,8426606592
1789924123.0530453,14219513856,99,325000000,65000,8426606592
1789924124.0536225,14219513856,100,326000000,65000,8426606592
1789924125.0541353,14219513856,99,325000000,65000,8426606592
1789924126.0549989,14219481088,99,326000000,65000,8426606592
1789924127.0556283,14219481088,99,319000000,65000,8426606592
1789924128.0563855,14219485184,100,327000000,65000,8426606592
1789924129.0571103,14219485184,100,326000000,65000,8426606592
1789924130.0578275,14219485184,100,326000000,65000,8426606592
1789924131.0582986,14219485184,99,325000000,65000,8426606592
1789924132.0589092,14219485184,100,326000000,65000,8426606592
1789924133.0593383,14219485184,100,326000000,65000,8426606592
1789924134.0597844,14219485184,100,327000000,65000,8426606592
1789924135.0604768,14219485184,100,325000000,65000,8426606592
1789924136.0612845,14219485184,100,326000000,65000,8426606592
1789924137.0622864,14219456512,91,287000000,64000,8426606592
1789924138.063182,14219456512,99,318000000,65000,8426606592
1789924139.063862,14219456512,100,326000000,65000,8426606592
1789924140.0645506,14219456512,100,326000000,65000,8426606592
1789924141.0650756,14219456512,99,325000000,65000,8426606592
1789924142.0657513,14219456512,100,326000000,65000,8426606592
1789924143.0668392,14219456512,100,326000000,65000,8426606592
1789924144.0673492,14219456512,99,326000000,65000,8426606592
1789924145.0677645,14219456512,100,326000000,65000,8426606592
1789924146.0681744,14219456512,100,326000000,65000,8426606592
1789924147.0685782,14219427840,100,326000000,65000,8426606592
1789924148.0690508,14219427840,100,326000000,65000,8426606592
1789924149.069577,14219427840,99,325000000,65000,8426606592
1789924150.0701292,14219431936,100,326000000,65000,8426606592
1789924151.070531,14219427840,99,325000000,65000,8426606592
1789924152.0709288,14219448320,100,327000000,65000,8426627072
1789924153.0715775,14219448320,100,325000000,65000,8426627072
1789924154.0721447,14219448320,99,325000000,65000,8426627072
1789924155.0725477,14219448320,100,326000000,65000,8426627072
1789924156.6439912,14219431936,60,223000000,64000,8426627072
1789924157.6445484,14219431936,100,330000000,64000,8426627072
1789924158.645168,14219431936,100,328000000,65000,8426627072
1789924159.6456695,14219431936,99,324000000,65000,8426627072
1789924160.6463223,14219431936,100,326000000,65000,8426627072
1789924161.6468334,14219431936,100,324000000,65000,8426627072
1789924162.6477273,14219431936,99,320000000,65000,8426627072
1789924163.6483111,14219431936,99,321000000,65000,8426627072
1789924164.6488705,14219464704,100,326000000,65000,8427008000
1789924165.6493912,14219464704,100,327000000,65000,8427008000
1789924166.650039,14219464704,100,326000000,65000,8427008000
1789924167.6506648,14219460608,100,326000000,65000,8427008000
1789924168.6515586,14219460608,100,327000000,65000,8427008000
1789924169.6522326,14219460608,100,326000000,65000,8427008000
1789924170.653028,14219460608,99,326000000,65000,8427008000
1789924171.653579,14219460608,100,326000000,65000,8427008000
1789924172.6542218,14219460608,100,326000000,65000,8427008000
1789924173.6548018,14219460608,100,326000000,65000,8427008000
1789924174.6553288,14219460608,100,327000000,65000,8427008000
1789924175.6558309,14219460608,100,326000000,65000,8427008000
1789924176.6563776,14219460608,100,326000000,65000,8427008000
1789924177.657247,14219460608,99,321000000,65000,8427008000
1789924178.6577435,14219460608,100,324000000,65000,8427008000
1789924179.6584473,14219460608,100,326000000,65000,8427008000
1789924180.65902,14219460608,99,325000000,65000,8427008000
1789924181.6595485,14219460608,100,325000000,65000,8427008000
1789924182.6603281,14219460608,99,323000000,65000,8427008000
1789924183.6609657,14219464704,100,326000000,65000,8427008000
1789924184.6617126,14219460608,99,326000000,65000,8427008000
1789924185.662213,14219460608,100,326000000,65000,8427008000
1789924186.6629283,14219460608,100,326000000,65000,8427008000
1789924187.6634183,14219460608,99,322000000,65000,8427008000
1789924188.6640234,14219460608,100,326000000,65000,8427008000
1789924189.6648955,14219460608,100,326000000,65000,8427008000
1789924190.6653798,14219460608,99,325000000,65000,8427008000
1789924191.6661863,14219460608,100,327000000,65000,8427008000
1789924192.6668448,14219460608,99,321000000,65000,8427008000
1789924193.667502,14219460608,100,326000000,65000,8427008000
1789924194.6681857,14219460608,99,324000000,65000,8427008000
1789924195.6688626,14219481088,100,326000000,65000,8427450368
1789924196.6695447,14219481088,100,326000000,65000,8427450368
1789924197.6702764,14219481088,100,327000000,65000,8427450368
1789924198.6708694,14219481088,99,325000000,65000,8427450368
1789924199.6714702,14219513856,100,327000000,65000,8428670976
1789924200.6720126,14219513856,100,326000000,65000,8428670976
1789924201.6725307,14219513856,99,325000000,65000,8428670976
1789924202.6730652,14219513856,100,326000000,65000,8428670976
1789924203.6736767,14219513856,100,326000000,65000,8428670976
1789924204.6744576,14219513856,99,325000000,65000,8428670976
1789924205.6752093,14219513856,100,327000000,65000,8428670976
1789924206.6757934,14219513856,100,326000000,65000,8428670976
1789924207.6765687,14219513856,100,326000000,65000,8428670976
1789924208.6772034,14219513856,100,327000000,65000,8428670976
1789924209.6777773,14219513856,100,325000000,65000,8428670976
1789924210.6782882,14219517952,99,326000000,65000,8428670976
1789924211.6790767,14219538432,100,326000000,65000,8429015040
1789924212.679745,14219534336,100,326000000,65000,8429015040
1789924213.6804092,14219534336,100,327000000,65000,8429015040
1789924214.6811824,14219534336,100,326000000,65000,8429015040
1789924215.6820974,14219534336,100,327000000,65000,8429015040
1789924216.6829312,14219534336,100,325000000,65000,8429015040
1789924217.6835725,14219554816,99,326000000,65000,8430039040
1789924218.6841278,14219554816,100,328000000,65000,8430039040
1789924219.684911,14219554816,100,326000000,65000,8430039040
1789924220.6854389,14219554816,100,326000000,65000,8430039040
1789924221.6858351,14219554816,100,325000000,65000,8430039040
1789924222.6867268,14219554816,100,328000000,65000,8430039040
1789924223.6872864,14219554816,100,326000000,65000,8430039040
1789924224.6877978,14219554816,100,326000000,65000,8430039040
1789924225.6884928,14219587584,99,324000000,65000,8430075904
1789924226.6890965,14219587584,100,327000000,65000,8430075904
1789924227.689901,14219587584,100,325000000,65000,8430075904
1789924228.690472,14219640832,100,325000000,65000,8434298880
1789924229.6912544,14219640832,100,326000000,65000,8434298880
1789924230.69188,14219640832,99,322000000,65000,8434298880
1789924232.1131938,14219640832,53,204000000,64000,8434298880
1789924233.113551,14219640832,99,325000000,64000,8434298880
1789924234.1140273,14219640832,100,325000000,65000,8434298880
1789924235.1145778,14219640832,100,326000000,65000,8434298880
1789924236.1149857,14219640832,100,326000000,65000,8434298880
1789924237.1156533,14219640832,100,326000000,65000,8434298880
1789924238.1161761,14219640832,100,326000000,65000,8434298880
1789924239.1167197,14219661312,99,325000000,65000,8434446336
1789924240.117193,14219661312,100,326000000,65000,8434446336
1789924241.117792,14219661312,100,326000000,65000,8434446336
1789924242.1182694,14219661312,100,326000000,65000,8434446336
1789924243.1189296,14219661312,99,325000000,65000,8434446336
1789924244.1192946,14219661312,100,326000000,65000,8434446336
1789924245.1197994,14219661312,100,326000000,65000,8434446336
1789924246.1203878,14219661312,100,328000000,65000,8434446336
1789924247.1212873,14219661312,100,324000000,65000,8434446336
1789924248.1217942,14219661312,99,326000000,65000,8434446336
1789924249.1222804,14219661312,100,326000000,65000,8434446336
1789924250.1225986,14219681792,100,327000000,65000,8434630656
1789924251.1231034,14219681792,100,326000000,65000,8434630656
1789924252.1237276,14219681792,99,323000000,65000,8434630656
1789924253.1242294,14219681792,100,326000000,65000,8435171328
1789924254.1248658,14219702272,100,327000000,65000,8435732480
1789924255.125382,14219702272,99,320000000,65000,8435732480
1789924256.1262085,14219722752,100,327000000,65000,8436490240
1789924257.1266549,14219722752,100,326000000,65000,8436490240
1789924258.1270988,14219722752,100,327000000,65000,8436490240
1789924259.1277378,14219722752,100,327000000,66000,8436490240
1789924260.128191,14219722752,100,326000000,65000,8436490240
1789924261.1287293,14219722752,100,326000000,65000,8436490240
1789924262.1296666,14219722752,100,326000000,65000,8436490240
1789924263.1303198,14219722752,99,323000000,65000,8436490240
1789924264.1312027,14219722752,99,322000000,65000,8436490240
1789924265.1317427,14219726848,100,326000000,65000,8436490240
1789924266.1323152,14219726848,99,325000000,65000,8436490240
1789924267.13279,14219722752,97,316000000,65000,8436490240
1789924268.1334321,14219722752,100,323000000,65000,8436490240
1789924269.1339426,14219722752,100,327000000,65000,8436490240
1789924270.134577,14219722752,99,323000000,65000,8436490240
1789924271.135202,14219722752,100,326000000,65000,8436490240
1789924272.1358533,14219722752,100,326000000,65000,8436490240
1789924273.1366284,14219722752,99,324000000,65000,8436490240
1789924274.1372356,14219722752,100,327000000,65000,8436490240
1789924275.1378076,14219722752,99,324000000,65000,8436490240
1789924276.1382632,14219722752,100,327000000,66000,8436490240
1789924277.1388738,14219722752,100,326000000,66000,8436490240
1789924278.1395366,14219722752,100,326000000,66000,8436490240
1789924279.1399462,14219722752,100,326000000,66000,8436490240
1789924280.1408558,14219722752,99,322000000,65000,8436490240
1789924281.1414373,14219722752,100,327000000,66000,8436490240
1789924282.1422212,14219722752,100,326000000,66000,8436490240
1789924283.143077,14219722752,100,328000000,66000,8436490240
1789924284.1437051,14219722752,100,326000000,66000,8436490240
1789924285.1442375,14219722752,100,326000000,66000,8436490240
1789924286.144854,14219722752,100,326000000,66000,8436490240
1789924287.1454337,14219722752,99,322000000,66000,8436490240
1789924288.1459477,14219722752,100,328000000,66000,8436490240
1789924289.1469316,14219722752,100,326000000,66000,8436490240
1789924290.1479542,14219722752,100,326000000,66000,8436490240
1789924291.1526542,14219722752,100,100000000,65000,8436490240
1789924292.1532493,14219722752,100,327000000,65000,8436490240
1789924293.153979,14219722752,100,326000000,66000,8436490240
1789924294.154585,14219722752,100,326000000,66000,8436490240
1789924295.155038,14219722752,99,325000000,65000,8436490240
1789924296.155461,14219722752,100,326000000,65000,8436490240
1789924297.1558306,14219722752,100,327000000,65000,8436490240
1789924298.1563964,14219722752,99,320000000,65000,8436490240
1789924299.157056,14219722752,100,327000000,65000,8436490240
1789924300.1575146,14219722752,100,326000000,65000,8436490240
1789924301.1579635,14219722752,100,326000000,65000,8436490240
1789924302.1583593,14219722752,100,326000000,65000,8436490240
1789924303.1590705,14219722752,99,325000000,65000,8436490240
1789924304.1596992,14219722752,100,326000000,65000,8436490240
1789924305.1600666,14219722752,100,324000000,65000,8436490240
1789924306.1605825,14219722752,100,325000000,65000,8436490240
1789924307.1612,14219722752,100,326000000,65000,8436490240
1789924308.1618173,14219743232,99,326000000,65000,8437469184
1789924309.1621642,14219747328,100,325000000,65000,8437469184
1789924310.484228,14219743232,51,201000000,64000,8437469184
1789924311.4846694,14219743232,99,323000000,65000,8437469184
1789924312.4853919,14219743232,100,326000000,65000,8437469184
1789924313.4861233,14219743232,100,326000000,65000,8437469184
1789924314.486621,14219743232,99,325000000,65000,8437469184
1789924315.4875197,14219763712,100,324000000,65000,8437612544
1789924316.487916,14219763712,100,326000000,65000,8437612544
1789924317.561401,14219763712,99,322000000,65000,8437612544
1789924318.5617676,14219784192,100,327000000,65000,8437825536
1789924319.5622482,14219784192,100,325000000,65000,8437825536
1789924320.562621,14219784192,99,323000000,65000,8437825536
1789924321.5635092,14219784192,100,326000000,65000,8437825536
1789924322.5640495,14219804672,99,324000000,65000,8438202368
1789924323.5644667,14219825152,99,325000000,65000,8438636544
1789924324.5648813,14219825152,100,326000000,65000,8438636544
1789924325.5655448,14219825152,100,326000000,66000,8438636544
1789924326.5661993,14219825152,100,326000000,66000,8438636544
1789924327.566953,14219825152,100,326000000,66000,8438636544
1789924328.5679183,14219825152,100,326000000,66000,8438636544
1789924329.5687568,14219825152,99,325000000,66000,8438636544
1789924330.6305869,14219825152,100,323000000,66000,8438636544
1789924331.6311898,14219825152,100,326000000,66000,8438636544
1789924332.6317239,14219825152,99,325000000,66000,8438636544
1789924333.632329,14219825152,100,326000000,66000,8438636544
1789924334.6330016,14219825152,100,326000000,66000,8438636544
1789924335.6334858,14219825152,100,327000000,66000,8438636544
1789924336.6339896,14219825152,100,326000000,66000,8438636544
1789924337.6345317,14219825152,100,324000000,66000,8438636544
1789924338.635166,14219825152,100,326000000,66000,8438636544
1789924339.6358056,14219845632,99,325000000,66000,8439238656
1789924340.6363661,14219845632,100,327000000,66000,8439238656
1789924341.6370082,14219845632,100,327000000,66000,8439238656
1789924342.637516,14219845632,100,326000000,66000,8439238656
1789924343.6380906,14219845632,100,326000000,66000,8439238656
1789924344.638708,14219845632,100,325000000,66000,8439238656
1789924345.639488,14219845632,100,328000000,66000,8439238656
1789924346.6400466,14219845632,100,326000000,66000,8439238656
1789924347.719109,14219845632,99,325000000,66000,8439238656
1789924348.719658,14219845632,100,323000000,66000,8439238656
1789924349.7202697,14219845632,99,323000000,66000,8439238656
1789924350.7208507,14219845632,100,325000000,66000,8439238656
1789924351.721579,14219845632,100,326000000,65000,8439238656
1789924352.7224548,14219845632,99,325000000,66000,8439238656
1789924353.7228565,14219845632,100,326000000,65000,8439238656
1789924354.723509,14219845632,99,326000000,65000,8439238656
1789924355.723992,14219866112,100,326000000,65000,8441094144
1789924356.7246423,14219866112,100,326000000,66000,8441094144
1789924357.7255092,14219866112,99,324000000,65000,8441094144
1789924358.7263432,14219866112,100,327000000,66000,8441094144
1789924359.7268627,14219866112,100,326000000,65000,8441094144
1789924360.7275586,14219886592,94,303000000,65000,8441126912
1789924361.728132,14219886592,100,326000000,66000,8441126912
1789924362.7286482,14219886592,100,326000000,66000,8441126912
1789924363.7293804,14219886592,100,327000000,66000,8441131008
1789924364.7303758,14219886592,100,326000000,66000,8441131008
1789924365.7310684,14219886592,99,325000000,66000,8441131008
1789924366.731651,14219886592,100,326000000,65000,8441135104
1789924367.7323136,14219886592,100,326000000,66000,8441135104
1789924368.7328594,14219886592,100,327000000,66000,8441135104
1789924369.7334487,14219939840,99,320000000,65000,8441200640
1789924370.7341397,14219939840,100,326000000,65000,8441200640
1789924371.7350593,14219939840,100,326000000,65000,8441200640
1789924372.7354677,14219939840,100,327000000,65000,8441208832
1789924373.7358696,14219939840,100,326000000,65000,8441208832
1789924374.7364576,14219939840,99,324000000,65000,8441212928
1789924375.7369194,14219960320,100,327000000,65000,8442888192
1789924376.7378635,14219960320,100,326000000,65000,8442888192
1789924377.7386522,14219964416,99,322000000,65000,8442888192
1789924378.7393885,14219964416,100,327000000,65000,8442888192
1789924379.740156,14219964416,99,325000000,65000,8442888192
1789924380.7408943,14219964416,100,328000000,65000,8442888192
1789924381.7418866,14219964416,100,325000000,65000,8442888192
1789924382.7423596,14219964416,100,326000000,65000,8442888192
1789924383.7431145,14219964416,32,148000000,63000,8442888192
1789924384.7436612,14219964416,99,330000000,65000,8442888192
1789924385.7444181,14219960320,100,325000000,65000,8442888192
1789924386.7449253,14219960320,99,322000000,65000,8442888192
1789924387.7457306,14219960320,100,325000000,65000,8442888192
1789924388.7462585,14219960320,100,327000000,65000,8442888192
1789924389.7468417,14219960320,100,326000000,65000,8442888192
1789924390.7475033,14219960320,99,325000000,65000,8442888192
1789924391.748031,14219960320,99,319000000,65000,8442888192
1789924392.748566,14219960320,100,328000000,65000,8442888192
1789924393.7490852,14219960320,100,326000000,65000,8442888192
1789924394.7496343,14219960320,100,326000000,65000,8442888192
1789924395.750107,14219960320,99,325000000,65000,8442888192
1789924396.750662,14219960320,100,326000000,65000,8442888192
1789924397.7515614,14219960320,100,327000000,65000,8442888192
1789924398.7521312,14219960320,100,326000000,65000,8442888192
1789924399.7529988,14219964416,99,325000000,65000,8442888192
1789924400.7538264,14219984896,100,326000000,65000,8443097088
1789924401.7545428,14219980800,100,325000000,65000,8443097088
1789924402.755175,14219980800,99,322000000,65000,8443097088
1789924403.7558231,14219980800,100,326000000,65000,8443097088
1789924404.756305,14220001280,100,326000000,65000,8443650048
1789924405.7569785,14220001280,99,326000000,66000,8443650048
1789924406.7579312,14220001280,100,323000000,65000,8443650048
1789924407.7584574,14220001280,99,316000000,65000,8443650048
1789924408.7590182,14220001280,99,316000000,65000,8443650048
1789924409.7598684,14220001280,99,323000000,65000,8443650048
1789924410.7605634,14220001280,100,326000000,66000,8443650048
1789924411.761215,14220001280,100,326000000,66000,8443650048
1789924412.7618105,14220001280,99,324000000,66000,8443650048
1789924414.1061974,14220001280,100,322000000,66000,8443650048
1789924415.1067486,14220001280,100,326000000,66000,8443650048
1789924416.1075451,14220001280,100,327000000,66000,8443650048
1789924417.108196,14220001280,99,324000000,66000,8443650048
1789924418.1088943,14220001280,100,326000000,66000,8443650048
1789924419.1093972,14220001280,100,326000000,66000,8443650048
1789924420.1136672,14220001280,99,325000000,66000,8443650048
1789924421.1143584,14220001280,100,323000000,66000,8443650048
1789924422.1150033,14220001280,99,319000000,65000,8443650048
1789924423.1157398,14220001280,100,327000000,66000,8443650048
1789924424.1162016,14220021760,99,325000000,66000,8444006400
1789924425.116717,14220021760,100,326000000,66000,8444006400
1789924426.1173644,14220021760,100,324000000,66000,8444006400
1789924427.117877,14220021760,99,325000000,66000,8444006400
1789924428.1187594,14220021760,100,326000000,66000,8444006400
1789924429.1193755,14220021760,100,326000000,66000,8444006400
1789924430.1201022,14220021760,100,327000000,66000,8444006400
1789924431.1207085,14220021760,99,325000000,66000,8444006400
1789924432.1214354,14220021760,100,326000000,66000,8444006400
1789924433.1218278,14220021760,99,325000000,66000,8444006400
1789924434.122206,14220021760,100,326000000,66000,8444006400
1789924435.1226842,14220021760,100,324000000,66000,8444006400
1789924436.123219,14220021760,99,325000000,66000,8444006400
1789924437.123789,14220021760,100,326000000,66000,8444006400
1789924438.1245358,14220021760,37,162000000,63000,8444006400
1789924439.1250067,14220021760,100,331000000,65000,8444006400
1789924440.1254973,14220021760,99,321000000,65000,8444006400
1789924441.126032,14220042240,100,327000000,65000,8445075456
1789924442.126517,14220042240,100,326000000,65000,8445075456
1789924443.127359,14220042240,100,328000000,66000,8445075456
1789924444.128088,14220046336,99,324000000,66000,8445075456
1789924445.1287513,14220046336,100,326000000,65000,8445075456
1789924446.129652,14220042240,100,326000000,65000,8445075456
1789924447.1301396,14220042240,100,326000000,66000,8445075456
1789924448.1307533,14220042240,100,326000000,66000,8445075456
1789924449.2213619,14220075008,100,327000000,66000,8446337024
1789924450.2221596,14220075008,100,326000000,66000,8446337024
1789924451.2228198,14220079104,99,322000000,66000,8446337024
1789924452.2232985,14220075008,100,327000000,66000,8446337024
1789924453.2240713,14220075008,99,324000000,66000,8446337024
1789924454.2249084,14220075008,100,326000000,66000,8446337024
1789924455.225802,14220075008,99,324000000,66000,8446337024
1789924456.226311,14220075008,100,327000000,66000,8446337024
1789924457.2269013,14220075008,100,327000000,66000,8446337024
1789924458.2274334,14220075008,100,327000000,66000,8446337024
1789924459.2280865,14220075008,100,325000000,66000,8446337024
1789924460.2286696,14220075008,99,319000000,66000,8446337024
1789924461.229232,14220095488,100,327000000,66000,8446689280
1789924462.599647,14220095488,100,327000000,66000,8446689280
1789924463.6005793,14220095488,100,326000000,66000,8446689280
1789924464.6010916,14220095488,100,327000000,66000,8446689280
1789924465.6017241,14220095488,99,326000000,66000,8446689280
1789924466.6024354,14220095488,100,326000000,66000,8446689280
1789924467.6034763,14220095488,99,324000000,66000,8446689280
1789924468.6039073,14220095488,100,327000000,66000,8446689280
1789924469.6046033,14220124160,100,320000000,66000,8446717952
1789924470.6050909,14220124160,99,324000000,66000,8446717952
1789924471.605631,14220124160,100,326000000,66000,8446717952
1789924472.6062317,14220124160,99,321000000,66000,8446717952
1789924473.606944,14220124160,100,326000000,66000,8446717952
1789924474.6074724,14220124160,99,325000000,66000,8446717952
1789924475.6081164,14220124160,100,325000000,66000,8446717952
1789924476.608827,14220124160,100,327000000,66000,8446717952
1789924477.6101625,14220124160,100,326000000,66000,8446717952
1789924478.6107862,14220124160,99,325000000,66000,8446717952
1789924479.6113424,14220124160,100,326000000,66000,8446717952
1789924480.612135,14220124160,100,326000000,66000,8446717952
1789924481.612636,14220124160,99,320000000,66000,8446717952
1789924482.6135266,14220124160,99,321000000,66000,8446717952
1789924483.6141953,14220124160,100,323000000,66000,8446717952
1789924484.6147497,14220124160,100,327000000,66000,8446717952
1789924485.6152937,14220124160,99,326000000,66000,8446717952
1789924486.6158588,14220124160,100,326000000,66000,8446717952
1789924487.6164985,14220124160,100,328000000,66000,8446717952
1789924488.6173136,14220128256,100,326000000,66000,8446717952
1789924489.618037,14220128256,100,326000000,66000,8446717952
1789924490.6186845,14220124160,99,325000000,66000,8446717952
1789924491.6193104,14220124160,100,327000000,66000,8446717952
1789924492.619973,14220124160,100,326000000,66000,8446717952
1789924493.6205559,14220124160,99,325000000,66000,8446717952
1789924494.6210525,14220124160,100,327000000,66000,8446717952
1789924495.6220427,14220124160,100,326000000,66000,8446717952
1789924496.6229596,14220124160,100,326000000,66000,8446717952
1789924497.679749,14220124160,99,326000000,66000,8446717952
1789924498.680311,14220124160,100,326000000,66000,8446717952
1789924499.6810014,14220124160,99,323000000,66000,8446717952
1789924500.6816576,14220124160,100,325000000,66000,8446717952
1789924501.682394,14220144640,99,324000000,66000,8447664128
1789924502.6832025,14220144640,100,326000000,66000,8447664128
1789924503.6840324,14220144640,100,327000000,66000,8447664128
1789924504.684572,14220144640,100,326000000,66000,8447664128
1789924505.6853242,14220144640,100,326000000,66000,8447664128
1789924507.2109418,14220144640,90,301000000,65000,8447664128
1789924508.2116508,14220177408,100,329000000,65000,8447696896
1789924509.2125368,14220177408,100,325000000,66000,8447696896
1789924510.2130373,14220177408,100,327000000,66000,8447696896
1789924511.213779,14220177408,99,322000000,66000,8447696896
1789924512.2143605,14220177408,100,325000000,66000,8447696896
1789924513.2148848,14220177408,100,326000000,66000,8447696896
1789924514.2154906,14220181504,99,323000000,66000,8447696896
1789924515.2159638,14220197888,99,322000000,65000,8448761856
1789924516.216436,14220197888,100,327000000,66000,8448761856
1789924517.217294,14220197888,100,326000000,66000,8448761856
1789924518.217956,14220197888,100,323000000,66000,8448761856
1789924519.2187655,14220197888,99,325000000,66000,8448761856
1789924520.219323,14220197888,100,326000000,66000,8448761856
1789924521.219802,14220197888,100,328000000,66000,8448761856
1789924522.2202885,14220197888,100,325000000,66000,8448761856
1789924523.220937,14220197888,100,326000000,66000,8448761856
1789924524.2217193,14220197888,99,325000000,66000,8448761856
1789924525.222336,14220197888,100,327000000,66000,8448761856
1789924526.2232282,14220197888,100,326000000,66000,8448761856
1789924527.224036,14220197888,100,326000000,66000,8448761856
1789924528.2245824,14220197888,100,327000000,66000,8448761856
1789924529.2252445,14220197888,100,326000000,66000,8448761856
1789924530.2260752,14220197888,100,326000000,66000,8448761856
1789924531.2266974,14220197888,99,323000000,66000,8448761856
1789924532.2272165,14220197888,100,325000000,66000,8448761856
1789924533.2280347,14220197888,100,326000000,66000,8448761856
1789924534.2285616,14220218368,99,321000000,65000,8448782336
1789924535.2293785,14220218368,100,326000000,65000,8448782336
1789924536.229884,14220218368,100,326000000,65000,8448782336
1789924537.2307653,14220218368,99,324000000,65000,8448782336
1789924538.2315202,14220218368,99,323000000,65000,8448782336
1789924539.2321296,14220218368,100,326000000,65000,8448782336
1789924540.2327502,14220218368,100,326000000,65000,8448782336
1789924541.2335632,14220218368,100,325000000,65000,8448782336
1789924542.234325,14220218368,100,326000000,65000,8448782336
1789924543.234924,14220218368,99,325000000,65000,8448782336
1789924544.2358432,14220218368,100,326000000,65000,8448782336
1789924545.2365336,14220218368,100,326000000,65000,8448782336
1789924546.2371097,14220218368,100,327000000,65000,8448782336
1789924547.2375758,14220218368,100,326000000,65000,8448782336
1789924548.2381177,14220218368,100,328000000,66000,8448782336
1789924549.2388241,14220218368,100,324000000,66000,8448782336
1789924550.2394443,14220218368,99,326000000,65000,8448782336
1789924551.240142,14220218368,100,325000000,65000,8448782336
1789924552.2406936,14220218368,100,325000000,66000,8448782336
1789924553.2413297,14220218368,100,327000000,66000,8448782336
1789924554.241938,14220218368,99,323000000,66000,8448782336
1789924555.2424188,14220222464,100,328000000,66000,8448782336
1789924556.243265,14220222464,99,316000000,65000,8448782336
1789924557.2438443,14220218368,100,327000000,65000,8448782336
1789924558.24432,14220218368,99,325000000,65000,8448782336
1789924559.2449875,14220218368,100,327000000,65000,8448782336
1789924560.2457688,14220218368,100,325000000,66000,8448782336
1789924561.2463892,14220218368,100,323000000,66000,8448782336
1789924562.246899,14220218368,100,325000000,65000,8448782336
1789924563.24746,14220218368,100,326000000,65000,8448782336
1789924564.248223,14220218368,99,319000000,65000,8448782336
1789924565.2488756,14220218368,100,326000000,65000,8448782336
1789924566.2879043,14220218368,99,326000000,65000,8448782336
1789924567.2887132,14220218368,100,326000000,65000,8448782336
1789924568.2893546,14220218368,100,326000000,65000,8448782336
1789924569.303381,14220218368,99,325000000,65000,8448782336
1789924570.303758,14220218368,100,325000000,65000,8448782336
1789924571.3042715,14220218368,100,326000000,65000,8448782336
1789924572.3048346,14220218368,100,326000000,65000,8448782336
1789924573.3053002,14220218368,99,325000000,65000,8448782336
1789924574.3062623,14220218368,100,326000000,66000,8448782336
1789924575.3068037,14220218368,99,326000000,65000,8448782336
1789924576.307845,14220218368,100,326000000,65000,8448782336
1789924577.3083723,14220218368,100,326000000,65000,8448782336
1789924578.3090544,14220218368,100,326000000,65000,8448782336
1789924579.3096502,14220218368,100,328000000,66000,8448782336
1789924580.3101788,14220218368,100,327000000,66000,8448782336
1789924581.3109453,14220218368,100,325000000,66000,8448782336
1789924582.6889908,14220218368,49,193000000,64000,8448782336
1789924583.68978,14220218368,100,325000000,65000,8448782336
1789924584.6904502,14220218368,99,325000000,65000,8448782336
1789924585.691104,14220218368,100,323000000,65000,8448782336
1789924586.6917958,14220218368,100,326000000,65000,8448782336
1789924587.6923048,14220238848,99,326000000,65000,8449798144
1789924588.6931837,14220238848,99,318000000,65000,8449798144
1789924589.6936367,14220238848,100,326000000,65000,8450166784
1789924590.6941912,14220263424,100,326000000,65000,8451133440
1789924591.69472,14220259328,100,326000000,65000,8451133440
1789924592.6953335,14220259328,100,327000000,65000,8451133440
1789924593.6961706,14220259328,99,325000000,65000,8451133440
1789924594.6966937,14220259328,100,327000000,65000,8451133440
1789924595.6973045,14220259328,100,325000000,65000,8451133440
1789924596.6978993,14220259328,100,324000000,65000,8451133440
1789924597.6986275,14220259328,100,327000000,65000,8451133440
1789924598.6993032,14220259328,99,322000000,65000,8451133440
1789924599.700172,14220259328,100,326000000,65000,8451133440
1789924600.7008097,14220259328,100,326000000,65000,8451133440
1789924601.701303,14220259328,99,326000000,65000,8451133440
1789924602.7019322,14220259328,100,326000000,65000,8451133440
1789924603.7025766,14220259328,100,326000000,65000,8451133440
1789924604.703157,14220259328,99,324000000,65000,8451133440
1789924605.7036455,14220259328,99,322000000,65000,8451502080
1789924606.7043164,14220279808,100,327000000,65000,8451489792
1789924607.7048805,14220279808,100,326000000,65000,8451489792
1789924608.705531,14220279808,100,326000000,65000,8451489792
1789924609.7060816,14220279808,100,326000000,65000,8451489792
1789924610.7072225,14220279808,99,325000000,65000,8451489792
1789924611.707607,14220279808,100,324000000,65000,8451489792
1789924612.7082448,14220279808,100,326000000,65000,8451489792
1789924613.7088656,14220300288,99,325000000,65000,8452657152
1789924614.7096736,14220300288,100,326000000,65000,8452657152
1789924615.710277,14220300288,100,326000000,65000,8452657152
1789924616.7108464,14220300288,99,325000000,65000,8452657152
1789924617.7115545,14220300288,100,325000000,65000,8452657152
1789924618.7120364,14220300288,99,321000000,65000,8452657152
1789924619.7126467,14220300288,100,327000000,65000,8452657152
1789924620.7132957,14220300288,100,326000000,65000,8452657152
1789924621.714115,14220300288,100,326000000,65000,8452657152
1789924622.7149298,14220300288,99,326000000,65000,8452657152
1789924623.715624,14220300288,100,323000000,65000,8452657152
1789924624.716197,14220320768,100,327000000,65000,8454008832
1789924625.7166212,14220320768,100,325000000,65000,8454008832
1789924626.7172627,14220316672,100,326000000,65000,8454008832
1789924627.7177832,14220316672,99,325000000,65000,8454008832
1789924628.7185102,14220316672,100,326000000,65000,8454008832
1789924629.7194178,14220316672,100,327000000,65000,8454008832
1789924630.7203052,14220316672,99,325000000,65000,8454008832
1789924631.720999,14220316672,100,327000000,65000,8454008832
1789924632.7215276,14220320768,100,326000000,65000,8454008832
1789924633.7222662,14220320768,99,325000000,65000,8454008832
1789924634.722977,14220320768,100,326000000,65000,8454008832
1789924635.7234852,14220320768,99,326000000,65000,8454008832
1789924636.7240298,14220320768,100,326000000,65000,8454008832
1789924637.7245686,14220320768,100,327000000,65000,8454008832
1789924638.72525,14220320768,99,324000000,65000,8454008832
1789924639.7260299,14220320768,100,321000000,65000,8454008832
1789924640.7265995,14220320768,100,326000000,65000,8454008832
1789924641.7270255,14220320768,99,325000000,65000,8454008832
1789924643.2891848,14220320768,74,260000000,65000,8454008832
1789924644.289725,14220320768,100,328000000,65000,8454008832
1789924645.290314,14220320768,100,327000000,65000,8454008832
1789924646.2910328,14220320768,99,320000000,65000,8454008832
1789924647.2915785,14220320768,100,327000000,65000,8454008832
1789924648.2923102,14220320768,99,323000000,65000,8454008832
1789924649.292759,14220320768,100,326000000,65000,8454008832
1789924650.293488,14220320768,100,326000000,65000,8454008832
1789924651.354829,14220320768,99,325000000,65000,8454008832
1789924652.3556845,14220320768,100,325000000,65000,8454008832
1789924653.3565805,14220320768,100,326000000,65000,8454008832
1789924654.357311,14220320768,100,326000000,65000,8454008832
1789924655.3578465,14220320768,99,322000000,65000,8454008832
1789924656.3584218,14220320768,100,327000000,65000,8454008832
1789924657.3590987,14220320768,100,326000000,65000,8454008832
1789924658.3596933,14220320768,99,322000000,65000,8454008832
1789924659.3605726,14220320768,100,326000000,65000,8454008832
1789924660.3613985,14220320768,100,326000000,66000,8454008832
1789924661.3619878,14220320768,99,323000000,65000,8454008832
1789924662.3624723,14220320768,100,326000000,66000,8454008832
1789924663.3629317,14220320768,99,325000000,66000,8454008832
1789924664.3635752,14220320768,100,326000000,66000,8454008832
1789924665.3643305,14220320768,100,327000000,66000,8454008832
1789924666.3648977,14220320768,100,325000000,66000,8454008832
1789924667.365362,14220320768,99,322000000,65000,8454008832
1789924668.3659456,14220320768,100,326000000,66000,8454008832
1789924669.3668718,14220320768,100,326000000,66000,8454008832
1789924670.3675287,14220341248,99,326000000,66000,8454221824
1789924671.3683374,14220341248,100,326000000,66000,8454221824
1789924672.3688169,14220341248,100,324000000,66000,8454221824
1789924673.3695774,14220341248,99,323000000,66000,8454221824
1789924674.3703194,14220341248,100,326000000,66000,8454221824
1789924675.3710377,14220341248,99,325000000,66000,8454221824
1789924676.3717077,14220365824,100,327000000,66000,8454983680
1789924677.3723752,14220365824,100,326000000,66000,8454983680
1789924678.3729627,14220365824,100,326000000,66000,8454983680
1789924679.373479,14220365824,100,326000000,66000,8454983680
1789924680.3741965,14220365824,100,326000000,66000,8454983680
1789924681.3748028,14220365824,99,326000000,66000,8454983680
1789924682.375354,14220365824,100,327000000,66000,8454983680
1789924683.375837,14220365824,100,325000000,66000,8454983680
1789924684.3762693,14220365824,100,327000000,66000,8454983680
1789924685.3770578,14220365824,100,326000000,66000,8454983680
1789924686.3775306,14220365824,99,322000000,66000,8454983680
1789924687.3782082,14220365824,99,323000000,66000,8454983680
1789924688.37892,14220365824,100,327000000,66000,8454983680
1789924689.3799622,14222467072,84,215000000,64000,8460263424
1789924690.380961,14222467072,100,160000000,63000,8460263424
1789924691.3816469,14225428480,99,236000000,63000,8460279808
1789924692.382087,14470807552,99,327000000,65000,8460279808
1789924693.3826473,14569361408,97,318000000,65000,8460279808
1789924694.383135,14569361408,99,326000000,65000,8460279808
1789924695.3836772,14569361408,99,327000000,65000,8537882624
1789924696.3841767,14569361408,91,307000000,65000,8460279808
1789924697.384613,14569361408,97,320000000,65000,8460316672
1789924698.3852491,14569361408,100,327000000,65000,8460365824
1789924699.3856118,14569361408,96,316000000,65000,8460365824
1789924700.386053,14569361408,96,316000000,65000,8460365824
1789924701.3864613,14569361408,100,327000000,65000,8460378112
1789924702.3872871,14569365504,100,327000000,65000,8460378112
1789924703.3877895,14569361408,100,327000000,65000,8460378112
1789924704.3882234,14569361408,100,327000000,65000,8460378112
1789924705.38902,14569361408,96,318000000,65000,8460378112
1789924706.3895595,14569361408,98,323000000,65000,8460378112
1789924707.3901935,14569361408,100,326000000,65000,8460378112
1789924708.390802,14569361408,100,327000000,65000,8460378112
1789924709.391547,14680510464,100,327000000,65000,8460378112
1789924710.3922133,14680510464,100,326000000,65000,8460378112
1789924711.3927677,14680510464,99,326000000,65000,8460378112
1789924712.3932674,14680514560,99,326000000,65000,8460378112
1789924713.3941226,14680510464,99,326000000,65000,8460378112
1789924714.3955483,14680506368,99,326000000,65000,8460378112
1789924715.3963587,14680514560,100,327000000,65000,8460378112
1789924716.3968728,14680510464,99,326000000,65000,8460378112
1789924717.3977978,14680506368,100,327000000,65000,8460378112
1789924718.3985991,14680506368,99,326000000,65000,8460378112
1789924719.3994794,14680506368,99,327000000,65000,8460378112
1789924720.4000106,14680498176,99,326000000,65000,8460378112
1789924721.4008,14680498176,97,320000000,65000,8460378112
1789924722.4014406,14680498176,99,327000000,65000,8460378112
1789924723.4021044,14680498176,99,327000000,65000,8460378112
1789924724.4027703,14680502272,98,324000000,65000,8460378112
1789924725.4035091,14680510464,99,326000000,65000,8460378112
1789924726.4041326,14680502272,99,326000000,65000,8460378112
1789924727.4046643,14680502272,97,318000000,65000,8460513280
1789924728.405117,14680502272,100,327000000,65000,8460836864
1789924729.4057317,14680518656,98,324000000,65000,8460988416
1789924730.4063895,14680477696,99,326000000,65000,8461111296
1789924731.4071212,14680477696,100,327000000,65000,8461115392
1789924732.4078076,14680473600,100,327000000,65000,8461127680
1789924733.408323,14682566656,100,327000000,65000,8461135872
1789924734.4090145,14682566656,100,327000000,65000,8461144064
1789924735.4096467,14682566656,100,326000000,65000,8461209600
1789924736.410111,14682566656,100,327000000,65000,8461209600
1789924737.4107044,14682566656,100,327000000,65000,8461209600
1789924738.4115133,14682566656,100,327000000,65000,8461209600
1789924739.4122138,14682566656,100,326000000,65000,8461209600
1789924740.4127665,14682533888,100,327000000,64000,8461209600
1789924741.4134908,14682533888,100,327000000,64000,8461209600
1789924742.4140546,14682533888,100,325000000,64000,8461209600
1789924743.4147265,14682533888,100,327000000,64000,8461209600
1789924744.415387,14682533888,100,323000000,64000,8461234176
1789924745.4161048,14682533888,100,327000000,64000,8461234176
1789924746.416649,14682533888,100,326000000,64000,8461234176
1789924747.4173002,14682533888,100,327000000,64000,8461234176
1789924748.4177597,14682533888,100,326000000,64000,8461234176
1789924749.418313,14682533888,100,327000000,64000,8461234176
1789924750.4188483,14682533888,100,327000000,64000,8461234176
1789924751.419376,14682501120,100,326000000,64000,8461234176
1789924752.4201038,14682501120,100,326000000,64000,8461234176
1789924753.4205985,14682501120,100,327000000,64000,8461234176
1789924754.421338,14682501120,100,326000000,64000,8461234176
1789924755.4220378,14682501120,100,327000000,64000,8461234176
1789924756.4225829,14682501120,100,326000000,64000,8461234176
1789924757.423177,14682501120,100,327000000,64000,8461234176
1789924758.4239528,14682501120,100,327000000,64000,8461234176
1789924759.4246585,14682501120,100,326000000,64000,8461234176
1789924760.425182,14682501120,100,327000000,64000,8461234176
1789924761.4257267,14682488832,94,308000000,64000,8461234176
1789924762.4262595,14682488832,100,331000000,64000,8461234176
1789924763.4269454,14682488832,100,327000000,65000,8461234176
1789924764.4275565,14682488832,100,326000000,65000,8461234176
1789924765.4281192,14682488832,100,327000000,64000,8461234176
1789924766.4288342,14682488832,100,327000000,65000,8461234176
1789924767.4292924,14682488832,100,326000000,65000,8461238272
1789924768.4300792,14682488832,100,328000000,65000,8461238272
1789924769.430767,14682488832,100,326000000,65000,8461238272
1789924770.4314258,14682488832,100,327000000,65000,8461238272
1789924771.4319463,14682460160,100,326000000,65000,8461238272
1789924772.432719,14682460160,100,326000000,65000,8461238272
1789924773.4331956,14682460160,100,326000000,65000,8461238272
1789924774.4336834,14682456064,100,327000000,65000,8461238272
1789924775.4343302,14682456064,100,327000000,65000,8461238272
1789924776.4348779,14682456064,100,326000000,65000,8461238272
1789924777.4355788,14682456064,100,326000000,65000,8461238272
1789924778.4362743,14682456064,100,326000000,65000,8461238272
1789924779.436684,14682456064,100,326000000,65000,8461238272
1789924780.437118,14682456064,100,326000000,65000,8461238272
1789924781.4380426,14682423296,100,327000000,65000,8461238272
1789924782.4386854,14682423296,98,322000000,65000,8461238272
1789924783.4393656,14682423296,100,326000000,65000,8461250560
1789924784.440089,14682427392,100,326000000,65000,8461279232
1789924785.4410512,14682427392,100,326000000,65000,8461328384
1789924786.4417956,14682423296,100,327000000,65000,8461373440
1789924787.4422219,14682423296,100,326000000,65000,8461402112
1789924788.4430928,14682423296,100,326000000,65000,8461418496
1789924789.4438107,14682423296,100,327000000,65000,8461434880
1789924790.4444647,14682423296,100,326000000,65000,8461451264
1789924791.4451065,14682427392,99,326000000,65000,8461451264
1789924792.4457843,14682394624,99,325000000,65000,8461451264
1789924793.4463549,14682390528,99,326000000,65000,8461455360
1789924794.44683,14682390528,96,318000000,65000,8461467648
1789924795.4477265,14682390528,97,320000000,65000,8461471744
1789924796.4483361,14682390528,97,320000000,65000,8461492224
1789924797.4489202,14682394624,97,320000000,65000,8461508608
1789924798.4494495,14682394624,100,327000000,65000,8461508608
1789924799.4501712,14682398720,100,327000000,65000,8461512704
1789924800.4508429,14682398720,100,327000000,65000,8461516800
1789924801.451415,14682394624,100,326000000,65000,8461520896
1789924802.4519172,14682365952,99,326000000,65000,8461520896
1789924803.4525325,14682365952,100,327000000,65000,8461520896
1789924804.4533496,14682365952,100,327000000,65000,8461524992
1789924805.4539022,14682370048,93,312000000,65000,8461524992
1789924806.4546182,14682370048,98,321000000,65000,8461524992
1789924807.4553924,14682365952,100,328000000,65000,8461524992
1789924808.4560008,14682365952,100,326000000,65000,8461524992
1789924809.456671,14682365952,100,327000000,65000,8461524992
1789924810.4571984,14682365952,100,326000000,65000,8461524992
1789924811.4579418,14682365952,100,326000000,65000,8461524992
1789924812.458695,14682333184,99,326000000,65000,8461524992
1789924813.4593766,14682337280,100,327000000,65000,8461524992
1789924814.4598484,14682333184,99,327000000,65000,8461529088
1789924815.4604685,14682333184,99,325000000,65000,8461529088
1789924816.461342,14682333184,99,327000000,65000,8461533184
1789924817.4618196,14682333184,99,326000000,65000,8461549568
1789924818.4623713,14682333184,100,326000000,65000,8461561856
1789924819.46304,14682329088,100,327000000,65000,8461565952
1789924820.4635808,14682329088,100,326000000,65000,8461565952
1789924821.4643483,14682329088,100,326000000,65000,8461582336
1789924822.4651039,14682296320,99,327000000,65000,8461631488
1789924823.4656928,14682296320,100,327000000,65000,8461656064
1789924824.4664702,14682296320,100,326000000,65000,8461664256
1789924825.4671547,14682296320,100,326000000,65000,8513851392
1789924826.4679375,14682296320,100,326000000,65000,8461672448
1789924827.4685152,14682296320,99,327000000,65000,8461688832
1789924828.4693239,14682296320,99,326000000,65000,8461692928
1789924829.4698536,14682296320,99,326000000,65000,8461705216
1789924830.4705014,14682296320,99,327000000,65000,8461705216
1789924831.470907,14682300416,100,325000000,65000,8461733888
1789924832.47149,14682300416,100,326000000,65000,8461770752
1789924833.4724464,14682267648,99,326000000,64000,8461811712
1789924834.4730759,14682267648,100,326000000,65000,8461864960
1789924835.4736292,14682263552,77,249000000,64000,8476270592
1789924836.474262,14682263552,100,327000000,64000,8476270592
1789924837.4749706,14682263552,100,326000000,64000,8476270592
1789924838.4759483,14682263552,99,323000000,64000,8476270592
1789924839.4766705,14682263552,100,324000000,64000,8476270592
1789924840.477161,14682263552,99,321000000,64000,8476270592
1789924841.4780505,14682263552,100,326000000,64000,8476270592
1789924842.478689,14682263552,100,327000000,64000,8476270592
1789924843.4791915,14682234880,99,322000000,64000,8476270592
1789924844.4800768,14682234880,100,327000000,64000,8476270592
1789924845.4806306,14682234880,100,327000000,64000,8476270592
1789924846.4811876,14682234880,100,326000000,65000,8476270592
1789924847.4820733,14682234880,100,326000000,65000,8476270592
1789924848.482732,14682234880,99,326000000,65000,8476270592
1789924849.4833603,14682234880,100,326000000,65000,8476270592
1789924850.9331648,14682234880,55,211000000,63000,8476270592
1789924851.9338672,14682234880,100,329000000,64000,8476270592
1789924852.9345446,14682234880,99,325000000,64000,8476270592
1789924853.9353776,14682202112,100,326000000,64000,8476270592
1789924854.9361112,14682202112,100,327000000,64000,8476270592
1789924855.936871,14682202112,100,326000000,64000,8476270592
1789924856.9376178,14682202112,100,322000000,64000,8476270592
1789924857.9387138,14682202112,99,326000000,64000,8476270592
1789924858.9395711,14682202112,100,326000000,64000,8476270592
1789924859.9404507,14682202112,100,326000000,64000,8476270592
1789924860.9411623,14682202112,100,326000000,64000,8476270592
1789924861.9421835,14682202112,99,325000000,64000,8476270592
1789924862.942679,14682202112,100,326000000,64000,8476270592
1789924863.9431858,14682169344,99,321000000,64000,8476270592
1789924864.9437883,14682169344,100,326000000,64000,8476270592
1789924865.9442952,14682169344,100,327000000,64000,8476270592
1789924866.944915,14682169344,100,324000000,64000,8476270592
1789924867.9454827,14682169344,99,325000000,64000,8476270592
1789924868.946107,14682169344,100,323000000,64000,8476270592
1789924869.9466262,14682169344,100,326000000,64000,8476270592
1789924870.9474697,14682169344,99,325000000,64000,8476270592
1789924871.9479806,14682169344,100,326000000,64000,8476270592
1789924872.9487019,14682169344,99,324000000,64000,8476270592
1789924873.9494624,14682136576,99,326000000,65000,8476270592
1789924874.9499986,14682136576,100,326000000,64000,8476270592
1789924875.9508588,14682136576,99,326000000,64000,8476270592
1789924876.9513829,14682136576,100,325000000,64000,8476270592
1789924877.9519353,14682136576,99,320000000,64000,8476270592
1789924878.9526405,14682136576,99,319000000,64000,8476270592
1789924879.9530933,14682136576,100,329000000,65000,8476270592
1789924880.9537992,14682136576,100,326000000,65000,8476270592
1789924881.9549425,14682136576,100,326000000,65000,8476270592
1789924882.9555478,14682136576,100,326000000,65000,8476270592
1789924883.9562063,14682103808,100,327000000,65000,8476270592
1789924884.9569192,14682103808,99,324000000,65000,8476270592
1789924885.957607,14682103808,100,326000000,65000,8476270592
1789924886.9582553,14682103808,100,326000000,65000,8476270592
1789924887.9588356,14682124288,99,322000000,64000,8476622848
1789924888.959575,14682124288,100,326000000,65000,8476622848
1789924889.9602065,14682124288,100,327000000,65000,8476622848
1789924890.9607236,14682124288,100,326000000,65000,8476622848
1789924891.9612975,14682124288,99,324000000,65000,8476622848
1789924892.9622898,14682124288,100,325000000,65000,8476622848
1789924893.9630165,14682091520,99,325000000,65000,8476622848
1789924894.9635453,14682091520,100,326000000,65000,8476622848
1789924895.9643054,14682091520,100,326000000,65000,8476622848
1789924896.964881,14682087424,100,328000000,65000,8476622848
1789924897.9656978,14682087424,100,325000000,65000,8476622848
1789924898.9663453,14682087424,100,326000000,65000,8476622848
1789924899.9671803,14682087424,100,327000000,65000,8476622848
1789924900.9678695,14682087424,100,326000000,65000,8476622848
1789924901.968458,14682087424,99,325000000,65000,8476622848
1789924902.9692326,14682091520,100,323000000,65000,8476622848
1789924903.9699848,14682091520,99,325000000,65000,8476622848
1789924904.9705992,14682058752,99,326000000,65000,8476622848
1789924905.9713802,14682058752,100,327000000,65000,8476622848
1789924906.971959,14682058752,100,326000000,65000,8476622848
1789924907.9726667,14682058752,99,323000000,65000,8476622848
1789924908.9732566,14682058752,99,325000000,65000,8476622848
1789924909.9739048,14682058752,100,326000000,65000,8476622848
1789924910.9746413,14682058752,99,325000000,65000,8476622848
1789924911.9751792,14682058752,100,326000000,65000,8476622848
1789924912.9756894,14682079232,100,328000000,65000,8478617600
1789924913.976526,14682079232,100,325000000,65000,8478617600
1789924914.977196,14682046464,99,325000000,65000,8478617600
1789924915.978126,14682046464,99,325000000,65000,8478617600
1789924916.9786491,14682046464,100,326000000,65000,8478617600
1789924917.979278,14682046464,99,325000000,65000,8478617600
1789924919.1203494,14682046464,100,327000000,65000,8478617600
1789924920.1207588,14682046464,100,326000000,65000,8478617600
1789924921.39028,14682046464,48,191000000,63000,8478617600
1789924922.390718,14682046464,99,327000000,64000,8478617600
1789924923.3911912,14682046464,100,327000000,64000,8478617600
1789924924.3918307,14682046464,99,319000000,64000,8478617600
1789924925.392291,14682013696,100,327000000,64000,8478617600
1789924926.3928275,14682013696,100,326000000,64000,8478617600
1789924927.3936038,14682013696,100,326000000,64000,8478617600
1789924928.394011,14682013696,100,326000000,65000,8478617600
1789924929.394655,14682034176,99,326000000,65000,8478826496
1789924930.3953054,14682034176,100,324000000,65000,8478826496
1789924931.3958166,14682034176,100,326000000,65000,8478826496
1789924932.3962095,14682034176,99,325000000,65000,8478826496
1789924933.3965492,14682034176,100,326000000,65000,8478826496
1789924934.3972304,14682034176,100,326000000,65000,8478826496
1789924935.3978474,14682001408,99,319000000,65000,8478826496
1789924936.3985734,14682001408,99,321000000,65000,8478826496
1789924937.398925,14682001408,100,326000000,65000,8478826496
1789924938.3994508,14682001408,100,326000000,65000,8478826496
1789924939.400029,14682001408,100,326000000,65000,8478826496
1789924940.4006257,14682005504,99,326000000,65000,8478826496
1789924941.4013178,14682001408,100,325000000,65000,8478826496
1789924942.4018588,14682001408,100,326000000,65000,8478826496
1789924943.402553,14682001408,99,323000000,65000,8478826496
1789924944.4033048,14682001408,100,322000000,65000,8478830592
1789924945.4037933,14681968640,99,323000000,65000,8478830592
1789924946.4045851,14681968640,100,327000000,65000,8478830592
1789924947.405094,14681968640,100,326000000,65000,8478830592
1789924948.4061615,14681968640,100,325000000,65000,8478830592
1789924949.4065974,14681989120,100,326000000,65000,8479207424
1789924950.4069998,14681989120,100,324000000,65000,8479207424
1789924951.4074345,14681989120,100,327000000,65000,8479207424
1789924952.4080396,14681989120,99,326000000,65000,8479207424
1789924953.4085128,14682021888,100,327000000,65000,8481337344
1789924954.4090505,14682021888,100,325000000,65000,8481337344
1789924955.4097292,14681989120,100,326000000,65000,8481337344
1789924956.4101508,14681989120,100,326000000,65000,8481337344
1789924957.4106486,14681989120,99,322000000,65000,8481337344
1789924958.4111245,14681989120,99,323000000,65000,8481337344
1789924959.41166,14681989120,99,324000000,65000,8481337344
1789924960.4122684,14681989120,100,326000000,65000,8481337344
1789924961.41287,14681989120,100,327000000,65000,8481337344
1789924962.4134967,14681989120,100,326000000,65000,8481337344
1789924963.4138532,14681989120,99,325000000,65000,8481337344
1789924964.4143174,14681989120,100,327000000,65000,8481337344
1789924965.414925,14681989120,100,326000000,65000,8481337344
1789924966.415775,14681956352,100,327000000,65000,8481337344
1789924967.4164784,14681956352,100,326000000,65000,8481337344
1789924968.4169557,14681956352,100,326000000,65000,8481337344
1789924969.4174378,14681956352,99,325000000,65000,8481337344
1789924970.4179122,14681976832,100,326000000,65000,8481857536
1789924971.418555,14681976832,100,326000000,65000,8481857536
1789924972.428239,14681976832,99,325000000,65000,8481857536
1789924973.4286146,14681976832,100,326000000,65000,8481857536
1789924974.4291532,14681976832,100,326000000,65000,8481857536
1789924975.4299226,14681976832,100,326000000,65000,8481857536
1789924976.4303632,14681944064,100,326000000,65000,8481857536
1789924977.4310138,14681944064,99,325000000,65000,8481857536
1789924978.4313943,14681944064,100,325000000,65000,8481857536
1789924979.4321456,14681944064,99,325000000,65000,8481857536
1789924980.4328003,14681956352,100,326000000,65000,8481955840
1789924981.4333863,14681976832,100,326000000,65000,8482865152
1789924982.4339092,14681976832,100,326000000,65000,8482865152
1789924983.4343534,14681976832,99,327000000,65000,8500043776
1789924984.434821,14681976832,100,325000000,65000,8482865152
1789924985.435343,14681976832,100,326000000,65000,8482865152
1789924986.4928272,14681944064,99,325000000,65000,8482865152
1789924987.4931839,14681944064,100,326000000,65000,8482865152
1789924988.49373,14681944064,100,326000000,65000,8482865152
1789924989.4943445,14681944064,99,326000000,65000,8482865152
1789924990.49498,14681944064,100,326000000,65000,8482865152
1789924991.495634,14681944064,100,326000000,65000,8482865152
1789924992.941713,14681944064,52,204000000,64000,8482865152
1789924993.9422698,14681948160,100,329000000,65000,8482865152
1789924994.9430058,14681944064,99,326000000,65000,8482865152
1789924995.9436498,14681944064,100,326000000,65000,8482865152
1789924996.9440944,14681911296,99,325000000,65000,8482865152
1789924997.944543,14681911296,99,321000000,65000,8482865152
1789924998.9451575,14681911296,100,326000000,65000,8482865152
1789924999.9456437,14681911296,100,324000000,65000,8482865152
1789925000.9460428,14681911296,99,325000000,65000,8482865152
1789925001.94654,14681911296,100,327000000,65000,8482865152
1789925002.947147,14681911296,100,327000000,65000,8482865152
1789925003.9475482,14681911296,100,326000000,65000,8482865152
1789925004.947958,14681911296,99,321000000,65000,8482865152
1789925005.9485745,14681911296,100,326000000,65000,8482865152
1789925006.949257,14681878528,100,327000000,65000,8482865152
1789925007.9499824,14681878528,100,326000000,65000,8482865152
1789925008.9506018,14681874432,100,327000000,65000,8482865152
1789925009.951246,14681878528,99,322000000,65000,8482865152
1789925010.9516137,14681878528,100,325000000,65000,8482865152
1789925011.9520981,14681878528,100,327000000,65000,8482865152
1789925012.9527128,14681878528,100,326000000,65000,8482865152
1789925013.9531972,14681874432,99,326000000,65000,8482865152
1789925014.953668,14681874432,100,326000000,66000,8482865152
1789925015.9542084,14681878528,100,326000000,66000,8482865152
1789925016.9550269,14681845760,100,327000000,66000,8482865152
1789925017.9557853,14681845760,99,326000000,66000,8482865152
1789925018.9565358,14681845760,100,326000000,66000,8482865152
1789925020.1207244,14681845760,100,326000000,66000,8482865152
1789925021.1212103,14681845760,100,327000000,66000,8482865152
1789925022.1219144,14681845760,99,322000000,66000,8482865152
1789925023.122275,14681845760,100,326000000,66000,8482865152
1789925024.1231058,14681845760,100,326000000,66000,8482865152
1789925025.1237013,14681845760,100,326000000,66000,8482865152
1789925026.124486,14681845760,100,327000000,66000,8482865152
1789925027.1269622,14681812992,99,324000000,66000,8482881536
1789925028.1278205,14681833472,100,326000000,66000,8483074048
1789925029.1283545,14681829376,100,326000000,66000,8483074048
1789925030.1290843,14681829376,100,328000000,66000,8483074048
1789925031.1296182,14681829376,100,328000000,66000,8483074048
1789925032.1301067,14681829376,100,325000000,66000,8483074048
1789925033.1308737,14681829376,99,324000000,66000,8483074048
1789925034.131644,14681833472,100,326000000,66000,8483074048
1789925035.132253,14681833472,100,326000000,66000,8483074048
1789925036.1327507,14681833472,100,326000000,66000,8483074048
1789925037.1336336,14681833472,99,325000000,66000,8483074048
1789925038.1341105,14681800704,100,326000000,66000,8483074048
1789925039.1345174,14681800704,100,325000000,66000,8483074048
1789925040.1354027,14681800704,99,325000000,66000,8483074048
1789925041.1360757,14681800704,100,327000000,66000,8483074048
1789925042.1365354,14681800704,100,325000000,66000,8483074048
1789925043.1369946,14681800704,100,327000000,66000,8483074048
1789925044.137722,14681800704,100,326000000,66000,8483074048
1789925045.1385837,14681800704,99,324000000,66000,8483074048
1789925046.139114,14681800704,100,327000000,66000,8483074048
1789925047.1396585,14681800704,99,326000000,66000,8483074048
1789925048.1402128,14681767936,100,326000000,66000,8483074048
1789925049.1407762,14681767936,100,327000000,66000,8483074048
1789925050.1413178,14681767936,100,325000000,66000,8483074048
1789925051.142043,14681767936,100,324000000,66000,8483074048
1789925052.1427958,14681767936,99,325000000,66000,8483074048
1789925053.1434107,14681767936,100,322000000,66000,8483074048
1789925054.1439514,14681767936,99,325000000,66000,8483074048
1789925055.1446233,14681788416,100,327000000,66000,8483627008
1789925056.1451664,14681788416,100,326000000,66000,8483627008
1789925057.1457133,14681788416,100,326000000,66000,8483627008
1789925058.1462557,14681755648,100,326000000,66000,8483627008
1789925059.146949,14681755648,100,328000000,66000,8483627008
1789925060.1475868,14681755648,100,325000000,66000,8483627008
1789925061.1481454,14681755648,99,325000000,66000,8483627008
1789925062.14864,14681776128,100,326000000,66000,8484360192
1789925063.1490967,14681776128,100,327000000,66000,8484360192
1789925064.149685,14681776128,100,326000000,66000,8484360192
1789925065.1503215,14681796608,99,321000000,66000,8484380672
1789925066.150967,14681796608,100,326000000,66000,8484380672
1789925067.1517437,14681796608,99,321000000,66000,8484380672
1789925068.1522725,14681763840,100,326000000,66000,8484380672
1789925069.1530082,14681763840,100,326000000,66000,8484380672
1789925070.153866,14681763840,100,326000000,66000,8484380672
1789925071.4703863,14681763840,52,201000000,64000,8484380672
1789925072.4709704,14681763840,100,327000000,65000,8484380672
1789925073.4715333,14681763840,99,319000000,65000,8484380672
1789925074.4720392,14681763840,100,328000000,65000,8484380672
1789925075.4727213,14681763840,100,326000000,65000,8484380672
1789925076.4735854,14681763840,99,326000000,66000,8484380672
1789925077.4749362,14681784320,100,326000000,66000,8485433344
1789925078.475427,14681751552,100,327000000,66000,8485433344
1789925079.4760494,14681751552,100,325000000,66000,8485433344
1789925080.476953,14681751552,100,327000000,66000,8485433344
1789925081.477567,14681751552,100,326000000,66000,8485433344
1789925082.478454,14681751552,99,323000000,66000,8485433344
1789925083.4792316,14681751552,100,324000000,66000,8485433344
1789925084.4797134,14681751552,99,325000000,66000,8485433344
1789925085.4802594,14681772032,100,326000000,66000,8486182912
1789925086.480986,14681772032,100,325000000,66000,8486182912
1789925087.4814167,14681772032,99,324000000,66000,8486182912
1789925088.4821992,14681739264,100,325000000,66000,8486182912
1789925089.4826393,14681739264,100,327000000,66000,8486182912
1789925090.4833002,14681739264,99,324000000,66000,8486182912
1789925091.4838254,14681739264,100,326000000,66000,8486182912
1789925092.484402,14681739264,100,326000000,66000,8486182912
1789925093.4848912,14681739264,99,325000000,66000,8486182912
1789925094.4854178,14681739264,100,327000000,66000,8486182912
1789925095.4862037,14681739264,100,327000000,66000,8486182912
1789925096.4867218,14681739264,100,327000000,66000,8486182912
1789925097.487401,14681739264,100,325000000,66000,8486182912
1789925098.4879398,14681739264,100,325000000,66000,8486182912
1789925099.4884455,14681706496,100,326000000,66000,8486182912
1789925100.4890466,14681706496,99,326000000,66000,8486182912
1789925101.5276003,14681706496,100,325000000,66000,8486182912
1789925102.528206,14681706496,100,326000000,66000,8486182912
1789925103.5289152,14681706496,99,324000000,66000,8486182912
1789925104.529329,14681706496,100,326000000,66000,8486182912
1789925105.5297337,14681706496,100,326000000,66000,8486182912
1789925106.5303786,14681706496,99,324000000,66000,8486182912
1789925107.5308108,14681706496,100,327000000,66000,8486182912
1789925108.5313666,14681706496,100,326000000,66000,8486182912
1789925109.5318065,14681673728,100,326000000,66000,8486182912
1789925110.5323572,14681673728,99,325000000,66000,8486182912
1789925111.5328698,14681673728,100,326000000,65000,8486182912
1789925112.533282,14681673728,100,326000000,66000,8486182912
1789925113.5338233,14681694208,99,326000000,66000,8487194624
1789925114.5344357,14681694208,100,328000000,66000,8487194624
1789925115.5348706,14681694208,100,326000000,66000,8487194624
1789925116.5816524,14681694208,100,325000000,66000,8487194624
1789925117.5821822,14681694208,100,326000000,66000,8487194624
1789925118.582648,14681694208,99,325000000,65000,8487194624
1789925119.583228,14681661440,100,326000000,65000,8487194624
1789925120.5838897,14681661440,100,326000000,65000,8487194624
1789925121.5844328,14681661440,100,326000000,65000,8487194624
1789925122.585063,14681661440,99,325000000,65000,8487194624
1789925123.5855637,14681661440,100,327000000,65000,8487194624
1789925124.5863876,14681661440,100,326000000,65000,8487194624
1789925125.5869477,14681661440,99,325000000,65000,8487194624
1789925126.5875459,14681657344,99,316000000,65000,8487194624
1789925127.5886402,14681677824,100,328000000,65000,8488427520
1789925128.5894065,14681677824,100,325000000,65000,8488427520
1789925129.5899549,14681649152,99,327000000,65000,8488427520
1789925130.5905175,14681649152,100,326000000,66000,8488427520
1789925131.5912948,14681649152,99,326000000,65000,8488427520
1789925132.5919273,14681649152,100,326000000,65000,8488427520
1789925133.5924215,14681649152,100,326000000,66000,8488427520
1789925134.5928361,14681649152,100,327000000,65000,8488427520
1789925135.5935116,14681649152,99,325000000,65000,8488427520
1789925136.5940137,14681649152,100,324000000,65000,8488427520
1789925137.5944886,14681649152,100,326000000,65000,8488427520
1789925138.59518,14681649152,100,327000000,65000,8488427520
1789925139.595819,14681649152,100,327000000,66000,8488427520
1789925140.5964186,14681616384,100,324000000,66000,8488427520
1789925141.5971098,14681616384,99,326000000,65000,8488427520
1789925142.597646,14681616384,100,326000000,65000,8488427520
1789925143.5981977,14681636864,100,326000000,65000,8489914368
1789925144.5987654,14681636864,100,326000000,66000,8489914368
1789925145.5993016,14681636864,99,325000000,66000,8489914368
1789925146.600079,14681636864,100,324000000,66000,8489914368
1789925147.600802,14681636864,100,326000000,66000,8489914368
1789925148.6016352,14681636864,34,154000000,63000,8489914368
1789925149.6021857,14681636864,100,332000000,65000,8489914368
1789925150.6031096,14681604096,100,327000000,65000,8489914368
1789925151.6039271,14681604096,100,327000000,65000,8489914368
1789925152.6043942,14681604096,99,326000000,65000,8489914368
1789925153.6052203,14681604096,100,326000000,65000,8489914368
1789925154.6057575,14681604096,100,327000000,65000,8489914368
1789925155.6066074,14681604096,100,325000000,65000,8489914368
1789925156.6071038,14681604096,99,325000000,65000,8489914368
1789925157.6079307,14681604096,99,316000000,65000,8489914368
1789925158.608588,14681604096,99,320000000,65000,8489914368
1789925159.6092892,14681604096,100,326000000,65000,8489914368
1789925160.609813,14681571328,100,327000000,66000,8489914368
1789925161.6104505,14681571328,100,326000000,66000,8489914368
1789925162.6112227,14681571328,99,318000000,65000,8489914368
1789925163.6120336,14681571328,100,327000000,65000,8489914368
1789925164.6127357,14681571328,100,326000000,66000,8489914368
1789925165.6132553,14681571328,100,327000000,66000,8489914368
1789925166.613935,14681571328,100,324000000,66000,8489914368
1789925167.6143649,14681571328,99,322000000,65000,8489914368
1789925168.6147637,14681571328,100,326000000,66000,8489914368
1789925169.6151738,14681571328,99,326000000,65000,8489914368
1789925170.6156616,14681538560,100,325000000,66000,8489914368
1789925171.6162074,14681538560,99,322000000,66000,8489914368
1789925172.6168158,14681538560,100,327000000,66000,8489914368
1789925173.617402,14681538560,100,326000000,66000,8489914368
1789925174.6179004,14681538560,100,326000000,66000,8489914368
1789925175.6185217,14681538560,99,325000000,66000,8489914368
1789925176.6189513,14681538560,100,327000000,66000,8489914368
1789925177.6193478,14681559040,100,326000000,66000,8489934848
1789925178.6197712,14681559040,100,327000000,66000,8489934848
1789925179.6202219,14681559040,100,325000000,66000,8489934848
1789925180.6207864,14681559040,99,327000000,66000,8489934848
1789925181.621464,14681526272,100,326000000,66000,8489934848
1789925182.6219559,14681526272,100,328000000,66000,8489934848
1789925183.622359,14681526272,100,325000000,66000,8489934848
1789925184.6227927,14681526272,100,326000000,66000,8489934848
1789925185.6232002,14681526272,100,326000000,66000,8489934848
1789925186.6235993,14681526272,99,316000000,65000,8489934848
1789925187.6244073,14681526272,99,325000000,65000,8489934848
1789925188.6252623,14681526272,100,326000000,65000,8489934848
1789925189.6256816,14681526272,100,325000000,65000,8489934848
1789925190.6262794,14681526272,99,325000000,65000,8489934848
1789925191.6267955,14681493504,99,326000000,65000,8489934848
1789925192.627362,14681493504,99,326000000,65000,8489934848
1789925193.6278846,14681493504,100,326000000,66000,8489934848
1789925194.6287377,14681493504,100,325000000,65000,8489934848
1789925195.6295037,14681493504,100,326000000,65000,8489934848
1789925196.6303008,14681493504,93,301000000,65000,8489934848
1789925197.6309636,14681493504,100,326000000,65000,8489934848
1789925198.6316967,14681493504,100,326000000,65000,8489934848
1789925199.6322625,14681493504,99,325000000,65000,8489934848
1789925200.6329145,14681493504,100,327000000,65000,8489934848
1789925201.6337104,14681460736,100,326000000,65000,8489934848
1789925202.634151,14681460736,100,326000000,65000,8489934848
1789925203.6349688,14681460736,100,327000000,65000,8489934848
1789925204.6354809,14681460736,100,327000000,65000,8489934848
1789925205.6361678,14681460736,99,324000000,65000,8489934848
1789925206.636936,14681460736,100,326000000,65000,8489934848
1789925207.6376324,14681460736,100,326000000,65000,8489934848
1789925208.6383622,14681460736,100,327000000,65000,8489934848
1789925209.6389537,14681460736,99,325000000,65000,8489934848
1789925210.639891,14681460736,100,326000000,65000,8489934848
1789925211.64037,14681427968,99,325000000,65000,8489934848
1789925212.6409633,14681427968,99,322000000,65000,8489934848
1789925213.641659,14681427968,99,322000000,65000,8489934848
1789925214.6421466,14681427968,31,151000000,63000,8489934848
1789925215.6427906,14681427968,100,329000000,64000,8489934848
1789925216.6433148,14681427968,100,326000000,65000,8489934848
1789925217.643908,14681427968,100,326000000,65000,8489934848
1789925218.6445467,14681427968,99,325000000,65000,8489934848
1789925219.6450548,14681427968,100,326000000,65000,8489934848
1789925220.6458569,14681427968,100,326000000,65000,8489934848
1789925221.646269,14681395200,99,324000000,65000,8489934848
1789925222.6472292,14681395200,100,327000000,65000,8489934848
1789925223.6481042,14681395200,99,319000000,65000,8489934848
1789925224.6487658,14681395200,99,322000000,65000,8489934848
1789925225.649223,14681395200,100,326000000,65000,8489934848
1789925226.649868,14681395200,100,325000000,65000,8489934848
1789925227.6508458,14681395200,99,323000000,65000,8489934848
1789925228.6513314,14681395200,100,326000000,65000,8489934848
1789925229.651943,14681395200,100,327000000,65000,8489934848
1789925230.6525152,14681395200,100,326000000,65000,8489934848
1789925231.6530926,14681395200,99,326000000,65000,8489934848
1789925232.6537445,14681362432,100,327000000,65000,8489934848
1789925233.6541455,14681362432,100,325000000,65000,8489934848
1789925234.6549149,14681366528,100,326000000,65000,8489934848
1789925235.6554513,14681362432,100,326000000,65000,8489934848
1789925236.6561475,14681362432,99,324000000,65000,8489934848
1789925237.6565485,14681362432,100,325000000,65000,8489934848
1789925238.6569781,14681362432,99,325000000,65000,8489934848
1789925239.657817,14681362432,100,327000000,65000,8489934848
1789925240.658359,14681358336,100,325000000,65000,8489934848
1789925241.6587331,14681358336,100,327000000,65000,8489934848
1789925242.6593213,14681325568,99,318000000,65000,8489934848
1789925243.6598477,14681325568,100,327000000,65000,8489934848
1789925244.6604352,14681329664,100,325000000,65000,8489934848
1789925245.6609447,14681329664,99,324000000,65000,8489934848
1789925246.6617696,14681329664,100,326000000,65000,8489934848
1789925247.6624987,14681329664,100,325000000,65000,8489934848
1789925248.6634521,14681329664,99,325000000,65000,8489934848
1789925249.6639986,14681329664,100,323000000,65000,8489934848
1789925250.6647263,14681329664,99,324000000,65000,8489934848
1789925251.6653352,14681329664,100,323000000,65000,8489934848
1789925252.665982,14681296896,99,327000000,65000,8489934848
1789925253.6670365,14681296896,100,325000000,65000,8489934848
1789925254.66759,14681296896,100,326000000,65000,8489934848
1789925255.6682262,14681296896,100,326000000,65000,8489934848
1789925256.6689456,14681296896,99,326000000,65000,8489934848
1789925257.6695096,14681296896,100,326000000,65000,8489934848
1789925258.6702912,14681296896,99,323000000,65000,8489934848
1789925259.670992,14681317376,100,326000000,65000,8489955328
1789925260.6714218,14681317376,100,326000000,65000,8489955328
1789925261.6718936,14681317376,99,325000000,65000,8489955328
1789925262.6727433,14681305088,99,327000000,65000,8490143744
1789925263.6734746,14681305088,100,326000000,65000,8490143744
1789925264.6746035,14681305088,100,326000000,65000,8490143744
1789925265.6755056,14681305088,99,325000000,65000,8490143744
1789925266.6760285,14681305088,100,326000000,65000,8490143744
1789925267.6770155,14681305088,99,325000000,65000,8490143744
1789925268.6778948,14681305088,100,327000000,65000,8490143744
1789925269.6786034,14681305088,100,326000000,65000,8490143744
1789925270.6794705,14681305088,100,328000000,65000,8490143744
1789925271.680015,14681305088,99,324000000,65000,8490143744
1789925272.6806562,14681305088,100,326000000,65000,8490143744
1789925273.681524,14681272320,99,326000000,65000,8490143744
1789925274.6823223,14681272320,99,326000000,65000,8490143744
1789925275.6828296,14681272320,100,326000000,65000,8490143744
1789925276.6837146,14681272320,100,326000000,65000,8490143744
1789925277.6843562,14681272320,99,323000000,65000,8490143744
1789925278.6849935,14681272320,100,326000000,65000,8490143744
1789925280.1378274,14681272320,62,231000000,64000,8490143744
1789925281.1386075,14681272320,100,330000000,64000,8490143744
1789925282.139221,14681272320,99,326000000,65000,8490143744
1789925283.1396358,14681239552,100,325000000,65000,8490143744
1789925284.1401157,14681260032,100,323000000,65000,8491048960
1789925285.1408467,14681260032,100,326000000,65000,8491048960
1789925286.141655,14681260032,99,326000000,65000,8491048960
1789925287.1422203,14681280512,100,326000000,65000,8491732992
1789925288.1430376,14681280512,100,327000000,65000,8491732992
1789925289.14378,14681280512,100,326000000,65000,8491732992
1789925290.144202,14681280512,100,327000000,65000,8491732992
1789925291.1448896,14681280512,100,326000000,65000,8491732992
1789925292.1456385,14681280512,99,325000000,65000,8491732992
1789925293.1460564,14681280512,100,326000000,65000,8491732992
1789925294.1466525,14681247744,100,325000000,65000,8491732992
1789925295.147399,14681247744,100,327000000,65000,8491732992
1789925296.1479366,14681268224,100,326000000,65000,8492511232
1789925297.14858,14681272320,99,322000000,65000,8492511232
1789925298.1490867,14681268224,100,326000000,65000,8492511232
1789925299.1499336,14681268224,99,323000000,65000,8492511232
1789925300.150534,14681268224,100,326000000,65000,8492511232
1789925301.1522522,14681268224,100,326000000,65000,8492511232
1789925302.1529534,14681268224,100,326000000,65000,8492511232
1789925303.153531,14681268224,99,325000000,65000,8492511232
1789925304.1541913,14681235456,99,313000000,65000,8492511232
1789925305.1547186,14681235456,100,327000000,65000,8492511232
1789925306.155515,14681235456,99,325000000,65000,8492511232
1789925307.156042,14681235456,100,326000000,65000,8492511232
1789925308.156497,14681235456,100,326000000,65000,8492511232
1789925309.157267,14681235456,99,325000000,66000,8492511232
1789925310.1578426,14681235456,100,326000000,66000,8492511232
1789925311.1583536,14681235456,99,326000000,66000,8492511232
1789925312.1589394,14681235456,100,326000000,66000,8492511232
1789925313.1595328,14681235456,100,326000000,65000,8492511232
1789925314.1600301,14681202688,99,325000000,66000,8492511232
1789925315.1608608,14681202688,100,327000000,66000,8492511232
1789925316.1616428,14681202688,100,325000000,66000,8492511232
1789925317.1624243,14681202688,100,327000000,66000,8492511232
1789925318.1629033,14681202688,100,327000000,66000,8492511232
1789925319.1635716,14681202688,100,326000000,66000,8492511232
1789925320.1880744,14681202688,99,325000000,66000,8492511232
1789925321.188892,14681202688,100,326000000,66000,8492511232
1789925322.189286,14681202688,100,326000000,66000,8492511232
1789925323.189756,14681202688,100,328000000,66000,8492511232
1789925324.190183,14681169920,100,325000000,66000,8492511232
1789925325.1905935,14681169920,99,325000000,66000,8492511232
1789925326.1911504,14681169920,100,327000000,66000,8492511232
1789925327.1916435,14681169920,100,326000000,66000,8492511232
1789925328.1923158,14681169920,100,327000000,66000,8492511232
1789925329.193241,14681169920,100,326000000,66000,8492511232
1789925330.1937206,14681169920,100,326000000,66000,8492511232
1789925331.1945424,14681169920,99,323000000,66000,8492511232
1789925332.1950037,14681169920,99,324000000,65000,8492511232
1789925333.1954398,14681169920,100,326000000,65000,8492511232
1789925334.1960385,14681174016,100,326000000,65000,8492511232
1789925335.196447,14681141248,99,325000000,65000,8492511232
1789925336.1969497,14681137152,100,326000000,65000,8492511232
1789925337.1976159,14681137152,100,326000000,65000,8492511232
1789925338.1984398,14681137152,100,325000000,65000,8492511232
1789925339.1989822,14681137152,100,328000000,65000,8492511232
1789925340.199613,14681137152,100,326000000,65000,8492511232
1789925341.343117,14681137152,99,322000000,65000,8492511232
1789925342.3438153,14681137152,100,326000000,65000,8492511232
1789925343.3442993,14681137152,100,327000000,65000,8492511232
1789925344.344872,14681137152,99,325000000,65000,8492511232
1789925345.345454,14681137152,100,326000000,65000,8493350912
1789925346.3459308,14681137152,100,324000000,65000,8493350912
1789925347.3467164,14681137152,99,325000000,65000,8493383680
1789925348.3472533,14681157632,100,326000000,65000,8494088192
1789925349.3478203,14681157632,100,327000000,65000,8494088192
1789925350.3485272,14681157632,100,326000000,65000,8494088192
1789925351.3495593,14681157632,99,324000000,65000,8494088192
1789925352.350327,14681157632,100,328000000,65000,8494088192
1789925353.351565,14681157632,100,326000000,65000,8494088192
1789925354.3520186,14681157632,100,326000000,65000,8494088192
1789925355.3528585,14681124864,70,247000000,64000,8494088192
1789925356.3533373,14681124864,100,331000000,65000,8494088192
1789925357.3541584,14681124864,100,326000000,65000,8494088192
1789925358.3548968,14681124864,99,324000000,65000,8494088192
1789925359.3553927,14681124864,100,324000000,65000,8494088192
1789925360.3559222,14681124864,99,322000000,65000,8494088192
1789925361.356364,14681124864,100,323000000,65000,8494088192
1789925362.3576684,14681124864,99,324000000,65000,8494088192
1789925363.3587072,14681124864,100,327000000,65000,8494088192
1789925364.359096,14681124864,100,326000000,65000,8494088192
1789925365.35959,14681112576,99,325000000,65000,8494481408
1789925366.3605735,14681112576,100,326000000,65000,8494481408
1789925367.3609428,14681133056,100,327000000,65000,8495632384
1789925368.3619602,14681133056,100,324000000,65000,8495632384
1789925369.362407,14681133056,99,325000000,65000,8495632384
1789925370.362867,14681133056,100,326000000,65000,8495632384
1789925371.3632782,14681133056,100,326000000,65000,8495632384
1789925372.363892,14681133056,99,325000000,65000,8495632384
1789925373.3646183,14681153536,100,326000000,65000,8495652864
1789925374.365283,14681153536,100,326000000,65000,8495652864
1789925375.3660111,14681120768,99,323000000,65000,8495652864
1789925376.3665063,14681120768,100,325000000,65000,8495656960
1789925377.367083,14681120768,100,327000000,66000,8495652864
1789925378.367578,14681120768,100,326000000,66000,8495652864
1789925379.3680506,14681157632,100,326000000,65000,8497176576
1789925380.3687108,14681157632,100,327000000,65000,8497176576
1789925381.3692338,14681157632,100,326000000,66000,8497176576
1789925382.369751,14681157632,99,325000000,65000,8497176576
1789925383.3703513,14681157632,100,326000000,65000,8497176576
1789925384.3708935,14681157632,99,325000000,65000,8497176576
1789925385.37156,14681157632,100,323000000,65000,8497176576
1789925386.3721807,14681133056,100,326000000,65000,8497176576
1789925387.372922,14681133056,99,325000000,65000,8497176576
1789925388.3732939,14681133056,100,327000000,65000,8497176576
1789925389.373961,14681133056,100,326000000,66000,8497176576
1789925390.3745337,14681153536,99,326000000,66000,8497528832
1789925391.3751738,14681153536,100,326000000,66000,8497528832
1789925392.3758216,14681153536,100,326000000,65000,8497528832
1789925393.3766136,14681153536,100,326000000,65000,8497528832
1789925394.377164,14681153536,99,325000000,65000,8497528832
1789925395.3779218,14681153536,100,325000000,65000,8497528832
1789925396.378599,14681128960,100,326000000,66000,8497528832
1789925397.379042,14681128960,99,325000000,66000,8497528832
1789925398.3795886,14681128960,100,326000000,65000,8497528832
1789925399.3800745,14681128960,100,327000000,65000,8497528832
1789925400.380558,14681128960,99,324000000,66000,8497528832
1789925401.3810387,14681128960,100,324000000,66000,8497528832
1789925402.381759,14681128960,100,325000000,65000,8497528832
1789925403.3823316,14681128960,99,325000000,66000,8497528832
1789925404.3830714,14681128960,100,326000000,66000,8497528832
1789925405.3835678,14681128960,100,326000000,66000,8497528832
1789925406.384265,14681116672,100,327000000,66000,8497549312
1789925407.3849647,14681116672,99,320000000,66000,8497549312
1789925408.3856788,14681116672,100,327000000,66000,8497549312
1789925409.3863125,14681116672,100,326000000,66000,8497549312
1789925410.3871229,14681116672,99,319000000,65000,8497549312
1789925411.38771,14681116672,100,326000000,66000,8497549312
1789925412.3881645,14681116672,99,321000000,66000,8497549312
1789925413.3888865,14681116672,100,326000000,66000,8497549312
1789925414.3896415,14681116672,100,327000000,66000,8497549312
1789925415.3904023,14681116672,100,326000000,66000,8497549312
1789925416.3912766,14681083904,99,323000000,66000,8497549312
1789925417.39217,14681104384,99,326000000,66000,8498315264
1789925418.3926635,14681104384,100,326000000,66000,8498315264
1789925419.3934207,14681104384,100,326000000,66000,8498315264
1789925420.3941634,14681104384,100,326000000,66000,8498315264
1789925421.394737,14681104384,100,324000000,66000,8498315264
1789925422.712575,14681104384,52,204000000,64000,8498315264
1789925423.7130036,14681104384,100,328000000,65000,8498315264
1789925424.7138073,14681104384,100,326000000,65000,8498315264
1789925425.7143772,14681104384,99,325000000,66000,8498315264
1789925426.7150369,14681071616,99,326000000,65000,8498315264
1789925427.7158194,14681071616,99,325000000,65000,8498315264
1789925428.7164745,14681071616,100,327000000,66000,8498315264
1789925429.7169294,14681071616,99,316000000,65000,8498315264
1789925430.71774,14681071616,100,327000000,66000,8498315264
1789925431.7184875,14681071616,100,326000000,66000,8498315264
1789925432.7190187,14681071616,99,325000000,66000,8498315264
1789925433.7194579,14681071616,100,326000000,66000,8498315264
1789925434.7199943,14681071616,100,326000000,66000,8498315264
1789925435.7205691,14681071616,99,325000000,66000,8498315264
1789925436.7213502,14681059328,99,326000000,66000,8499458048
1789925437.7219033,14681059328,100,327000000,66000,8499458048
1789925438.7227035,14681059328,100,326000000,66000,8499458048
1789925439.723252,14681059328,100,326000000,66000,8499458048
1789925440.7238865,14681059328,100,326000000,66000,8499458048
1789925441.7246497,14681059328,100,326000000,66000,8499458048
1789925442.7252376,14681059328,99,318000000,66000,8499458048
1789925443.7260063,14681059328,99,325000000,66000,8499458048
1789925444.8412437,14681059328,100,326000000,66000,8499458048
1789925445.84179,14681059328,100,326000000,66000,8499458048
1789925446.8424346,14681059328,100,326000000,66000,8499458048
1789925447.8428454,14681026560,100,326000000,66000,8499458048
1789925448.8436947,14681026560,99,322000000,66000,8499458048
1789925449.8441105,14681026560,100,326000000,66000,8499458048
1789925450.844703,14681030656,100,327000000,66000,8499458048
1789925451.8453927,14681047040,99,321000000,66000,8499478528
1789925452.846172,14681047040,100,327000000,66000,8499478528
1789925453.8467634,14681047040,100,325000000,66000,8499478528
1789925454.8474224,14681047040,100,327000000,66000,8499478528
1789925455.8480952,14681047040,99,326000000,66000,8499478528
1789925456.8486137,14681047040,100,326000000,66000,8499478528
1789925457.8493729,14681014272,99,321000000,66000,8499478528
1789925458.8499343,14681014272,100,326000000,66000,8499478528
1789925459.8502996,14681014272,99,325000000,66000,8499478528
1789925460.850822,14681014272,100,325000000,66000,8499478528
1789925461.8516548,14681014272,100,327000000,66000,8499478528
1789925462.8522668,14681014272,100,326000000,66000,8499478528
1789925463.852782,14681014272,100,327000000,66000,8499478528
1789925464.8533673,14681014272,99,320000000,66000,8499478528
1789925465.853845,14681014272,100,325000000,65000,8499478528
1789925466.8544765,14681034752,100,326000000,66000,8500084736
1789925467.8550954,14681001984,100,326000000,66000,8500084736
1789925468.8555877,14681001984,99,322000000,65000,8500084736
1789925469.8562288,14681001984,100,326000000,65000,8500084736
1789925470.8569117,14681001984,100,326000000,65000,8500084736
1789925472.0109246,14681001984,99,325000000,65000,8500084736
1789925473.0113664,14681001984,100,326000000,66000,8500084736
1789925474.01186,14681001984,100,327000000,65000,8500084736
1789925475.0286036,14681001984,100,326000000,66000,8500084736
1789925476.0291045,14681001984,100,326000000,66000,8500084736
1789925477.0296793,14681022464,99,325000000,65000,8500105216
1789925478.0301917,14680989696,100,326000000,66000,8500105216
1789925479.0310807,14680989696,100,326000000,66000,8500105216
1789925480.031519,14680989696,100,327000000,65000,8500105216
1789925481.032266,14680989696,100,326000000,66000,8500105216
1789925482.0328412,14680989696,99,323000000,65000,8500105216
1789925483.033502,14680989696,100,322000000,65000,8500105216
1789925484.0339947,14680989696,99,322000000,65000,8500105216
1789925485.0347362,14680989696,100,326000000,66000,8500105216
1789925486.0352435,14680989696,100,326000000,66000,8500105216
1789925487.035726,14680989696,100,326000000,66000,8500105216
1789925488.0362542,14680956928,100,326000000,66000,8500105216
1789925489.0368037,14680956928,100,326000000,66000,8500105216
1789925490.037379,14680956928,99,323000000,65000,8500105216
1789925491.0383527,14680956928,100,327000000,65000,8500105216
1789925492.0389392,14680956928,100,326000000,65000,8500105216
1789925493.039564,14680956928,99,325000000,65000,8500105216
1789925494.3787796,14680956928,53,206000000,64000,8500105216
1789925495.3796105,14680977408,100,331000000,65000,8501678080
1789925496.380161,14680977408,99,325000000,65000,8501678080
1789925497.3806856,14680977408,100,326000000,65000,8501678080
1789925498.4310663,14680944640,99,325000000,65000,8501678080
1789925499.4316797,14680944640,100,326000000,65000,8501678080
1789925500.432081,14680944640,100,327000000,65000,8501678080
1789925501.4328444,14680944640,100,325000000,65000,8501678080
1789925502.4333007,14680944640,100,326000000,65000,8501678080
1789925503.4340951,14680944640,100,327000000,65000,8501678080
1789925504.4348216,14680944640,99,322000000,65000,8501678080
1789925505.4354866,14680944640,100,326000000,65000,8501678080
1789925506.435954,14680944640,99,321000000,65000,8501678080
1789925507.436777,14680944640,100,324000000,65000,8501678080
1789925508.4375515,14680911872,99,321000000,65000,8501678080
1789925509.4381046,14680911872,100,326000000,65000,8501678080
1789925510.438682,14680911872,99,322000000,65000,8501678080
1789925511.4392657,14680911872,100,326000000,65000,8501678080
1789925512.4398572,14680911872,99,326000000,65000,8501678080
1789925513.440519,14680932352,100,326000000,65000,8502706176
1789925514.4410338,14680932352,100,328000000,65000,8502706176
1789925515.4416788,14680932352,100,324000000,66000,8502706176
1789925516.4421804,14680936448,100,322000000,66000,8502706176
1789925517.4427056,14680932352,99,324000000,66000,8502706176
1789925518.4434245,14680932352,100,326000000,66000,8502706176
1789925519.4438229,14680899584,100,328000000,66000,8502706176
1789925520.4443033,14680899584,100,324000000,66000,8502706176
1789925521.4447184,14680899584,100,327000000,66000,8502706176
1789925522.445308,14680899584,99,326000000,66000,8502706176
1789925523.4459128,14680899584,100,326000000,66000,8502706176
1789925524.4462664,14680899584,100,324000000,65000,8502706176
1789925525.4466822,14680899584,99,325000000,65000,8502706176
1789925526.4474223,14680899584,99,324000000,65000,8502706176
1789925527.447919,14680899584,100,328000000,65000,8502706176
1789925528.4486904,14680899584,100,325000000,65000,8502706176
1789925529.4491518,14680866816,100,325000000,65000,8502706176
1789925530.4500046,14680866816,99,326000000,65000,8502706176
1789925531.4504752,14680866816,100,328000000,65000,8502706176
1789925532.4510002,14680870912,100,325000000,65000,8502706176
1789925533.451605,14680870912,97,311000000,65000,8502706176
1789925534.4522004,14680866816,96,313000000,65000,8502706176
1789925535.452631,14680866816,100,326000000,65000,8502706176
1789925536.4530437,14680866816,100,327000000,66000,8502706176
1789925537.453665,14680866816,100,325000000,65000,8502706176
1789925538.454329,14680866816,100,327000000,65000,8502706176
1789925539.4547617,14680834048,99,321000000,65000,8502706176
1789925540.4551327,14680834048,100,324000000,65000,8502706176
1789925541.455757,14680834048,99,324000000,65000,8502706176
1789925542.4566,14680834048,99,321000000,65000,8502706176
1789925543.4571183,14680834048,100,328000000,65000,8502706176
1789925544.4578125,14680834048,100,326000000,65000,8502706176
1789925545.4582736,14680834048,100,326000000,65000,8502706176
1789925546.4588664,14680834048,100,327000000,65000,8502706176
1789925547.4595997,14680854528,100,326000000,65000,8502726656
1789925548.4600248,14680854528,99,326000000,65000,8502726656
1789925549.4604616,14680825856,100,326000000,65000,8502726656
1789925550.4615893,14680817664,100,326000000,65000,8502726656
1789925551.462286,14680821760,99,322000000,65000,8502726656
1789925552.462747,14680821760,100,327000000,65000,8502726656
1789925553.4632895,14680821760,100,326000000,65000,8502726656
1789925554.4636807,14680821760,99,325000000,65000,8502726656
1789925555.4641447,14680821760,100,326000000,65000,8502726656
1789925556.4646282,14680821760,99,325000000,65000,8502726656
1789925557.4651039,14680821760,100,326000000,65000,8502726656
1789925558.4655213,14680821760,100,327000000,65000,8502726656
1789925559.4659414,14680821760,100,325000000,65000,8502726656
1789925560.4666243,14680788992,100,326000000,65000,8502726656
1789925561.467195,14680788992,100,325000000,65000,8502726656
1789925562.4679003,14680788992,59,222000000,64000,8502726656
1789925563.468389,14680788992,100,332000000,65000,8502726656
1789925564.4689415,14680788992,100,327000000,65000,8502726656
1789925565.4696527,14680788992,100,326000000,65000,8502726656
1789925566.4700437,14680788992,100,326000000,65000,8502726656
1789925567.4708068,14680788992,99,325000000,65000,8502726656
1789925568.4713714,14680788992,99,323000000,65000,8502726656
1789925569.471887,14680788992,100,323000000,65000,8502726656
1789925570.4723413,14680756224,100,325000000,65000,8502726656
1789925571.4728892,14680756224,100,327000000,65000,8502726656
1789925572.4733799,14680756224,100,326000000,65000,8502726656
1789925573.4743392,14680756224,99,320000000,65000,8502726656
1789925574.4748924,14680756224,99,325000000,65000,8502726656
1789925575.4753714,14680756224,100,327000000,65000,8502726656
1789925576.475964,14680756224,100,326000000,65000,8502726656
1789925577.4769585,14680756224,99,325000000,65000,8502726656
1789925578.4775534,14680756224,100,327000000,65000,8502726656
1789925579.4780977,14680756224,100,328000000,65000,8502726656
1789925580.478652,14680727552,100,327000000,66000,8502726656
1789925581.4792783,14680727552,100,325000000,65000,8502726656
1789925582.4800093,14680727552,100,326000000,65000,8502726656
1789925583.4805543,14680727552,99,325000000,65000,8502726656
1789925584.4809334,14680727552,100,326000000,65000,8502726656
1789925585.4816208,14680727552,100,327000000,65000,8502726656
1789925586.4822333,14680727552,100,326000000,65000,8502726656
1789925587.4829137,14680727552,100,327000000,66000,8502726656
1789925588.4833848,14680727552,99,321000000,65000,8502726656
1789925589.483982,14680748032,100,325000000,65000,8502951936
1789925590.484933,14680735744,99,320000000,65000,8502956032
1789925591.485405,14680735744,100,326000000,65000,8502956032
1789925592.4861588,14680735744,99,322000000,65000,8502956032
1789925593.4868226,14680735744,100,326000000,65000,8502956032
1789925594.487352,14680756224,100,327000000,65000,8503263232
1789925595.487722,14680756224,99,322000000,65000,8503263232
1789925596.4881904,14680756224,99,323000000,65000,8503263232
1789925597.4889913,14680756224,100,325000000,65000,8503263232
1789925598.4895816,14680756224,100,327000000,65000,8503263232
1789925599.4901094,14680756224,100,326000000,66000,8503263232
1789925600.4908047,14680756224,100,326000000,65000,8503263232
1789925601.491316,14680756224,99,325000000,65000,8503263232
1789925602.4921079,14680756224,100,327000000,65000,8503263232
1789925603.492667,14680756224,100,322000000,65000,8503267328
1789925604.4932792,14680756224,99,323000000,65000,8503267328
1789925605.4938855,14680756224,99,318000000,65000,8503267328
1789925606.494617,14680756224,100,326000000,65000,8503267328
1789925607.4951952,14680756224,100,326000000,65000,8503267328
1789925608.496201,14680756224,99,324000000,65000,8503267328
1789925609.496654,14680756224,100,327000000,65000,8503267328
1789925610.4976153,14680756224,100,326000000,65000,8503267328
1789925611.4982066,14680739840,100,326000000,65000,8503267328
1789925612.4989216,14680739840,99,324000000,65000,8503267328
1789925613.4998221,14680739840,100,327000000,65000,8503267328
1789925614.5004265,14680772608,100,327000000,65000,8503652352
1789925615.5009482,14680772608,100,326000000,65000,8503652352
1789925616.5015988,14680772608,99,326000000,65000,8503652352
1789925617.5021033,14680772608,100,326000000,65000,8503652352
1789925618.5030866,14680772608,100,326000000,65000,8503652352
1789925619.5035973,14680793088,99,324000000,65000,8503996416
1789925620.5041752,14680793088,100,326000000,65000,8503996416
1789925621.5050435,14680764416,100,325000000,65000,8503996416
1789925622.5058117,14680764416,100,326000000,65000,8503996416
1789925623.506463,14680764416,100,326000000,66000,8503996416
1789925624.5069451,14680784896,99,325000000,65000,8504016896
1789925625.5075245,14680805376,100,327000000,65000,8507236352
1789925626.5083253,14680805376,100,325000000,65000,8507236352
1789925627.509028,14680805376,100,327000000,65000,8507236352
1789925628.5096467,14680805376,100,326000000,65000,8507236352
1789925629.5103657,14680805376,99,325000000,65000,8507236352
1789925630.5111156,14680805376,100,326000000,66000,8507236352
1789925631.511637,14680772608,86,270000000,65000,8507236352
1789925632.5123389,14680772608,100,318000000,65000,8507236352
1789925634.1636426,14680772608,60,225000000,64000,8507236352
1789925635.16432,14680772608,100,329000000,65000,8507236352
1789925636.1652818,14680772608,99,325000000,65000,8507236352
1789925637.1659944,14680772608,100,326000000,65000,8507236352
1789925638.1666565,14680772608,99,322000000,65000,8507236352
1789925639.1673894,14680772608,100,326000000,65000,8507236352
1789925640.1681876,14680772608,100,327000000,65000,8507236352
1789925641.168719,14680772608,100,326000000,65000,8507236352
1789925642.169385,14680739840,99,322000000,65000,8507236352
1789925643.1698725,14680739840,100,326000000,65000,8507236352
1789925644.170655,14680739840,100,327000000,66000,8507236352
1789925645.1713498,14680739840,100,326000000,66000,8507236352
1789925646.1718786,14680739840,100,327000000,66000,8507236352
1789925647.172259,14680764416,98,317000000,66000,8507260928
1789925648.1728024,14680764416,99,325000000,66000,8507260928
1789925649.1734338,14680764416,100,327000000,66000,8507260928
1789925650.1740186,14680764416,100,326000000,66000,8507260928
1789925651.1745644,14680764416,100,327000000,66000,8507260928
1789925652.175048,14680731648,99,323000000,66000,8507260928
1789925653.175572,14680731648,100,326000000,66000,8507260928
1789925654.2117062,14680731648,100,325000000,66000,8507260928
1789925655.2122858,14680731648,100,327000000,66000,8507260928
1789925656.2128499,14680731648,100,327000000,66000,8507260928
1789925657.2135723,14680731648,100,326000000,66000,8507260928
1789925658.2143738,14680731648,99,320000000,66000,8507260928
1789925659.215022,14680731648,100,326000000,66000,8507260928
1789925660.2156143,14680731648,99,326000000,66000,8507260928
1789925661.216116,14680735744,100,327000000,66000,8507260928
1789925662.2166774,14680702976,100,326000000,66000,8507260928
1789925663.2172253,14680702976,100,327000000,66000,8507260928
1789925664.2179384,14680702976,100,326000000,66000,8507260928
1789925665.2187653,14680702976,99,323000000,66000,8507260928
1789925666.219606,14680702976,99,322000000,66000,8507260928
1789925667.2203324,14680702976,100,328000000,66000,8507260928
1789925668.2209864,14680702976,100,326000000,66000,8507260928
1789925669.2215416,14680698880,100,326000000,66000,8507260928
1789925670.222061,14680698880,100,325000000,66000,8507260928
1789925671.222547,14680698880,99,323000000,66000,8507260928
1789925672.223156,14680670208,100,326000000,66000,8507260928
1789925673.2238488,14680670208,99,322000000,66000,8507260928
1789925674.2244134,14680670208,100,326000000,66000,8507260928
1789925675.2250283,14680670208,100,327000000,66000,8507260928
1789925676.2257266,14680670208,99,325000000,66000,8507260928
1789925677.3731282,14680670208,100,326000000,66000,8507260928
1789925678.3737595,14680670208,100,327000000,66000,8507260928
1789925679.3742495,14680670208,100,326000000,66000,8507260928
1789925680.3750358,14680670208,100,326000000,66000,8507260928
1789925681.3842862,14680670208,99,325000000,66000,8507260928
1789925682.3849876,14680670208,100,327000000,66000,8507260928
1789925683.38551,14680637440,100,327000000,66000,8507260928
1789925684.3862145,14680637440,100,326000000,66000,8507260928
1789925685.3868778,14680637440,100,326000000,66000,8507260928
1789925686.3875601,14680637440,100,327000000,66000,8507260928
1789925687.388096,14680637440,99,325000000,66000,8507260928
1789925688.3891013,14680637440,100,326000000,66000,8507260928
1789925689.3898017,14680637440,100,326000000,66000,8507260928
1789925690.390607,14680637440,100,325000000,66000,8507260928
1789925691.3912077,14680637440,100,326000000,66000,8507260928
1789925692.3918452,14680637440,100,326000000,66000,8507260928
1789925693.3923175,14680637440,99,325000000,66000,8507260928
1789925694.3930087,14680657920,100,326000000,66000,8508477440
1789925695.393637,14680657920,100,327000000,66000,8508477440
1789925696.394261,14680657920,99,322000000,66000,8508477440
1789925697.3947875,14680657920,100,327000000,66000,8508477440
1789925698.3954184,14680657920,100,326000000,66000,8508477440
1789925699.3958921,14680678400,99,325000000,66000,8508837888
1789925700.3967774,14680678400,100,327000000,66000,8508837888
1789925701.3977523,14680678400,100,326000000,66000,8508837888
1789925702.3983738,14680678400,100,328000000,66000,8508837888
1789925703.3990064,14680682496,100,324000000,66000,8508837888
1789925704.3994749,14680698880,100,327000000,66000,8510140416
1789925705.400221,14680698880,100,326000000,66000,8510140416
1789925706.4008248,14680698880,100,327000000,66000,8510140416
1789925707.401308,14680698880,99,326000000,66000,8510140416
1789925708.4019241,14680698880,100,327000000,66000,8510140416
1789925709.4026523,14680698880,100,325000000,66000,8510140416
1789925710.4032834,14680698880,100,327000000,66000,8510140416
1789925711.403937,14680698880,100,326000000,66000,8510140416
1789925712.4044452,14680698880,99,321000000,66000,8510140416
1789925713.4052083,14680698880,100,327000000,66000,8510140416
1789925714.40588,14680698880,100,326000000,66000,8510140416
1789925715.406581,14680698880,100,326000000,66000,8510140416
1789925716.407182,14680698880,99,323000000,65000,8510140416
1789925717.4077668,14680698880,100,327000000,65000,8510140416
1789925718.4087026,14680698880,100,326000000,66000,8510140416
1789925719.7427082,14680698880,90,302000000,65000,8510140416
1789925720.7432058,14680698880,100,329000000,65000,8510140416
1789925721.7436774,14680698880,100,328000000,66000,8510140416
1789925722.7442183,14680698880,100,325000000,66000,8510140416
1789925723.7447565,14680698880,100,326000000,66000,8510140416
1789925724.7454672,14680698880,100,326000000,66000,8510140416
1789925725.7462049,14680698880,100,326000000,66000,8510140416
1789925726.7467256,14680698880,99,325000000,66000,8510140416
1789925727.7473047,14680698880,100,327000000,65000,8510140416
1789925728.7478766,14680698880,99,324000000,65000,8510140416
1789925729.7484784,14680698880,100,327000000,66000,8510140416
1789925730.749052,14680702976,100,326000000,66000,8510140416
1789925731.7497935,14680702976,100,326000000,65000,8510140416
1789925732.7506301,14680702976,100,327000000,66000,8510140416
1789925733.751157,14680698880,99,325000000,66000,8510140416
1789925734.7517545,14680698880,100,326000000,66000,8510140416
1789925735.752265,14680698880,100,326000000,66000,8510140416
1789925736.7533066,14680698880,100,326000000,66000,8510140416
1789925737.7539592,14680698880,100,326000000,66000,8510140416
1789925738.754618,14680698880,99,325000000,66000,8510140416
1789925739.7553027,14680698880,100,324000000,66000,8510140416
1789925740.7560513,14680698880,99,325000000,66000,8510140416
1789925741.7566564,14680698880,100,322000000,66000,8510140416
1789925742.7571752,14680698880,99,325000000,66000,8510140416
1789925743.757992,14680698880,100,327000000,66000,8510140416
1789925744.758671,14680698880,100,325000000,66000,8510140416
1789925745.759305,14680698880,100,327000000,66000,8510140416
1789925746.7600195,14680698880,100,326000000,66000,8510140416
1789925747.7607384,14680698880,99,323000000,65000,8510140416
1789925748.761232,14680698880,100,323000000,65000,8510140416
1789925749.7619028,14680698880,99,326000000,65000,8510140416
1789925750.7624779,14680698880,100,325000000,66000,8510140416
1789925751.763433,14680698880,100,327000000,66000,8510140416
1789925752.7641172,14680698880,100,323000000,65000,8510140416
1789925753.7650003,14680698880,99,325000000,65000,8510140416
1789925754.7656085,14680698880,100,325000000,65000,8510140416
1789925755.7660851,14680698880,99,325000000,65000,8510140416
1789925756.7669091,14680698880,100,326000000,65000,8510140416
1789925757.76764,14680698880,100,327000000,66000,8510140416
1789925758.7682838,14680698880,99,321000000,65000,8510140416
1789925759.768807,14680698880,100,326000000,65000,8510140416
1789925760.7696037,14680698880,99,324000000,65000,8510140416
1789925761.7700977,14680698880,100,325000000,65000,8510140416
1789925762.7706773,14680698880,99,325000000,66000,8510140416
1789925763.7712758,14680698880,99,321000000,65000,8510140416
1789925764.7721112,14680698880,100,328000000,65000,8510140416
1789925765.7725563,14680698880,99,326000000,65000,8510140416
1789925766.7731466,14680698880,100,326000000,66000,8510140416
1789925767.7736595,14680731648,100,327000000,66000,8510177280
1789925768.7745516,14680731648,100,327000000,66000,8510177280
1789925769.7752118,14680731648,100,325000000,66000,8510177280
1789925770.7756963,14680731648,99,325000000,65000,8510177280
1789925771.7761738,14680731648,100,326000000,65000,8510177280
1789925772.776654,14680731648,100,326000000,65000,8510177280
1789925773.7772214,14680731648,99,325000000,65000,8510177280
1789925774.7778654,14680731648,100,325000000,65000,8510177280
1789925775.7782722,14680731648,99,324000000,65000,8510177280
1789925776.7791176,14680731648,100,325000000,66000,8510177280
1789925777.7795765,14680731648,100,326000000,66000,8510177280
1789925778.7800536,14680731648,100,326000000,66000,8510177280
1789925779.7806554,14680731648,99,325000000,66000,8510177280
1789925780.78138,14680731648,100,325000000,65000,8510177280
1789925781.7819333,14680731648,99,321000000,65000,8510177280
1789925782.7827737,14680731648,39,169000000,63000,8510177280
1789925783.7832665,14680731648,100,331000000,65000,8510177280
1789925784.7840092,14680731648,100,326000000,65000,8510177280
1789925785.7846825,14680731648,99,325000000,65000,8510177280
1789925786.7854078,14680731648,100,327000000,65000,8510177280
1789925787.7862666,14680731648,100,326000000,65000,8510177280
1789925788.787069,14680731648,100,326000000,65000,8510177280
1789925789.7876315,14680731648,99,323000000,65000,8510177280
1789925790.7883058,14680731648,100,326000000,65000,8510177280
1789925791.7890868,14680731648,99,325000000,65000,8510177280
1789925792.7896566,14680731648,100,326000000,65000,8510177280
1789925793.7902107,14680731648,100,327000000,65000,8510177280
1789925794.7906594,14680731648,99,325000000,65000,8510177280
1789925795.7911942,14680731648,100,326000000,65000,8510177280
1789925796.7918758,14680731648,99,325000000,65000,8510177280
1789925797.7927172,14680731648,100,326000000,66000,8510541824
1789925798.7933776,14680752128,100,325000000,66000,8511541248
1789925799.7942019,14680752128,100,327000000,66000,8511541248
1789925800.7950656,14680752128,100,326000000,66000,8511541248
1789925801.795851,14680752128,99,324000000,66000,8511541248
1789925802.797039,14680752128,100,325000000,66000,8511541248
1789925803.8482292,14680772608,99,320000000,66000,8512307200
1789925804.8490448,14680772608,100,326000000,66000,8512307200
1789925805.849768,14680772608,99,325000000,66000,8512307200
1789925806.8506906,14680772608,100,326000000,66000,8512307200
1789925807.8514674,14680772608,100,326000000,66000,8512307200
1789925808.8521554,14680772608,100,327000000,66000,8512307200
1789925809.8528793,14680793088,99,322000000,66000,8512819200
1789925810.8534715,14680793088,100,326000000,66000,8512819200
1789925811.8541236,14680793088,100,326000000,66000,8512819200
1789925812.85475,14680793088,100,326000000,66000,8512819200
1789925813.8554008,14680793088,99,324000000,66000,8512819200
1789925814.8559785,14680813568,100,327000000,66000,8513757184
1789925815.8567965,14680813568,100,326000000,66000,8513757184
1789925816.8576183,14680813568,100,327000000,66000,8513757184
1789925817.8581314,14680813568,100,326000000,66000,8513757184
1789925818.859009,14680813568,100,326000000,66000,8513757184
1789925819.8595903,14680813568,100,327000000,66000,8513757184
1789925820.8601208,14680813568,99,325000000,66000,8513757184
1789925821.8607583,14680813568,100,327000000,66000,8513757184
1789925822.861474,14680813568,100,326000000,66000,8513757184
1789925823.8623571,14680813568,99,325000000,66000,8513757184
1789925824.86296,14680813568,100,326000000,66000,8513757184
1789925825.863689,14680813568,100,326000000,66000,8513757184
1789925826.8641148,14680813568,99,325000000,66000,8513757184
1789925827.864587,14680834048,100,326000000,66000,8513781760
1789925828.8652346,14680834048,100,326000000,66000,8513781760
1789925829.866023,14680834048,99,325000000,66000,8513781760
1789925830.8664966,14680834048,100,326000000,66000,8513781760
1789925831.8673637,14680834048,99,325000000,66000,8513781760
1789925832.8678308,14680834048,100,326000000,66000,8513781760
1789925833.8684728,14680834048,99,325000000,66000,8513781760
1789925834.869182,14680834048,100,326000000,66000,8513781760
1789925835.8696811,14680834048,100,326000000,66000,8513781760
1789925836.8702905,14680834048,99,324000000,65000,8513781760
1789925837.8707972,14680834048,100,326000000,66000,8513781760
1789925838.8714004,14680834048,100,327000000,66000,8513781760
1789925839.8721328,14680854528,100,326000000,66000,8513802240
1789925840.8729253,14680854528,100,326000000,66000,8513802240
1789925841.8734174,14680854528,100,326000000,66000,8513802240
1789925842.873991,14680854528,100,326000000,66000,8513802240
1789925843.8744924,14680854528,99,325000000,65000,8513802240
1789925844.8751788,14680854528,100,327000000,65000,8513802240
1789925845.875851,14680854528,100,326000000,66000,8513802240
1789925846.8765228,14680854528,100,326000000,65000,8513802240
1789925847.877451,14680854528,99,320000000,65000,8513802240
1789925848.8780336,14680854528,100,325000000,65000,8513802240
1789925849.8785055,14680854528,100,326000000,65000,8513802240
1789925850.8789613,14680854528,99,326000000,65000,8513802240
1789925851.8797355,14680854528,100,326000000,65000,8513802240
1789925853.0742319,14680854528,41,173000000,63000,8513802240
1789925854.075179,14680854528,99,305000000,64000,8513802240
1789925855.075732,14680854528,99,326000000,65000,8513802240
1789925856.0764358,14680854528,100,326000000,65000,8513802240
1789925857.0769129,14680850432,100,326000000,65000,8513802240
1789925858.0774205,14680850432,99,322000000,65000,8513802240
1789925859.0778089,14680854528,100,326000000,65000,8513802240
1789925860.0783527,14680854528,99,325000000,65000,8513802240
1789925861.0788903,14680854528,100,325000000,65000,8513802240
1789925862.079325,14680854528,100,327000000,65000,8513802240
1789925863.0803657,14680854528,100,326000000,65000,8513802240
1789925864.0810628,14680854528,99,322000000,65000,8513802240
1789925865.081605,14680854528,100,326000000,65000,8513802240
1789925866.117682,14680854528,100,325000000,65000,8513802240
1789925867.1185887,14680854528,99,325000000,65000,8513802240
1789925868.1192453,14680854528,100,326000000,65000,8513802240
1789925869.1199887,14680854528,100,327000000,65000,8513802240
1789925870.1207335,14680887296,100,326000000,65000,8516100096
1789925871.1213543,14680887296,100,326000000,65000,8516100096
1789925872.1219091,14680887296,99,326000000,65000,8516100096
1789925873.122549,14680887296,100,326000000,65000,8516100096
1789925874.1231258,14680887296,100,327000000,65000,8516100096
1789925875.1236742,14680887296,100,326000000,65000,8516100096
1789925876.1241639,14680887296,100,326000000,65000,8516100096
1789925877.1246378,14680887296,99,321000000,65000,8516100096
1789925878.1252377,14680887296,100,326000000,65000,8516100096
1789925879.1259935,14680887296,99,324000000,65000,8516100096
1789925880.1268406,14680887296,100,326000000,65000,8516100096
1789925881.1276355,14680887296,100,326000000,65000,8516100096
1789925882.128175,14680887296,93,296000000,65000,8516100096
1789925883.1286154,14680887296,100,324000000,65000,8516100096
1789925884.1291575,14680887296,99,326000000,65000,8516100096
1789925885.1296904,14680887296,100,326000000,65000,8516100096
1789925886.1304874,14680887296,100,326000000,65000,8516100096
1789925887.1309981,14680887296,100,327000000,65000,8516100096
1789925888.1318083,14680887296,100,326000000,65000,8516100096
1789925889.1325934,14680887296,99,326000000,65000,8516100096
1789925890.1333213,14680887296,100,326000000,65000,8516100096
1789925891.1484118,14680887296,99,322000000,65000,8516100096
1789925892.1490307,14680887296,100,325000000,65000,8516100096
1789925893.149528,14680887296,99,323000000,65000,8516100096
1789925894.150062,14680887296,100,326000000,65000,8516100096
1789925895.1504753,14680887296,100,326000000,65000,8516100096
1789925896.1511016,14680887296,100,324000000,65000,8516100096
1789925897.1518655,14680887296,99,326000000,65000,8516100096
1789925898.1523895,14680887296,100,326000000,65000,8516100096
1789925899.1529496,14680883200,100,326000000,65000,8516100096
1789925900.1543567,14680903680,99,325000000,65000,8516452352
1789925901.1548307,14680907776,100,328000000,65000,8516452352
1789925902.155281,14680903680,100,326000000,65000,8516452352
1789925903.1558425,14680903680,100,325000000,65000,8516452352
1789925904.156341,14680907776,99,326000000,65000,8516452352
1789925905.1568289,14680907776,100,325000000,65000,8516452352
1789925906.1576328,14680907776,100,326000000,65000,8516452352
1789925907.1581125,14680907776,100,325000000,65000,8516452352
1789925908.1587892,14680907776,99,325000000,65000,8516452352
1789925909.1593976,14680907776,100,326000000,65000,8516452352
1789925910.1599112,14680907776,100,326000000,65000,8516452352
1789925911.160957,14680907776,100,326000000,65000,8516452352
1789925912.1616998,14680907776,100,327000000,65000,8516452352
1789925913.1623747,14680907776,100,326000000,65000,8516452352
1789925914.162856,14680907776,99,325000000,65000,8516452352
1789925915.1637218,14680907776,100,326000000,65000,8516452352
1789925916.1645353,14680911872,99,322000000,65000,8516452352
1789925917.1649547,14680907776,100,326000000,65000,8516452352
1789925918.1654599,14680907776,100,326000000,65000,8516452352
1789925919.7241251,14680907776,83,281000000,65000,8516452352
1789925920.7245748,14680907776,100,330000000,65000,8516452352
1789925921.7250013,14680907776,100,328000000,65000,8516452352
1789925922.7258348,14680907776,100,324000000,65000,8516452352
1789925923.726312,14680907776,99,326000000,65000,8516452352
1789925924.727035,14680907776,100,324000000,65000,8516452352
1789925925.7278025,14680907776,100,327000000,65000,8516452352
1789925926.7282598,14680907776,99,325000000,65000,8516452352
1789925927.7288282,14680907776,100,327000000,65000,8516452352
1789925928.7295065,14680907776,100,326000000,65000,8516452352
1789925929.730383,14680907776,99,325000000,65000,8516452352
1789925930.7315025,14680907776,100,326000000,65000,8516452352
1789925931.7319427,14680907776,100,325000000,65000,8516452352
1789925932.7323546,14680907776,100,328000000,65000,8516452352
1789925933.931984,14680907776,99,326000000,66000,8516452352
1789925934.932531,14680907776,100,326000000,66000,8516452352
1789925935.9329872,14680907776,100,326000000,66000,8516452352
1789925936.9338458,14680907776,100,327000000,65000,8516452352
1789925937.9343514,14680907776,100,326000000,65000,8516452352
1789925938.934984,14680903680,99,323000000,65000,8516452352
1789925939.935721,14680903680,100,327000000,65000,8516452352
1789925940.9367828,14680903680,99,322000000,65000,8516452352
1789925942.0070648,14680903680,99,318000000,65000,8516452352
1789925943.0078464,14680907776,100,325000000,65000,8516452352
1789925944.0084913,14680907776,99,318000000,65000,8516452352
1789925945.0091553,14680907776,100,324000000,65000,8516452352
1789925946.0097704,14680907776,99,324000000,65000,8516452352
1789925947.0103405,14680907776,99,321000000,65000,8516452352
1789925948.0108988,14680907776,100,326000000,65000,8516452352
1789925949.0114381,14680907776,99,325000000,66000,8516452352
1789925950.0121894,14680907776,100,326000000,66000,8516452352
1789925951.0131142,14680907776,99,326000000,66000,8516452352
1789925952.013832,14680907776,100,326000000,66000,8516452352
1789925953.014353,14680907776,100,326000000,66000,8516452352
1789925954.0147128,14680907776,100,326000000,66000,8516452352
1789925955.0152843,14680907776,99,324000000,66000,8516452352
1789925956.015824,14680907776,100,326000000,66000,8516452352
1789925957.0162404,14680907776,99,325000000,65000,8516452352
1789925958.016796,14680907776,100,325000000,65000,8516452352
1789925959.017384,14680907776,100,326000000,66000,8516452352
1789925960.01822,14680907776,99,325000000,66000,8516452352
1789925961.0190415,14680907776,100,326000000,66000,8516452352
1789925962.0195599,14680907776,100,327000000,66000,8516452352
1789925963.1050768,14680907776,100,323000000,65000,8516452352
1789925964.1058056,14680907776,100,326000000,66000,8516452352
1789925965.1063008,14680907776,100,326000000,66000,8516452352
1789925966.1068096,14680907776,99,325000000,66000,8516452352
1789925967.1074414,14680907776,100,327000000,66000,8516452352
1789925968.107933,14680907776,100,327000000,66000,8516452352
1789925969.10847,14680907776,100,326000000,66000,8516452352
1789925970.1090012,14680903680,100,325000000,65000,8516452352
1789925971.1096134,14680932352,100,326000000,65000,8517324800
1789925972.1103559,14680932352,99,323000000,65000,8517324800
1789925973.111152,14680936448,100,328000000,65000,8517324800
1789925974.1121843,14680932352,99,320000000,65000,8517328896
1789925975.1127985,14680952832,100,328000000,65000,8518762496
1789925976.1134574,14680952832,100,326000000,65000,8518762496
1789925977.11411,14680952832,100,326000000,65000,8518762496
1789925978.1146731,14680952832,100,327000000,65000,8518762496
1789925979.1151552,14680973312,100,326000000,65000,8519409664
1789925980.1158805,14680973312,100,326000000,65000,8519409664
1789925981.116514,14680973312,99,325000000,65000,8519409664
1789925982.1169794,14680973312,100,324000000,65000,8519409664
1789925983.118016,14680973312,58,220000000,64000,8519409664
1789925984.1185265,14680973312,100,330000000,65000,8519409664
1789925985.119123,14680973312,100,327000000,65000,8519409664
1789925986.1199312,14680973312,99,324000000,65000,8519409664
1789925987.1207058,14680973312,100,326000000,65000,8519409664
1789925988.1212442,14680973312,100,326000000,65000,8519409664
1789925989.122346,14680973312,100,326000000,65000,8519409664
1789925990.1227665,14680993792,100,326000000,65000,8519643136
1789925991.1234562,14680993792,100,326000000,65000,8519643136
1789925992.1240335,14680993792,99,326000000,65000,8519643136
1789925993.1248286,14680993792,100,326000000,65000,8519643136
1789925994.1253579,14680993792,100,326000000,65000,8519643136
1789925995.125927,14680993792,100,321000000,65000,8519643136
1789925996.1265192,14680993792,99,324000000,65000,8519643136
1789925997.126873,14680993792,100,326000000,65000,8519643136
1789925998.1275077,14680993792,100,327000000,65000,8519643136
1789925999.1279843,14680993792,99,325000000,65000,8519643136
1789926000.1286564,14680993792,100,326000000,65000,8519643136
1789926001.1291974,14680993792,100,327000000,65000,8519643136
1789926002.129862,14680993792,100,327000000,65000,8519643136
1789926003.1304157,14680993792,100,326000000,65000,8519643136
1789926004.1310587,14680993792,99,324000000,65000,8519643136
1789926005.1316075,14680993792,100,327000000,65000,8519643136
1789926006.132415,14680993792,100,324000000,65000,8519643136
1789926007.1329513,14680993792,99,325000000,65000,8519643136
1789926008.1335924,14680993792,100,326000000,65000,8519643136
1789926009.134562,14680993792,100,326000000,65000,8519643136
1789926010.1353261,14681014272,100,326000000,65000,8520372224
1789926011.1358764,14681014272,100,327000000,65000,8520372224
1789926012.1365306,14681014272,99,323000000,65000,8520372224
1789926013.1370587,14681014272,100,327000000,65000,8520372224
1789926014.1375837,14681014272,100,326000000,65000,8520372224
1789926015.1380575,14681014272,99,322000000,65000,8520372224
1789926016.1387873,14681014272,100,326000000,65000,8520372224
1789926017.1395156,14681014272,99,325000000,65000,8520372224
1789926018.1402652,14681014272,100,326000000,65000,8520372224
1789926019.1408215,14681014272,100,327000000,65000,8520372224
1789926020.141613,14681014272,99,325000000,65000,8520372224
1789926021.1423025,14681014272,100,327000000,65000,8520372224
1789926022.1430988,14681014272,100,326000000,65000,8520372224
1789926023.1435642,14681014272,99,320000000,65000,8520372224
1789926024.144039,14681014272,99,326000000,65000,8520372224
1789926025.1449416,14681014272,100,326000000,65000,8520372224
1789926026.1454868,14681014272,100,326000000,65000,8520372224
1789926027.146129,14681014272,99,323000000,65000,8520372224
1789926028.1467323,14681014272,100,329000000,65000,8520372224
1789926029.14738,14681014272,100,325000000,65000,8520372224
1789926030.1485224,14681042944,100,326000000,65000,8521641984
1789926031.1490734,14681047040,100,326000000,65000,8521641984
1789926032.1497302,14681047040,99,324000000,65000,8521641984
1789926033.1505206,14681047040,100,327000000,65000,8521641984
1789926034.1510756,14681047040,100,326000000,65000,8521641984
1789926035.1515806,14681042944,99,325000000,65000,8521641984
1789926036.1520977,14681042944,100,326000000,65000,8521641984
1789926037.1526935,14681042944,100,327000000,65000,8521641984
1789926038.1531804,14681047040,100,326000000,65000,8521641984
1789926039.1537805,14681047040,100,326000000,65000,8521641984
1789926040.1542735,14681047040,100,326000000,65000,8521641984
1789926041.1551094,14681047040,100,326000000,65000,8521641984
1789926042.1557875,14681047040,99,325000000,65000,8521641984
1789926043.1566186,14681047040,100,326000000,65000,8521641984
1789926044.1572237,14681051136,99,322000000,65000,8521641984
1789926045.157811,14681051136,100,326000000,65000,8521641984
1789926046.1586027,14681047040,99,325000000,65000,8521641984
1789926047.1591303,14681047040,100,327000000,65000,8521641984
1789926048.1599271,14681047040,100,326000000,65000,8521641984
1789926049.1607475,14681051136,99,325000000,65000,8521641984
1789926050.2137704,14681083904,100,327000000,65000,8522203136
1789926051.2145708,14681083904,100,326000000,65000,8522203136
1789926052.2149594,14681079808,100,325000000,65000,8522203136
1789926053.2155323,14681079808,99,325000000,65000,8522203136
1789926054.487238,14681083904,100,327000000,65000,8522203136
1789926055.487737,14681083904,100,326000000,65000,8522203136
1789926056.4885242,14681079808,100,326000000,65000,8522203136
1789926057.489028,14681079808,100,326000000,65000,8522203136
1789926058.4992292,14681079808,36,161000000,63000,8522203136
1789926059.4998705,14681079808,100,328000000,65000,8522203136
1789926060.5005336,14681112576,99,324000000,65000,8522235904
1789926061.501279,14681112576,100,325000000,65000,8522235904
1789926062.5019693,14681112576,100,327000000,65000,8522235904
1789926063.5025089,14681112576,100,326000000,65000,8522235904
1789926064.5030673,14681112576,100,327000000,65000,8522235904
1789926065.503726,14681133056,99,325000000,65000,8522903552
1789926066.504289,14681133056,100,327000000,65000,8522903552
1789926067.5047293,14681128960,100,325000000,65000,8522903552
1789926068.505527,14681128960,100,324000000,65000,8522903552
1789926069.5061743,14681128960,99,325000000,65000,8522903552
1789926070.5067456,14681128960,100,324000000,65000,8522903552
1789926071.5073383,14681133056,99,325000000,65000,8522903552
1789926072.50801,14681133056,100,326000000,65000,8522903552
1789926073.508668,14681133056,100,325000000,65000,8522903552
1789926074.5093768,14681137152,99,325000000,65000,8522903552
1789926075.5098836,14681133056,100,326000000,65000,8522903552
1789926076.5105753,14681133056,100,326000000,65000,8522903552
1789926077.5109594,14681165824,99,325000000,65000,8524742656
1789926078.5116084,14681165824,100,325000000,65000,8524742656
1789926079.5120451,14681165824,100,326000000,65000,8524742656
1789926080.5125015,14681165824,100,327000000,65000,8524742656
1789926081.5129707,14681165824,100,327000000,65000,8524742656
1789926082.5135179,14681198592,100,326000000,65000,8524779520
1789926083.5141077,14681198592,100,328000000,65000,8524779520
1789926084.5146537,14681202688,100,325000000,65000,8524779520
1789926085.5151901,14681198592,99,325000000,65000,8524779520
1789926086.5968928,14681198592,100,325000000,65000,8524779520
1789926087.5974073,14681198592,100,326000000,65000,8524779520
1789926088.5978694,14681198592,99,325000000,65000,8524779520
1789926089.5984225,14681198592,100,323000000,65000,8524779520
1789926090.5993981,14681198592,99,321000000,65000,8524779520
1789926091.6000059,14681198592,100,326000000,65000,8524779520
1789926092.6006742,14681198592,100,327000000,65000,8524779520
1789926093.6012168,14681198592,100,325000000,65000,8524779520
1789926094.6023781,14681198592,100,327000000,65000,8524779520
1789926095.6031945,14681198592,99,325000000,65000,8524779520
1789926096.6036835,14681198592,100,326000000,65000,8524779520
1789926097.6043453,14681198592,100,327000000,65000,8524779520
1789926098.6047897,14681198592,99,325000000,65000,8524779520
1789926099.6056077,14681198592,100,326000000,65000,8524779520
1789926100.6061685,14681198592,100,326000000,65000,8524779520
1789926101.6069095,14681198592,100,324000000,65000,8524779520
1789926102.6079443,14681198592,99,320000000,65000,8524779520
1789926103.6087077,14681198592,100,328000000,65000,8524779520
1789926104.6092672,14681198592,100,326000000,65000,8524779520
1789926105.609815,14681198592,99,323000000,65000,8524779520
1789926106.6104052,14681198592,99,323000000,65000,8524779520
1789926107.6110632,14681198592,100,326000000,65000,8524779520
1789926108.6116936,14681198592,99,326000000,65000,8524779520
1789926109.612286,14681198592,100,325000000,65000,8524779520
1789926110.6129231,14681198592,100,327000000,65000,8524779520
1789926111.613409,14681219072,100,327000000,65000,8526221312
1789926112.6141596,14681219072,100,326000000,65000,8526221312
1789926113.6150336,14681219072,100,325000000,65000,8526221312
1789926114.6157598,14681219072,100,327000000,65000,8526221312
1789926115.6163611,14681219072,100,326000000,65000,8526221312
1789926116.6170552,14681219072,99,326000000,65000,8581373952
1789926117.6176286,14681219072,100,326000000,65000,8526221312
1789926118.6185777,14681219072,100,325000000,65000,8526221312
1789926119.6191735,14681219072,99,323000000,65000,8526221312
1789926120.6198115,14681219072,100,326000000,65000,8526221312
1789926121.6206436,14681219072,99,325000000,65000,8526221312
1789926122.62145,14681219072,100,326000000,65000,8526221312
1789926123.621966,14681219072,99,319000000,65000,8526221312
1789926124.6227686,14681219072,100,327000000,65000,8526221312
1789926125.6233103,14681219072,100,326000000,65000,8526221312
1789926126.6237624,14681219072,100,327000000,65000,8526221312
1789926127.624395,14681219072,100,325000000,65000,8526221312
1789926128.6249902,14681219072,100,327000000,65000,8526221312
1789926130.316017,14681219072,56,211000000,64000,8526221312
1789926131.3165388,14681239552,99,328000000,64000,8526430208
1789926132.3173528,14681239552,100,326000000,65000,8526430208
1789926133.3180802,14681239552,100,326000000,65000,8526430208
1789926134.318525,14681239552,99,325000000,65000,8526430208
1789926135.3190627,14681239552,100,326000000,65000,8526430208
1789926136.3198094,14681239552,100,326000000,65000,8526430208
1789926137.32062,14681239552,99,323000000,65000,8526430208
1789926138.3213549,14681239552,100,327000000,65000,8526430208
1789926139.3218431,14681239552,100,324000000,65000,8526430208
1789926140.3223953,14681239552,99,324000000,65000,8526430208
1789926141.3229904,14681239552,100,326000000,65000,8526430208
1789926142.323738,14681239552,100,326000000,65000,8526430208
1789926143.324622,14681239552,99,323000000,65000,8526430208
1789926144.3255372,14681239552,100,326000000,65000,8526430208
1789926145.3262904,14681239552,99,320000000,65000,8526430208
1789926146.3267727,14681239552,100,327000000,65000,8526430208
1789926147.327558,14681243648,100,326000000,65000,8526430208
1789926148.3282566,14681243648,99,325000000,65000,8526430208
1789926149.3288424,14681243648,100,327000000,65000,8526430208
1789926150.3294518,14681239552,100,327000000,65000,8526430208
1789926151.3300884,14681260032,100,325000000,65000,8526958592
1789926152.331104,14681260032,100,326000000,65000,8526958592
1789926153.3318136,14681260032,99,324000000,65000,8526958592
1789926154.3323543,14681260032,100,325000000,65000,8526958592
1789926155.3328218,14681260032,99,325000000,65000,8526958592
1789926156.3337042,14681260032,100,326000000,65000,8526958592
1789926157.3341722,14681260032,100,324000000,65000,8526958592
1789926158.3348422,14681260032,100,327000000,65000,8526958592
1789926159.3355825,14681260032,100,327000000,65000,8526958592
1789926160.3360946,14681260032,99,326000000,65000,8526958592
1789926161.3366847,14681260032,100,325000000,65000,8526958592
1789926162.3370907,14681260032,100,327000000,65000,8526958592
1789926163.3376932,14681260032,100,322000000,65000,8526958592
1789926164.338278,14681260032,99,322000000,65000,8526958592
1789926165.338852,14681260032,100,326000000,65000,8526958592
1789926166.3393886,14681260032,100,326000000,65000,8526958592
1789926167.3398168,14681260032,100,327000000,65000,8526958592
1789926168.340289,14681260032,100,326000000,65000,8526958592
1789926169.3408535,14681260032,99,321000000,65000,8526958592
1789926170.3412154,14681260032,100,326000000,65000,8526958592
1789926171.3416882,14681260032,100,326000000,65000,8526958592
1789926172.3421037,14681280512,100,327000000,65000,8527527936
1789926173.3426943,14681280512,99,319000000,65000,8527527936
1789926174.3432243,14681280512,100,327000000,65000,8527527936
1789926175.3436916,14681280512,100,326000000,65000,8527527936
1789926176.344345,14681280512,100,328000000,65000,8527527936
1789926177.3447018,14681280512,100,325000000,65000,8527527936
1789926178.3453481,14681280512,100,327000000,65000,8527527936
1789926179.3457801,14681280512,99,325000000,65000,8527527936
1789926180.3462224,14681280512,100,327000000,65000,8527527936
1789926181.3466458,14681280512,100,326000000,65000,8527527936
1789926182.3472633,14681280512,100,328000000,65000,8527527936
1789926183.3477337,14681280512,100,325000000,65000,8527527936
1789926184.3482978,14681280512,99,326000000,65000,8527527936
1789926185.3489726,14681280512,100,324000000,65000,8527527936
1789926186.349803,14681280512,100,325000000,65000,8527527936
1789926187.3504674,14681280512,99,325000000,65000,8527527936
1789926188.3511183,14681280512,100,326000000,65000,8527527936
1789926189.3517885,14681280512,100,326000000,65000,8527527936
1789926190.3524165,14681280512,100,326000000,65000,8527527936
1789926191.3530102,14681284608,99,322000000,65000,8527527936
1789926192.3537912,14681280512,99,325000000,65000,8527527936
1789926193.3544002,14681280512,100,324000000,65000,8527527936
1789926194.3550444,14681280512,100,327000000,65000,8527527936
1789926195.35552,14681280512,99,320000000,65000,8527527936
1789926196.3563118,14681280512,100,327000000,65000,8527527936
1789926197.356976,14681280512,100,326000000,65000,8527527936
1789926198.357522,14681280512,99,326000000,65000,8527527936
1789926199.3579874,14681280512,100,325000000,65000,8527527936
1789926200.35887,14681280512,100,327000000,65000,8527527936
1789926201.3596036,14681280512,100,326000000,65000,8527527936
1789926202.3600378,14681280512,100,327000000,65000,8527527936
1789926203.3742015,14681280512,99,324000000,65000,8527527936
1789926204.712335,14681280512,48,192000000,63000,8527527936
1789926205.7130308,14681280512,99,321000000,64000,8527527936
1789926206.713641,14681280512,100,326000000,65000,8527527936
1789926207.7143426,14681280512,100,326000000,65000,8527527936
1789926208.7149506,14681280512,99,322000000,65000,8527527936
1789926209.715674,14681280512,100,326000000,65000,8527527936
1789926210.716266,14681284608,100,326000000,65000,8527527936
1789926211.7167625,14681305088,100,326000000,65000,8527548416
1789926212.7178493,14681300992,99,325000000,65000,8527548416
1789926213.7183337,14681300992,100,327000000,65000,8527548416
1789926214.719049,14681300992,100,326000000,65000,8527548416
1789926215.71985,14681300992,100,326000000,65000,8527548416
1789926216.720532,14681300992,99,325000000,65000,8527548416
1789926217.7210588,14681300992,100,326000000,65000,8527548416
1789926218.7216802,14681300992,100,326000000,65000,8527548416
1789926219.7225137,14681300992,100,326000000,65000,8527548416
1789926220.7230575,14681300992,100,326000000,65000,8527548416
1789926221.7239225,14681300992,99,321000000,65000,8527548416
1789926222.724914,14681300992,100,327000000,65000,8527548416
1789926223.725708,14681300992,100,326000000,65000,8527548416
1789926224.7264407,14681300992,99,325000000,65000,8527548416
1789926225.7269847,14681300992,100,326000000,65000,8527548416
1789926226.7277594,14681300992,100,327000000,65000,8527548416
1789926227.7283576,14681300992,100,325000000,65000,8527548416
1789926228.7290761,14681300992,100,326000000,65000,8527548416
1789926229.7295427,14681300992,99,324000000,65000,8527548416
1789926230.730245,14681300992,100,328000000,65000,8527548416
1789926231.7307472,14681300992,100,326000000,65000,8527548416
1789926232.7312646,14681300992,100,325000000,66000,8527548416
1789926233.7321239,14681300992,99,326000000,65000,8527548416
1789926234.7326722,14681300992,100,322000000,65000,8527548416
1789926235.7332141,14681300992,100,327000000,65000,8527523840
1789926236.7337074,14681321472,100,326000000,66000,8527544320
1789926237.7345433,14681321472,100,326000000,66000,8527544320
1789926238.735612,14683422720,84,160000000,63000,8532885504
1789926239.7364595,14683418624,100,154000000,63000,8532885504
1789926240.737615,14686441472,98,285000000,64000,8532910080
1789926241.7381697,15030374400,99,327000000,65000,8532914176
1789926242.7386248,15030374400,99,325000000,65000,8532918272
1789926243.7393303,15030374400,99,327000000,65000,8532926464
1789926244.7400534,15030374400,99,326000000,65000,8533110784
1789926245.7405062,15030345728,99,326000000,65000,8533241856
1789926246.741,15030345728,100,326000000,65000,8533352448
1789926247.741457,15030345728,100,327000000,65000,8533401600
1789926248.7421138,15030345728,100,327000000,65000,8533413888
1789926249.7426977,15030345728,100,327000000,65000,8533438464
1789926250.7430418,15030345728,100,327000000,65000,8533463040
1789926251.744273,15030345728,100,326000000,65000,8533487616
1789926252.744676,15030345728,100,327000000,65000,8533487616
1789926253.7450879,15030345728,100,327000000,65000,8533487616
1789926254.7454574,15030345728,100,326000000,65000,8533487616
1789926255.745875,15030345728,100,327000000,65000,8533487616
1789926256.7465162,15030312960,99,326000000,65000,8533487616
1789926257.7471821,15030312960,100,326000000,65000,8533487616
1789926258.7478325,15141462016,100,326000000,65000,8533487616
1789926259.7483497,15141462016,99,326000000,65000,8533487616
1789926260.7488437,15141462016,99,326000000,65000,8533487616
1789926261.749356,15141462016,99,326000000,65000,8533487616
1789926262.7500095,15141462016,99,326000000,65000,8533487616
1789926263.750759,15141462016,99,326000000,65000,8533487616
1789926264.7511413,15141462016,100,326000000,65000,8533487616
1789926265.7517655,15141462016,99,327000000,65000,8533487616
1789926266.7521746,15141429248,99,326000000,65000,8533487616
1789926267.7526615,15141429248,99,326000000,65000,8533487616
1789926268.753404,15141429248,100,327000000,65000,8533487616
1789926269.7540216,15141429248,99,326000000,65000,8533487616
1789926270.7544217,15141429248,99,326000000,65000,8533487616
1789926271.7550695,15141429248,100,327000000,65000,8533487616
1789926272.75554,15141429248,99,326000000,65000,8533487616
1789926273.755918,15141429248,99,326000000,65000,8533487616
1789926274.756368,15141429248,100,326000000,65000,8533655552
1789926275.7568026,15141429248,100,326000000,65000,8534192128
1789926276.757389,15141396480,99,327000000,65000,8534523904
1789926277.7578053,15141396480,100,326000000,65000,8534827008
1789926278.7581434,15141396480,100,327000000,65000,8534953984
1789926279.7588801,15141396480,100,327000000,65000,8534953984
1789926280.759404,15141396480,100,328000000,65000,8534962176
1789926281.760225,15143493632,100,326000000,65000,8534962176
1789926282.76083,15143493632,100,327000000,65000,8535019520
1789926283.7613406,15143493632,100,327000000,65000,8535031808
1789926284.7619057,15143493632,100,327000000,65000,8535031808
1789926285.7624345,15143493632,100,327000000,65000,8535031808
1789926286.7631326,15143460864,100,327000000,65000,8535031808
1789926287.7638314,15143460864,100,327000000,65000,8535031808
1789926288.7643704,15143460864,100,326000000,65000,8535031808
1789926289.7650564,15143460864,100,327000000,65000,8535031808
1789926290.7657602,15143460864,100,326000000,65000,8535031808
1789926291.7665644,15143460864,100,326000000,65000,8535031808
1789926292.7677863,15143460864,100,323000000,65000,8535031808
1789926293.768491,15143460864,100,327000000,65000,8535031808
1789926294.769079,15143460864,100,326000000,65000,8535031808
1789926295.7697043,15143460864,100,327000000,65000,8535031808
1789926296.7703187,15143460864,100,327000000,65000,8535031808
1789926297.7709785,15143432192,100,327000000,65000,8535031808
1789926298.7717905,15143432192,100,326000000,65000,8535031808
1789926299.7723422,15143432192,100,327000000,65000,8535031808
1789926300.7730784,15143432192,100,326000000,65000,8535031808
1789926301.7736146,15143432192,100,326000000,65000,8535031808
1789926302.774219,15143432192,100,326000000,64000,8535031808
1789926303.7748837,15143432192,100,328000000,65000,8535031808
1789926304.775331,15143432192,100,326000000,64000,8535031808
1789926305.7760007,15143432192,100,326000000,64000,8535031808
1789926306.7764547,15143432192,100,327000000,64000,8535031808
1789926307.7769923,15143403520,99,326000000,64000,8535031808
1789926308.7775576,15143403520,100,326000000,64000,8535031808
1789926309.778147,15143403520,100,327000000,64000,8535031808
1789926310.7788162,15143403520,100,326000000,64000,8535031808
1789926311.7793455,15143403520,100,327000000,65000,8535031808
1789926312.7798827,15143403520,100,326000000,65000,8535031808
1789926313.780332,15143403520,100,327000000,65000,8535031808
1789926314.780796,15143403520,100,326000000,65000,8535031808
1789926315.7814157,15143403520,100,327000000,65000,8535031808
1789926316.7819343,15143403520,100,326000000,65000,8535031808
1789926317.7825258,15143391232,100,327000000,65000,8535031808
1789926318.783056,15143383040,100,326000000,65000,8535031808
1789926319.7836344,15143387136,100,327000000,65000,8535031808
1789926320.7842374,15143387136,100,326000000,65000,8535031808
1789926321.7847102,15143387136,100,327000000,65000,8535031808
1789926322.7853134,15143387136,100,327000000,65000,8535031808
1789926323.7858014,15143387136,100,327000000,65000,8535031808
1789926324.7866569,15143387136,100,327000000,65000,8535031808
1789926325.7871578,15143387136,100,327000000,65000,8535031808
1789926326.787637,15143387136,100,326000000,65000,8535031808
1789926327.7882931,15143387136,100,327000000,65000,8535031808
1789926328.789038,15143387136,100,326000000,65000,8535031808
1789926329.7899735,15143387136,100,326000000,65000,8535031808
1789926330.7906241,15143387136,100,326000000,65000,8535031808
1789926331.791231,15143387136,100,327000000,65000,8535031808
1789926332.7918553,15143387136,100,326000000,65000,8535031808
1789926333.7923124,15143387136,100,326000000,65000,8535031808
1789926334.793039,15143387136,100,326000000,65000,8535031808
1789926335.7935472,15143387136,100,326000000,65000,8535031808
1789926336.793947,15143387136,100,327000000,65000,8535040000
1789926337.7946105,15143354368,99,326000000,65000,8535040000
1789926338.795101,15143354368,99,327000000,65000,8535040000
1789926339.795694,15143354368,99,326000000,65000,8535040000
1789926340.7962284,15143354368,99,326000000,65000,8535040000
1789926341.7970405,15143354368,99,326000000,65000,8535040000
1789926342.7977083,15143354368,100,326000000,65000,8535040000
1789926343.7984438,15143358464,99,326000000,65000,8535040000
1789926344.7993398,15143358464,100,326000000,65000,8535040000
1789926345.7999494,15143354368,100,327000000,65000,8535040000
1789926346.8004706,15143354368,100,327000000,65000,8535040000
1789926347.8010967,15143354368,100,326000000,65000,8535040000
1789926348.80166,15143321600,99,327000000,65000,8535040000
1789926349.8020856,15143321600,100,327000000,65000,8535040000
1789926350.8026645,15143321600,100,326000000,65000,8535040000
1789926351.8033109,15143321600,100,327000000,65000,8535040000
1789926352.8040183,15143321600,100,327000000,65000,8535040000
1789926353.804746,15143321600,100,327000000,65000,8535040000
1789926354.8053083,15143321600,100,326000000,65000,8535040000
1789926355.805839,15143321600,100,326000000,65000,8535040000
1789926356.8063552,15143321600,100,327000000,65000,8535040000
1789926357.8069632,15143321600,100,327000000,65000,8535040000
1789926358.8075178,15143288832,100,326000000,65000,8535040000
1789926359.8081255,15143288832,100,327000000,65000,8535056384
1789926360.8088574,15143288832,100,326000000,65000,8535056384
1789926361.8096023,15143288832,99,326000000,65000,8535064576
1789926362.8101423,15143288832,99,326000000,65000,8535072768
1789926363.8108249,15143288832,99,326000000,65000,8535089152
1789926364.811494,15143288832,100,326000000,65000,8535101440
1789926365.8120804,15143288832,100,326000000,65000,8535142400
1789926366.8125668,15143288832,100,327000000,65000,8535187456
1789926367.8129373,15143288832,100,327000000,65000,8535203840
1789926368.8138354,15143256064,99,324000000,64000,8535224320
1789926369.8143277,15143256064,100,327000000,65000,8535269376
1789926370.814698,15143256064,100,326000000,64000,8535281664
1789926371.8152833,15143256064,100,327000000,64000,8535293952
1789926372.8161776,15143256064,100,326000000,65000,8535306240
1789926373.816749,15143256064,100,326000000,64000,8535306240
1789926374.8174186,15143256064,99,327000000,65000,8535314432
1789926375.8182747,15143256064,99,325000000,65000,8535326720
1789926376.8189647,15143256064,99,327000000,64000,8535334912
1789926377.8194606,15143256064,100,326000000,64000,8535343104
1789926378.819808,15143223296,99,325000000,64000,8535363584
1789926379.8202446,15143223296,100,327000000,64000,8535404544
1789926380.8207,15143223296,100,327000000,64000,8535453696
1789926381.8215592,15143223296,100,326000000,64000,8535494656
1789953970.5324194,2991616000,1,14000000,34000,4960612352
1789953971.6649678,3438260224,3,48000000,34000,5378613248
1789953972.6659172,5150412800,81,252000000,38000,5789585408
1789953973.6663375,5582176256,94,309000000,41000,5833461760
1789953974.666938,5611167744,96,312000000,42000,5872893952
1789953975.6676254,5611540480,100,315000000,42000,5875990528
1789953976.6681333,7160135680,99,320000000,43000,5879488512
1789953977.6686826,7160135680,100,324000000,43000,5879488512
1789953978.669178,8666132480,100,327000000,44000,5882703872
1789953979.6696086,8666132480,100,325000000,44000,5883527168
1789953980.6700294,8666099712,100,326000000,45000,5883527168
1789953981.6707046,8666308608,99,309000000,45000,5934465024
1789953982.6712818,8666525696,100,327000000,46000,5890461696
1789953983.67191,8666578944,100,326000000,46000,5891166208
1789953984.6725721,8666578944,100,326000000,46000,5891788800
1789953985.6733966,8666779648,98,311000000,47000,5961924608
1789953986.6739817,8666832896,100,326000000,47000,5963530240
1789953987.6745756,8666886144,99,323000000,48000,5964247040
1789953988.6753676,8899850240,100,327000000,48000,5967396864
1789953989.6760285,8899850240,100,324000000,49000,5967413248
1789953990.6769242,8899850240,100,327000000,49000,5967413248
1789953991.6778595,8899969024,100,324000000,49000,5969170432
1789953992.6786969,8900050944,99,324000000,50000,5971103744
1789953993.679331,8900235264,100,326000000,50000,5974405120
1789953994.6799145,8900345856,99,314000000,50000,5976137728
1789953995.680715,8900513792,100,327000000,49000,5978718208
1789953996.681224,8900628480,99,313000000,49000,5981265920
1789953997.6822581,8900780032,98,307000000,50000,5983875072
1789953998.6827514,8900980736,100,324000000,50000,5987885056
1789953999.6832263,8901033984,100,325000000,50000,5988700160
1789954000.684018,8901074944,99,321000000,51000,5989220352
1789954001.684653,8901275648,100,316000000,51000,5992579072
1789954002.6852114,8901312512,99,323000000,51000,5993046016
1789954003.685846,8901419008,100,327000000,51000,5994565632
1789954004.6864417,8901419008,100,326000000,52000,5995130880
1789954005.6869178,8901472256,100,326000000,52000,5995839488
1789954006.6874473,8901505024,100,326000000,52000,5997199360
1789954007.6879258,8901554176,99,324000000,52000,5998477312
1789954008.6887438,8901660672,100,326000000,53000,6000320512
1789954009.6892934,8901660672,100,326000000,53000,6000439296
1789954010.68982,8901730304,99,325000000,53000,6001192960
1789954011.6906192,8901763072,100,326000000,53000,6002049024
1789954012.6911652,8901918720,100,326000000,53000,6004809728
1789954013.692059,8901992448,99,324000000,54000,6005452800
1789954014.6927133,8902094848,100,326000000,54000,6007717888
1789954015.6932654,8902094848,100,326000000,54000,6008340480
1789954016.6937819,8902164480,99,325000000,54000,6009032704
1789954017.694426,8902197248,100,326000000,54000,6009933824
1789954019.2939346,8902373376,62,223000000,53000,6013034496
1789954020.2945187,8902443008,99,326000000,54000,6013972480
1789954021.2949648,8902443008,100,326000000,55000,6013972480
1789954022.295571,8902496256,100,325000000,55000,6014648320
1789954023.2960978,8902623232,100,327000000,55000,6017134592
1789954024.2966878,8902705152,100,326000000,55000,6018871296
1789954025.2973824,8902795264,99,319000000,55000,6020341760
1789954026.2978425,8902828032,100,326000000,55000,6021095424
1789954027.2984786,8902881280,99,325000000,56000,6021623808
1789954028.2990425,8902905856,100,322000000,56000,6022414336
1789954029.29953,8903008256,99,324000000,56000,6023692288
1789954030.300202,8903008256,100,326000000,56000,6023987200
1789954031.3008604,8903008256,100,326000000,56000,6023987200
1789954032.3014202,8903061504,100,326000000,56000,6086463488
1789954033.3018217,8903061504,100,327000000,56000,6086475776
1789954034.3023632,8903061504,100,324000000,56000,6086475776
1789954035.3033602,8903184384,99,314000000,56000,6086832128
1789954036.303836,8903254016,100,325000000,56000,6090964992
1789954037.3042438,8903356416,99,321000000,56000,6091071488
1789954038.304803,8903409664,100,326000000,56000,6091292672
1789954039.3053339,8903561216,100,321000000,56000,6092091392
1789954040.306142,8903561216,99,323000000,56000,6092091392
1789954041.3068604,8903561216,100,328000000,57000,6092156928
1789954042.3075347,8903671808,100,321000000,57000,6092943360
1789954043.3081317,8903671808,100,326000000,57000,6093352960
1789954044.3086727,8903671808,100,325000000,57000,6093352960
1789954045.3092592,8903688192,99,324000000,57000,6093479936
1789954046.3099809,8903741440,100,327000000,57000,6094417920
1789954047.3104587,8903843840,100,319000000,57000,6096343040
1789954048.3108506,8903876608,99,324000000,57000,6097313792
1789954049.31127,8903970816,100,326000000,57000,6099435520
1789954050.3118277,8906104832,99,325000000,57000,6100111360
1789954051.3129344,8906104832,100,327000000,57000,6100111360
1789954052.3134017,8906186752,100,325000000,57000,6101225472
1789954053.3141816,8906186752,100,326000000,57000,6101397504
1789954054.3146286,8906248192,99,325000000,57000,6102601728
1789954055.315173,8906326016,100,326000000,57000,6104240128
1789954056.315796,8906465280,99,324000000,57000,6106292224
1789954057.3164828,8906465280,100,326000000,57000,6106857472
1789954058.3169382,8906596352,100,326000000,57000,6108893184
1789954059.3177564,8906596352,100,326000000,57000,6108987392
1789954060.3186026,8906743808,99,326000000,58000,6111154176
1789954061.3190033,8906743808,100,325000000,58000,6111158272
1789954062.3196518,8906743808,100,326000000,58000,6111158272
1789954063.3201752,8906797056,100,326000000,58000,6112333824
1789954064.3207095,8906842112,100,326000000,58000,6112825344
1789954065.3214803,8906842112,100,326000000,58000,6113185792
1789954066.3222759,8906842112,100,326000000,58000,6113193984
1789954067.322832,8906842112,100,325000000,58000,6113193984
1789954068.3234189,8906948608,99,326000000,58000,6114877440
1789954069.3241398,8906981376,100,326000000,58000,6115610624
1789954070.3250787,8907132928,100,327000000,58000,6123937792
1789954071.3257244,8907128832,100,326000000,58000,6123937792
1789954072.326456,8907149312,99,325000000,58000,6123962368
1789954073.3270981,8907182080,100,326000000,58000,6123995136
1789954074.3278382,8907223040,99,325000000,58000,6124036096
1789954075.3284075,8907292672,100,327000000,58000,6124388352
1789954076.3288658,8907292672,100,326000000,58000,6124437504
1789954077.3296468,8907362304,99,325000000,58000,6124752896
1789954078.3300953,8907362304,100,326000000,58000,6124752896
1789954079.3306286,8907362304,100,326000000,58000,6124752896
1789954080.331245,8907362304,100,326000000,58000,6124752896
1789954081.332104,8907419648,56,214000000,57000,6124859392
1789954082.3329167,8907501568,100,327000000,58000,6125568000
1789954083.333509,8907534336,100,326000000,58000,6125735936
1789954084.333976,8907636736,99,325000000,58000,6126215168
1789954085.33452,8907636736,100,327000000,58000,6126215168
1789954086.3350525,8907669504,100,322000000,58000,6126612480
1789954087.3357012,8907730944,99,324000000,58000,6127669248
1789954088.3362725,8907792384,100,321000000,58000,6129074176
1789954089.336819,8907878400,99,325000000,58000,6137188352
1789954090.3373332,8907898880,100,326000000,58000,6137376768
1789954091.3378623,8907952128,100,326000000,59000,6137561088
1789954092.3389328,8907952128,99,325000000,58000,6137597952
1789954093.3395035,8908005376,100,327000000,59000,6137782272
1789954094.3401363,8908181504,99,316000000,58000,6141935616
1789954095.3407838,8908181504,100,326000000,59000,6141935616
1789954096.341593,8908181504,100,326000000,59000,6141935616
1789954097.3423972,8908263424,100,326000000,59000,6142590976
1789954098.3429668,8908312576,100,327000000,59000,6142889984
1789954099.3434966,8908312576,100,326000000,59000,6142889984
1789954100.3440785,8908374016,100,325000000,59000,6143021056
1789954101.344793,8908443648,99,325000000,59000,6143307776
1789954102.3453307,8908492800,100,326000000,59000,6143561728
1789954103.3458192,8908546048,100,326000000,59000,6143766528
1789954104.346731,8908627968,99,316000000,59000,6144647168
1789954105.3472195,8908701696,100,324000000,59000,6146211840
1789954106.3477054,8908767232,99,321000000,59000,6146830336
1789954107.3483145,8908767232,100,326000000,59000,6147379200
1789954108.348942,8908824576,100,324000000,59000,6148218880
1789954109.349466,8908881920,99,316000000,59000,6149718016
1789954110.3500066,8908943360,99,325000000,59000,6150918144
1789954111.3506808,8908943360,100,326000000,59000,6151049216
1789954112.3513997,8909107200,100,323000000,59000,6153678848
1789954113.3518972,8909107200,100,327000000,59000,6153682944
1789954114.3525229,8909148160,99,324000000,59000,6154350592
1789954115.3531787,8909189120,100,326000000,59000,6155735040
1789954116.353587,8909242368,99,325000000,59000,6156476416
1789954117.3540418,8909242368,100,327000000,59000,6156722176
1789954118.3546495,8909242368,100,326000000,59000,6156857344
1789954119.355167,8909312000,100,326000000,59000,6157754368
1789954120.355771,8909312000,100,327000000,59000,6157758464
1789954121.3562326,8909352960,99,323000000,59000,6158692352
1789954122.3570387,8909406208,100,326000000,59000,6159400960
1789954123.3575664,8909426688,100,326000000,59000,6159814656
1789954124.358218,8909447168,99,321000000,59000,6160797696
1789954125.3591378,8909500416,100,326000000,59000,6161797120
1789954126.3597546,8909553664,100,326000000,59000,6162284544
1789954127.3602388,8909553664,99,325000000,59000,6162563072
1789954128.3608217,8909619200,100,326000000,59000,6163464192
1789954129.361209,8909651968,100,327000000,59000,6164246528
1789954130.361769,8909651968,99,323000000,60000,6164246528
1789954131.3625667,8909651968,100,322000000,59000,6164463616
1789954132.3631825,8909705216,100,327000000,59000,6165725184
1789954133.3637502,8909778944,99,326000000,60000,6166654976
1789954134.3645637,8909778944,100,326000000,60000,6166654976
1789954135.3651845,8909848576,100,323000000,60000,6167834624
1789954136.3658957,8909848576,100,326000000,60000,6168449024
1789954137.3663144,8909848576,100,326000000,60000,6168449024
1789954138.582085,8909848576,58,218000000,59000,6168449024
1789954139.5824676,8909955072,99,315000000,59000,6170243072
1789954140.5829773,8910073856,99,321000000,60000,6171807744
1789954141.5837822,8910073856,100,327000000,60000,6172192768
1789954142.5842957,8910073856,100,324000000,60000,6172196864
1789954143.5848422,8910123008,100,327000000,60000,6179643392
1789954144.5853877,8910123008,100,326000000,60000,6179749888
1789954145.585961,8910123008,100,326000000,60000,6179749888
1789954146.586602,8910123008,100,326000000,60000,6179815424
1789954147.5871265,8910176256,99,325000000,60000,6179868672
1789954148.58772,8910176256,100,326000000,60000,6179868672
1789954149.5882654,8910176256,100,326000000,60000,6179868672
1789954150.5890656,8910229504,100,326000000,60000,6180151296
1789954151.5896,8910282752,100,326000000,60000,6180311040
1789954152.5901914,8910282752,99,325000000,60000,6180343808
1789954153.5915546,8910315520,100,326000000,60000,6180577280
1789954154.5922267,8910389248,99,325000000,60000,6180728832
1789954155.5927565,8910389248,100,327000000,60000,6180728832
1789954156.5935524,8910389248,100,325000000,61000,6180728832
1789954157.5941217,8910389248,100,326000000,61000,6180798464
1789954158.594768,8910462976,99,318000000,60000,6181011456
1789954159.5953255,8910495744,100,320000000,61000,6181318656
1789954160.5960763,8910573568,99,320000000,60000,6188388352
1789954161.596826,8910614528,100,323000000,61000,6188703744
1789954162.5973854,8910737408,99,322000000,61000,6189494272
1789954163.5980034,8910737408,100,326000000,61000,6189494272
1789954164.598496,8910790656,100,326000000,61000,6189674496
1789954165.5989845,8910790656,99,321000000,61000,6189715456
1789954166.5996242,8910790656,100,326000000,61000,6189715456
1789954167.6002579,8910868480,100,323000000,61000,6190026752
1789954168.6010535,8910921728,99,326000000,61000,6195871744
1789954169.6015956,8910921728,100,325000000,61000,6195871744
1789954170.6021843,8910921728,100,325000000,61000,6195871744
1789954171.6028903,8910974976,100,326000000,61000,6196121600
1789954172.6035404,8911028224,100,326000000,61000,6196293632
1789954173.6041987,8911097856,99,325000000,61000,6196580352
1789954174.604948,8911097856,100,326000000,61000,6196580352
1789954175.6054597,8911097856,100,327000000,61000,6196580352
1789954176.6060705,8911167488,100,322000000,61000,6200483840
1789954177.6066012,8911167488,100,327000000,61000,6200483840
1789954178.6071904,8911220736,100,326000000,61000,6200537088
1789954179.608056,8911261696,99,320000000,61000,6200619008
1789954180.6088579,8911314944,100,326000000,61000,6200897536
1789954181.6093745,8911384576,99,326000000,61000,6201176064
1789954182.6101272,8911384576,100,326000000,61000,6201176064
1789954183.6108902,8911384576,100,326000000,61000,6201176064
1789954184.6114447,8911405056,100,323000000,61000,6205792256
1789954185.6122227,8911405056,100,326000000,61000,6205792256
1789954186.6129324,8911405056,100,325000000,61000,6205878272
1789954187.6135626,8911405056,99,325000000,61000,6205890560
1789954188.6140838,8911405056,100,326000000,61000,6205890560
1789954189.61458,8911458304,99,326000000,61000,6208061440
1789954190.615384,8911458304,100,326000000,61000,6208061440
1789954191.616184,8911458304,100,327000000,61000,6208061440
1789954192.6167789,8911458304,100,326000000,61000,6208086016
1789954193.6173203,8911540224,99,316000000,61000,6208438272
1789954194.6179876,8911536128,100,325000000,61000,6208503808
1789954195.6187475,8911536128,99,325000000,61000,6208638976
1789954196.6192937,8911646720,100,326000000,61000,6208917504
1789954197.6200423,8911646720,100,325000000,61000,6208917504
1789954198.6204598,8911646720,100,326000000,62000,6208917504
1789954200.1250231,8911646720,62,228000000,60000,6208917504
1789954201.125465,8911716352,99,324000000,61000,6209245184
1789954202.125877,8911716352,100,326000000,61000,6209245184
1789954203.1263971,8911716352,100,326000000,61000,6209245184
1789954204.1269507,8911716352,100,325000000,62000,6209343488
1789954205.1275082,8920158208,99,318000000,62000,6209396736
1789954206.1279933,8920178688,100,324000000,62000,6209617920
1789954207.1284835,8920199168,99,325000000,62000,6209671168
1789954208.129193,8920256512,100,323000000,62000,6210048000
1789954209.1297681,8920256512,99,325000000,62000,6210084864
1789954210.1307144,8920256512,100,326000000,62000,6210084864
1789954211.131353,8920256512,100,326000000,62000,6210084864
1789954212.1321113,8920256512,100,325000000,62000,6210084864
1789954213.1330009,8920289280,100,326000000,62000,6210174976
1789954214.1336567,8920289280,100,327000000,62000,6210174976
1789954215.1340158,8920387584,99,324000000,62000,6212087808
1789954216.1392565,8920440832,99,322000000,62000,6219399168
1789954217.140027,8920461312,100,326000000,62000,6219407360
1789954218.1405237,8920461312,100,326000000,62000,6219481088
1789954219.1410356,8920526848,99,325000000,62000,6219677696
1789954220.1416035,8920596480,100,324000000,62000,6219993088
1789954221.1422846,8920682496,99,326000000,62000,6220382208
1789954222.1428576,8920682496,100,326000000,62000,6220382208
1789954223.1433384,8920682496,100,326000000,63000,6220443648
1789954224.1438355,8920682496,100,327000000,63000,6220484608
1789954225.144232,8920702976,99,321000000,63000,6220533760
1789954226.1451354,8920772608,99,322000000,63000,6220820480
1789954227.145614,8920813568,100,328000000,63000,6221021184
1789954228.146222,8920944640,100,326000000,63000,6223101952
1789954229.1466813,8920993792,99,326000000,63000,6223818752
1789954230.1475534,8920993792,100,326000000,63000,6224003072
1789954231.147949,8921034752,100,327000000,63000,6224973824
1789954232.1861937,8921055232,99,324000000,63000,6225596416
1789954233.1870844,8921096192,99,321000000,63000,6226354176
1789954234.1874259,8921108480,99,317000000,63000,6226407424
1789954235.1880972,8921128960,100,328000000,63000,6227034112
1789954236.1885853,8921182208,100,326000000,63000,6227849216
1789954237.189193,8921182208,100,326000000,63000,6228414464
1789954238.1901317,8921202688,100,327000000,63000,6228832256
1789954239.1907892,8921202688,99,325000000,63000,6228865024
1789954240.1912408,8921202688,100,326000000,63000,6228885504
1789954241.1919253,8921255936,100,324000000,63000,6237331456
1789954242.1929104,8921317376,99,323000000,63000,6237392896
1789954243.1935513,8921378816,100,327000000,63000,6237495296
1789954244.2911437,8921378816,100,326000000,63000,6237495296
1789954245.291683,8921378816,100,326000000,63000,6237495296
1789954246.292246,8921419776,100,327000000,63000,6237630464
1789954247.2928941,8921526272,99,324000000,63000,6237954048
1789954248.2936265,8921559040,100,326000000,63000,6238134272
1789954249.294092,8921616384,99,323000000,63000,6238486528
1789954250.294705,8921649152,99,326000000,63000,6238949376
1789954251.2951753,8921702400,100,327000000,63000,6239797248
1789954252.2957897,8921722880,100,326000000,63000,6240251904
1789954253.8415356,8921722880,65,237000000,62000,6240256000
1789954254.8422503,8921776128,99,326000000,63000,6240686080
1789954255.843037,8921776128,100,326000000,63000,6240972800
1789954256.8439236,8921796608,100,326000000,63000,6241808384
1789954257.8445528,8921849856,99,326000000,63000,6242103296
1789954258.8451712,8921849856,100,325000000,63000,6242557952
1789954259.846007,8921849856,100,326000000,63000,6242557952
1789954260.846753,8921870336,100,327000000,63000,6243229696
1789954261.8475473,8921923584,100,326000000,63000,6244175872
1789954262.8482225,8921923584,100,326000000,63000,6244229120
1789954263.8487687,8921923584,99,325000000,63000,6244257792
1789954264.8493783,8921923584,100,326000000,64000,6244282368
1789954265.8498716,8921944064,99,323000000,63000,6244487168
1789954266.8504543,8921944064,100,324000000,64000,6244614144
1789954267.926217,8921997312,99,323000000,64000,6245695488
1789954268.9268744,8921997312,100,326000000,64000,6246211584
1789954269.9277964,8921997312,100,326000000,64000,6246232064
1789954270.928392,8922017792,99,325000000,64000,6246346752
1789954271.9294243,8922071040,100,323000000,64000,6247043072
1789954272.9301457,8922124288,99,323000000,64000,6247669760
1789954273.9308608,8922124288,100,326000000,64000,6248329216
1789954274.9315183,8922193920,100,326000000,64000,6253551616
1789954275.9323037,8922193920,100,327000000,64000,6253551616
1789954276.9328935,8922193920,100,325000000,64000,6253551616
1789954277.9333324,8922271744,99,320000000,64000,6253907968
1789954278.9338224,8922275840,100,327000000,64000,6321131520
1789954279.9343529,8922275840,99,325000000,64000,6321131520
1789954280.9349623,8922308608,100,326000000,64000,6321238016
1789954281.9358335,8922308608,100,326000000,64000,6321238016
1789954282.9363785,8922308608,100,326000000,64000,6321238016
1789954283.9369462,8922308608,100,326000000,64000,6321287168
1789954284.9374957,8922423296,99,325000000,64000,6321643520
1789954285.9380255,8922427392,100,327000000,64000,6321762304
1789954286.9387662,8922447872,99,313000000,64000,6321983488
1789954287.939363,8922447872,100,326000000,64000,6322098176
1789954288.940132,8922480640,99,320000000,64000,6322225152
1789954289.9407253,8922480640,100,326000000,64000,6322585600
1789954290.941348,8922480640,100,327000000,64000,6322589696
1789954291.9422605,8922480640,100,325000000,64000,6322659328
1789954292.942862,8922501120,99,320000000,64000,6323220480
1789954293.9435778,8922542080,100,321000000,64000,6330142720
1789954294.9441519,8922542080,100,326000000,64000,6330142720
1789954295.9448807,8922542080,99,323000000,64000,6330171392
1789954296.9453862,8922595328,100,327000000,64000,6330318848
1789954297.946002,8922595328,100,327000000,64000,6330318848
1789954298.9465806,8922595328,100,325000000,64000,6330318848
1789954299.9471405,8922595328,100,326000000,64000,6330318848
1789954300.9478593,8922615808,99,321000000,64000,6330548224
1789954301.9486208,8922648576,100,327000000,64000,6330642432
1789954302.949113,8922648576,100,325000000,64000,6330642432
1789954303.949957,8922648576,100,325000000,64000,6330642432
1789954304.9506705,8922693632,93,294000000,64000,6353932288
1789954305.9511585,8922693632,100,323000000,64000,6353932288
1789954306.9517975,8922734592,99,325000000,64000,6354075648
1789954307.9522552,8922783744,100,324000000,64000,6354124800
1789954308.9528909,8922816512,49,200000000,63000,6354157568
1789954309.9537036,8922816512,100,327000000,64000,6354157568
1789954310.954725,8922882048,99,319000000,64000,6354223104
1789954311.955362,8922935296,99,324000000,64000,6354276352
1789954312.955862,8922935296,100,326000000,64000,6354276352
1789954313.9567847,8922935296,100,326000000,64000,6354276352
1789954314.9572637,8922935296,100,326000000,64000,6354714624
1789954315.9578042,8922935296,99,323000000,64000,6354714624
1789954316.958592,8922935296,100,327000000,65000,6354714624
1789954317.9591932,8922935296,100,325000000,65000,6354714624
1789954318.9599628,8922955776,100,327000000,65000,6354874368
1789954319.9606874,8922955776,100,326000000,65000,6355161088
1789954320.9614491,8922976256,100,326000000,65000,6355410944
1789954321.962097,8922996736,99,322000000,65000,6355673088
1789954322.9627187,8923049984,100,326000000,65000,6356807680
1789954323.963364,8923082752,99,325000000,65000,6357151744
1789954324.9638264,8923082752,100,324000000,65000,6357340160
1789954325.964415,8923115520,99,326000000,65000,6357606400
1789954326.9649594,8923115520,100,326000000,65000,6357606400
1789954327.9654975,8925339648,100,323000000,65000,6359535616
1789954328.9661298,8925339648,100,326000000,65000,6359875584
1789954329.9666543,8925339648,100,326000000,65000,6359875584
1789954330.9671276,8925339648,99,326000000,65000,6359875584
1789954331.9679158,8925392896,100,326000000,65000,6360551424
1789954332.9688292,8925396992,100,326000000,65000,6360551424
1789954333.9692843,8925392896,99,325000000,65000,6360551424
1789954334.9697654,8925450240,100,323000000,65000,6361133056
1789954335.9701252,8925499392,99,325000000,65000,6361628672
1789954336.9706483,8925499392,100,327000000,65000,6361862144
1789954337.9712749,8925540352,99,318000000,65000,6362816512
1789954338.9716792,8925540352,99,320000000,65000,6362943488
1789954339.9723594,8925593600,100,327000000,65000,6363807744
1789954340.972824,8925671424,99,324000000,65000,6364348416
1789954341.9733636,8925671424,100,326000000,65000,6365134848
1789954342.9738133,8925691904,99,326000000,65000,6365155328
1789954343.974313,8925691904,100,326000000,65000,6365155328
1789954344.9749799,8925691904,100,326000000,65000,6365155328
1789954345.9757202,8925691904,100,326000000,65000,6365155328
1789954346.9764163,8925691904,100,326000000,65000,6365483008
1789954347.9769979,8925704192,99,325000000,65000,6365548544
1789954348.9776225,8925704192,100,325000000,65000,6365757440
1789954349.978219,8925757440,100,327000000,65000,6366617600
1789954350.9790938,8925757440,99,320000000,65000,6366617600
1789954351.979831,8925757440,100,327000000,65000,6366633984
1789954352.9804447,8925777920,100,326000000,65000,6366932992
1789954353.9811022,8925810688,99,325000000,65000,6367117312
1789954354.981524,8925810688,100,326000000,65000,6367207424
1789954355.982111,8925831168,100,326000000,65000,6367936512
1789954356.9826186,8925884416,99,326000000,65000,6368567296
1789954357.9833796,8925954048,99,308000000,65000,6369615872
1789954359.0848148,8926007296,100,327000000,65000,6370193408
1789954360.0854173,8926007296,100,326000000,65000,6370529280
1789954361.0860927,8926007296,100,327000000,65000,6370529280
1789954362.0871367,8926027776,100,326000000,65000,6371086336
1789954363.087723,8926081024,99,326000000,65000,6371860480
1789954364.0881958,8926113792,100,326000000,65000,6372659200
1789954365.4738896,8926113792,55,209000000,64000,6372728832
1789954366.4743485,8926146560,99,329000000,64000,6372835328
1789954367.4749808,8926146560,100,326000000,65000,6373224448
1789954368.4755847,8926199808,100,326000000,65000,6373974016
1789954369.4761074,8926240768,100,327000000,65000,6374498304
1789954370.4768944,8926240768,99,324000000,65000,6374498304
1789954371.4773884,8926240768,100,326000000,65000,6374838272
1789954372.4779012,8926240768,99,325000000,65000,6374846464
1789954373.4786346,8926261248,100,325000000,65000,6375079936
1789954374.4793372,8926261248,100,326000000,65000,6375321600
1789954375.480019,8926314496,99,324000000,65000,6376177664
1789954376.4807432,8926384128,100,326000000,65000,6376550400
1789954377.4813461,8926384128,100,326000000,65000,6376685568
1789954378.4819748,8926384128,100,326000000,65000,6376685568
1789954379.482788,8926474240,99,325000000,65000,6384787456
1789954380.4835994,8926474240,100,326000000,65000,6384893952
1789954381.484224,8926474240,100,326000000,66000,6384893952
1789954382.628649,8926580736,99,327000000,65000,6385774592
1789954383.6294086,8926580736,100,327000000,66000,6385774592
1789954384.6299157,8926580736,100,326000000,66000,6385774592
1789954385.6305833,8983203840,99,325000000,66000,6385774592
1789954386.6312428,8983224320,100,326000000,66000,6385795072
1789954387.631872,8983265280,100,326000000,65000,6385836032
1789954388.6327822,8983265280,99,325000000,66000,6385840128
1789954389.6332374,8983265280,100,327000000,66000,6385840128
1789954390.6338,8983265280,100,326000000,66000,6385840128
1789954391.6345422,8983265280,99,318000000,65000,6385840128
1789954392.635286,8983298048,100,328000000,65000,6385872896
1789954393.636067,8983318528,100,327000000,66000,6385893376
1789954394.6366084,8983318528,100,325000000,65000,6385893376
1789954395.6371548,8983359488,99,325000000,65000,6385934336
1789954396.6378262,8983400448,100,325000000,66000,6385975296
1789954397.6382725,8983400448,100,326000000,66000,6385975296
1789954398.6386576,8983420928,99,326000000,66000,6385995776
1789954399.6392953,8983420928,100,326000000,66000,6385995776
1789954400.6398718,8983420928,100,326000000,66000,6385995776
1789954401.6408904,8983420928,100,324000000,66000,6385995776
1789954402.641367,8983470080,99,325000000,66000,6386225152
1789954403.6425703,8983502848,100,327000000,66000,6386716672
1789954404.643139,8983523328,100,326000000,66000,6387408896
1789954405.643686,8983523328,100,327000000,66000,6387408896
1789954406.6442518,8983576576,100,325000000,66000,6387912704
1789954407.6447964,8983576576,99,321000000,66000,6388084736
1789954408.6455634,8983588864,100,322000000,66000,6388191232
1789954409.6462383,8983588864,99,317000000,66000,6388486144
1789954410.6468055,8983642112,100,326000000,66000,6388948992
1789954411.6476183,8983642112,100,326000000,66000,6389456896
1789954412.6481543,8983642112,100,328000000,66000,6389456896
1789954413.6486905,8983744512,99,321000000,66000,6457798656
1789954414.6491892,8983744512,100,327000000,66000,6458015744
1789954415.6496108,8983744512,100,325000000,66000,6458019840
1789954416.6503766,8983744512,100,327000000,66000,6458019840
1789954417.6509569,8983744512,99,325000000,66000,6458281984
1789954418.6513803,8983797760,100,326000000,66000,6458851328
1789954419.6520262,8983797760,100,326000000,66000,6459162624
1789954420.6526198,8983797760,100,327000000,66000,6459170816
1789954421.6531248,8983797760,100,326000000,66000,6459170816
1789954422.6538606,8983797760,99,325000000,66000,6459170816
1789954423.6576867,8983797760,100,325000000,66000,6459170816
1789954424.6581757,8983904256,100,327000000,66000,6460694528
1789954425.658716,8983957504,100,327000000,66000,6461161472
1789954426.6592562,8983957504,100,326000000,66000,6461722624
1789954427.6601217,8983957504,100,326000000,66000,6461722624
1789954428.660973,8983957504,100,325000000,66000,6461722624
1789954429.661533,8984010752,100,328000000,66000,6462144512
1789954430.662165,8984010752,100,325000000,66000,6462148608
1789954431.6627986,8984010752,100,327000000,66000,6462148608
1789954432.676839,8984076288,99,324000000,66000,6463102976
1789954433.6773622,8984096768,100,327000000,66000,6469685248
1789954435.2980666,8984117248,61,227000000,65000,6469705728
1789954436.2986586,8984117248,100,329000000,65000,6469705728
1789954437.2992887,8984117248,99,325000000,65000,6469705728
1789954438.299948,8984158208,100,327000000,65000,6469746688
1789954439.3008733,8984158208,100,326000000,65000,6469746688
1789954440.301447,8984211456,99,325000000,66000,6469799936
1789954441.3019617,8984264704,100,326000000,66000,6469853184
1789954442.3027103,8984285184,100,327000000,66000,6469890048
1789954443.3032558,8984285184,100,327000000,66000,6469955584
1789954444.3040366,8984285184,100,325000000,66000,6469963776
1789954445.304553,8984285184,100,326000000,66000,6469963776
1789954446.3050237,8984285184,99,326000000,66000,6469963776
1789954447.3054998,8984285184,100,325000000,66000,6469963776
1789954448.3060935,8984285184,99,321000000,66000,6469963776
1789954449.3065956,8984285184,100,327000000,66000,6469963776
1789954450.3071425,8984285184,100,325000000,66000,6469963776
1789954451.3076508,8984285184,100,327000000,66000,6469967872
1789954452.3085055,8984285184,100,327000000,66000,6469967872
1789954453.3089828,8984338432,99,325000000,66000,6470021120
1789954454.3097546,8984338432,100,327000000,66000,6470021120
1789954455.3102715,8984338432,100,325000000,66000,6470021120
1789954456.3111737,8984338432,100,326000000,66000,6470021120
1789954457.311569,8984367104,99,321000000,66000,6470119424
1789954458.3122985,8984387584,100,326000000,66000,6470139904
1789954459.312876,8984408064,99,325000000,66000,6470160384
1789954460.3133383,8984453120,100,326000000,66000,6470205440
1789954461.3139367,8984453120,100,326000000,66000,6470205440
1789954462.3147109,8984453120,100,326000000,66000,6470205440
1789954463.3156507,8984473600,99,325000000,66000,6470225920
1789954464.316203,8984543232,100,327000000,66000,6470672384
1789954465.316893,8984543232,100,326000000,66000,6471151616
1789954466.3176336,8984543232,100,327000000,66000,6471151616
1789954467.318368,8984543232,100,326000000,66000,6471151616
1789954468.3188918,8984608768,99,325000000,66000,6478651392
1789954469.319433,8984608768,100,325000000,66000,6478761984
1789954470.3202562,8984608768,100,327000000,66000,6478761984
1789954471.3206968,8984608768,100,326000000,66000,6478766080
1789954472.3211627,8984641536,99,325000000,66000,6478798848
1789954473.3219607,8984641536,100,326000000,66000,6478798848
1789954474.3227048,8984641536,100,327000000,66000,6533935104
1789954475.3231087,8984641536,100,326000000,66000,6478798848
1789954476.3238199,8984682496,99,325000000,66000,6478839808
1789954477.3241785,8984731648,99,320000000,66000,6478888960
1789954478.32464,8984752128,100,326000000,66000,6478913536
1789954479.3253195,8984776704,100,326000000,66000,6478934016
1789954480.3258772,8984805376,99,325000000,66000,6478966784
1789954481.326422,8984805376,100,326000000,66000,6478966784
1789954482.3271751,8984858624,100,323000000,66000,6479020032
1789954483.3277519,8984858624,100,326000000,66000,6479020032
1789954484.3283515,8984858624,100,325000000,66000,6479020032
1789954485.3290758,8984858624,99,325000000,66000,6479020032
1789954486.3301058,9790169088,100,326000000,66000,6479020032
1789954487.330709,9790210048,100,326000000,66000,6479060992
1789954488.3313687,9790210048,100,327000000,66000,6479060992
1789954489.3321664,9790210048,100,327000000,66000,6479060992
1789954490.332768,9790210048,100,324000000,66000,6479060992
1789954491.33325,9790210048,99,326000000,66000,6479060992
1789954492.3337734,9790251008,100,326000000,66000,6479101952
1789954493.334463,9790283776,100,326000000,66000,6479134720
1789954494.3351932,9790324736,99,325000000,66000,6479626240
1789954495.3360243,9790324736,100,327000000,66000,6480007168
1789954496.4267018,9790377984,100,326000000,66000,6480257024
1789954497.4270887,9790377984,100,326000000,66000,6480384000
1789954498.4275804,9790431232,99,326000000,66000,6481272832
1789954499.42828,9790431232,100,326000000,66000,6481301504
1789954500.4288387,9790431232,100,324000000,66000,6481539072
1789954501.4294806,9790464000,99,325000000,66000,6482075648
1789954502.43021,9790545920,100,326000000,66000,6483447808
1789954503.4311075,9790545920,99,326000000,66000,6483447808
1789954504.4316354,9790545920,38,161000000,64000,6483447808
1789954505.432391,9790545920,100,329000000,65000,6483447808
1789954506.4328601,9790545920,99,325000000,66000,6483447808
1789954507.4333115,9790545920,100,327000000,66000,6483447808
1789954508.4340308,9790545920,100,325000000,66000,6483447808
1789954509.4348874,9790545920,100,325000000,66000,6483447808
1789954510.435633,9790545920,100,327000000,66000,6483578880
1789954511.4362338,9790586880,99,326000000,66000,6484070400
1789954512.4368222,9790590976,100,327000000,66000,6484070400
1789954513.437324,9790586880,100,326000000,66000,6484070400
1789954514.437958,9790590976,100,324000000,66000,6484070400
1789954515.4384606,9790586880,100,326000000,66000,6484246528
1789954516.4391086,9790586880,99,325000000,66000,6484246528
1789954517.4399033,9790586880,100,326000000,66000,6484254720
1789954518.440793,9790590976,99,322000000,66000,6484287488
1789954519.4413674,9790640128,100,325000000,66000,6484598784
1789954520.4420362,9790640128,100,327000000,66000,6484979712
1789954521.4429178,9790644224,100,326000000,66000,6484979712
1789954522.4434757,9790676992,99,325000000,66000,6485233664
1789954523.4441948,9790672896,100,326000000,66000,6485360640
1789954524.4449546,9790672896,100,327000000,66000,6485581824
1789954525.4455707,9790726144,99,326000000,66000,6486175744
1789954526.4460518,9790758912,100,326000000,66000,6486913024
1789954527.4465945,9790812160,100,327000000,66000,6487494656
1789954528.447337,9790812160,100,328000000,66000,6487830528
1789954529.448093,9790812160,100,325000000,66000,6487834624
1789954530.448909,9790812160,99,325000000,66000,6490836992
1789954531.449393,9790832640,100,326000000,66000,6494326784
1789954532.4500446,9790853120,100,326000000,66000,6494347264
1789954533.4506528,9790853120,100,326000000,66000,6494347264
1789954534.4517117,9790853120,99,325000000,66000,6494347264
1789954535.4830728,9790955520,100,324000000,66000,6498197504
1789954536.484136,9790955520,99,325000000,66000,6498197504
1789954537.4845996,9790976000,100,326000000,66000,6498217984
1789954538.4852035,9790976000,100,326000000,66000,6498217984
1789954539.7915273,9791029248,100,325000000,66000,6498271232
1789954540.7922986,9791029248,100,326000000,66000,6498271232
1789954541.7928374,9791029248,100,326000000,66000,6498271232
1789954542.7932577,9791029248,100,326000000,66000,6498271232
1789954543.793855,9791029248,100,327000000,66000,6498271232
1789954544.7945282,9791082496,100,326000000,66000,6498324480
1789954545.7952478,9791102976,99,325000000,66000,6498344960
1789954546.8262825,9791102976,100,327000000,66000,6498344960
1789954547.827124,9791131648,99,324000000,66000,6498373632
1789954548.8275297,9791131648,100,328000000,66000,6498373632
1789954549.8280008,9791131648,100,326000000,66000,6498373632
1789954550.8288386,9791164416,99,325000000,66000,6498406400
1789954551.8295493,9791164416,100,325000000,66000,6498406400
1789954552.8303905,9791168512,100,327000000,66000,6498406400
1789954553.8309925,9791168512,100,326000000,66000,6498406400
1789954554.8317096,9791197184,100,326000000,66000,6498439168
1789954555.8323731,9791197184,100,327000000,66000,6498439168
1789954556.8331203,9791197184,99,325000000,66000,6498439168
1789954557.8338907,9791238144,100,327000000,66000,6498480128
1789954558.8346097,9791238144,100,325000000,66000,6498480128
1789954559.8354967,9791238144,100,326000000,66000,6498480128
1789954560.836171,9791238144,99,325000000,66000,6498484224
1789954561.8367527,9791291392,100,326000000,66000,6498537472
1789954562.8375258,9791291392,99,322000000,66000,6498537472
1789954563.993381,9791324160,100,325000000,66000,6498570240
1789954564.9940472,9791324160,100,326000000,66000,6498570240
1789954565.9945817,9791377408,99,325000000,66000,6498783232
1789954566.9953592,9791377408,100,326000000,66000,6499106816
1789954567.9963205,9791377408,100,326000000,66000,6499106816
1789954568.9969547,9791430656,100,326000000,66000,6500184064
1789954569.9976315,9791430656,100,326000000,66000,6500184064
1789954570.998237,9791483904,96,319000000,66000,6500532224
1789954571.9990895,9791483904,100,326000000,66000,6500532224
1789954572.999771,9791483904,100,326000000,66000,6500532224
1789954574.0010343,9791483904,99,324000000,66000,6500532224
1789954575.001867,9791483904,100,326000000,66000,6500532224
1789954576.0023935,9791483904,100,326000000,66000,6500532224
1789954577.0029373,9791483904,99,325000000,66000,6500532224
1789954578.0034332,9791516672,100,327000000,66000,6500716544
1789954579.0040267,9791516672,100,326000000,66000,6500716544
1789954580.004558,9791516672,100,324000000,66000,6500716544
1789954581.0050035,9791619072,99,325000000,66000,6501851136
1789954582.005538,9791619072,100,325000000,66000,6502244352
1789954583.0072794,9791619072,100,326000000,66000,6502244352
1789954584.0083811,9791619072,99,322000000,66000,6502244352
1789954585.0089145,9791619072,100,327000000,66000,6502244352
1789954586.3862169,9791639552,99,326000000,66000,6502297600
1789954587.386649,9791639552,100,325000000,66000,6502387712
1789954588.3872204,9791639552,100,326000000,66000,6502387712
1789954589.387908,9791639552,100,327000000,66000,6502563840
1789954590.3885071,9791639552,100,326000000,66000,6502612992
1789954591.3889756,9791639552,99,325000000,66000,6502612992
1789954592.3898299,9791639552,100,326000000,66000,6502645760
1789954593.4427392,9791692800,99,326000000,66000,6503133184
1789954594.44321,9791692800,100,326000000,66000,6503206912
1789954595.4442465,9791692800,100,326000000,66000,6503206912
1789954596.445284,9791705088,100,326000000,66000,6503366656
1789954597.4460802,9791705088,99,323000000,66000,6503366656
1789954598.446866,9791705088,100,323000000,66000,6503727104
1789954599.447454,9791725568,99,324000000,66000,6503972864
1789954600.4481392,9791758336,100,327000000,66000,6511259648
1789954601.4486568,9791778816,99,325000000,66000,6511280128
1789954602.4494596,9791791104,100,326000000,66000,6511292416
1789954603.4501417,9791823872,100,326000000,66000,6513692672
1789954604.4506512,9791823872,100,326000000,66000,6513692672
1789954605.4510684,9791823872,100,327000000,66000,6513692672
1789954606.4516673,9791823872,99,325000000,66000,6513692672
1789954607.45213,9791877120,100,327000000,66000,6515920896
1789954608.452953,9791877120,100,326000000,66000,6515920896
1789954609.4534953,9791877120,100,327000000,66000,6515920896
1789954610.4541607,9791930368,100,326000000,66000,6517006336
1789954611.4549594,9791930368,100,326000000,66000,6517006336
1789954612.4557307,9791930368,99,326000000,66000,6517006336
1789954613.4561973,9791963136,100,324000000,66000,6517039104
1789954614.4567382,9791975424,100,326000000,66000,6517051392
1789954615.4572382,9791975424,99,322000000,65000,6517051392
1789954616.457882,9792008192,100,326000000,65000,6517084160
1789954617.4583519,9792008192,100,326000000,65000,6517084160
1789954618.4590049,9792008192,99,325000000,66000,6517084160
1789954619.4596047,9792008192,100,326000000,65000,6517084160
1789954620.4601235,9792028672,100,326000000,65000,6517104640
1789954621.4607432,9792028672,100,327000000,65000,6517104640
1789954622.4614046,9792028672,100,326000000,65000,6517104640
1789954623.4620771,9792069632,99,325000000,65000,6517145600
1789954624.462799,9792110592,100,327000000,65000,6517186560
1789954625.4633508,9792110592,100,325000000,65000,6517186560
1789954626.4638863,9792110592,100,326000000,65000,6517186560
1789954627.464257,9792122880,100,327000000,65000,6517514240
1789954628.464921,9792163840,100,326000000,65000,6522368000
1789954629.465539,9792163840,100,326000000,65000,6522368000
1789954630.4662557,9792163840,99,326000000,65000,6522368000
1789954631.4668403,9792196608,100,326000000,65000,6522400768
1789954632.467339,9792196608,100,326000000,65000,6522400768
1789954633.467904,9792196608,100,326000000,65000,6522400768
1789954634.4684548,9792229376,99,326000000,65000,6523035648
1789954635.4689884,9792270336,100,327000000,65000,6523076608
1789954636.4697464,9792270336,100,325000000,65000,6523076608
1789954637.4703717,9792274432,100,327000000,65000,6523076608
1789954638.4709132,9792270336,100,326000000,65000,6523076608
1789954639.4717689,9792311296,99,322000000,65000,6523117568
1789954640.7871516,9792315392,58,220000000,64000,6523117568
1789954641.7876744,9792335872,100,330000000,64000,6523138048
1789954642.7882814,9792335872,99,325000000,65000,6523138048
1789954643.789018,9792331776,99,323000000,65000,6523138048
1789954644.7896461,9792385024,100,327000000,65000,6523191296
1789954645.7901323,9792389120,100,327000000,65000,6523191296
1789954646.7907405,9792385024,100,326000000,65000,6523191296
1789954647.791278,9792385024,100,327000000,65000,6523191296
1789954648.7918909,9792385024,100,326000000,65000,6523191296
1789954649.79256,9792385024,100,327000000,65000,6523191296
1789954650.793386,9792385024,99,319000000,65000,6523191296
1789954651.793806,9792385024,99,326000000,65000,6523191296
1789954652.794161,9792385024,100,326000000,65000,6523191296
1789954653.7949438,9792385024,100,326000000,65000,6523191296
1789954654.795498,9792385024,100,327000000,65000,6523191296
1789954655.7961218,9792385024,100,326000000,65000,6523191296
1789954656.7969205,9792385024,100,326000000,65000,6523191296
1789954657.7973266,9792385024,100,326000000,65000,6523191296
1789954658.7980163,9792417792,100,326000000,65000,6523224064
1789954659.7985158,9792417792,99,325000000,65000,6523224064
1789954660.7990444,9792442368,100,326000000,65000,6523244544
1789954661.7995365,9792495616,100,326000000,65000,6523297792
1789954662.8001897,9792516096,99,327000000,65000,6523318272
1789954663.800691,9792516096,100,325000000,66000,6523318272
1789954664.8012722,9792512000,100,327000000,65000,6523318272
1789954665.8019066,9792512000,100,325000000,65000,6523318272
1789954666.8025672,9792512000,100,327000000,66000,6523318272
1789954667.8031769,9792561152,99,323000000,65000,6523367424
1789954668.803671,9792561152,100,327000000,66000,6523367424
1789954669.8042643,9792561152,100,326000000,66000,6523367424
1789954670.8050222,9792561152,100,326000000,66000,6523367424
1789954671.8056712,9792561152,99,325000000,66000,6523367424
1789954672.806275,9792561152,100,326000000,66000,6523367424
1789954673.8066466,9792577536,100,327000000,66000,6523383808
1789954674.807174,9792630784,100,326000000,66000,6523437056
1789954675.8076677,9792630784,100,326000000,66000,6523437056
1789954676.8082948,9792630784,99,326000000,66000,6523437056
1789954677.8093352,9792630784,100,327000000,66000,6523437056
1789954678.8098125,9792630784,100,327000000,66000,6523437056
1789954679.810298,9792630784,100,326000000,66000,6523437056
1789954680.8109958,9792630784,100,325000000,66000,6523437056
1789954681.8114827,9792684032,93,304000000,65000,6549303296
1789954682.8120165,9792684032,100,326000000,66000,6549303296
1789954683.8124983,9792684032,100,326000000,66000,6549303296
1789954684.8129191,9792737280,100,326000000,66000,6549356544
1789954685.8136072,9792737280,100,325000000,66000,6549356544
1789954686.8141453,9792737280,100,328000000,66000,6549356544
1789954687.8147078,9792757760,99,325000000,66000,6549377024
1789954688.8156288,9792757760,100,326000000,66000,6549377024
1789954689.8165023,9792757760,99,325000000,66000,6549377024
1789954690.81693,9792757760,100,326000000,65000,6549377024
1789954691.8181658,9792757760,100,326000000,66000,6549377024
1789954692.8186603,9792757760,100,326000000,66000,6549377024
1789954693.81919,9792757760,100,326000000,66000,6549377024
1789954694.8197076,9792757760,99,325000000,65000,6549377024
1789954695.8201194,9792790528,100,328000000,66000,6549409792
1789954696.8206995,9792794624,100,326000000,66000,6549409792
1789954697.821308,9792790528,100,327000000,66000,6549409792
1789954698.8221662,9792790528,100,326000000,66000,6549409792
1789954699.8228855,9792790528,100,326000000,66000,6549409792
1789954700.8234973,9792790528,99,326000000,65000,6549409792
1789954701.8240633,9792823296,100,326000000,66000,6549442560
1789954702.8245108,9792823296,99,318000000,65000,6549442560
1789954703.8250384,9792856064,100,325000000,65000,6549475328
1789954704.8257873,9792856064,100,326000000,66000,6549475328
1789954705.8264043,9792856064,100,326000000,65000,6549475328
1789954706.8269267,9792876544,99,325000000,65000,6549495808
1789954707.8274972,9792917504,100,326000000,66000,6549536768
1789954708.828202,9792917504,100,326000000,66000,6549536768
1789954709.8288138,9792974848,99,322000000,65000,6549594112
1789954710.8294113,9793019904,99,324000000,66000,6549639168
1789954711.830097,9793019904,100,326000000,66000,6549639168
1789954712.830724,9793032192,99,321000000,65000,6549651456
1789954713.8315284,9793032192,50,197000000,64000,6549651456
1789954714.8320065,9793069056,100,330000000,65000,6549684224
1789954715.8325198,9793077248,99,323000000,65000,6549696512
1789954716.8330445,9793077248,100,327000000,65000,6549696512
1789954717.8337905,9793077248,100,326000000,65000,6549696512
1789954718.8342738,9793077248,100,327000000,65000,6549696512
1789954719.8347025,9793077248,100,325000000,65000,6549696512
1789954720.8357217,9793118208,99,325000000,65000,6549917696
1789954721.8363497,9793118208,100,326000000,65000,6550339584
1789954722.8369334,9793171456,100,326000000,65000,6551117824
1789954723.8376129,9793171456,100,327000000,66000,6551126016
1789954724.8383746,9793191936,100,326000000,65000,6551326720
1789954725.838949,9793191936,99,325000000,65000,6551326720
1789954726.8396153,9793191936,100,323000000,65000,6551326720
1789954727.84028,9793191936,99,326000000,65000,6551576576
1789954728.840763,9793191936,100,324000000,65000,6551633920
1789954729.8411999,9793212416,100,327000000,65000,6552055808
1789954730.841558,9793232896,99,325000000,66000,6552219648
1789954731.8420184,9793232896,100,323000000,65000,6552428544
1789954732.842485,9793232896,99,319000000,65000,6552428544
1789954733.8429134,9793232896,100,327000000,66000,6552428544
1789954735.1090798,9793232896,99,326000000,66000,6552428544
1789954736.1097562,9793232896,100,327000000,66000,6552428544
1789954737.1102638,9793286144,100,326000000,66000,6552797184
1789954738.110876,9793286144,100,327000000,66000,6553321472
1789954739.1115072,9793286144,100,326000000,66000,6553321472
1789954740.1119616,9793286144,100,325000000,66000,6553321472
1789954741.112383,9793286144,99,326000000,66000,6553321472
1789954742.112862,9793286144,100,326000000,66000,6553321472
1789954743.113242,9793286144,100,326000000,66000,6553321472
1789954744.1136703,9793286144,100,326000000,66000,6553362432
1789954745.1140757,9793286144,100,326000000,66000,6553362432
1789954746.1391225,9793286144,99,324000000,66000,6553362432
1789954747.1395953,9793323008,100,326000000,66000,6553935872
1789954748.1402707,9793323008,99,325000000,66000,6553935872
1789954749.1406841,9793323008,100,326000000,66000,6553935872
1789954750.1411552,9793363968,100,327000000,66000,6554415104
1789954751.1415715,9793363968,100,325000000,66000,6554472448
1789954752.141987,9793363968,99,325000000,66000,6554591232
1789954753.1424084,9793417216,100,324000000,66000,6555389952
1789954754.1428905,9793417216,99,321000000,66000,6555389952
1789954755.1434963,9793417216,100,326000000,66000,6555414528
1789954756.1440473,9793449984,100,326000000,66000,6555664384
1789954757.1446664,9793449984,100,326000000,66000,6555664384
1789954758.1454678,9793449984,100,326000000,66000,6555664384
1789954759.146096,9793449984,99,325000000,66000,6555664384
1789954760.146822,9793503232,100,326000000,66000,6556856320
1789954761.1473858,9793503232,100,326000000,66000,6556856320
1789954762.1478884,9793503232,99,326000000,66000,6556856320
1789954763.1483285,9793544192,100,326000000,66000,6557290496
1789954764.1487007,9793544192,99,325000000,66000,6557343744
1789954765.1491835,9793544192,100,326000000,66000,6557343744
1789954766.1495585,9793564672,99,324000000,66000,6557941760
1789954767.1499777,9793564672,100,326000000,66000,6557941760
1789954768.1509042,9793564672,100,326000000,66000,6557982720
1789954769.1512988,9793597440,99,325000000,66000,6558277632
1789954770.1517575,9793601536,100,326000000,66000,6558285824
1789954771.152192,9793601536,100,326000000,66000,6558285824
1789954772.1527848,9793601536,100,327000000,66000,6558318592
1789954773.153314,9793601536,100,326000000,66000,6558318592
1789954774.1536973,9793601536,99,326000000,66000,6558318592
1789954775.1543849,9793650688,100,326000000,66000,6559023104
1789954776.1549072,9793671168,100,327000000,66000,6559637504
1789954777.4331021,9793671168,50,198000000,64000,6559870976
1789954778.4336815,9793675264,99,330000000,65000,6559870976
1789954779.4340816,9793671168,100,325000000,66000,6559973376
1789954780.4346745,9793671168,100,327000000,66000,6559973376
1789954781.4350529,9793671168,100,326000000,66000,6559973376
1789954782.4356053,9793671168,100,326000000,66000,6559973376
1789954783.435962,9793703936,99,326000000,66000,6560165888
1789954784.4365575,9793703936,100,325000000,66000,6560391168
1789954785.4372294,9793732608,99,325000000,66000,6561021952
1789954786.4378037,9793732608,100,326000000,66000,6561021952
1789954787.4384027,9793773568,100,326000000,66000,6561660928
1789954788.4389808,9793826816,100,326000000,66000,6562263040
1789954789.439399,9793826816,100,328000000,66000,6562271232
1789954790.4398189,9793880064,99,325000000,66000,6563151872
1789954791.4404879,9793880064,100,326000000,66000,6563381248
1789954792.4411457,9793880064,100,326000000,66000,6563422208
1789954793.441914,9793880064,100,327000000,66000,6563434496
1789954794.4424627,9793880064,100,327000000,66000,6563438592
1789954795.4429088,9793880064,100,326000000,66000,6563438592
1789954796.4434876,9793880064,99,322000000,66000,6563438592
1789954797.444056,9793933312,100,326000000,66000,6563794944
1789954798.4447062,9793933312,99,325000000,66000,6564286464
1789954799.4454193,9793953792,100,324000000,66000,6564724736
1789954800.4458218,9793953792,99,320000000,66000,6564777984
1789954801.4464662,9793953792,100,327000000,66000,6564794368
1789954802.4470885,9793974272,99,325000000,66000,6565068800
1789954803.4476154,9793974272,100,326000000,66000,6565105664
1789954804.4481757,9793974272,100,326000000,66000,6565105664
1789954805.4494267,9794007040,99,326000000,66000,6565613568
1789954806.4498825,9794007040,100,326000000,66000,6565617664
1789954807.450425,9794060288,100,326000000,66000,6566752256
1789954808.450981,9794060288,100,326000000,66000,6566752256
1789954809.4516306,9794060288,100,325000000,66000,6566752256
1789954810.844254,9794093056,100,327000000,66000,6566854656
1789954811.844773,9794093056,100,325000000,66000,6566854656
1789954812.845199,9794125824,100,326000000,66000,6567325696
1789954813.8457608,9794125824,100,327000000,66000,6567882752
1789954814.8461673,9794125824,100,326000000,66000,6567882752
1789954815.8469107,9794125824,99,325000000,66000,6567882752
1789954816.8477218,9794146304,100,326000000,66000,6568189952
1789954817.848608,9794146304,99,324000000,66000,6568189952
1789954818.8491566,9794146304,100,328000000,66000,6568189952
1789954819.8498733,9794146304,100,326000000,66000,6568189952
1789954820.8506107,9794146304,99,325000000,66000,6568222720
1789954821.8512146,9794146304,100,323000000,66000,6568222720
1789954822.8521187,9794146304,99,326000000,66000,6568222720
1789954823.8526998,9794179072,100,327000000,66000,6575427584
1789954824.8532,9794179072,100,327000000,66000,6575427584
1789954825.853519,9794179072,100,327000000,66000,6575427584
1789954826.8538158,9794199552,100,325000000,66000,6575460352
1789954827.8545043,9794199552,100,326000000,66000,6575460352
1789954828.8550277,9794252800,99,325000000,66000,6575517696
1789954829.8554516,9794252800,100,326000000,66000,6575517696
1789954830.8558366,9794252800,100,326000000,66000,6575517696
1789954831.8565533,9794252800,100,326000000,66000,6575517696
1789954832.857148,9794252800,100,326000000,66000,6575517696
1789954833.8576214,9794252800,99,326000000,66000,6575517696
1789954834.8711312,9794252800,100,326000000,66000,6575517696
1789954835.8717108,9794273280,100,326000000,66000,6577541120
1789954836.8721313,9794273280,100,326000000,66000,6577541120
1789954837.8726885,9794297856,99,321000000,66000,6577565696
1789954838.8731508,9794297856,100,324000000,66000,6577565696
1789954839.8739457,9794310144,99,324000000,66000,6577577984
1789954840.8745656,9794342912,100,326000000,66000,6577614848
1789954841.8753402,9794342912,99,324000000,66000,6577614848
1789954842.975894,9794342912,46,188000000,64000,6577614848
1789954843.9767437,9794342912,99,328000000,65000,6577614848
1789954844.977305,9794342912,100,326000000,65000,6577614848
1789954845.9777634,9794342912,100,326000000,65000,6577614848
1789954846.9783306,9794342912,100,326000000,65000,6577614848
1789954847.9793005,9794342912,100,327000000,65000,6577614848
1789954848.9800162,9794363392,100,327000000,66000,6577635328
1789954849.9806287,9794363392,100,327000000,66000,6577635328
1789954850.9813213,9794363392,99,325000000,65000,6577635328
1789954851.981912,9794363392,100,327000000,66000,6577635328
1789954852.9824398,9794367488,99,323000000,65000,6577635328
1789954853.9832761,9794363392,100,326000000,65000,6577635328
1789954854.9839497,9794416640,100,326000000,65000,6577700864
1789954855.9844599,9794416640,100,326000000,65000,6577700864
1789954856.98487,9794449408,100,326000000,65000,6577737728
1789954857.9857094,9794449408,99,323000000,65000,6577737728
1789954858.9862416,9794469888,100,327000000,65000,6577762304
1789954859.9868228,9794510848,100,326000000,65000,6577807360
1789954860.987338,9794510848,100,327000000,65000,6577807360
1789954861.9877937,9794510848,99,325000000,65000,6577807360
1789954862.9884944,9794531328,100,326000000,65000,6577831936
1789954863.9891777,9794564096,100,327000000,65000,6577872896
1789954864.9897037,9794584576,99,326000000,65000,6577897472
1789954865.9900827,9794584576,100,326000000,65000,6577897472
1789954866.9907503,9794584576,100,326000000,65000,6577897472
1789954867.9914215,9794584576,100,326000000,65000,6577897472
1789954868.9918242,9794584576,100,326000000,65000,6577897472
1789954869.9925823,9794617344,100,327000000,65000,6577938432
1789954870.993366,9794617344,99,324000000,65000,6577938432
1789954871.9940565,9794617344,100,326000000,65000,6577938432
1789954872.9945498,9794617344,99,323000000,65000,6577938432
1789954873.9951017,9794617344,100,327000000,65000,6577938432
1789954874.99587,9794617344,99,319000000,65000,6577938432
1789954875.9967709,9794650112,100,327000000,65000,6578147328
1789954876.9971926,9794650112,100,325000000,65000,6578421760
1789954877.9976473,9794650112,100,327000000,65000,6578421760
1789954878.9980981,9794650112,100,326000000,65000,6578421760
1789954879.998753,9794650112,100,326000000,65000,6578421760
1789954880.9992805,9794650112,99,326000000,65000,6578421760
1789954881.99985,9794650112,100,326000000,65000,6578421760
1789954883.0006309,9794650112,100,327000000,66000,6578421760
1789954884.001082,9794650112,99,324000000,66000,6578446336
1789954885.0015547,9794686976,100,323000000,66000,6579007488
1789954886.002101,9794727936,100,326000000,66000,6579679232
1789954887.0028539,9794727936,99,322000000,66000,6579703808
1789954888.0032506,9794727936,100,327000000,66000,6579703808
1789954889.0038357,9794727936,100,326000000,66000,6579830784
1789954890.0044136,9794727936,99,325000000,66000,6579830784
1789954891.0048387,9794752512,100,325000000,65000,6580277248
1789954892.0051827,9794785280,99,326000000,65000,6580854784
1789954893.005664,9794785280,100,326000000,65000,6580854784
1789954894.0064151,9794838528,99,326000000,65000,6581284864
1789954895.0072424,9794838528,100,325000000,66000,6581284864
1789954896.0078,9794838528,100,327000000,66000,6581284864
1789954897.0083692,9794838528,100,325000000,65000,6581284864
1789954898.0089843,9794859008,100,327000000,65000,6581825536
1789954899.0095618,9794859008,99,325000000,65000,6582157312
1789954900.0102303,9794879488,100,326000000,65000,6582521856
1789954901.0112803,9794879488,99,323000000,65000,6582575104
1789954902.011814,9794879488,100,324000000,65000,6582575104
1789954903.0123773,9794879488,99,326000000,65000,6582575104
1789954904.0131745,9794879488,100,326000000,65000,6582575104
1789954905.0135596,9794879488,100,326000000,65000,6582575104
1789954906.0140038,9794879488,36,154000000,63000,6582575104
1789954907.0146763,9794891776,100,330000000,65000,6582771712
1789954908.015411,9794895872,99,325000000,65000,6582812672
1789954909.0160131,9794928640,100,327000000,65000,6590025728
1789954910.0171216,9794924544,100,326000000,65000,6590025728
1789954911.0176725,9794924544,100,325000000,65000,6590025728
1789954912.0181513,9794990080,100,326000000,65000,6591418368
1789954913.0191932,9794990080,100,326000000,65000,6591418368
1789954914.0197291,9794990080,100,326000000,65000,6591418368
1789954915.0203736,9794990080,99,322000000,65000,6591418368
1789954916.0211842,9795043328,100,327000000,65000,6591471616
1789954917.0220027,9795043328,100,326000000,65000,6591471616
1789954918.0226002,9795043328,100,327000000,65000,6591471616
1789954919.0230782,9795043328,99,325000000,65000,6591569920
1789954920.0238187,9795043328,100,326000000,65000,6591569920
1789954921.0245364,9795043328,100,326000000,65000,6591569920
1789954922.0250678,9795043328,99,325000000,65000,6591569920
1789954923.025724,9795096576,100,325000000,65000,6591627264
1789954924.0262759,9795117056,99,326000000,65000,6591647744
1789954925.0267818,9795137536,100,324000000,65000,6591672320
1789954926.0274606,9795190784,99,326000000,65000,6591737856
1789954927.0280354,9795190784,100,327000000,65000,6591737856
1789954928.0285165,9795190784,100,326000000,65000,6591737856
1789954929.0290017,9795190784,100,326000000,65000,6591737856
1789954930.0296204,9795190784,100,326000000,65000,6591737856
1789954931.0302124,9795190784,100,327000000,65000,6591737856
1789954932.030942,9795190784,99,325000000,65000,6591737856
1789954933.0316133,9795190784,100,326000000,65000,6591737856
1789954934.0320961,9795190784,100,327000000,65000,6591737856
1789954935.0326529,9795190784,99,322000000,65000,6591737856
1789954936.0333009,9795211264,100,326000000,65000,6596055040
1789954937.0338554,9795211264,100,327000000,65000,6596055040
1789954938.034615,9795211264,100,326000000,65000,6596055040
1789954939.038614,9795211264,99,325000000,65000,6596055040
1789954940.0394728,9795231744,100,327000000,65000,6596079616
1789954941.0400054,9795272704,100,327000000,65000,6596124672
1789954942.040735,9795272704,100,326000000,65000,6596124672
1789954943.0415986,9795313664,100,326000000,65000,6596177920
1789954944.0424712,9795334144,99,326000000,65000,6598164480
1789954945.0429456,9795334144,100,321000000,65000,6598164480
1789954946.0436144,9795346432,99,323000000,65000,6598180864
1789954947.0443208,9795379200,100,326000000,65000,6598397952
1789954948.0448866,9795399680,100,326000000,65000,6600220672
1789954949.0454888,9795399680,100,326000000,65000,6600220672
1789954950.0461972,9795399680,99,326000000,65000,6600220672
1789954951.0466738,9795399680,100,326000000,65000,6600220672
1789954952.047334,9795432448,100,327000000,65000,6601289728
1789954953.0479736,9795432448,100,326000000,65000,6601289728
1789954954.0486057,9795432448,100,324000000,65000,6601293824
1789954955.0490909,9795452928,99,325000000,65000,6601322496
1789954956.0498729,9795506176,100,326000000,65000,6601379840
1789954957.0503132,9795506176,99,325000000,65000,6601379840
1789954958.0509844,9795506176,100,327000000,65000,6601379840
1789954959.051529,9795506176,100,326000000,65000,6601379840
1789954960.0523207,9795506176,100,325000000,65000,6601379840
1789954961.0529938,9795506176,100,327000000,65000,6601379840
1789954962.0535026,9795506176,99,323000000,65000,6601383936
1789954963.0541608,9795538944,100,324000000,65000,6601433088
1789954964.0547404,9795538944,100,326000000,65000,6601433088
1789954965.055249,9795538944,100,326000000,65000,6601433088
1789954966.0558207,9795559424,99,326000000,65000,6601453568
1789954967.0563643,9795559424,100,327000000,65000,6601453568
1789954968.0571098,9795559424,100,327000000,65000,6601453568
1789954969.0576496,9795559424,100,325000000,65000,6601453568
1789954970.0580745,9795559424,100,325000000,65000,6601457664
1789954971.0585356,9795559424,99,325000000,65000,6601457664
1789954972.0593822,9795579904,100,326000000,65000,6601486336
1789954973.0598762,9795600384,99,323000000,65000,6601510912
1789954974.0604599,9795600384,100,326000000,65000,6601510912
1789954975.06093,9795600384,100,326000000,65000,6601510912
1789954976.0614803,9795600384,100,328000000,65000,6601510912
1789954977.062014,9795600384,100,327000000,65000,6601510912
1789954978.671018,9795600384,68,244000000,64000,6601510912
1789954979.6716104,9795633152,100,330000000,64000,6601551872
1789954980.6721041,9795633152,100,326000000,65000,6601551872
1789954981.672541,9795633152,100,326000000,65000,6601551872
1789954982.6730611,9795686400,99,326000000,65000,6601617408
1789954983.673793,9795686400,100,325000000,65000,6601617408
1789954984.6742754,9795686400,100,326000000,65000,6601617408
1789954985.6747568,9795686400,100,325000000,65000,6601617408
1789954986.675404,9795719168,100,326000000,65000,6601654272
1789954987.6762552,9795719168,99,326000000,65000,6601654272
1789954988.6767414,9795719168,100,326000000,65000,6601654272
1789954989.7121234,9795719168,100,326000000,65000,6601654272
1789954990.7128096,9795719168,100,327000000,65000,6601654272
1789954991.7135916,9795719168,100,326000000,65000,6601654272
1789954992.714131,9795719168,100,326000000,65000,6601654272
1789954993.7148042,9795760128,99,327000000,65000,6601703424
1789954994.7153385,9795760128,100,326000000,65000,6601703424
1789954995.7163088,9795760128,100,325000000,65000,6601703424
1789954996.7168226,9795760128,99,321000000,65000,6601703424
1789954997.7178805,9795760128,99,323000000,65000,6601703424
1789954998.7184203,9795760128,100,327000000,65000,6601703424
1789954999.7190263,9795760128,100,326000000,65000,6601703424
1789955000.7194657,9795760128,99,324000000,65000,6601703424
1789955001.720012,9795813376,100,324000000,65000,6601773056
1789955002.720743,9795813376,100,326000000,65000,6601773056
1789955003.7213473,9795833856,99,326000000,65000,6601793536
1789955004.7218754,9795833856,100,326000000,65000,6601793536
1789955005.7224164,9795866624,100,326000000,65000,6609121280
1789955006.7229614,9795866624,100,327000000,66000,6609121280
1789955007.723342,9795866624,100,325000000,65000,6609121280
1789955008.7239418,9795866624,100,326000000,65000,6609121280
1789955009.7245085,9795919872,99,325000000,65000,6609178624
1789955010.7251236,9795973120,100,327000000,65000,6609240064
1789955011.7255244,9795973120,100,324000000,65000,6609240064
1789955012.7261093,9795973120,100,328000000,66000,6609240064
1789955013.7266338,9796005888,99,322000000,65000,6609276928
1789955014.7271044,9796026368,100,323000000,65000,6609309696
1789955015.727495,9796026368,99,323000000,65000,6609309696
1789955016.7282336,9796083712,100,323000000,65000,6609387520
1789955017.728694,9796083712,99,326000000,65000,6609391616
1789955018.7291102,9796116480,100,326000000,65000,6609428480
1789955019.7299082,9796186112,100,327000000,65000,6615326720
1789955020.7303436,9796186112,100,326000000,65000,6615326720
1789955021.7311406,9796186112,100,326000000,65000,6615326720
1789955022.7316003,9796206592,99,326000000,65000,6615347200
1789955023.7321217,9796206592,100,327000000,65000,6615347200
1789955024.7325869,9796206592,100,325000000,65000,6615347200
1789955025.7330759,9796227072,100,325000000,65000,6615375872
1789955026.73362,9796227072,100,327000000,65000,6615375872
1789955027.7553434,9796259840,99,324000000,65000,6615420928
1789955028.7560918,9796259840,100,327000000,65000,6615420928
1789955029.7565813,9796263936,100,326000000,65000,6615420928
1789955030.7569625,9796259840,99,322000000,65000,6615429120
1789955031.7573824,9796259840,100,326000000,65000,6615429120
1789955032.7577806,9796292608,99,326000000,65000,6615470080
1789955033.7584488,9796292608,100,326000000,65000,6615470080
1789955034.7589674,9796292608,100,327000000,65000,6615470080
1789955035.7595494,9796292608,100,326000000,66000,6615470080
1789955036.7600663,9796313088,93,297000000,65000,6629318656
1789955037.7611594,9796313088,100,329000000,65000,6629322752
1789955038.7616534,9796313088,99,325000000,65000,6629326848
1789955039.762162,9796313088,100,326000000,65000,6629330944
1789955040.807325,9796313088,99,325000000,65000,6629335040
1789955042.4368117,9796333568,65,237000000,64000,6629355520
1789955043.4373853,9796333568,99,326000000,65000,6629355520
1789955044.4378374,9796333568,100,326000000,65000,6629355520
1789955045.4383838,9796333568,99,325000000,65000,6629355520
1789955046.4388695,9796333568,100,327000000,65000,6629355520
1789955047.4393594,9796333568,100,326000000,65000,6629355520
1789955048.4400659,9796333568,99,325000000,65000,6629355520
1789955049.4406638,9796333568,100,327000000,65000,6629355520
1789955050.4412236,9796345856,100,326000000,65000,6630129664
1789955051.441647,9796366336,100,326000000,65000,6633263104
1789955052.442313,9796366336,100,326000000,65000,6633263104
1789955053.4427574,9796419584,100,327000000,65000,6633316352
1789955054.4432633,9796419584,99,324000000,65000,6633316352
1789955055.4441369,9796419584,100,327000000,65000,6633316352
1789955056.4447267,9796419584,100,326000000,66000,6633316352
1789955057.445195,9796460544,99,323000000,65000,6633361408
1789955058.4457023,9796460544,100,326000000,65000,6633361408
1789955059.446212,9796460544,100,326000000,66000,6633361408
1789955060.447075,9796460544,99,325000000,65000,6633361408
1789955061.4479446,9796493312,100,328000000,65000,6633402368
1789955062.4484928,9796493312,100,325000000,65000,6633402368
1789955063.448978,9796493312,100,326000000,65000,6633402368
1789955064.449388,9796526080,100,327000000,65000,6633439232
1789955065.4499927,9796526080,99,322000000,65000,6633439232
1789955066.4505258,9796546560,100,323000000,65000,6633467904
1789955067.4511642,9796546560,99,325000000,65000,6633467904
1789955068.4516027,9796587520,100,324000000,65000,6633512960
1789955069.4521263,9796587520,100,326000000,65000,6633512960
1789955070.4528887,9796587520,100,327000000,65000,6633512960
1789955071.453655,9796587520,99,322000000,65000,6633512960
1789955072.4543986,9796608000,100,326000000,65000,6633537536
1789955073.4549093,9796608000,99,323000000,65000,6633537536
1789955074.4553592,9796608000,100,327000000,65000,6633537536
1789955075.4561756,9796608000,100,327000000,65000,6633537536
1789955076.4567065,9796628480,99,325000000,65000,6633562112
1789955077.457546,9796648960,100,326000000,65000,6633582592
1789955078.4581654,9796648960,99,318000000,65000,6633582592
1789955079.4586282,9796722688,99,326000000,65000,6639300608
1789955080.4592578,9796722688,100,326000000,65000,6639398912
1789955081.459753,9796722688,100,327000000,65000,6639398912
1789955082.4603376,9796722688,100,325000000,65000,6639398912
1789955083.4608738,9796722688,100,325000000,65000,6639398912
1789955084.461422,9796722688,100,328000000,65000,6639398912
1789955085.4621797,9796722688,99,323000000,65000,6639398912
1789955086.462764,9796722688,100,327000000,65000,6639398912
1789955087.4632835,9796722688,100,327000000,65000,6639398912
1789955088.4639137,9796722688,100,327000000,65000,6639398912
1789955089.4644103,9796722688,100,325000000,65000,6639398912
1789955090.46517,9796722688,100,326000000,65000,6639398912
1789955091.4660616,9796743168,99,323000000,65000,6639419392
1789955092.4666307,9796743168,100,327000000,65000,6639419392
1789955093.4672363,9796743168,100,327000000,65000,6639419392
1789955094.4677844,9796743168,100,325000000,65000,6639419392
1789955095.4683595,9796775936,100,324000000,65000,6639456256
1789955096.4691694,9796775936,100,326000000,65000,6639460352
1789955097.4698718,9796775936,99,326000000,65000,6639460352
1789955098.4703434,9796775936,100,321000000,65000,6639460352
1789955099.4709833,9796775936,99,327000000,65000,6639464448
1789955100.4714422,9796775936,100,327000000,65000,6639464448
1789955101.471921,9796775936,100,325000000,65000,6639464448
1789955102.4726298,9796775936,100,327000000,65000,6639464448
1789955103.473432,9796775936,100,326000000,65000,6639464448
1789955104.4738986,9796886528,99,323000000,65000,6642503680
1789955105.4744084,9796886528,100,326000000,65000,6642503680
1789955106.4750807,9796882432,100,326000000,65000,6642503680
1789955107.4757779,9796935680,100,327000000,65000,6642561024
1789955108.47678,9796935680,99,323000000,65000,6642561024
1789955109.7367795,9796935680,71,251000000,64000,6642561024
1789955110.7374005,9796935680,100,328000000,64000,6642561024
1789955111.738132,9796988928,100,327000000,64000,6642618368
1789955112.8306975,9797029888,100,326000000,64000,6642659328
1789955113.8315601,9797029888,100,326000000,65000,6642659328
1789955114.8320801,9797029888,100,327000000,65000,6642659328
1789955115.832683,9797029888,99,325000000,65000,6642659328
1789955116.8331804,9797029888,100,326000000,65000,6642659328
1789955117.8337762,9797029888,100,326000000,65000,6642659328
1789955118.8344405,9797029888,99,324000000,65000,6642659328
1789955119.834981,9797083136,100,326000000,65000,6642720768
1789955120.8357258,9797083136,100,327000000,65000,6642720768
1789955121.8361883,9797083136,99,324000000,65000,6642720768
1789955122.8366656,9797136384,100,326000000,65000,6642778112
1789955123.8371794,9797136384,100,326000000,65000,6642778112
1789955124.8377445,9797201920,99,325000000,65000,6642855936
1789955125.8382306,9797214208,100,326000000,65000,6642868224
1789955126.839075,9797218304,99,321000000,65000,6642868224
1789955127.8395653,9797267456,100,327000000,65000,6649483264
1789955128.840443,9797263360,100,326000000,65000,6649483264
1789955129.8408265,9797263360,100,326000000,65000,6649483264
1789955130.8413384,9797283840,99,324000000,65000,6649602048
1789955131.8417053,9797337088,100,327000000,65000,6649671680
1789955132.842097,9797337088,100,328000000,65000,6649671680
1789955133.8425024,9797337088,100,325000000,65000,6649671680
1789955134.8433163,9797337088,100,326000000,65000,6649671680
1789955135.8440175,9797357568,99,323000000,65000,6649692160
1789955136.844723,9797357568,100,326000000,65000,6649692160
1789955137.8453336,9797357568,100,326000000,65000,6649692160
1789955138.8460014,9797390336,99,325000000,65000,6649733120
1789955139.8465889,9797390336,100,326000000,65000,6649733120
1789955140.847268,9797394432,100,327000000,65000,6649733120
1789955141.8476436,9797427200,99,325000000,65000,6649774080
1789955142.848039,9797427200,100,326000000,65000,6649774080
1789955143.8486574,9797459968,100,326000000,65000,6649810944
1789955144.8490841,9797455872,100,326000000,65000,6649810944
1789955145.8496835,9797455872,100,326000000,65000,6649810944
1789955146.850334,9797459968,99,326000000,65000,6649810944
1789955147.8508468,9797476352,100,326000000,65000,6649839616
1789955148.8512533,9797476352,100,326000000,65000,6649839616
1789955150.0027916,9797476352,100,326000000,65000,6649839616
1789955151.0033681,9797476352,100,326000000,65000,6649839616
1789955152.0038612,9797529600,100,327000000,65000,6649905152
1789955153.2813327,9797562368,100,326000000,65000,6655553536
1789955154.281953,9797562368,100,327000000,65000,6655553536
1789955155.2826307,9797562368,100,326000000,66000,6655553536
1789955156.2831888,9797562368,100,326000000,66000,6655553536
1789955157.2843447,9797562368,99,325000000,66000,6655553536
1789955158.284758,9797562368,100,326000000,66000,6655553536
1789955159.285434,9797689344,100,326000000,65000,6658416640
1789955160.2858453,9797689344,100,326000000,66000,6658416640
1789955161.2863665,9797689344,100,322000000,65000,6658416640
1789955162.2869735,9797738496,99,321000000,65000,6658465792
1789955163.2876513,9797771264,99,325000000,66000,6658502656
1789955164.2880232,9797771264,100,326000000,66000,6658502656
1789955165.2886167,9797824512,100,326000000,66000,6658564096
1789955166.289463,9797824512,100,326000000,66000,6658564096
1789955167.290021,9797857280,100,326000000,66000,6658605056
1789955168.2906864,9797857280,100,326000000,66000,6658605056
1789955169.2910647,9797857280,99,326000000,66000,6658605056
1789955170.2915316,9797857280,100,326000000,66000,6658605056
1789955171.2921965,9797857280,100,325000000,66000,6658605056
1789955172.2927275,9797857280,100,327000000,66000,6658605056
1789955173.2931464,9797857280,99,320000000,65000,6658605056
1789955174.4926865,9797890048,100,326000000,66000,6658646016
1789955175.4932692,9797890048,100,326000000,66000,6658646016
1789955176.493749,9797890048,99,325000000,66000,6658646016
1789955177.494588,9797890048,100,326000000,66000,6658646016
1789955178.495173,9797890048,100,328000000,66000,6658646016
1789955179.495681,9797890048,100,325000000,66000,6658646016
1789955180.496531,9797890048,100,325000000,66000,6658646016
1789955181.497039,9797890048,99,326000000,66000,6658646016
1789955182.7028322,9797890048,47,190000000,64000,6658646016
1789955183.7035637,9797922816,99,317000000,65000,6658678784
1789955184.7043006,9797922816,100,326000000,65000,6658678784
1789955185.7050586,9797922816,100,329000000,65000,6658678784
1789955186.705564,9797922816,100,325000000,65000,6658678784
1789955187.7062967,9797976064,99,326000000,65000,6658740224
1789955188.7068942,9797976064,100,327000000,65000,6658740224
1789955189.7076015,9797976064,100,326000000,66000,6658740224
1789955190.708515,9798029312,100,325000000,66000,6658805760
1789955191.709171,9798029312,100,326000000,65000,6658805760
1789955192.7096956,9798029312,99,319000000,65000,6658805760
1789955193.7103434,9798082560,100,327000000,65000,6658867200
1789955194.7110415,9798082560,100,326000000,66000,6658867200
1789955195.7115407,9798103040,99,323000000,66000,6658895872
1789955196.7430577,9798103040,100,327000000,66000,6658895872
1789955197.7436333,9798103040,100,327000000,66000,6658895872
1789955198.7442055,9798103040,100,326000000,66000,6658895872
1789955199.7445598,9798107136,99,322000000,66000,6658895872
1789955200.7449727,9798144000,100,327000000,66000,6666006528
1789955201.7454193,9798144000,100,326000000,66000,6666006528
1789955202.745962,9798144000,99,321000000,66000,6666006528
1789955203.7464466,9798144000,99,325000000,66000,6666006528
1789955204.7469656,9798144000,100,326000000,66000,6666006528
1789955205.747804,9798144000,100,327000000,66000,6666006528
1789955206.7483,9798144000,100,326000000,66000,6666006528
1789955207.7490644,9798144000,100,326000000,66000,6666006528
1789955208.7497637,9798197248,100,326000000,66000,6666067968
1789955209.750383,9798197248,99,323000000,66000,6666067968
1789955210.7512023,9798230016,100,324000000,66000,6666100736
1789955211.751823,9798230016,99,325000000,66000,6666100736
1789955212.7524562,9798262784,100,327000000,66000,6666137600
1789955213.752997,9798262784,100,326000000,66000,6666141696
1789955214.753363,9798262784,99,324000000,66000,6666141696
1789955215.753713,9798262784,100,327000000,66000,6666141696
1789955216.7543616,9798262784,99,317000000,66000,6666141696
1789955217.754807,9798262784,100,328000000,66000,6666141696
1789955218.7554421,9798262784,100,326000000,66000,6666141696
1789955219.7563615,9798262784,99,324000000,66000,6666141696
1789955220.7570906,9798262784,100,326000000,66000,6666141696
1789955221.7577074,9798283264,100,326000000,66000,6666162176
1789955222.7584271,9798303744,99,323000000,66000,6666190848
1789955223.7592983,9798303744,100,326000000,66000,6666190848
1789955224.7601936,9798303744,100,326000000,66000,6666190848
1789955225.760819,9798303744,99,318000000,65000,6666190848
1789955226.7615306,9798303744,99,325000000,66000,6666190848
1789955227.7620494,9798303744,100,326000000,66000,6666190848
1789955228.762455,9798316032,100,323000000,66000,6666203136
1789955229.7631636,9798348800,99,325000000,66000,6666248192
1789955230.76371,9798348800,100,326000000,66000,6666248192
1789955231.7642434,9798348800,100,328000000,66000,6666248192
1789955232.7648616,9798381568,100,320000000,66000,6670757888
1789955233.765433,9798381568,100,326000000,66000,6670757888
1789955234.7659538,9798381568,100,326000000,66000,6670757888
1789955235.766811,9798402048,99,322000000,66000,6670794752
1789955236.7672236,9798402048,100,327000000,66000,6670798848
1789955237.7676735,9798402048,99,325000000,66000,6670798848
1789955238.7681384,9798402048,100,326000000,66000,6670798848
1789955239.7685163,9798402048,99,326000000,66000,6670798848
1789955240.7689798,9798402048,100,326000000,66000,6670798848
1789955241.7700357,9798402048,100,325000000,66000,6670798848
1789955242.7705452,9798402048,34,146000000,63000,6670798848
1789955243.7714112,9798455296,100,328000000,65000,6670852096
1789955244.7719624,9798455296,100,328000000,65000,6670852096
1789955245.7725165,9798455296,100,324000000,66000,6670852096
1789955246.7735977,9798455296,100,327000000,65000,6670852096
1789955247.7740033,9798488064,99,323000000,65000,6670888960
1789955248.7748618,9798488064,100,326000000,66000,6670888960
1789955249.7754688,9798488064,100,323000000,66000,6670888960
1789955250.776306,9798488064,99,326000000,65000,6670888960
1789955251.7770834,9798520832,100,327000000,66000,6673780736
1789955252.7777638,9798520832,100,327000000,66000,6673780736
1789955253.7785358,9798520832,99,321000000,65000,6673780736
1789955254.7793157,9798574080,100,327000000,66000,6673842176
1789955255.7801414,9798594560,100,326000000,66000,6673862656
1789955256.7806785,9798594560,100,327000000,66000,6673862656
1789955257.7813683,9798594560,100,325000000,66000,6673862656
1789955258.7821038,9798594560,99,322000000,66000,6673866752
1789955259.782864,9798615040,99,318000000,65000,6673887232
1789955260.7836733,9798647808,100,327000000,66000,6673924096
1789955261.7843995,9798647808,100,327000000,66000,6673924096
1789955262.78485,9798647808,100,325000000,66000,6673924096
1789955263.7855027,9798701056,100,327000000,66000,6674702336
1789955264.7859294,9798701056,99,325000000,66000,6674702336
1789955265.7866724,9798701056,100,325000000,66000,6674702336
1789955266.787322,9798742016,99,326000000,66000,6674747392
1789955267.7880883,9798742016,100,325000000,66000,6674747392
1789955268.788651,9798746112,100,327000000,66000,6674747392
1789955269.7892063,9798746112,100,325000000,66000,6674747392
1789955270.7897003,9798746112,100,328000000,66000,6674747392
1789955271.7903624,9798778880,100,325000000,66000,6679060480
1789955272.7908297,9798774784,100,327000000,66000,6679060480
1789955273.791243,9798778880,99,325000000,66000,6679060480
1789955274.7916596,9798778880,100,325000000,66000,6679068672
1789955275.7921343,9798778880,99,325000000,66000,6679068672
1789955276.7926223,9798807552,100,323000000,66000,6679105536
1789955277.793039,9798807552,100,327000000,66000,6679105536
1789955278.7938526,9798807552,99,322000000,66000,6679105536
1789955279.7942183,9798807552,99,322000000,66000,6679105536
1789955280.794671,9798828032,100,326000000,66000,6679126016
1789955281.7952154,9798828032,100,326000000,66000,6679126016
1789955282.7962463,9798828032,100,323000000,66000,6679126016
1789955283.7967951,9798864896,99,326000000,66000,6679166976
1789955284.7972848,9798864896,100,326000000,66000,6679166976
1789955285.8393397,9798864896,100,326000000,66000,6679166976
1789955286.8401735,9798864896,99,323000000,66000,6679171072
1789955287.840586,9798864896,100,321000000,66000,6679175168
1789955288.8411522,9798860800,99,326000000,66000,6679175168
1789955289.8415685,9798860800,100,326000000,66000,6679175168
1789955290.8420942,9798860800,100,326000000,66000,6679175168
1789955291.8427868,9798893568,100,326000000,66000,6679216128
1789955292.8431768,9798893568,100,327000000,66000,6679216128
1789955293.8435636,9798893568,100,326000000,66000,6679220224
1789955294.8439987,9798893568,99,325000000,66000,6679220224
1789955295.8444853,9798893568,100,326000000,66000,6679220224
1789955296.8448784,9798893568,99,325000000,66000,6679220224
1789955297.845409,9798914048,100,327000000,66000,6679240704
1789955298.8460615,9798914048,100,325000000,66000,6679240704
1789955299.8468137,9798914048,99,326000000,66000,6679240704
1789955300.8472972,9798934528,100,327000000,65000,6679273472
1789955301.8477175,9798934528,100,327000000,66000,6679273472
1789955302.8485277,9798934528,100,324000000,66000,6679273472
1789955303.848981,9798934528,100,328000000,66000,6679273472
1789955304.849403,9798967296,100,326000000,66000,6679310336
1789955305.849991,9799000064,99,323000000,65000,6679355392
1789955306.850404,9799000064,100,326000000,66000,6679355392
1789955308.2708876,9799000064,66,238000000,65000,6679355392
1789955309.271632,9799053312,100,328000000,65000,6684577792
1789955310.272164,9799053312,100,328000000,65000,6684577792
1789955311.2729893,9799053312,100,326000000,65000,6684577792
1789955312.2742028,9799086080,99,324000000,65000,6684614656
1789955313.2748744,9799086080,100,326000000,65000,6684614656
1789955314.27529,9799090176,100,325000000,65000,6684614656
1789955315.2761724,9799090176,100,325000000,66000,6684614656
1789955316.2771263,9799086080,99,324000000,65000,6684614656
1789955317.2775388,9799106560,100,325000000,65000,6684635136
1789955318.2779799,9799106560,99,325000000,65000,6684635136
1789955319.2785904,9799106560,100,326000000,65000,6684635136
1789955320.279231,9799106560,99,325000000,65000,6684635136
1789955321.279891,9799155712,100,326000000,65000,6684688384
1789955322.2805612,9799155712,100,326000000,65000,6684688384
1789955323.2812085,9799188480,100,326000000,65000,6687100928
1789955324.2817538,9799188480,100,327000000,65000,6687100928
1789955325.282388,9799188480,99,325000000,66000,6687100928
1789955326.2832875,9799208960,100,327000000,65000,6687121408
1789955327.28376,9799208960,100,326000000,65000,6687121408
1789955328.2843256,9799208960,100,326000000,65000,6687121408
1789955329.2849638,9799249920,100,326000000,65000,6687166464
1789955330.2857053,9799270400,99,326000000,65000,6687186944
1789955331.2863817,9799270400,100,327000000,66000,6687186944
1789955332.2871628,9799270400,100,322000000,65000,6687186944
1789955333.2877364,9799270400,100,327000000,66000,6687186944
1789955334.2885993,9799290880,99,325000000,66000,6687211520
1789955335.289003,9799290880,100,325000000,66000,6687211520
1789955336.289988,9799290880,100,326000000,66000,6687211520
1789955337.2908149,9799323648,99,325000000,66000,6687244288
1789955338.2913153,9799323648,100,326000000,66000,6687244288
1789955339.2919655,9799323648,100,327000000,66000,6687244288
1789955340.29259,9799323648,100,326000000,66000,6687244288
1789955341.2932267,9799356416,100,327000000,66000,6687285248
1789955342.2938929,9799356416,100,327000000,66000,6687285248
1789955343.294481,9799356416,99,324000000,66000,6687285248
1789955344.295084,9799356416,100,327000000,65000,6687285248
1789955345.2957757,9799356416,100,326000000,66000,6687285248
1789955346.2964242,9799356416,100,326000000,66000,6687285248
1789955347.2969542,9799356416,100,327000000,66000,6687285248
1789955348.2977462,9799356416,99,323000000,66000,6687285248
1789955349.2983823,9799356416,99,313000000,65000,6687285248
1789955350.2988627,9799397376,100,327000000,66000,6687334400
1789955351.2994826,9799397376,100,326000000,66000,6687338496
1789955352.299839,9799430144,99,326000000,66000,6687379456
1789955353.300508,9799430144,100,326000000,66000,6687383552
1789955354.3009741,9799430144,100,325000000,66000,6687383552
1789955355.3015358,9799430144,100,328000000,66000,6687383552
1789955356.302253,9799430144,99,325000000,66000,6687383552
1789955357.303216,9799430144,100,326000000,66000,6687383552
1789955358.303952,9799462912,100,327000000,66000,6687428608
1789955359.3048542,9799462912,100,325000000,66000,6687428608
1789955360.305723,9799462912,99,326000000,66000,6687428608
1789955361.3062098,9799462912,100,326000000,66000,6687432704
1789955362.3068924,9799462912,99,318000000,66000,6687440896
1789955363.3074956,9799462912,100,327000000,66000,6687440896
1789955364.3079357,9799462912,99,326000000,66000,6687440896
1789955365.3083358,9799462912,100,325000000,66000,6687444992
1789955366.3089015,9799483392,100,327000000,66000,6687465472
1789955367.309311,9799536640,99,325000000,66000,6687539200
1789955368.3100655,9799536640,100,326000000,66000,6687539200
1789955369.3105803,9799589888,100,327000000,66000,6687715328
1789955370.311168,9799589888,100,326000000,66000,6687715328
1789955371.3116035,9799589888,100,326000000,66000,6687715328
1789955372.3120244,9799622656,100,326000000,66000,6687911936
1789955373.312631,9799655424,100,327000000,66000,6688243712
1789955374.313301,9799655424,99,323000000,66000,6688780288
1789955375.313718,9799655424,100,327000000,66000,6688800768
1789955376.3141785,9799655424,100,328000000,66000,6688817152
1789955377.3147376,9799655424,100,325000000,66000,6688817152
1789955378.3156416,9799655424,99,323000000,66000,6688821248
1789955379.31607,9799655424,86,294000000,65000,6688821248
1789955380.3165677,9799655424,100,327000000,66000,6688821248
1789955381.3170087,9799659520,100,326000000,66000,6688821248
1789955382.31741,9799655424,100,326000000,66000,6688907264
1789955383.3178685,9799675904,99,326000000,66000,6689230848
1789955384.3184087,9799675904,100,326000000,66000,6689230848
1789955385.3191915,9799675904,100,325000000,66000,6689361920
1789955386.3197691,9799688192,99,326000000,66000,6689378304
1789955387.3204076,9799729152,100,326000000,66000,6690217984
1789955388.3211064,9799729152,100,326000000,66000,6690217984
1789955389.3216481,9799729152,99,325000000,66000,6690226176
1789955390.3228517,9847992320,86,278000000,65000,6742925312
1789955391.32362,9848967168,99,223000000,64000,6743519232
1789955392.3242502,10094481408,96,301000000,65000,7415042048
1789955393.3249774,10193424384,81,276000000,64000,7702585344
1789955394.325832,10193432576,99,327000000,65000,7683727360
1789955395.3264997,10193440768,95,317000000,65000,7683727360
1789955396.3271646,10193436672,96,317000000,65000,7683866624
1789955397.3278213,10193436672,98,324000000,65000,7683899392
1789955398.3282592,10193457152,100,326000000,65000,7685263360
1789955399.3286757,10193457152,97,319000000,65000,7685275648
1789955400.3295774,10193453056,100,326000000,65000,7685275648
1789955401.330178,10193453056,100,327000000,65000,7685349376
1789955402.330777,10193473536,100,327000000,65000,7685390336
1789955403.331722,10193473536,100,326000000,65000,7685402624
1789955404.3322966,10193473536,100,327000000,65000,7685414912
1789955405.3327885,10193473536,100,326000000,65000,7685427200
1789955406.33353,10193494016,100,327000000,65000,7685455872
1789955407.3340487,10193494016,100,326000000,65000,7685472256
1789955408.334536,10193514496,100,327000000,65000,7685611520
1789955409.335197,10193575936,100,327000000,65000,7685677056
1789955410.335893,10304745472,100,327000000,65000,7685701632
1789955411.3364844,10304745472,99,326000000,65000,7685705728
1789955412.337046,10304749568,98,325000000,65000,7685709824
1789955413.3376894,10304749568,98,323000000,65000,7685722112
1789955414.3387918,10304729088,99,326000000,65000,7685726208
1789955415.3396335,10304729088,95,313000000,65000,7685726208
1789955416.3402143,10304745472,97,318000000,65000,7685754880
1789955417.3408077,10304765952,100,327000000,65000,7685779456
1789955418.3414936,10304774144,93,304000000,64000,7685779456
1789955419.3421214,10304765952,100,328000000,65000,7685779456
1789955420.3427875,10304765952,99,326000000,65000,7685779456
1789955421.3434727,10304765952,100,327000000,65000,7685779456
1789955422.3442473,10304770048,94,311000000,64000,7685779456
1789955423.3447778,10304770048,99,326000000,64000,7685787648
1789955424.3453789,10304770048,99,326000000,64000,7685787648
1789955425.3459225,10304737280,97,319000000,64000,7685787648
1789955426.3463101,10304737280,99,326000000,64000,7685857280
1789955427.3466845,10304757760,100,326000000,64000,7688663040
1789955428.3473969,10304798720,97,321000000,64000,7691603968
1789955429.347818,11135336448,100,326000000,64000,7692611584
1789955430.3483303,12108455936,100,327000000,64000,7692787712
1789955431.3492115,13115109376,100,326000000,64000,7692931072
1789955432.3497474,14130196480,100,326000000,64000,7693074432
1789955433.3502884,15191396352,100,327000000,64000,7693664256
1789955434.3509123,16263045120,100,327000000,64000,7693791232
1789955435.3518264,17403908096,100,326000000,64000,7694532608
1789955436.35282,18599321600,100,326000000,64000,7695097856
1789955437.353327,19824123904,100,327000000,64000,7695900672
1789955438.3538783,21057253376,100,327000000,64000,7696027648
1789955439.3546445,22399475712,100,326000000,64000,7696596992
1789955440.3551052,13790666752,100,312000000,64000,7696596992
1789955441.3555934,8250007552,100,322000000,64000,7696769024
1789955442.3561387,8250007552,100,327000000,64000,7696863232
1789955443.3570578,9604767744,100,326000000,64000,7696990208
1789955444.3578463,9604788224,100,325000000,64000,7697379328
1789955445.3587072,9606852608,100,325000000,64000,7697633280
1789955446.359207,9606852608,100,327000000,64000,7697985536
1789955447.3598602,9606873088,100,326000000,64000,7698518016
1789955448.3605263,9606918144,100,326000000,64000,7699341312
1789955449.3612335,9606955008,100,327000000,64000,7699951616
1789955450.3617191,9606971392,100,326000000,64000,7700205568
1789955451.3624418,9606987776,100,326000000,64000,7700475904
1789955452.362851,9606987776,100,326000000,64000,7700770816
1789955453.3632197,9606987776,100,327000000,64000,7701065728
1789955454.3636403,9606987776,100,327000000,64000,7701245952
1789955455.364188,9606955008,100,326000000,64000,7701458944
1789955456.3648279,9606971392,100,326000000,64000,7701770240
1789955457.365303,9606987776,100,327000000,64000,7702016000
1789955458.3659368,9606987776,100,326000000,64000,7702044672
1789955459.3663974,9606987776,100,327000000,64000,7702282240
1789955460.366942,9607000064,91,299000000,64000,7702495232
1789955461.3676817,9607000064,100,327000000,64000,7702683648
1789955462.368158,9607000064,100,327000000,64000,7702880256
1789955463.368787,9607016448,100,327000000,64000,7703183360
1789955464.369239,9607032832,100,326000000,64000,7703437312
1789955465.3697758,9607032832,100,326000000,64000,7703445504
1789955466.3704507,9607000064,99,326000000,64000,7703453696
1789955467.371573,9607000064,100,326000000,64000,7703461888
1789955468.37211,9607020544,100,327000000,64000,7703941120
1789955469.3725314,11205111808,100,327000000,64000,7704637440
1789955470.3731184,12815740928,100,326000000,64000,7704907776
1789955471.3737206,12815740928,100,327000000,65000,7704907776
1789955472.3746018,12815740928,100,326000000,65000,7705169920
1789955473.3752413,12815740928,100,326000000,65000,7705489408
1789955474.3758461,12815740928,100,326000000,65000,7705812992
1789955475.3762555,12815761408,100,327000000,65000,7706263552
1789955476.3769011,12815728640,100,326000000,65000,7706312704
1789955477.3773882,12815765504,100,326000000,65000,7706894336
1789955478.3779724,12815765504,100,327000000,65000,7706935296
1789955479.378453,12815765504,100,327000000,65000,7707090944
1789955480.3789556,12815765504,100,327000000,65000,7707205632
1789955481.3795702,12815765504,100,326000000,65000,7707410432
1789955482.3803642,12815765504,100,326000000,65000,7707484160
1789955483.3808725,12815785984,100,327000000,65000,7707967488
1789955484.3812957,12815790080,100,327000000,65000,7708131328
1789955485.3817239,12815785984,100,327000000,65000,7708184576
1789955486.3821785,12815753216,100,326000000,65000,7708270592
1789955487.3827817,12815753216,100,326000000,65000,7708311552
1789955488.3836296,12815753216,100,327000000,65000,7708377088
1789955489.384127,12815753216,100,326000000,65000,7708405760
1789955490.384923,13073702912,100,326000000,65000,7708553216
1789955491.385744,13176463360,99,326000000,65000,7708700672
1789955492.3863177,13283418112,99,327000000,65000,7708708864
1789955493.3871255,13392470016,99,326000000,65000,7708807168
1789955494.3880002,13392470016,99,326000000,65000,7709007872
1789955495.38858,13392470016,100,327000000,65000,7709429760
1789955496.3890793,13392437248,99,326000000,65000,7709741056
1789955497.3897202,13392437248,100,327000000,65000,7710068736
1789955498.3906019,13392437248,100,326000000,65000,7710195712
1789955499.391133,13392437248,99,326000000,65000,7710420992
1789955500.3920143,13392474112,100,327000000,65000,7711010816
1789955501.3925278,13392510976,100,327000000,65000,7711612928
1789955502.3931167,13392547840,99,326000000,65000,7712186368
1789955503.3938856,13392568320,100,326000000,65000,7712505856
1789955504.3946545,13392584704,100,326000000,65000,7712792576
1789955505.395417,13392580608,100,326000000,65000,7712952320
1789955506.3962252,13392596992,100,325000000,65000,7712972800
1789955507.4048998,13392564224,100,327000000,65000,7713193984
1789955508.4055293,13392580608,100,327000000,65000,7713497088
1789955509.4060643,13392617472,100,326000000,65000,7714070528
1789955510.4066677,13392617472,100,326000000,65000,7714070528
1789955511.4075632,13392654336,100,327000000,65000,7714680832
1789955512.4082713,13392654336,100,327000000,65000,7714873344
1789955513.4088397,13392654336,100,326000000,65000,7714873344
1789955514.4096189,13392658432,99,327000000,65000,7715192832
1789955515.410301,13392658432,99,327000000,65000,7715397632
1789955516.410962,13392658432,99,326000000,65000,7715508224
1789955517.4118404,13392621568,99,327000000,65000,7715614720
1789955518.4129596,13392621568,99,325000000,65000,7715717120
1789955519.4134364,13392621568,100,327000000,65000,7715893248
1789955520.4138446,13392621568,100,327000000,65000,7715897344
1789955521.4143956,13392621568,100,326000000,65000,7715897344
1789955522.4150457,13392621568,100,327000000,65000,7715950592
1789955523.4154856,13392621568,100,326000000,65000,7716073472
1789955524.4158955,13392621568,100,327000000,65000,7716278272
1789955525.4165745,13392621568,100,326000000,64000,7716319232
1789955526.4173257,13392621568,100,326000000,64000,7716466688
1789955527.4179456,13392588800,99,327000000,65000,7716757504
1789955528.4184418,13392588800,99,327000000,65000,7717076992
1789955529.4190278,13392588800,99,326000000,64000,7717363712
1789955530.4194942,13392588800,100,327000000,64000,7717580800
1789955531.41994,13392588800,100,326000000,64000,7717773312
1789955532.4203932,13392588800,100,326000000,64000,7717949440
1789955533.4210753,13392613376,100,326000000,64000,7718359040
1789955534.421901,13392613376,100,327000000,64000,7718440960
1789955535.4296522,13392613376,89,294000000,64000,7742177280
1789955536.4304502,13392613376,88,276000000,63000,7766003712
1789955537.4311721,13392605184,100,326000000,64000,7766302720
1789955538.4317794,13493276672,99,321000000,64000,7766491136
1789955539.4322693,13543608320,100,327000000,64000,7766917120
1789955540.5272634,13543661568,100,326000000,64000,7767265280
1789955541.5280359,13543661568,100,327000000,64000,7767797760
1789955542.5286868,13543661568,99,321000000,64000,7767859200
1789955543.5292187,13543661568,100,326000000,64000,7767912448
1789955544.5298483,13543661568,99,323000000,64000,7768002560
1789955545.5303576,13543714816,100,324000000,64000,7776174080
1789955546.5310256,13543714816,100,326000000,64000,7776174080
1789955547.5318801,13543682048,99,325000000,64000,7776178176
1789955548.5326943,13543682048,100,326000000,64000,7776178176
1789955549.533359,13543682048,100,327000000,64000,7776178176
1789955550.5340252,13543682048,100,326000000,64000,7776178176
1789955551.5345569,13543682048,100,324000000,64000,7776223232
1789955552.575295,13543682048,99,325000000,64000,7776272384
1789955553.576031,13543682048,100,327000000,64000,7776272384
1789955554.5766087,13543682048,100,326000000,64000,7776272384
1789955555.5776849,13543682048,100,326000000,64000,7776276480
1789955556.5782068,13543702528,100,328000000,64000,7776329728
1789955557.5790458,13600325632,100,325000000,64000,7776329728
1789955558.5797453,13600292864,100,325000000,64000,7776329728
1789955559.5873687,13600292864,99,325000000,64000,7776456704
1789955560.5880299,13600292864,100,323000000,64000,7776456704
1789955561.5887797,13600292864,100,326000000,64000,7776456704
1789955562.589574,13600292864,100,327000000,64000,7776456704
1789955563.5903056,13600333824,99,323000000,64000,7776665600
1789955564.590799,13600333824,100,326000000,64000,7776665600
1789955565.591462,13600333824,100,328000000,64000,7776665600
1789955566.5921245,13600333824,100,325000000,64000,7776665600
1789955567.6493516,13600333824,99,325000000,64000,7776702464
1789955568.6499853,13600354304,100,325000000,64000,7779823616
1789955569.6506379,13600354304,100,325000000,64000,7779823616
1789955570.651478,13600407552,100,327000000,64000,7780007936
1789955571.6519995,13600407552,100,326000000,64000,7780007936
1789955572.6527326,13600407552,100,327000000,64000,7780007936
1789955573.6535046,13600407552,99,324000000,64000,7780077568
1789955574.6543329,13600407552,100,326000000,64000,7780114432
1789955575.654841,13600407552,100,327000000,64000,7780175872
1789955576.655327,13600407552,99,326000000,64000,7780175872
1789955577.6561165,13600407552,100,325000000,64000,7780175872
1789955578.6566694,13600374784,100,326000000,64000,7780175872
1789955579.6573045,13600374784,100,324000000,64000,7780175872
1789955580.6579454,13600374784,99,325000000,64000,7780175872
1789955581.6588135,13600399360,100,326000000,64000,7780196352
1789955582.6594117,13600399360,100,324000000,64000,7780196352
1789955583.6598282,13600399360,99,325000000,64000,7780196352
1789955584.6603284,13600399360,100,327000000,65000,7780196352
1789955585.6609232,13600399360,100,326000000,65000,7780196352
1789955586.6615734,13600452608,100,326000000,65000,7780261888
1789955587.6620753,13600452608,100,326000000,65000,7780261888
1789955588.662509,13600419840,100,326000000,65000,7780265984
1789955589.9010801,13600419840,49,195000000,63000,7780265984
1789955590.9018404,13600419840,100,329000000,64000,7780265984
1789955591.9025133,13600419840,100,324000000,64000,7780265984
1789955592.9030523,13600440320,99,325000000,64000,7780286464
1789955593.9037097,13600440320,100,326000000,64000,7780286464
1789955594.9044068,13600440320,100,326000000,65000,7780286464
1789955595.9049728,13600452608,99,325000000,65000,7780298752
1789955596.9057894,13602549760,99,323000000,65000,7780298752
1789955598.2227592,13602590720,100,326000000,65000,7780343808
1789955599.2235553,13602557952,100,326000000,65000,7780343808
1789955600.2242193,13602557952,100,327000000,65000,7780343808
1789955601.2611105,13602578432,99,325000000,65000,7780364288
1789955602.261886,13602578432,100,326000000,65000,7780364288
1789955603.2627208,13602578432,100,326000000,65000,7780364288
1789955604.2635546,13602578432,99,326000000,65000,7780364288
1789955605.2643461,13602578432,100,326000000,65000,7780364288
1789955606.2651613,13602578432,99,323000000,65000,7780364288
1789955607.2659607,13602578432,100,322000000,65000,7780364288
1789955608.2667081,13602598912,99,324000000,65000,7780384768
1789955609.2672038,13602566144,99,323000000,65000,7780384768
1789955610.2677033,13602598912,100,326000000,65000,7780421632
1789955611.2685058,13602598912,99,325000000,65000,7780421632
1789955612.2692206,13602598912,100,326000000,66000,7780421632
1789955613.269899,13602619392,99,325000000,66000,7780442112
1789955614.270534,13602619392,100,326000000,66000,7780442112
1789955615.2710495,13602619392,100,326000000,66000,7780442112
1789955616.2718415,13602619392,100,326000000,66000,7780442112
1789955617.2725308,13602619392,99,326000000,66000,7780442112
1789955618.2732594,13602619392,100,326000000,66000,7780442112
1789955619.2737994,13602586624,99,324000000,66000,7780442112
1789955620.2745087,13602586624,100,326000000,66000,7780442112
1789955621.2749887,13602586624,100,326000000,66000,7780442112
1789955622.2756464,13602586624,99,326000000,66000,7780442112
1789955623.2761378,13602598912,100,326000000,66000,7780454400
1789955624.2769496,13602598912,99,325000000,66000,7780454400
1789955625.2775543,13602598912,100,326000000,66000,7780454400
1789955626.2782743,13602598912,100,326000000,66000,7780454400
1789955627.2787676,13602635776,100,326000000,66000,7780487168
1789955628.2793431,13602631680,100,326000000,66000,7780487168
1789955629.2798471,13602598912,99,325000000,66000,7780487168
1789955630.2804086,13602598912,100,327000000,66000,7780487168
1789955631.2811666,13602598912,99,326000000,66000,7780487168
1789955632.2819722,13602598912,100,327000000,66000,7780487168
1789955633.2826824,13602619392,100,326000000,66000,7786541056
1789955634.283221,13602619392,100,326000000,66000,7786541056
1789955635.2839332,13602619392,100,327000000,66000,7786541056
1789955636.284558,13602639872,99,325000000,66000,7786561536
1789955637.2854528,13602639872,100,326000000,66000,7786561536
1789955638.285874,13602639872,100,326000000,66000,7786561536
1789955639.286551,13602639872,100,326000000,66000,7786561536
1789955640.286995,13602648064,99,325000000,66000,7786602496
1789955641.2877896,13602648064,100,327000000,66000,7786602496
1789955642.2882597,13602648064,100,326000000,66000,7786602496
1789955643.2886539,13602648064,100,327000000,66000,7786602496
1789955644.2893448,13602648064,100,325000000,66000,7786602496
1789955645.2899384,13602648064,99,325000000,66000,7786602496
1789955646.2904708,13602648064,100,326000000,66000,7786602496
1789955647.2908485,13602648064,100,326000000,66000,7786602496
1789955648.2912655,13602648064,100,326000000,66000,7786602496
1789955649.9327493,13602615296,60,221000000,64000,7786602496
1789955650.933368,13602635776,99,312000000,65000,7786622976
1789955651.9338572,13602635776,100,326000000,65000,7786622976
1789955652.934459,13602656256,100,327000000,65000,7786643456
1789955653.9352026,13602656256,100,326000000,65000,7786643456
1789955654.935651,13602656256,99,324000000,65000,7786643456
1789955655.9360776,13602656256,100,326000000,65000,7786643456
1789955656.9366333,13602656256,99,325000000,66000,7786643456
1789955657.937145,13602656256,100,324000000,65000,7786643456
1789955658.9375677,13602676736,100,326000000,66000,7786663936
1789955659.9379497,13602676736,100,326000000,66000,7786663936
1789955660.9386127,13602643968,100,327000000,66000,7786663936
1789955661.9390903,13602643968,99,317000000,66000,7786663936
1789955662.9394734,13602643968,100,327000000,66000,7786663936
1789955663.9398613,13602664448,99,326000000,66000,7789236224
1789955664.940535,13602664448,100,324000000,66000,7789236224
1789955665.941342,13602664448,100,327000000,66000,7789236224
1789955666.942046,13602664448,100,323000000,66000,7789236224
1789955667.942525,13602684928,99,326000000,66000,7789256704
1789955668.9431875,13602684928,100,324000000,66000,7789256704
1789955669.9438689,13602717696,100,327000000,66000,7789293568
1789955670.9442878,13602684928,100,326000000,66000,7789293568
1789955671.9447033,13602684928,100,326000000,66000,7789293568
1789955672.9451447,13602684928,99,326000000,66000,7789293568
1789955673.9455044,13602684928,100,325000000,66000,7789293568
1789955674.9459949,13602684928,99,325000000,66000,7789293568
1789955675.9466877,13611073536,100,324000000,66000,7789293568
1789955676.947073,13611126784,99,326000000,66000,7789350912
1789955677.9477177,13611126784,100,326000000,66000,7789350912
1789955678.9481323,13611126784,100,325000000,66000,7789350912
1789955679.9484699,13611126784,100,327000000,66000,7789350912
1789955680.9489,13611114496,100,327000000,66000,7789371392
1789955681.9493866,13611114496,100,324000000,66000,7789371392
1789955682.9499984,13611114496,99,323000000,66000,7789371392
1789955683.9505303,13611134976,100,325000000,66000,7789391872
1789955684.9511433,13611134976,100,326000000,66000,7789391872
1789955685.9515173,13611134976,100,327000000,66000,7789391872
1789955686.9520273,13611196416,99,321000000,66000,7789469696
1789955687.9525437,13611216896,100,327000000,66000,7794499584
1789955688.9529924,13611216896,100,326000000,66000,7794507776
1789955689.9537885,13611216896,100,325000000,66000,7794507776
1789955690.9543881,13611204608,99,322000000,66000,7794528256
1789955691.9549687,13611225088,100,326000000,66000,7794552832
1789955692.9557953,13611225088,99,326000000,66000,7794552832
1789955693.9563944,13611225088,100,326000000,66000,7794552832
1789955694.9569967,13611225088,100,326000000,66000,7794552832
1789955695.957479,13611266048,99,321000000,66000,7794593792
1789955696.957942,13611266048,100,326000000,66000,7794593792
1789955697.9583876,13611266048,99,324000000,66000,7794593792
1789955698.959144,13611270144,100,328000000,66000,7794593792
1789955699.9596713,13611266048,100,325000000,66000,7794593792
1789955700.9602683,13611241472,100,325000000,66000,7794593792
1789955701.9610608,13611241472,99,315000000,66000,7794593792
1789955702.9616642,13611241472,100,327000000,66000,7794593792
1789955703.9621127,13611241472,99,324000000,66000,7794593792
1789955704.9629312,13611261952,100,326000000,66000,7794618368
1789955705.9634202,13611261952,100,327000000,66000,7794618368
1789955706.9639065,13611282432,99,325000000,66000,7794638848
1789955707.964719,13611282432,100,327000000,66000,7794638848
1789955708.9651659,13611282432,100,324000000,66000,7794638848
1789955709.965797,13611278336,99,325000000,66000,7794638848
1789955710.9664745,13611335680,100,326000000,66000,7794704384
1789955711.9670103,13611315200,100,326000000,66000,7794704384
1789955713.34752,13611315200,52,204000000,64000,7794704384
1789955714.3481314,13611372544,100,325000000,65000,7794761728
1789955715.3487258,13611368448,99,325000000,65000,7794761728
1789955716.3491788,13611393024,100,326000000,65000,7794790400
1789955717.3499684,13611388928,99,325000000,65000,7794790400
1789955718.350559,13611388928,100,326000000,66000,7794790400
1789955719.3511717,13611393024,99,325000000,65000,7794790400
1789955720.3517318,13611393024,100,325000000,66000,7794790400
1789955721.3524547,13611425792,99,322000000,65000,7794831360
1789955722.359132,13611442176,100,327000000,65000,7794868224
1789955723.359691,13611442176,100,326000000,66000,7794868224
1789955724.3609824,13611442176,99,323000000,66000,7794868224
1789955725.3615966,13611442176,100,325000000,66000,7794868224
1789955726.3621233,13611474944,100,326000000,66000,7794909184
1789955727.3627021,13611515904,99,321000000,66000,7794954240
1789955728.3631797,13611515904,100,326000000,66000,7794954240
1789955729.3636894,13611515904,100,325000000,66000,7794954240
1789955730.3645175,13611515904,100,324000000,66000,7794954240
1789955731.364971,13611515904,100,326000000,66000,7794954240
1789955732.365388,13611511808,99,325000000,66000,7795023872
1789955733.3662097,13611511808,100,326000000,66000,7795023872
1789955734.366718,13611511808,99,324000000,66000,7795343360
1789955735.3673294,13611536384,100,327000000,66000,7795732480
1789955736.3677998,13611536384,100,327000000,66000,7795732480
1789955737.3683596,13611536384,100,326000000,66000,7795798016
1789955738.369017,13611556864,99,325000000,66000,7796277248
1789955739.369746,13611556864,100,326000000,66000,7796277248
1789955740.370182,13611556864,99,320000000,66000,7796277248
1789955741.3706481,13611597824,100,327000000,66000,7796592640
1789955742.3710575,13611577344,100,326000000,66000,7796592640
1789955743.3718,13611581440,100,326000000,66000,7796903936
1789955744.3725822,13611614208,99,324000000,66000,7797043200
1789955745.3732038,13611610112,100,326000000,66000,7797415936
1789955746.3739016,13611610112,100,326000000,66000,7797415936
1789955747.374519,13611630592,100,327000000,66000,7797661696
1789955748.3747902,13611630592,100,325000000,66000,7797661696
1789955749.375087,13611630592,100,327000000,66000,7797661696
1789955750.3760252,13611630592,99,325000000,66000,7797813248
1789955751.376522,13611630592,100,327000000,66000,7797850112
1789955752.3772557,13611622400,100,326000000,66000,7798308864
1789955753.3780985,13611642880,100,327000000,66000,7798579200
1789955754.3786058,13611642880,100,325000000,66000,7798599680
1789955755.3791583,13611642880,100,326000000,66000,7798599680
1789955756.379666,13611642880,99,326000000,66000,7798599680
1789955757.380123,13611642880,100,325000000,66000,7798599680
1789955758.380961,13611642880,100,326000000,65000,7798681600
1789955759.381445,13611646976,99,323000000,65000,7798681600
1789955760.3823314,13611642880,99,323000000,65000,7798697984
1789955761.3828309,13611675648,100,326000000,65000,7799238656
1789955762.3836012,13611679744,100,324000000,65000,7799238656
1789955763.3843815,13611646976,99,325000000,65000,7799238656
1789955764.3849876,13611646976,100,326000000,65000,7799238656
1789955765.385588,13611700224,100,326000000,65000,7800000512
1789955766.386252,13611720704,99,325000000,65000,7800176640
1789955767.3871245,13611720704,100,324000000,65000,7800430592
1789955768.387831,13611741184,99,326000000,65000,7800635392
1789955769.3883696,13611741184,100,326000000,65000,7800713216
1789955770.389001,13611741184,100,327000000,65000,7800713216
1789955771.3897748,13611741184,100,326000000,65000,7800713216
1789955772.3906052,13611741184,100,327000000,65000,7800852480
1789955773.391445,13611720704,100,325000000,65000,7800852480
1789955774.3921518,13611724800,99,324000000,65000,7800852480
1789955775.3926632,13611720704,100,327000000,65000,7800852480
1789955776.393288,13611753472,100,327000000,65000,7807848448
1789955777.3941538,13611753472,100,326000000,65000,7807848448
1789955778.834122,13611753472,74,259000000,65000,7807848448
1789955779.8347583,13611778048,94,310000000,64000,7808307200
1789955780.8354616,13611778048,100,324000000,65000,7808307200
1789955781.836092,13611778048,99,324000000,65000,7808307200
1789955782.836819,13611778048,100,326000000,65000,7808307200
1789955783.83759,13611761664,99,325000000,65000,7808307200
1789955784.8382726,13611761664,100,326000000,65000,7808307200
1789955785.8389714,13611761664,100,326000000,65000,7808307200
1789955786.839756,13611782144,99,326000000,65000,7808331776
1789955787.8401575,13611814912,100,326000000,65000,7808368640
1789955788.9493358,13611814912,100,326000000,65000,7808368640
1789955789.9497705,13611814912,100,326000000,65000,7808368640
1789955790.9506817,13611814912,99,323000000,65000,7808368640
1789955791.951242,13611814912,100,325000000,65000,7808368640
1789955792.9519248,13611868160,100,327000000,65000,7808425984
1789955793.9523294,13611851776,100,326000000,65000,7808425984
1789955794.952834,13611851776,100,326000000,65000,7808425984
1789955795.953301,13611892736,99,323000000,65000,7808466944
1789955796.953899,13611892736,100,326000000,65000,7808466944
1789955797.954511,13611892736,100,326000000,65000,7808466944
1789955798.9554486,13611892736,99,325000000,65000,7808466944
1789955799.9559186,13611913216,100,327000000,65000,7808499712
1789955800.9565008,13611913216,100,326000000,65000,7808499712
1789955801.9569829,13611933696,99,326000000,65000,7808524288
1789955802.9575937,13611933696,100,326000000,65000,7808524288
1789955803.9580946,13611929600,100,325000000,65000,7808544768
1789955804.9585645,13611929600,100,325000000,65000,7808544768
1789955805.9591098,13611950080,99,326000000,65000,7812780032
1789955806.9596107,13611950080,100,326000000,65000,7812780032
1789955807.960751,13611950080,100,326000000,65000,7812780032
1789955808.961232,13611950080,99,325000000,65000,7812780032
1789955809.961994,13611950080,100,326000000,65000,7812780032
1789955810.9625304,13611950080,100,326000000,66000,7812780032
1789955811.963015,13611950080,100,327000000,65000,7812780032
1789955812.963638,13611950080,100,326000000,65000,7812780032
1789955813.9644341,13611950080,99,325000000,65000,7812800512
1789955814.9649086,13611950080,100,326000000,65000,7812800512
1789955815.9654331,13611950080,100,327000000,65000,7812800512
1789955816.9659019,13611950080,100,326000000,65000,7812800512
1789955817.9664736,13611950080,100,327000000,66000,7812800512
1789955818.9672425,13611982848,100,327000000,65000,7812837376
1789955819.967849,13611982848,99,324000000,65000,7812837376
1789955820.9683678,13611982848,100,326000000,65000,7812837376
1789955821.969125,13611982848,99,323000000,65000,7812837376
1789955822.970223,13611982848,100,327000000,65000,7812837376
1789955823.9709766,13611954176,100,326000000,65000,7812837376
1789955824.9719362,13611954176,99,325000000,66000,7812837376
1789955825.9725413,13611954176,100,326000000,65000,7812837376
1789955826.9731114,13611954176,99,325000000,65000,7812837376
1789955827.9735875,13611954176,100,326000000,66000,7812837376
1789955828.9743109,13611954176,100,327000000,66000,7812837376
1789955829.9748333,13611954176,100,326000000,66000,7812837376
1789955830.9754088,13611954176,99,325000000,66000,7812837376
1789955831.976097,13611954176,100,326000000,66000,7812837376
1789955832.9767208,13611954176,100,326000000,66000,7812837376
1789955833.9773967,13611954176,100,327000000,66000,7812837376
1789955834.977872,13611954176,99,324000000,66000,7812857856
1789955835.9783866,13611950080,100,326000000,66000,7812857856
1789955836.9791834,13611950080,100,325000000,66000,7812857856
1789955837.9798763,13611950080,99,322000000,65000,7812857856
1789955838.9802594,13612003328,100,323000000,66000,7812915200
1789955839.9808376,13612003328,100,326000000,66000,7812915200
1789955840.9813712,13612003328,100,326000000,66000,7812915200
1789955841.9822013,13612023808,99,326000000,66000,7812939776
1789955842.982722,13612023808,100,327000000,66000,7812939776
1789955843.983367,13612023808,100,324000000,65000,7812939776
1789955844.9841874,13612032000,99,325000000,65000,7812960256
1789955845.984808,13612032000,100,326000000,66000,7812960256
1789955846.9853754,13612032000,100,326000000,66000,7812960256
1789955847.9860501,13612032000,100,326000000,66000,7812960256
1789955848.9868371,13612032000,34,157000000,63000,7812960256
1789955849.9873426,13612052480,99,326000000,65000,7812984832
1789955850.9878218,13612052480,100,327000000,65000,7812984832
1789955851.9886281,13612052480,100,325000000,65000,7812984832
1789955852.9891472,13612052480,100,326000000,65000,7812984832
1789955853.9899416,13612072960,100,325000000,65000,7813013504
1789955854.9904156,13612044288,99,323000000,65000,7813013504
1789955855.9911044,13612044288,100,327000000,65000,7813013504
1789955856.9916553,13612044288,99,325000000,66000,7813013504
1789955857.992362,13612044288,100,327000000,66000,7813013504
1789955858.9928734,13614141440,100,321000000,65000,7813013504
1789955859.9935606,13614141440,100,326000000,65000,7813013504
1789955860.9942198,13614141440,99,325000000,65000,7813013504
1789955861.9950116,13614141440,100,326000000,66000,7813013504
1789955862.9955206,13614141440,100,326000000,66000,7813013504
1789955863.9963431,13614141440,100,327000000,66000,7813013504
1789955864.9968832,13614108672,99,326000000,65000,7813013504
1789955865.9975607,13614108672,100,326000000,65000,7813013504
1789955866.998115,13614108672,100,326000000,66000,7813013504
1789955867.998784,13614108672,99,323000000,65000,7813013504
1789955868.9993255,13614129152,100,327000000,66000,7813038080
1789955869.999984,13614129152,100,326000000,66000,7813038080
1789955871.0003483,13614129152,100,326000000,66000,7813038080
1789955872.001089,13614129152,99,325000000,65000,7813038080
1789955873.0019796,13614129152,100,325000000,65000,7813038080
1789955874.0025327,13614149632,99,323000000,65000,7813058560
1789955875.003073,13614202880,100,326000000,66000,7813132288
1789955876.0037436,13614170112,100,327000000,66000,7813132288
1789955877.0047796,13614170112,99,315000000,65000,7813132288
1789955878.0056229,13614170112,100,327000000,66000,7813132288
1789955879.0064316,13614174208,100,325000000,66000,7813132288
1789955880.0069416,13614174208,100,327000000,66000,7813132288
1789955881.007433,13614170112,99,324000000,66000,7813132288
1789955882.0079155,13614170112,100,326000000,66000,7813132288
1789955883.0086432,13614202880,93,302000000,65000,7813165056
1789955884.00905,13614202880,100,326000000,66000,7813165056
1789955885.0097406,13614202880,100,326000000,66000,7813165056
1789955886.0101657,13614198784,100,325000000,66000,7819984896
1789955887.0106974,13614198784,100,327000000,66000,7820070912
1789955888.0113623,13614198784,100,326000000,66000,7820070912
1789955889.022743,13614198784,99,326000000,66000,7820070912
1789955890.0237548,13614198784,100,327000000,66000,7820070912
1789955891.0242767,13614198784,100,326000000,66000,7820070912
1789955892.0251594,13614198784,99,326000000,66000,7820070912
1789955893.02601,13614198784,100,325000000,66000,7820070912
1789955894.02651,13614198784,99,325000000,66000,7820070912
1789955895.027181,13614198784,100,326000000,66000,7820070912
1789955896.0276897,13614198784,100,326000000,66000,7820091392
1789955897.0284293,13614198784,99,325000000,66000,7820091392
1789955898.0291007,13614198784,100,326000000,66000,7820091392
1789955899.0296352,13614198784,99,326000000,66000,7820091392
1789955900.0802069,13614198784,99,328000000,66000,7820091392
1789955901.0806746,13614256128,99,321000000,66000,7820165120
1789955902.0813358,13614256128,100,326000000,66000,7820165120
1789955903.081721,13614256128,100,326000000,66000,7820165120
1789955904.0823689,13614256128,100,327000000,66000,7820165120
1789955905.0828981,13614256128,100,327000000,66000,7820165120
1789955906.083594,13614235648,99,325000000,66000,7820165120
1789955907.0842092,13614235648,100,327000000,66000,7820165120
1789955908.0850308,13614268416,100,327000000,66000,7820201984
1789955909.085768,13614268416,100,326000000,66000,7820201984
1789955910.0868263,13614268416,100,327000000,66000,7820201984
1789955911.0873785,13614268416,100,325000000,66000,7820201984
1789955912.0882864,13614268416,100,326000000,66000,7820201984
1789955913.0888882,13614309376,99,324000000,66000,7820242944
1789955914.0894487,13614329856,100,325000000,65000,7820271616
1789955915.0899835,13614329856,100,326000000,66000,7820271616
1789955916.6955872,13614309376,58,216000000,64000,7820275712
1789955917.696224,13614329856,100,330000000,65000,7820296192
1789955918.6966717,13614366720,100,327000000,65000,7824003072
1789955919.6976395,13614362624,100,325000000,65000,7824003072
1789955920.6984334,13614362624,99,321000000,65000,7824003072
1789955921.6989293,13614395392,100,324000000,65000,7824039936
1789955922.6995943,13614395392,99,322000000,65000,7824039936
1789955923.700035,13614395392,100,326000000,65000,7824039936
1789955924.7006698,13614395392,100,326000000,65000,7824039936
1789955925.7011425,13614395392,100,327000000,65000,7824039936
1789955926.7017577,13614395392,100,326000000,65000,7824039936
1789955927.7023609,13614395392,99,325000000,65000,7824039936
1789955928.703019,13614395392,100,326000000,65000,7824039936
1789955929.703959,13614395392,100,324000000,65000,7824039936
1789955930.7045808,13614395392,99,324000000,65000,7824039936
1789955931.7051551,13614395392,100,325000000,65000,7824039936
1789955932.7060108,13614395392,100,326000000,65000,7824039936
1789955933.7068155,13614428160,100,327000000,65000,7824072704
1789955934.707379,13614460928,100,327000000,65000,7824109568
1789955935.7079332,13614460928,99,323000000,65000,7824109568
1789955936.7086563,13614460928,100,325000000,65000,7824109568
1789955937.7091527,13614460928,100,326000000,65000,7824109568
1789955938.710109,13614481408,99,325000000,65000,7824130048
1789955939.7106125,13614481408,100,327000000,65000,7824130048
1789955940.7117596,13614481408,100,321000000,65000,7824130048
1789955941.7124374,13614481408,99,321000000,65000,7824130048
1789955942.7128477,13614514176,100,326000000,65000,7824171008
1789955943.7134945,13614514176,99,325000000,65000,7824171008
1789955944.7142327,13614514176,100,325000000,65000,7824171008
1789955945.714856,13614534656,99,325000000,65000,7824285696
1789955946.7153482,13614534656,100,327000000,65000,7824285696
1789955947.715717,13614534656,100,326000000,65000,7824285696
1789955948.7169251,13614534656,100,326000000,65000,7824285696
1789955949.717726,13614559232,100,326000000,65000,7824375808
1789955950.7182446,13614555136,100,326000000,65000,7824375808
1789955951.7187538,13614575616,99,325000000,65000,7824400384
1789955952.7193258,13614575616,100,328000000,65000,7824400384
1789955953.7198434,13614575616,100,325000000,65000,7824400384
1789955954.7204194,13614575616,100,325000000,65000,7824400384
1789955955.7209322,13614575616,100,326000000,65000,7824400384
1789955956.7219222,13614608384,99,325000000,65000,7824441344
1789955957.7225204,13614608384,100,326000000,65000,7824441344
1789955958.7233589,13614628864,100,326000000,65000,7824461824
1789955959.7240815,13614628864,99,326000000,65000,7824461824
1789955960.725042,13614628864,100,326000000,65000,7824461824
1789955961.7257183,13614632960,100,326000000,65000,7824461824
1789955962.7261765,13614628864,100,327000000,65000,7824461824
1789955963.7270486,13614628864,100,325000000,65000,7824461824
1789955964.7279022,13614628864,100,326000000,65000,7824461824
1789955965.7283847,13614628864,99,325000000,65000,7824461824
1789955966.728772,13614628864,100,326000000,65000,7824461824
1789955967.7291946,13614628864,99,320000000,65000,7824461824
1789955968.729646,13614649344,100,327000000,65000,7824490496
1789955969.7701714,13614649344,100,326000000,65000,7824490496
1789955970.77091,13614649344,100,326000000,65000,7824490496
1789955971.7715125,13614649344,99,326000000,65000,7824490496
1789955972.7721677,13614649344,100,326000000,65000,7824490496
1789955973.7728,13614649344,100,327000000,65000,7824490496
1789955974.7733212,13614669824,100,326000000,65000,7824510976
1789955975.7737668,13614669824,100,326000000,65000,7824510976
1789955976.7742624,13614669824,99,325000000,65000,7824510976
1789955977.7749207,13614702592,100,326000000,65000,7824805888
1789955978.7757251,13614702592,100,326000000,65000,7824809984
1789955979.7761893,13614702592,99,325000000,65000,7824809984
1789955980.7769077,13614735360,100,326000000,65000,7831023616
1789955981.7772872,13614755840,100,326000000,65000,7829143552
1789955982.7779365,13614755840,100,327000000,65000,7829143552
1789955983.7786014,13614755840,99,318000000,65000,7829143552
1789955984.7793148,13614755840,100,327000000,65000,7829143552
1789955985.7797387,13614755840,100,326000000,65000,7829143552
1789955986.7805076,13614776320,99,325000000,65000,7829164032
1789955987.7810473,13614776320,100,327000000,65000,7829164032
1789955988.7817152,13614776320,100,325000000,65000,7829164032
1789955990.4070005,13614776320,61,226000000,64000,7829164032
1789955991.4074955,13614776320,99,323000000,65000,7829164032
1789955992.4078882,13614776320,99,324000000,65000,7829164032
1789955993.40865,13614780416,100,327000000,65000,7829164032
1789955994.4090815,13614780416,100,326000000,65000,7829164032
1789955995.4098606,13614776320,100,326000000,65000,7829164032
1789955996.4104705,13614776320,100,326000000,65000,7829164032
1789955997.4109957,13614776320,100,327000000,65000,7829164032
1789955998.4116752,13614780416,100,325000000,65000,7829164032
1789955999.4125144,13614776320,99,322000000,65000,7829164032
1789956000.4131103,13614776320,100,326000000,65000,7829164032
1789956001.4137642,13614776320,100,327000000,65000,7829176320
1789956002.4142725,13614776320,100,326000000,65000,7829176320
1789956003.4148724,13614796800,100,324000000,65000,7829196800
1789956004.415641,13614796800,99,325000000,65000,7829196800
1789956005.4161315,13614796800,100,327000000,65000,7829196800
1789956006.4168594,13614796800,100,326000000,65000,7829196800
1789956007.4173937,13614796800,99,325000000,65000,7829196800
1789956008.4180899,13614821376,100,326000000,66000,7829221376
1789956009.4186587,13614821376,99,321000000,65000,7829221376
1789956010.4191537,13614821376,100,326000000,66000,7829221376
1789956011.4199038,13614841856,100,324000000,65000,7829241856
1789956012.4204338,13614837760,100,326000000,65000,7829241856
1789956013.4212186,13614837760,99,324000000,65000,7829241856
1789956014.4217563,13614841856,100,327000000,65000,7829241856
1789956015.4222457,13614837760,100,326000000,65000,7829241856
1789956016.4229097,13614870528,99,325000000,65000,7834791936
1789956017.423872,13614870528,100,327000000,65000,7834791936
1789956018.4246657,13614903296,100,327000000,66000,7834828800
1789956019.4251866,13614903296,100,326000000,66000,7834828800
1789956020.4257965,13614903296,100,325000000,66000,7834828800
1789956021.4265265,13614903296,100,327000000,66000,7834828800
1789956022.541485,13614903296,99,325000000,66000,7834828800
1789956023.542104,13614903296,100,326000000,66000,7834828800
1789956024.5427737,13614903296,100,325000000,66000,7834828800
1789956025.5433445,13614903296,100,325000000,66000,7834828800
1789956026.5441308,13614903296,100,327000000,65000,7834828800
1789956027.5448773,13614936064,99,325000000,65000,7834861568
1789956028.545873,13614936064,99,325000000,65000,7834861568
1789956029.5464323,13614989312,99,326000000,65000,7834918912
1789956030.547235,13614989312,100,326000000,65000,7834918912
1789956031.547771,13614989312,100,323000000,65000,7834918912
1789956032.548713,13614989312,99,325000000,66000,7834918912
1789956033.5494664,13614989312,100,327000000,66000,7834918912
1789956034.5500817,13615009792,100,326000000,66000,7834947584
1789956035.5508873,13615009792,100,326000000,66000,7834947584
1789956036.551241,13615009792,99,321000000,65000,7834947584
1789956037.5517292,13615009792,100,326000000,65000,7834947584
1789956038.5522983,13615009792,99,326000000,65000,7834947584
1789956039.5528762,13615009792,100,326000000,66000,7834947584
1789956040.701567,13615042560,100,326000000,66000,7834984448
1789956041.7023208,13615042560,99,322000000,65000,7834984448
1789956042.7030337,13615046656,100,326000000,66000,7834984448
1789956043.7035682,13615046656,100,327000000,66000,7834984448
1789956044.704166,13615042560,100,325000000,66000,7834984448
1789956045.704789,13615042560,99,324000000,66000,7834984448
1789956046.7054937,13615042560,100,327000000,66000,7834984448
1789956047.706027,13615042560,99,325000000,66000,7834984448
1789956048.7065513,13615042560,100,321000000,66000,7834984448
1789956049.7072136,13615042560,99,325000000,66000,7834984448
1789956050.7076979,13615042560,99,322000000,65000,7834984448
1789956051.7083373,13615042560,100,327000000,66000,7834984448
1789956052.708873,13615046656,99,315000000,65000,7834984448
1789956053.709797,13615042560,40,169000000,64000,7834984448
1789956054.710565,13615042560,99,331000000,65000,7834984448
1789956055.711327,13615042560,99,321000000,65000,7834984448
1789956056.7117128,13615075328,99,327000000,65000,7835021312
1789956057.7125049,13615075328,100,325000000,65000,7835021312
1789956058.7133143,13615075328,100,326000000,65000,7835021312
1789956059.7141712,13615075328,100,327000000,66000,7835021312
1789956060.7148316,13615075328,100,326000000,65000,7835021312
1789956061.7152154,13615075328,99,322000000,65000,7835021312
1789956062.715784,13615075328,100,326000000,66000,7835021312
1789956063.716532,13615075328,100,327000000,66000,7835021312
1789956064.7172556,13615075328,100,326000000,66000,7835021312
1789956065.7177923,13615075328,100,327000000,66000,7835021312
1789956066.718201,13615095808,99,324000000,65000,7835049984
1789956067.7188756,13615095808,100,324000000,65000,7835049984
1789956068.7198017,13615095808,100,326000000,65000,7835049984
1789956069.7204475,13615095808,99,324000000,65000,7835049984
1789956070.7211273,13615095808,100,327000000,65000,7835049984
1789956071.838817,13615095808,100,325000000,65000,7835049984
1789956072.8394544,13615095808,99,326000000,65000,7835049984
1789956073.8401148,13615095808,100,326000000,65000,7835049984
1789956074.841116,13615116288,100,325000000,65000,7835074560
1789956075.8417137,13615116288,99,325000000,65000,7835074560
1789956076.8425515,13615116288,100,326000000,65000,7835074560
1789956077.8432202,13615116288,99,321000000,65000,7835074560
1789956078.843907,13615116288,100,327000000,65000,7835074560
1789956079.844692,13615116288,99,325000000,65000,7835074560
1789956080.8452199,13615116288,100,325000000,65000,7835074560
1789956081.8459864,13615116288,99,326000000,65000,7835074560
1789956082.8467982,13615136768,100,326000000,65000,7835095040
1789956083.8473525,13615136768,100,326000000,65000,7835095040
1789956084.8481195,13615136768,100,326000000,65000,7835095040
1789956085.848695,13615136768,99,323000000,65000,7835095040
1789956086.849159,13615136768,99,324000000,65000,7835095040
1789956087.8497794,13615136768,100,326000000,65000,7835095040
1789956088.8504128,13615177728,100,326000000,65000,7835144192
1789956089.8511295,13615177728,100,326000000,65000,7835144192
1789956090.8517706,13615177728,100,325000000,65000,7835144192
1789956091.8524516,13615177728,99,325000000,65000,7835144192
1789956092.8532543,13615177728,100,327000000,65000,7835144192
1789956093.853919,13615177728,100,326000000,65000,7835144192
1789956094.8544106,13615198208,100,326000000,65000,7835168768
1789956095.8549006,13615198208,99,321000000,65000,7835168768
1789956096.8554275,13615198208,99,322000000,65000,7835168768
1789956097.8560057,13615198208,100,326000000,65000,7835168768
1789956098.8569076,13615198208,99,323000000,65000,7835168768
1789956099.8577232,13615198208,100,326000000,65000,7835168768
1789956100.8582213,13615198208,99,326000000,65000,7835168768
1789956101.8588583,13615198208,100,326000000,65000,7835168768
1789956102.8594472,13615198208,100,327000000,65000,7835168768
1789956103.8599606,13615198208,100,325000000,65000,7835168768
1789956104.8608606,13615218688,100,325000000,65000,7835193344
1789956105.8617008,13615218688,99,325000000,65000,7835193344
1789956106.8621826,13615263744,100,326000000,65000,7835582464
1789956107.8627596,13615259648,100,327000000,65000,7836008448
1789956108.8632972,13615259648,100,325000000,65000,7836008448
1789956109.8642588,13615259648,100,326000000,65000,7836008448
1789956110.8650517,13615263744,99,325000000,65000,7836008448
1789956111.86583,13615263744,100,327000000,65000,7836008448
1789956112.8663356,13615263744,100,325000000,65000,7836008448
1789956113.8668761,13615259648,100,326000000,65000,7836008448
1789956114.8678374,13615259648,99,326000000,65000,7836008448
1789956115.8686566,13615259648,100,326000000,65000,7836008448
1789956116.8696263,13615259648,37,159000000,63000,7836008448
1789956117.8705692,13615300608,100,332000000,64000,7836717056
1789956118.8712087,13615300608,100,326000000,65000,7836717056
1789956119.8717053,13615300608,99,326000000,65000,7836717056
1789956120.872191,13615300608,100,326000000,65000,7836717056
1789956121.8727272,13615321088,100,326000000,65000,7836786688
1789956122.8732867,13615321088,100,327000000,65000,7837175808
1789956123.8738728,13615321088,100,326000000,65000,7837175808
1789956124.8746922,13615321088,100,327000000,65000,7837175808
1789956125.8752186,13615321088,99,325000000,65000,7837179904
1789956126.8757434,13615321088,100,326000000,65000,7837208576
1789956127.8762813,13615321088,100,326000000,65000,7837212672
1789956128.8768358,13615321088,100,327000000,65000,7837212672
1789956129.8774884,13615321088,100,327000000,65000,7837212672
1789956130.877999,13615321088,100,326000000,65000,7837212672
1789956131.878473,13615333376,99,325000000,65000,7837229056
1789956132.9731083,13615333376,100,326000000,65000,7837425664
1789956133.9738965,13615333376,100,324000000,65000,7837515776
1789956134.9745808,13615333376,99,323000000,65000,7837515776
1789956135.9751093,13615333376,100,326000000,65000,7837515776
1789956136.9759197,13615333376,100,325000000,65000,7837515776
1789956137.976627,13615386624,99,326000000,65000,7838457856
1789956138.9771545,13615386624,100,326000000,65000,7838457856
1789956139.9777372,13615386624,100,326000000,65000,7838818304
1789956140.9783938,13615419392,99,325000000,65000,7839154176
1789956141.9790454,13615419392,100,327000000,65000,7839293440
1789956142.9795837,13615460352,100,324000000,65000,7839780864
1789956143.9801397,13615460352,99,325000000,65000,7839780864
1789956144.9806361,13615460352,100,326000000,65000,7839780864
1789956145.9816897,13615460352,100,326000000,65000,7839780864
1789956146.982268,13615460352,99,326000000,65000,7839965184
1789956147.9828932,13615460352,100,326000000,65000,7840014336
1789956148.9836729,13615460352,100,325000000,65000,7840014336
1789956149.9842393,13615480832,100,326000000,65000,7840628736
1789956150.9850223,13615480832,99,324000000,65000,7840628736
1789956151.9856033,13615501312,100,326000000,65000,7840768000
1789956152.9864118,13615501312,100,326000000,65000,7840768000
1789956153.987207,13615501312,100,325000000,65000,7840768000
1789956154.9877431,13615521792,99,325000000,65000,7841050624
1789956155.9882462,13615521792,100,327000000,65000,7841472512
1789956156.9886937,13615521792,100,325000000,65000,7841472512
1789956157.9896197,13615521792,99,325000000,65000,7841472512
1789956158.9899974,13615521792,99,322000000,65000,7841472512
1789956159.9904902,13615521792,100,326000000,65000,7841472512
1789956160.9912586,13615521792,99,324000000,65000,7841472512
1789956161.9917033,13615521792,100,327000000,65000,7841472512
1789956162.9924455,13615521792,99,323000000,65000,7841472512
1789956163.9930432,13615542272,100,327000000,65000,7841660928
1789956164.9934814,13615542272,100,326000000,65000,7841660928
1789956165.994071,13615542272,100,325000000,65000,7841660928
1789956166.9945493,13615542272,100,326000000,65000,7841660928
1789956167.9952295,13615542272,99,323000000,65000,7841660928
1789956168.995829,13615542272,99,321000000,65000,7841660928
1789956169.9964693,13615542272,100,326000000,65000,7841796096
1789956170.9972854,13615575040,100,327000000,65000,7842459648
1789956171.997875,13615595520,99,323000000,65000,7842779136
1789956172.9983835,13615595520,100,326000000,66000,7842779136
1789956173.9991663,13615595520,99,326000000,65000,7842779136
1789956174.9998808,13615595520,100,326000000,66000,7842807808
1789956176.00041,13615595520,99,325000000,65000,7842807808
1789956177.001175,13615595520,100,326000000,65000,7842885632
1789956178.0017838,13615595520,100,326000000,66000,7842885632
1789956179.0027049,13615595520,100,325000000,66000,7842885632
1789956180.0032184,13615595520,100,327000000,66000,7842885632
1789956181.003996,13615595520,99,326000000,66000,7842885632
1789956182.004344,13615595520,100,326000000,66000,7842885632
1789956183.0050442,13615616000,100,327000000,65000,7842910208
1789956184.0056474,13615616000,100,326000000,66000,7843323904
1789956185.0061748,13615616000,100,327000000,66000,7843323904
1789956186.0067325,13615648768,100,326000000,66000,7843508224
1789956187.007223,13615648768,100,327000000,66000,7843676160
1789956188.0078528,13615652864,99,325000000,66000,7843676160
1789956189.0084975,13615652864,38,163000000,64000,7843676160
1789956190.0093696,13615673344,99,321000000,65000,7843954688
1789956191.0103567,13615669248,100,321000000,65000,7844163584
1789956192.010838,13615669248,99,324000000,65000,7844163584
1789956193.0114136,13615669248,100,327000000,65000,7844257792
1789956194.011919,13615669248,100,326000000,65000,7844257792
1789956195.012769,13615689728,99,325000000,65000,7844491264
1789956196.0134847,13615689728,100,327000000,65000,7844491264
1789956197.0139549,13615689728,100,327000000,65000,7844491264
1789956198.0145292,13615710208,100,325000000,65000,7844667392
1789956199.015354,13615710208,100,326000000,65000,7844724736
1789956200.015983,13615730688,100,327000000,65000,7845441536
1789956201.0166051,13615730688,99,325000000,65000,7845441536
1789956202.0173028,13615730688,100,326000000,65000,7845441536
1789956203.017854,13615730688,100,326000000,65000,7845441536
1789956204.0185006,13615730688,100,326000000,65000,7845441536
1789956205.0191975,13615730688,100,326000000,65000,7845453824
1789956206.019697,13615730688,99,326000000,65000,7845453824
1789956207.0203793,13615730688,100,326000000,65000,7845453824
1789956208.0209591,13615730688,100,326000000,65000,7845453824
1789956209.0217087,13615730688,99,324000000,65000,7845453824
1789956210.0221772,13615779840,99,324000000,65000,7852339200
1789956211.022721,13615779840,100,327000000,65000,7852441600
1789956212.0232594,13615783936,100,326000000,65000,7852441600
1789956213.0238042,13615783936,100,327000000,65000,7852441600
1789956214.0243082,13615783936,100,325000000,65000,7852441600
1789956215.0249834,13615788032,99,325000000,65000,7852441600
1789956216.0255256,13615783936,99,313000000,65000,7852441600
1789956217.0263143,13615804416,100,327000000,65000,7852466176
1789956218.0268536,13615804416,100,326000000,65000,7852466176
1789956219.0275302,13615808512,100,326000000,65000,7852466176
1789956220.0280702,13615808512,100,326000000,65000,7852466176
1789956221.0287929,13615824896,99,325000000,65000,7852486656
1789956222.0296526,13615824896,94,296000000,65000,7852539904
1789956223.0305204,13615824896,100,332000000,65000,7852539904
1789956224.0310118,13615865856,100,324000000,65000,7852593152
1789956225.0317035,13615865856,100,326000000,65000,7852593152
1789956226.0323875,13615865856,100,326000000,65000,7852593152
1789956227.0331962,13615865856,99,318000000,65000,7852593152
1789956228.0337112,13615886336,100,326000000,65000,7852613632
1789956229.0343215,13615886336,100,326000000,65000,7852613632
1789956230.0347266,13615939584,99,325000000,65000,7852679168
1789956231.0352974,13615939584,100,326000000,65000,7852687360
1789956232.1525552,13615939584,100,326000000,65000,7852687360
1789956233.1534538,13615951872,100,326000000,65000,7852707840
1789956234.1541202,13615951872,99,326000000,65000,7852707840
1789956235.154672,13615951872,100,326000000,65000,7852711936
1789956236.1554086,13615951872,99,323000000,65000,7852711936
1789956237.1560857,13615951872,100,327000000,65000,7852711936
1789956238.1566722,13615951872,100,327000000,65000,7852711936
1789956239.157419,13615951872,100,326000000,65000,7852711936
1789956240.1579983,13615951872,100,326000000,65000,7852716032
1789956241.1585696,13615984640,99,326000000,65000,7852752896
1789956242.1592886,13616005120,100,326000000,65000,7852777472
1789956243.1598945,13616025600,100,326000000,65000,7852797952
1789956244.1605716,13616025600,99,325000000,65000,7852797952
1789956245.1610694,13616050176,100,326000000,65000,7852818432
1789956246.161697,13616050176,100,326000000,65000,7852818432
1789956247.1623235,13616046080,100,327000000,65000,7852818432
1789956248.163057,13616078848,100,326000000,65000,7852871680
1789956249.1635303,13616078848,100,326000000,65000,7852871680
1789956250.1640656,13616078848,100,328000000,65000,7852871680
1789956251.1646113,13616078848,99,324000000,65000,7853072384
1789956252.1650865,13616078848,100,326000000,65000,7853072384
1789956253.165658,13616078848,100,326000000,65000,7853072384
1789956254.1665113,13616078848,100,323000000,65000,7853076480
1789956255.1670067,13616078848,100,326000000,65000,7853080576
1789956256.1676772,13616078848,99,323000000,65000,7853096960
1789956257.1685011,13616078848,100,326000000,65000,7853105152
1789956258.307134,13616078848,50,198000000,64000,7853129728
1789956259.3078077,13616078848,100,330000000,64000,7853129728
1789956260.3084736,13616099328,100,327000000,65000,7853256704
1789956261.3090024,13616099328,100,326000000,65000,7853256704
1789956262.3099165,13616099328,99,320000000,65000,7853256704
1789956263.3105521,13616099328,100,326000000,65000,7853256704
1789956264.3110483,13616132096,99,325000000,65000,7853375488
1789956265.3119247,13616132096,100,326000000,65000,7853375488
1789956266.3124206,13616132096,100,327000000,65000,7853375488
1789956267.3130152,13616164864,100,327000000,65000,7853719552
1789956268.3137317,13616164864,100,326000000,65000,7853744128
1789956269.3145776,13616185344,99,321000000,65000,7854039040
1789956270.3152535,13616185344,100,326000000,65000,7854202880
1789956271.3157263,13616189440,100,327000000,65000,7854202880
1789956272.3163176,13616189440,100,326000000,65000,7854202880
1789956273.317041,13616185344,100,327000000,65000,7854202880
1789956274.3179708,13616226304,99,326000000,65000,7854682112
1789956275.3185813,13616226304,100,326000000,65000,7854682112
1789956276.3193498,13616226304,100,325000000,65000,7854829568
1789956277.3202193,13616226304,99,321000000,65000,7854829568
1789956278.321335,13616226304,99,324000000,65000,7854829568
1789956279.3221333,13616226304,100,326000000,65000,7854829568
1789956280.3227177,13616226304,99,322000000,65000,7854829568
1789956281.3233984,13616279552,100,326000000,65000,7855198208
1789956282.3242621,13616279552,100,326000000,66000,7855710208
1789956283.324988,13616279552,99,325000000,65000,7855710208
1789956284.325454,13616279552,100,326000000,65000,7855710208
1789956285.32625,13616279552,100,326000000,65000,7855710208
1789956286.3269007,13616279552,99,326000000,65000,7855710208
1789956287.3274515,13616279552,100,325000000,65000,7855710208
1789956288.3279042,13616279552,99,323000000,65000,7855710208
1789956289.328678,13616279552,100,326000000,65000,7855726592
1789956290.3293617,13616279552,100,326000000,66000,7855927296
1789956291.3298967,13616279552,100,327000000,66000,7855927296
1789956292.330281,13616279552,100,326000000,66000,7855927296
1789956293.3309076,13616279552,99,325000000,65000,7855927296
1789956294.331333,13616312320,100,326000000,65000,7862968320
1789956295.3319066,13616312320,100,326000000,66000,7862968320
1789956296.332781,13616312320,100,323000000,66000,7862968320
1789956297.3333626,13616312320,99,323000000,66000,7862968320
1789956298.3339243,13616345088,100,328000000,66000,7864483840
1789956299.334656,13616345088,100,326000000,66000,7864483840
1789956300.335221,13616345088,100,327000000,66000,7864483840
1789956301.3357198,13616345088,99,321000000,65000,7864483840
1789956302.336346,13616377856,100,326000000,65000,7864520704
1789956303.3371282,13616377856,99,324000000,65000,7864520704
1789956304.3376038,13616377856,100,324000000,65000,7864520704
1789956305.3382113,13616422912,100,327000000,65000,7864565760
1789956306.338845,13616418816,100,326000000,65000,7864565760
1789956307.3393543,13616451584,99,323000000,65000,7864602624
1789956308.3401852,13616451584,100,326000000,66000,7864602624
1789956309.34081,13616451584,100,326000000,66000,7864602624
1789956310.3413107,13616451584,99,322000000,65000,7864602624
1789956311.3418715,13616451584,100,326000000,65000,7864602624
1789956312.3424585,13616451584,99,324000000,66000,7864602624
1789956313.343245,13616451584,100,326000000,65000,7864602624
1789956314.343913,13616451584,99,321000000,65000,7864602624
1789956315.3445501,13616451584,100,326000000,65000,7864602624
1789956316.3450162,13616472064,99,323000000,65000,7864623104
1789956317.3456469,13616472064,100,325000000,65000,7864623104
1789956318.7827332,13616472064,53,206000000,64000,7864623104
1789956319.7837098,13616504832,99,328000000,65000,7864659968
1789956320.7842171,13616508928,100,327000000,65000,7864659968
1789956321.78471,13616529408,100,326000000,65000,7864680448
1789956322.7856057,13616529408,99,322000000,65000,7864680448
1789956323.786127,13616525312,100,327000000,65000,7864680448
1789956324.786878,13616545792,100,326000000,65000,7864700928
1789956325.787562,13616549888,99,325000000,65000,7864700928
1789956326.788131,13616545792,100,324000000,65000,7864750080
1789956327.788906,13616566272,100,327000000,65000,7864774656
1789956328.7895815,13616566272,99,324000000,65000,7864774656
1789956329.7900562,13616566272,100,326000000,65000,7864774656
1789956330.7907624,13616566272,100,326000000,65000,7864774656
1789956331.7913585,13616599040,99,326000000,66000,7864811520
1789956332.792037,13616599040,100,325000000,66000,7864811520
1789956333.7927153,13616599040,100,327000000,66000,7864811520
1789956334.793602,13616619520,100,326000000,66000,7864832000
1789956335.7942114,13616640000,100,326000000,66000,7864852480
1789956336.794819,13616672768,99,325000000,66000,7864893440
1789956337.7953923,13616672768,100,326000000,66000,7864893440
1789956338.795918,13616672768,100,326000000,66000,7864893440
1789956339.7964745,13616672768,100,326000000,66000,7864893440
1789956340.7969797,13616676864,100,327000000,66000,7864893440
1789956341.7975235,13616672768,99,322000000,66000,7864893440
1789956342.7982898,13616672768,100,327000000,66000,7864893440
1789956343.799039,13616672768,100,326000000,66000,7864893440
1789956344.7996306,13616672768,99,326000000,66000,7864893440
1789956345.800323,13616672768,100,325000000,66000,7864893440
1789956346.8011103,13616672768,99,323000000,66000,7864893440
1789956347.8016424,13616672768,100,327000000,66000,7864893440
1789956348.802113,13616705536,99,323000000,66000,7864934400
1789956349.8026183,13616705536,100,326000000,66000,7864934400
1789956350.803685,13616705536,100,327000000,66000,7864934400
1789956351.804554,13616705536,100,326000000,66000,7864934400
1789956352.8053586,13616705536,100,327000000,66000,7864934400
1789956353.8061383,13616726016,100,326000000,66000,7864954880
1789956354.8067808,13616726016,100,326000000,66000,7864954880
1789956355.8074348,13616726016,99,325000000,66000,7864954880
1789956356.8079295,13616726016,100,326000000,66000,7864954880
1789956357.8086975,13616726016,100,326000000,66000,7864954880
1789956358.8093817,13616726016,99,325000000,66000,7864954880
1789956359.8098428,13616746496,100,326000000,66000,7865282560
1789956360.8105717,13616746496,100,327000000,66000,7865282560
1789956361.81113,13616746496,99,325000000,66000,7865282560
1789956362.811824,13616766976,100,326000000,66000,7865638912
1789956363.8123906,13616799744,100,327000000,66000,7865942016
1789956364.8129432,13616799744,100,325000000,66000,7866167296
1789956365.813664,13616799744,99,324000000,66000,7866167296
1789956366.8141487,13616799744,100,326000000,66000,7866167296
1789956367.81475,13616799744,100,326000000,66000,7866167296
1789956368.8156013,13616824320,100,326000000,66000,7866482688
1789956369.8161204,13616824320,100,328000000,66000,7866695680
1789956370.8166802,13616820224,100,325000000,66000,7866695680
1789956371.8172169,13616820224,100,327000000,66000,7866695680
1789956372.8180027,13616840704,99,325000000,66000,7866871808
1789956373.8185449,13616840704,100,327000000,66000,7866871808
1789956374.8191342,13616861184,100,326000000,66000,7867424768
1789956375.8196483,13616861184,100,326000000,66000,7867424768
1789956376.820311,13616881664,99,326000000,66000,7873974272
1789956377.8211758,13616881664,100,325000000,66000,7874076672
1789956378.8216834,13616881664,100,327000000,66000,7874076672
1789956379.822338,13616881664,100,325000000,66000,7874076672
1789956380.8230877,13616881664,100,326000000,66000,7874076672
1789956381.8237157,13616914432,99,326000000,66000,7874113536
1789956382.8243117,13616914432,100,326000000,66000,7874113536
1789956383.8251503,13616914432,100,325000000,66000,7874113536
1789956384.8256266,13616914432,100,327000000,66000,7874113536
1789956385.826597,13616951296,100,326000000,66000,7874146304
1789956386.8273547,13616947200,100,326000000,66000,7874146304
1789956387.8281515,13617000448,99,325000000,66000,7876190208
1789956388.8290942,13617000448,100,326000000,66000,7876190208
1789956389.8297415,13617000448,100,326000000,66000,7876190208
1789956390.8305202,13617020928,100,325000000,66000,7876214784
1789956391.8309948,13617041408,99,326000000,66000,7876235264
1789956392.8316739,13617041408,100,326000000,66000,7876235264
1789956393.8321671,13617074176,100,326000000,66000,7876272128
1789956394.8328466,13617074176,100,326000000,66000,7876272128
1789956395.8336535,13617074176,100,327000000,66000,7876272128
1789956397.3100297,13617074176,56,210000000,64000,7876272128
1789956398.3111334,13617074176,100,332000000,65000,7876272128
1789956399.3119426,13617074176,100,325000000,66000,7876272128
1789956400.3126428,13617074176,100,326000000,66000,7876272128
1789956401.3133657,13617074176,100,326000000,66000,7876272128
1789956402.3161025,13617074176,99,325000000,66000,7876272128
1789956403.316755,13617127424,99,326000000,66000,7879348224
1789956404.317192,13617127424,100,327000000,66000,7879348224
1789956405.3177977,13617127424,100,326000000,66000,7879348224
1789956406.3183126,13617127424,100,326000000,66000,7879348224
1789956407.3190022,13617127424,100,327000000,66000,7879348224
1789956408.3196507,13617127424,99,324000000,66000,7879348224
1789956409.3200784,13617147904,100,326000000,66000,7879368704
1789956410.3207324,13617147904,100,327000000,66000,7879368704
1789956411.3212554,13617201152,100,326000000,66000,7879426048
1789956412.3217652,13617201152,100,326000000,66000,7879426048
1789956413.3222826,13617201152,100,326000000,66000,7879426048
1789956414.3228471,13617201152,99,319000000,66000,7879426048
1789956415.3232644,13617201152,100,326000000,66000,7879426048
1789956416.3237073,13617201152,99,322000000,66000,7879426048
1789956417.3241584,13617233920,100,327000000,66000,7879462912
1789956418.3249135,13617233920,100,326000000,66000,7879462912
1789956419.3255723,13617233920,99,325000000,66000,7879462912
1789956420.3261526,13617233920,100,326000000,66000,7879462912
1789956421.3265243,13617287168,100,327000000,66000,7879524352
1789956422.3269422,13617287168,99,325000000,66000,7879524352
1789956423.3274188,13617287168,100,326000000,66000,7879524352
1789956424.3279524,13617287168,100,326000000,66000,7879524352
1789956425.3283348,13617287168,100,326000000,66000,7879524352
1789956426.3288887,13617287168,100,328000000,66000,7879524352
1789956427.3293817,13617287168,100,325000000,66000,7879524352
1789956428.3300292,13617287168,99,325000000,66000,7879524352
1789956429.330794,13617287168,100,327000000,66000,7879524352
1789956430.3314643,13617340416,99,322000000,66000,7879589888
1789956431.332033,13617340416,100,326000000,66000,7879589888
1789956432.3329005,13617340416,100,328000000,66000,7879589888
1789956433.333472,13617340416,100,326000000,66000,7879589888
1789956434.3339708,13617340416,100,325000000,66000,7879589888
1789956435.334666,13617340416,100,326000000,66000,7879589888
1789956436.3355606,13617340416,100,326000000,66000,7879589888
1789956437.3361752,13617340416,100,327000000,66000,7879589888
1789956438.5134807,13617340416,99,325000000,66000,7879589888
1789956439.5141609,13617340416,100,326000000,66000,7879589888
1789956440.5150714,13617340416,100,326000000,66000,7879589888
1789956441.515432,13617360896,100,326000000,66000,7879610368
1789956442.516028,13617360896,100,327000000,66000,7879610368
1789956443.5165613,13617360896,100,326000000,66000,7879610368
1789956444.5169988,13617360896,99,322000000,66000,7879610368
1789956445.5173798,13617360896,99,323000000,66000,7879610368
1789956446.517929,13617393664,100,327000000,66000,7879651328
1789956447.5188806,13617393664,100,325000000,66000,7879651328
1789956448.5198746,13617393664,100,326000000,66000,7879651328
1789956449.520355,13617393664,99,326000000,66000,7879651328
1789956450.520883,13617393664,100,326000000,66000,7879651328
1789956451.5214157,13617393664,100,327000000,66000,7879651328
1789956452.52212,13617393664,99,325000000,66000,7879651328
1789956453.5228446,13617393664,100,326000000,66000,7879651328
1789956454.5239365,13617434624,99,323000000,66000,7879700480
1789956455.524747,13617455104,100,328000000,66000,7879720960
1789956456.525499,13617455104,100,326000000,66000,7879720960
1789956457.5260823,13617455104,100,326000000,66000,7879720960
1789956458.526566,13617455104,100,327000000,66000,7879720960
1789956459.5272064,13617455104,100,328000000,66000,7879720960
1789956460.5276082,13617487872,99,318000000,66000,7879766016
1789956461.5281167,13617487872,100,325000000,66000,7880101888
1789956462.5286875,13617487872,100,328000000,66000,7880105984
1789956463.5291784,13617508352,100,324000000,66000,7880130560
1789956464.5299115,13617508352,100,326000000,66000,7880278016
1789956465.5305526,13617508352,99,326000000,66000,7880364032
1789956466.5310814,13617528832,100,326000000,66000,7887646720
1789956467.531764,13617528832,100,326000000,66000,7887646720
1789956468.5322273,13617561600,99,325000000,66000,7887679488
1789956469.5328712,13617561600,100,326000000,66000,7887679488
1789956470.533885,13617561600,99,324000000,66000,7887679488
1789956471.534565,13617561600,100,323000000,66000,7887679488
1789956472.5350623,13617561600,34,160000000,64000,7887679488
1789956473.5355096,13617582080,99,324000000,65000,7887704064
1789956474.6581314,13617623040,100,327000000,66000,7887745024
1789956475.6587653,13617623040,99,325000000,66000,7887745024
1789956476.6595817,13617623040,100,326000000,66000,7887745024
1789956477.660341,13617623040,99,320000000,66000,7887745024
1789956478.6608706,13617623040,100,328000000,66000,7887745024
1789956479.6614535,13617623040,100,326000000,66000,7887745024
1789956480.6620839,13617623040,99,322000000,66000,7887745024
1789956481.6630235,13617623040,99,324000000,66000,7887745024
1789956482.6635947,13617623040,100,328000000,66000,7887745024
1789956483.6643283,13617623040,100,328000000,66000,7887745024
1789956484.6649332,13617623040,100,326000000,66000,7887745024
1789956485.6654623,13617623040,100,325000000,66000,7887745024
1789956486.6661222,13617623040,99,325000000,66000,7887745024
1789956487.666799,13617623040,100,326000000,66000,7887745024
1789956488.6674955,13617623040,100,326000000,66000,7887745024
1789956489.6682975,13617623040,100,327000000,66000,7887745024
1789956490.6689138,13617643520,100,326000000,66000,7887769600
1789956491.6694367,13617643520,100,326000000,66000,7887769600
1789956492.6701987,13617643520,99,325000000,66000,7887769600
1789956493.696739,13617643520,100,325000000,66000,7887769600
1789956494.6974194,13617643520,99,326000000,66000,7887769600
1789956495.6979342,13617643520,100,328000000,66000,7887769600
1789956496.6986682,13617643520,100,326000000,66000,7887769600
1789956497.699262,13617643520,100,325000000,66000,7887769600
1789956498.7000365,13617643520,100,326000000,66000,7887769600
1789956499.7006571,13617643520,100,326000000,66000,7887769600
1789956500.7019746,13617643520,99,325000000,66000,7887769600
1789956501.702741,13617643520,100,326000000,66000,7887769600
1789956502.7034395,13617643520,99,324000000,66000,7887769600
1789956503.7040563,13617643520,100,325000000,66000,7887769600
1789956504.7044902,13617643520,99,324000000,66000,7887769600
1789956505.7051218,13617643520,100,326000000,66000,7887769600
1789956506.7057137,13617643520,99,320000000,66000,7887769600
1789956507.7313972,13617643520,100,325000000,66000,7887769600
1789956508.7319787,13617643520,99,324000000,66000,7887769600
1789956509.7330668,13617664000,100,328000000,66000,7887790080
1789956510.7338922,13617664000,100,326000000,66000,7887790080
1789956511.7342966,13617664000,100,327000000,66000,7887790080
1789956512.7348168,13617664000,100,326000000,66000,7887790080
1789956513.7354143,13617664000,99,325000000,66000,7887790080
1789956514.736102,13617664000,100,327000000,65000,7887790080
1789956515.7367945,13617664000,100,326000000,65000,7887790080
1789956516.737425,13617664000,99,325000000,66000,7887790080
1789956517.7381399,13617704960,100,326000000,66000,7887839232
1789956518.7388918,13617704960,99,325000000,65000,7887839232
1789956519.7396693,13617704960,100,326000000,66000,7887839232
1789956520.7401633,13617704960,100,326000000,66000,7887839232
1789956521.74103,13617704960,100,327000000,66000,7887839232
1789956522.7418458,13617704960,99,319000000,65000,7887839232
1789956523.7425408,13617737728,100,323000000,66000,7887982592
1789956524.7433329,13617737728,99,325000000,66000,7887982592
1789956525.7438447,13617737728,100,326000000,66000,7887982592
1789956526.7443573,13617737728,100,326000000,65000,7887986688
1789956527.7449138,13617737728,100,327000000,66000,7887986688
1789956528.7454982,13617737728,100,326000000,66000,7887986688
1789956529.746492,13617737728,99,325000000,66000,7887986688
1789956530.7471852,13617737728,100,327000000,66000,7887990784
1789956531.747848,13617737728,100,326000000,66000,7887990784
1789956532.7483537,13617770496,99,323000000,65000,7888031744
1789956533.748806,13617770496,100,325000000,66000,7888031744
1789956534.7492468,13617770496,100,327000000,66000,7888031744
1789956535.7500362,13617770496,100,325000000,66000,7888031744
1789956537.0286167,13617770496,68,244000000,65000,7888031744
1789956538.0290446,13617770496,100,329000000,65000,7888031744
1789956539.0297685,13617770496,100,327000000,66000,7888031744
1789956540.030641,13617770496,100,326000000,66000,7888031744
1789956541.0312686,13617770496,100,326000000,66000,7888031744
1789956542.0319283,13617770496,99,326000000,66000,7888031744
1789956543.0325534,13617770496,100,326000000,66000,7888031744
1789956544.0333889,13617770496,100,326000000,66000,7888031744
1789956545.033951,13617770496,99,325000000,66000,7888031744
1789956546.0347705,13617774592,100,325000000,66000,7888031744
1789956547.0353243,13617815552,100,326000000,66000,7888080896
1789956548.0359647,13617811456,99,325000000,66000,7888080896
1789956549.0366938,13617811456,100,323000000,66000,7888080896
1789956550.0935206,13617811456,99,327000000,66000,7888080896
1789956551.093978,13617811456,100,326000000,66000,7888080896
1789956552.094712,13617811456,100,326000000,66000,7888080896
1789956553.0953393,13617811456,99,326000000,66000,7888080896
1789956554.0957015,13617811456,100,326000000,66000,7888080896
1789956555.0961492,13617811456,99,322000000,66000,7888080896
1789956556.0965483,13617811456,100,326000000,66000,7888080896
1789956557.097064,13617811456,100,326000000,66000,7888080896
1789956558.0977259,13617831936,100,326000000,66000,7892828160
1789956559.0985105,13617831936,99,322000000,66000,7892828160
1789956560.0988774,13617831936,99,325000000,66000,7892828160
1789956561.099592,13617885184,100,326000000,66000,7892967424
1789956562.1002243,13617885184,100,326000000,66000,7892967424
1789956563.1007597,13617905664,99,325000000,66000,7892987904
1789956564.1012928,13617905664,100,328000000,66000,7892987904
1789956565.1018476,13617905664,100,325000000,66000,7892987904
1789956566.1022098,13617938432,100,326000000,66000,7893024768
1789956567.1027803,13617938432,100,326000000,66000,7893024768
1789956568.103356,13617938432,99,322000000,66000,7893024768
1789956569.1041348,13617938432,100,327000000,66000,7893024768
1789956570.107576,13617938432,100,325000000,66000,7893024768
1789956571.1080854,13617938432,99,326000000,66000,7893024768
1789956572.1086192,13617938432,99,323000000,66000,7893024768
1789956573.1090865,13617971200,100,326000000,66000,7896449024
1789956574.1100168,13617971200,100,327000000,66000,7896449024
1789956575.1104996,13617971200,100,327000000,66000,7896449024
1789956576.1110942,13617971200,100,326000000,66000,7896449024
1789956577.1118736,13617971200,100,326000000,66000,7896449024
1789956578.1124225,13617971200,100,326000000,66000,7896449024
1789956579.122409,13617971200,93,299000000,65000,7897440256
1789956580.123075,13617991680,100,326000000,66000,7898497024
1789956581.1235926,13617991680,100,328000000,66000,7898497024
1789956582.1244674,13617991680,100,326000000,66000,7898497024
1789956583.1253872,13617991680,99,323000000,66000,7898501120
1789956584.1262043,13617991680,100,328000000,66000,7898501120
1789956585.126731,13617991680,100,326000000,66000,7898501120
1789956586.127472,13617991680,99,322000000,66000,7898505216
1789956587.1282332,13617991680,100,325000000,66000,7898505216
1789956588.1287613,13617991680,100,328000000,66000,7898505216
1789956589.1295266,13617991680,100,325000000,66000,7898505216
1789956590.1302676,13617991680,100,326000000,66000,7898509312
1789956591.130739,13617991680,99,325000000,66000,7898509312
1789956592.1312122,13617991680,100,326000000,66000,7898509312
1789956593.1319785,13617991680,100,326000000,66000,7898509312
1789956594.1326702,13617991680,99,325000000,66000,7898509312
1789956595.133634,13617991680,100,326000000,66000,7898509312
1789956596.134147,13617991680,100,326000000,66000,7898509312
1789956597.134773,13617995776,99,325000000,66000,7898513408
1789956598.135447,13617991680,100,326000000,66000,7898513408
1789956599.163288,13617991680,38,167000000,64000,7898517504
1789956600.1644924,13617991680,100,330000000,65000,7898517504
1789956601.1649487,13617991680,100,326000000,65000,7898517504
1789956602.1657035,13618024448,99,325000000,65000,7898550272
1789956603.1662364,13618024448,100,327000000,65000,7898550272
1789956604.1668265,13618024448,100,326000000,65000,7898550272
1789956605.1673968,13618024448,100,326000000,65000,7898550272
1789956606.1682825,13618024448,99,322000000,65000,7898550272
1789956607.1691086,13618024448,100,327000000,65000,7898550272
1789956608.1696274,13618024448,100,326000000,65000,7898550272
1789956609.1702952,13618024448,100,326000000,65000,7898550272
1789956610.1709445,13618024448,100,326000000,66000,7898550272
1789956611.1713665,13618057216,100,327000000,65000,7898587136
1789956612.1717873,13618077696,99,325000000,65000,7898607616
1789956613.1722212,13618077696,100,327000000,65000,7898607616
1789956614.1727834,13618077696,100,326000000,66000,7898607616
1789956615.1736133,13618077696,100,327000000,66000,7898607616
1789956616.1744294,13618098176,100,327000000,65000,7898628096
1789956617.1748939,13618098176,100,327000000,66000,7898628096
1789956618.1754234,13618098176,100,325000000,66000,7898628096
1789956619.175987,13618151424,100,328000000,66000,7898681344
1789956620.1764023,13618151424,100,326000000,66000,7898681344
1789956621.1769307,13618151424,100,327000000,66000,7898681344
1789956622.1780357,13618151424,99,324000000,65000,7898681344
1789956623.1786458,13618151424,100,326000000,65000,7898681344
1789956624.1792047,13618151424,99,326000000,65000,7898681344
1789956625.1798997,13618151424,100,327000000,65000,7898681344
1789956626.1803901,13618151424,100,328000000,65000,7898681344
1789956627.181001,13618151424,100,324000000,66000,7898681344
1789956628.1814525,13618151424,100,327000000,65000,7898681344
1789956629.1820867,13618151424,99,325000000,65000,7898681344
1789956630.1827111,13618151424,100,326000000,65000,7898681344
1789956631.183251,13618171904,100,326000000,65000,7898701824
1789956632.1836696,13618171904,99,322000000,65000,7898701824
1789956633.184149,13618171904,100,326000000,65000,7898701824
1789956634.1847925,13618171904,100,326000000,65000,7898701824
1789956635.1854784,13618171904,100,327000000,65000,7898701824
1789956636.2476032,13618171904,100,326000000,65000,7898701824
1789956637.248405,13618171904,100,326000000,65000,7898701824
1789956638.2491686,13618171904,100,327000000,65000,7898701824
1789956639.2500627,13618171904,99,325000000,65000,7898701824
1789956640.250773,13618171904,100,326000000,65000,7898701824
1789956641.2512598,13618171904,100,326000000,65000,7898701824
1789956642.6006932,13618204672,100,326000000,65000,7902392320
1789956643.6013768,13618204672,100,326000000,65000,7902392320
1789956644.6020858,13618204672,99,323000000,65000,7902392320
1789956645.6026895,13618204672,100,327000000,65000,7902392320
1789956646.603169,13618204672,100,326000000,65000,7902392320
1789956647.6041155,13618204672,99,326000000,65000,7902392320
1789956648.6047342,13618204672,100,326000000,65000,7902392320
1789956649.6056309,13618204672,100,327000000,65000,7902392320
1789956650.6061745,13618241536,99,325000000,65000,7902425088
1789956651.6067083,13618237440,100,326000000,65000,7902425088
1789956652.6073277,13618237440,100,326000000,65000,7902425088
1789956653.6078084,13618270208,100,327000000,65000,7902457856
1789956654.6084216,13618270208,100,326000000,65000,7902457856
1789956655.6090524,13618270208,100,326000000,65000,7902457856
1789956656.6097472,13618270208,100,326000000,65000,7902457856
1789956657.6102304,13618270208,100,326000000,65000,7902457856
1789956658.611017,13618270208,100,326000000,65000,7902457856
1789956659.6117973,13618270208,99,326000000,65000,7902457856
1789956660.6122575,13618270208,100,326000000,65000,7902457856
1789956661.612818,13618270208,99,324000000,65000,7902457856
1789956662.6135526,13618270208,100,325000000,65000,7902457856
1789956663.6141815,13618270208,100,326000000,65000,7902457856
1789956664.614704,13618270208,100,326000000,65000,7902457856
1789956665.615742,13618270208,100,324000000,65000,7902457856
1789956666.6162324,13618270208,99,320000000,65000,7902461952
1789956667.6168303,13618270208,100,326000000,65000,7902461952
1789956668.6173787,13618290688,99,326000000,65000,7902486528
1789956669.61796,13618290688,100,326000000,65000,7902486528
1789956670.6184874,13618290688,100,327000000,65000,7902486528
1789956671.6192598,13618290688,100,325000000,65000,7902486528
1789956672.6199248,13618290688,100,327000000,65000,7902486528
1789956673.620383,13618290688,99,323000000,65000,7902486528
1789956674.6208804,13618319360,100,324000000,65000,7902515200
1789956675.6218488,13618319360,99,325000000,65000,7902515200
1789956676.6225548,13618319360,100,327000000,65000,7902515200
1789956677.6230946,13618319360,100,326000000,65000,7902515200
1789956678.6237602,13618319360,100,327000000,66000,7902515200
1789956679.6243267,13618319360,100,325000000,65000,7902515200
1789956680.6248634,13618319360,100,327000000,65000,7902515200
1789956681.625654,13618319360,99,325000000,65000,7902515200
1789956682.6261573,13618319360,100,326000000,65000,7902515200
1789956683.6266508,13618339840,100,324000000,65000,7902535680
1789956684.6274614,13618380800,99,325000000,65000,7902584832
1789956685.6279957,13618380800,100,323000000,65000,7902584832
1789956686.6288512,13618380800,49,191000000,64000,7902584832
1789956687.6293476,13618380800,100,334000000,65000,7902584832
1789956688.629983,13618380800,100,326000000,65000,7902584832
1789956689.630583,13618380800,100,327000000,65000,7902584832
1789956690.631221,13618380800,100,325000000,65000,7902584832
1789956691.631753,13618380800,99,326000000,65000,7902584832
1789956692.6323085,13618380800,100,325000000,65000,7902584832
1789956693.6328385,13618380800,100,326000000,65000,7902584832
1789956694.6335042,13618380800,99,325000000,65000,7902584832
1789956695.6340384,13618401280,100,326000000,65000,7902605312
1789956696.6347384,13618401280,100,326000000,65000,7902605312
1789956697.6352632,13618401280,99,325000000,65000,7902605312
1789956698.6357744,13618401280,100,323000000,65000,7902605312
1789956699.63634,13618401280,99,321000000,65000,7902605312
1789956700.6371052,13618401280,100,326000000,66000,7902605312
1789956701.6376433,13618421760,100,327000000,65000,7902629888
1789956702.6381106,13618421760,99,325000000,66000,7902629888
1789956703.638776,13618421760,100,327000000,66000,7902629888
1789956704.6395433,13618421760,100,326000000,66000,7902629888
1789956705.64006,13618462720,99,324000000,66000,7902674944
1789956706.6409085,13618462720,100,326000000,66000,7902674944
1789956707.6414242,13618462720,100,327000000,66000,7902674944
1789956708.6424096,13618495488,100,326000000,66000,7902707712
1789956709.64304,13618495488,100,327000000,66000,7902707712
1789956710.643569,13618495488,99,321000000,66000,7902707712
1789956711.6922064,13618495488,100,324000000,66000,7902707712
1789956712.6929483,13618495488,100,326000000,66000,7902707712
1789956713.693445,13618495488,99,325000000,66000,7902707712
1789956714.6941302,13618495488,100,326000000,66000,7902707712
1789956715.6947954,13618495488,100,326000000,66000,7902707712
1789956716.6953347,13618495488,99,325000000,66000,7902707712
1789956717.6963224,13618495488,100,326000000,66000,7902707712
1789956718.697012,13618495488,99,325000000,66000,7902707712
1789956719.6974812,13618499584,100,326000000,66000,7902707712
1789956720.6981223,13618495488,99,325000000,66000,7902707712
1789956721.6987238,13618495488,100,327000000,66000,7902707712
1789956722.699259,13618495488,100,326000000,66000,7902707712
1789956723.6997273,13618495488,100,326000000,66000,7902707712
1789956724.7002566,13618495488,100,326000000,66000,7902707712
1789956725.7007594,13618515968,100,327000000,66000,7902736384
1789956726.7011971,13618515968,99,325000000,66000,7902736384
1789956727.7017484,13618515968,100,327000000,66000,7902736384
1789956728.702372,13618515968,100,327000000,66000,7902736384
1789956729.702903,13618515968,100,326000000,66000,7902736384
1789956730.7034593,13618536448,100,327000000,66000,7902756864
1789956731.7040248,13618569216,100,325000000,66000,7902797824
1789956732.7048388,13618569216,100,326000000,66000,7902797824
1789956733.705545,13618569216,100,326000000,66000,7902797824
1789956734.7062342,13618569216,99,325000000,66000,7902797824
1789956735.7066884,13618569216,99,322000000,66000,7902797824
1789956736.7074473,13618569216,100,327000000,66000,7902797824
1789956737.7079456,13618569216,100,327000000,66000,7902797824
1789956738.7085469,13618569216,99,324000000,66000,7902797824
1789956739.7092254,13618601984,100,327000000,66000,7909990400
1789956740.7097569,13618601984,100,326000000,65000,7909990400
1789956741.7103658,13618601984,100,326000000,66000,7909990400
1789956742.7111118,13618601984,99,322000000,65000,7909990400
1789956743.7119958,13618606080,100,326000000,65000,7909990400
1789956744.7128513,13618601984,100,327000000,65000,7909990400
1789956745.7133915,13618601984,100,326000000,65000,7909990400
1789956746.7142615,13618601984,100,327000000,65000,7909990400
1789956747.7150853,13618601984,100,326000000,65000,7909990400
1789956748.7156258,13618601984,99,326000000,65000,7909990400
1789956749.7161996,13618601984,100,326000000,65000,7909990400
1789956750.7167366,13618601984,100,326000000,65000,7909990400
1789956751.7173402,13618601984,100,327000000,65000,7909990400
1789956752.717847,13618601984,100,326000000,65000,7909990400
1789956753.7185316,13618601984,100,327000000,65000,7909990400
1789956754.7191684,13618601984,99,325000000,65000,7909990400
1789956755.7199202,13618601984,100,324000000,65000,7909990400
1789956756.720515,13618601984,99,321000000,65000,7909990400
1789956757.721128,13618622464,100,326000000,65000,7910014976
1789956758.742451,13618622464,36,159000000,63000,7910014976
1789956759.7432046,13618622464,100,321000000,64000,7910014976
1789956760.7440343,13618622464,100,326000000,65000,7910014976
1789956761.7446065,13618622464,100,327000000,65000,7910014976
1789956762.7452629,13618655232,99,324000000,65000,7911153664
1789956763.7458906,13618655232,100,326000000,65000,7911153664
1789956764.746636,13618655232,100,326000000,65000,7911153664
1789956765.7472243,13618655232,100,325000000,65000,7911153664
1789956766.7478294,13618655232,99,326000000,65000,7911153664
1789956767.748341,13618655232,100,323000000,65000,7911153664
1789956768.7489197,13618655232,99,325000000,65000,7911153664
1789956769.7494519,13618655232,100,327000000,65000,7911153664
1789956770.7502854,13618675712,100,326000000,65000,7911178240
1789956771.7508075,13618675712,100,327000000,65000,7911178240
1789956772.7516527,13618708480,99,326000000,65000,7911211008
1789956773.7522292,13618708480,100,325000000,65000,7911211008
1789956774.7527645,13618708480,100,326000000,65000,7911211008
1789956775.7534478,13618708480,100,327000000,65000,7911211008
1789956776.8181524,13618708480,100,326000000,65000,7911211008
1789956777.8189306,13618708480,100,328000000,65000,7911211008
1789956778.8194532,13618708480,100,324000000,65000,7911211008
1789956779.8203197,13618708480,99,324000000,65000,7911211008
1789956780.8207848,13618708480,100,324000000,65000,7911211008
1789956781.8213496,13618728960,99,325000000,65000,7913525248
1789956782.8221052,13618728960,100,326000000,65000,7913525248
1789956783.83475,13618728960,100,326000000,65000,7913525248
1789956784.8352065,13618769920,99,326000000,65000,7915339776
1789956785.835817,13618769920,100,326000000,65000,7915339776
1789956786.836422,13618769920,100,326000000,65000,7915339776
1789956787.836949,13618769920,99,323000000,65000,7915339776
1789956788.8379416,13618769920,100,324000000,65000,7915339776
1789956789.838537,13618769920,99,322000000,65000,7915339776
1789956790.8390226,13618769920,99,322000000,65000,7915339776
1789956791.83963,13618769920,100,326000000,66000,7915339776
1789956792.8402267,13618769920,100,326000000,65000,7915339776
1789956793.8408601,13618769920,99,326000000,66000,7915339776
1789956794.841392,13618790400,100,326000000,66000,7915360256
1789956795.8420997,13618790400,100,326000000,66000,7915360256
1789956796.842674,13618810880,99,324000000,66000,7915380736
1789956797.843267,13618810880,100,326000000,66000,7915380736
1789956798.8437352,13618843648,100,327000000,66000,7915417600
1789956799.8445222,13618843648,100,326000000,66000,7915417600
1789956800.8453312,13618843648,99,326000000,66000,7915417600
1789956801.8460035,13618843648,100,322000000,65000,7915417600
1789956802.8464813,13618843648,99,320000000,66000,7915417600
1789956803.8470602,13618847744,100,326000000,66000,7915417600
1789956804.8475838,13618843648,99,326000000,66000,7915417600
1789956805.848184,13618843648,100,326000000,66000,7915417600
1789956806.8487215,13618843648,100,327000000,66000,7915417600
1789956807.84923,13618843648,100,325000000,66000,7915417600
1789956808.8497162,13618864128,100,326000000,66000,7915438080
1789956809.8502152,13618864128,99,325000000,66000,7915438080
1789956810.8507628,13618864128,100,326000000,66000,7915438080
1789956811.8515496,13618864128,100,327000000,66000,7915438080
1789956812.8522255,13618884608,99,325000000,66000,7919403008
1789956813.8530002,13618884608,100,326000000,66000,7919403008
1789956814.853885,13618884608,100,326000000,66000,7919403008
1789956815.8546238,13618917376,100,327000000,66000,7919435776
1789956816.855245,13618917376,100,326000000,66000,7919435776
1789956817.8557703,13618917376,100,327000000,66000,7919435776
1789956818.8563871,13618917376,100,325000000,66000,7919435776
1789956819.8569257,13618917376,100,326000000,66000,7919435776
1789956820.8575282,13618917376,99,325000000,66000,7919435776
1789956821.8581657,13618917376,100,326000000,66000,7919435776
1789956822.8586674,13618917376,100,327000000,66000,7919435776
1789956824.0277557,13618917376,49,197000000,64000,7919435776
1789956825.0282876,13618937856,99,328000000,65000,7919456256
1789956826.0289855,13618937856,100,326000000,65000,7919456256
1789956827.029577,13618937856,100,326000000,65000,7919456256
1789956828.030511,13618970624,99,325000000,65000,7919493120
1789956829.0311015,13618970624,100,326000000,65000,7919493120
1789956830.0317209,13618970624,100,326000000,65000,7919493120
1789956831.0325074,13618970624,99,325000000,65000,7919493120
1789956832.0332458,13618970624,100,326000000,65000,7919493120
1789956833.0339804,13618970624,100,326000000,65000,7919493120
1789956834.034535,13618970624,99,324000000,65000,7919493120
1789956835.0351868,13618970624,100,326000000,65000,7919493120
1789956836.036122,13618970624,100,324000000,65000,7919493120
1789956837.0367005,13618970624,99,325000000,65000,7919493120
1789956838.037132,13619023872,100,327000000,65000,7919554560
1789956839.037653,13619023872,100,326000000,66000,7919554560
1789956840.038382,13619023872,99,325000000,66000,7919554560
1789956841.0391567,13619023872,100,327000000,66000,7919554560
1789956842.0397587,13619023872,100,326000000,66000,7919554560
1789956843.0402915,13619023872,100,325000000,66000,7919554560
1789956844.0411475,13619023872,99,325000000,66000,7919554560
1789956845.0417888,13619023872,100,326000000,66000,7919554560
1789956846.0422966,13619023872,100,326000000,66000,7919554560
1789956847.0429518,13619027968,99,324000000,65000,7919554560
1789956848.0434256,13619060736,100,327000000,66000,7919591424
1789956849.0442743,13619056640,100,327000000,66000,7919591424
1789956850.0452387,13619056640,100,325000000,66000,7919591424
1789956851.0458617,13619056640,100,326000000,66000,7919591424
1789956852.0465543,13619056640,99,325000000,66000,7919591424
1789956853.0473351,13619056640,100,326000000,66000,7919591424
1789956854.047862,13619056640,100,326000000,66000,7919591424
1789956855.048353,13619077120,100,327000000,66000,7919616000
1789956856.049186,13619077120,100,327000000,66000,7919616000
1789956857.0497065,13619077120,100,325000000,66000,7919616000
1789956858.050313,13619081216,99,326000000,66000,7919616000
1789956859.0509522,13619077120,100,326000000,66000,7919616000
1789956860.0516918,13619077120,100,327000000,66000,7919616000
1789956861.052256,13619097600,99,325000000,66000,7921909760
1789956862.0530312,13619097600,100,324000000,66000,7921909760
1789956863.053829,13619097600,100,326000000,66000,7921909760
1789956864.054336,13619097600,99,323000000,66000,7921909760
1789956865.0550902,13619118080,100,327000000,66000,7921930240
1789956866.0559125,13619118080,100,326000000,66000,7921930240
1789956867.0567207,13619118080,100,326000000,66000,7921930240
1789956868.057226,13619138560,100,326000000,66000,7921950720
1789956869.0578144,13619138560,100,327000000,66000,7921950720
1789956870.0583398,13619138560,100,327000000,66000,7921950720
1789956871.0589757,13619138560,99,324000000,66000,7921950720
1789956872.0600085,13619138560,100,327000000,66000,7921950720
1789956873.0607443,13619138560,100,326000000,66000,7921958912
1789956874.0611978,13619138560,99,323000000,66000,7921958912
1789956875.061918,13619159040,100,326000000,66000,7923703808
1789956876.0624268,13619159040,100,327000000,66000,7923703808
1789956877.0632584,13619159040,100,327000000,66000,7923703808
1789956878.0636647,13619159040,100,327000000,66000,7923703808
1789956879.0642993,13619159040,100,326000000,66000,7923703808
1789956880.0648,13619159040,100,326000000,66000,7923703808
1789956881.065448,13619159040,100,326000000,66000,7923703808
1789956882.0661304,13619159040,100,325000000,66000,7923703808
1789956883.066796,13619159040,99,323000000,66000,7923703808
1789956884.0672822,13619159040,100,326000000,66000,7923703808
1789956885.0678916,13619159040,100,327000000,66000,7923703808
1789956886.0683687,13619159040,100,326000000,66000,7923703808
1789956887.0689588,13619179520,99,323000000,66000,7923724288
1789956888.0699313,13619179520,100,324000000,66000,7923724288
1789956889.0705256,13619179520,99,319000000,65000,7923724288
1789956890.071029,13619179520,99,325000000,66000,7923724288
1789956891.0715685,13619179520,100,326000000,66000,7923724288
1789956892.0720687,13619179520,100,326000000,66000,7923724288
1789956893.0727696,13619200000,100,326000000,66000,7923744768
1789956894.073338,13619200000,100,326000000,66000,7923744768
1789956895.0737982,13619200000,99,325000000,66000,7923744768
1789956896.074251,13619200000,100,325000000,66000,7923744768
1789956897.6962616,13619200000,60,223000000,64000,7923744768
1789956898.696822,13619200000,99,326000000,65000,7923744768
1789956899.697421,13619220480,100,324000000,65000,7923765248
1789956900.6982033,13619220480,100,325000000,65000,7923765248
1789956901.6987329,13619253248,100,327000000,65000,7923802112
1789956902.6994233,13619253248,100,325000000,65000,7923802112
1789956903.7000575,13619253248,100,327000000,65000,7923802112
1789956904.7006307,13619253248,99,325000000,65000,7923802112
1789956905.7015915,13619253248,100,326000000,65000,7923802112
1789956906.7021685,13619286016,100,326000000,65000,7923838976
1789956907.7026613,13619286016,99,325000000,66000,7923838976
1789956908.7031739,13619286016,100,327000000,66000,7923838976
1789956909.7038863,13619306496,100,327000000,66000,7923859456
1789956910.704636,13619306496,100,325000000,66000,7923859456
1789956911.7053947,13619306496,100,327000000,66000,7923859456
1789956912.7063127,13619306496,99,326000000,66000,7923859456
1789956913.7071698,13619310592,100,326000000,66000,7923859456
1789956914.7077034,13619310592,100,326000000,66000,7923859456
1789956915.7350328,13619306496,99,325000000,66000,7923859456
1789956916.735503,13619326976,100,327000000,66000,7923879936
1789956917.735872,13619326976,100,321000000,66000,7923879936
1789956918.7363944,13619380224,99,321000000,66000,7927033856
1789956919.7368758,13619380224,100,326000000,66000,7927033856
1789956920.737469,13619380224,100,326000000,66000,7927033856
1789956921.7382197,13619380224,100,326000000,66000,7927033856
1789956922.7388754,13619421184,99,325000000,66000,7927078912
1789956923.739667,13619421184,100,327000000,66000,7927078912
1789956924.7404783,13619421184,100,326000000,66000,7927078912
1789956925.7415197,13619421184,100,326000000,66000,7927078912
1789956926.7423697,13619453952,100,328000000,66000,7927115776
1789956927.7430873,13619453952,100,325000000,66000,7927115776
1789956928.7435286,13619453952,100,326000000,66000,7927115776
1789956929.7442951,13619453952,99,325000000,66000,7927115776
1789956930.744806,13619453952,100,326000000,66000,7927115776
1789956931.7452946,13619486720,100,326000000,66000,7927152640
1789956932.745681,13619486720,99,323000000,66000,7927152640
1789956933.7462938,13619486720,100,326000000,66000,7927152640
1789956934.7468264,13619486720,99,325000000,66000,7927152640
1789956935.7476194,13619511296,100,326000000,66000,7927177216
1789956936.7480953,13619507200,100,327000000,66000,7927177216
1789956937.7486768,13619507200,100,326000000,66000,7927177216
1789956938.7493808,13619507200,100,326000000,66000,7927177216
1789956939.7500498,13619507200,99,322000000,66000,7927177216
1789956940.750523,13619527680,100,326000000,66000,7927197696
1789956941.7511506,13619527680,100,326000000,66000,7927197696
1789956942.7518175,13619531776,99,325000000,66000,7927197696
1789956943.7526565,13619527680,100,327000000,66000,7927197696
1789956944.7532067,13619548160,100,325000000,66000,7927226368
1789956945.7541897,13619548160,100,327000000,66000,7927226368
1789956946.754736,13619580928,99,324000000,66000,7932039168
1789956947.7552366,13619580928,100,327000000,66000,7932141568
1789956948.7558274,13619580928,100,326000000,66000,7932141568
1789956949.7567341,13619580928,100,326000000,66000,7932141568
1789956950.7571843,13619580928,99,323000000,66000,7932141568
1789956951.757848,13619580928,100,327000000,66000,7932141568
1789956952.7584126,13619580928,99,321000000,66000,7932141568
1789956953.7590287,13619580928,100,326000000,66000,7932141568
1789956954.759711,13619580928,100,327000000,66000,7932141568
1789956955.7606018,13619580928,100,326000000,66000,7932141568
1789956956.7613037,13619580928,100,326000000,66000,7932141568
1789956957.762123,13619580928,99,321000000,66000,7932141568
1789956958.7632585,13667840000,85,257000000,65000,7984627712
1789956959.7641835,13667848192,100,166000000,63000,7984627712
1789956960.7646747,13670658048,99,213000000,63000,7984648192
1789956961.7653558,13916033024,98,321000000,65000,7984648192
1789956962.7657344,14014586880,99,327000000,65000,7984648192
1789956963.7662318,14014586880,92,307000000,65000,7984648192
1789956964.767005,14014595072,93,309000000,65000,7984648192
1789956965.7677722,14014599168,99,327000000,65000,7984787456
1789956966.7681863,14014619648,85,283000000,65000,7984840704
1789956967.768581,14014619648,100,330000000,65000,7984934912
1789956968.7689712,14014619648,100,327000000,66000,7984934912
1789956969.769447,14014619648,100,327000000,66000,7984934912
1789956970.7698488,14014619648,100,326000000,66000,7984947200
1789956971.770421,14014619648,100,327000000,66000,7984947200
1789956972.7707973,14014619648,100,326000000,66000,7984951296
1789956973.7712626,14014619648,100,327000000,66000,7984951296
1789956974.771796,14014619648,100,326000000,66000,7984951296
1789956975.7723887,14014619648,100,327000000,66000,7984951296
1789956976.7729342,14014619648,100,326000000,66000,7984951296
1789956977.7736359,14014619648,100,326000000,66000,7985250304
1789956978.7742288,14014619648,100,327000000,66000,7985250304
1789956979.7750607,14125768704,100,327000000,66000,7985250304
1789956980.77556,14125768704,99,326000000,66000,7985250304
1789956981.7761467,14125772800,99,326000000,66000,7985250304
1789956982.7766688,14125772800,99,326000000,66000,7985250304
1789956983.7772942,14125780992,99,326000000,66000,7985250304
1789956984.7777855,14125768704,99,326000000,66000,7988555776
1789956985.7788112,14125768704,99,326000000,65000,7985258496
1789956986.7793741,14125768704,100,327000000,65000,7985258496
1789956987.7801795,14125768704,99,325000000,65000,7985258496
1789956988.7808568,14125768704,100,327000000,65000,7985258496
1789956989.781485,14125768704,99,326000000,65000,7985258496
1789956990.7820654,14125768704,100,327000000,65000,7985258496
1789956991.7829268,14125768704,99,326000000,65000,7985258496
1789956992.783874,14125768704,99,327000000,65000,7985258496
1789956993.7844493,14125768704,99,326000000,65000,7985258496
1789956994.7849708,14125768704,99,326000000,65000,7985258496
1789956995.785897,14125768704,99,326000000,65000,7985487872
1789956996.7866747,14125768704,100,327000000,65000,7986200576
1789956997.787313,14125768704,100,326000000,65000,7986356224
1789956998.7880394,14125768704,100,327000000,65000,7986671616
1789956999.7885706,14125768704,100,327000000,65000,7986798592
1789957000.7894576,14125768704,100,327000000,65000,7986798592
1789957001.7900486,14125772800,100,327000000,65000,7986810880
1789957002.7904818,14127869952,100,327000000,65000,7986819072
1789957003.790963,14127865856,100,326000000,65000,7986831360
1789957004.7915347,14127869952,100,327000000,65000,7986892800
1789957005.792028,14127865856,100,326000000,65000,7986892800
1789957006.7925136,14127865856,100,326000000,65000,7986892800
1789957007.793263,14127865856,100,327000000,65000,7986892800
1789957008.793695,14127865856,100,326000000,65000,7986892800
1789957009.794392,14127865856,100,327000000,65000,7986892800
1789957010.794906,14127865856,100,326000000,65000,7986892800
1789957011.7952557,14127865856,100,326000000,65000,7986892800
1789957012.795736,14127865856,100,327000000,64000,7986892800
1789957013.7962036,14127865856,100,322000000,64000,7986892800
1789957014.7967374,14127865856,100,327000000,64000,7986892800
1789957015.7972832,14127865856,100,327000000,64000,7986892800
1789957016.7979512,14127869952,92,310000000,64000,7986892800
1789957017.7987986,14127869952,98,321000000,64000,7986892800
1789957018.799282,14127869952,100,327000000,64000,7986892800
1789957019.7999098,14127869952,100,327000000,64000,7986892800
1789957020.8003964,14127869952,100,326000000,64000,7986892800
1789957021.8007655,14127841280,100,326000000,64000,7986892800
1789957022.8014438,14127841280,100,327000000,64000,7986892800
1789957023.8019967,14127841280,100,326000000,64000,7986892800
1789957024.8027563,14127841280,100,326000000,64000,7986892800
1789957025.8033202,14127841280,100,327000000,64000,7986892800
1789957026.8038754,14127841280,100,326000000,64000,7986892800
1789957027.8046467,14127841280,100,327000000,64000,7986892800
1789957028.8053184,14127841280,100,326000000,64000,7986892800
1789957029.8060427,14127841280,100,326000000,64000,7986892800
1789957030.8065565,14127841280,100,327000000,64000,7986892800
1789957031.8072097,14127808512,100,327000000,64000,7986892800
1789957032.8078914,14127808512,100,326000000,65000,7986892800
1789957033.80846,14127808512,100,326000000,64000,7986892800
1789957034.809178,14127808512,100,327000000,65000,7986896896
1789957035.80979,14127808512,100,326000000,65000,7986909184
1789957036.810266,14127808512,100,327000000,65000,7986913280
1789957037.8108516,14127808512,100,326000000,65000,7986913280
1789957038.8115656,14127808512,100,327000000,65000,7986913280
1789957039.8120966,14127808512,100,326000000,65000,7986917376
1789957040.8124595,14127808512,100,327000000,65000,7986929664
1789957041.8130581,14127775744,100,326000000,65000,7986937856
1789957042.8137536,14127775744,100,326000000,65000,7986991104
1789957043.814411,14127775744,100,327000000,65000,7987073024
1789957044.8149173,14127779840,100,327000000,65000,7987150848
1789957045.8155637,14127779840,100,326000000,65000,7987191808
1789957046.8160284,14127779840,100,327000000,65000,7987236864
1789957047.816531,14127775744,100,327000000,65000,7987400704
1789957048.8172963,14127775744,100,326000000,65000,7987625984
1789957049.8180232,14127775744,97,319000000,65000,7987785728
1789957050.8186555,14127775744,100,327000000,65000,7988015104
1789957051.8192804,14127742976,100,326000000,65000,7988170752
1789957052.8199246,14127742976,100,326000000,65000,7988404224
1789957053.8204687,14127742976,100,326000000,65000,7988559872
1789957054.8212647,14127742976,100,327000000,65000,7988801536
1789957055.8218887,14127742976,100,326000000,65000,7988953088
1789957056.8224185,14127742976,100,326000000,65000,7989178368
1789957057.8231533,14127742976,100,327000000,65000,7989284864
1789957058.8238945,14127742976,100,326000000,65000,7989379072
1789957059.8246253,14127742976,100,326000000,65000,7989477376
1789957060.8252902,14127742976,99,326000000,65000,7989497856
1789957061.8258271,14127742976,99,326000000,65000,7989506048
1789957062.826571,14127710208,99,326000000,65000,7989522432
1789957063.8271067,14127718400,92,307000000,65000,7989551104
1789957064.8280804,14127718400,98,322000000,65000,7989600256
1789957065.8288786,14127718400,100,328000000,65000,7989624832
1789957066.829382,14127718400,100,327000000,65000,7989673984
1789957067.8301015,14127718400,100,326000000,65000,7989698560
1789957068.8305898,14127718400,100,327000000,65000,7989719040
1789957069.8311596,14127718400,100,327000000,65000,7989731328
1789957070.8316824,14127718400,100,326000000,65000,7989784576
1789957071.8323889,14127718400,100,327000000,65000,7989784576
1789957072.8328674,14127685632,99,326000000,65000,7989821440
1789957073.8336995,14127685632,96,318000000,65000,7989846016
1789957074.8342917,14127685632,100,327000000,65000,7989862400
1789957075.834941,14127685632,100,328000000,65000,7989878784
1789957076.8357623,14127685632,100,325000000,65000,7989907456
1789957077.8362334,14127685632,100,328000000,65000,7989907456
1789957078.8367896,14127685632,100,327000000,65000,7989923840
1789957079.837367,14127685632,100,327000000,65000,7989960704
1789957080.8380325,14127685632,100,326000000,65000,7989960704
1789957081.8387568,14127685632,99,324000000,65000,7989993472
1789957082.8393795,14127652864,96,317000000,65000,7989993472
1789957083.8399122,14127652864,98,327000000,65000,7989993472
1789957084.8403325,14127656960,94,314000000,65000,7989997568
1789957085.8410015,14127656960,99,326000000,65000,7990005760
1789957086.84155,14127656960,100,327000000,65000,7990022144
1789957087.8419876,14127656960,100,326000000,65000,7990042624
1789957088.8426175,14127656960,100,326000000,65000,7990083584
1789957089.8430436,14127656960,100,327000000,65000,7990108160
1789957090.8434865,14127656960,100,326000000,65000,7990136832
1789957091.8440857,14127656960,100,327000000,65000,7990198272
1789957092.8445683,14127624192,100,327000000,65000,7990206464
1789957093.845175,14127628288,100,326000000,65000,7990218752
1789957094.8460953,14127628288,100,326000000,65000,7990226944
1789957095.846776,14127628288,100,327000000,65000,7990239232
1789957096.8477125,14127628288,99,325000000,65000,7990247424
1789957097.848536,14127624192,99,327000000,65000,7990247424
1789957098.8491833,14127624192,99,327000000,65000,7990259712
1789957099.849828,14127624192,99,326000000,65000,7990267904
1789957100.8502853,14127624192,100,326000000,65000,7990288384
1789957101.8515694,14127624192,100,326000000,65000,7990325248
1789957102.8521986,14127591424,93,300000000,64000,7990362112
1789957103.852854,14127591424,100,330000000,64000,7990415360
1789957104.853308,14127591424,77,245000000,64000,8017330176
1789957105.8541467,14127591424,100,332000000,64000,8017330176
1789957106.854645,14127591424,100,324000000,64000,8017330176
1789957107.855519,14127591424,99,326000000,64000,8017330176
1789957108.8559866,14127624192,100,326000000,64000,8017367040
1789957109.8566453,14127624192,100,328000000,65000,8017367040
1789957110.8574843,14127624192,100,325000000,64000,8017367040
1789957111.8581474,14127624192,100,326000000,64000,8017367040
1789957112.8588312,14127624192,47,189000000,63000,8017367040
1789957113.8597994,14127591424,99,330000000,64000,8017367040
1789957114.8603928,14127591424,100,328000000,64000,8017367040
1789957116.0604775,14127591424,100,325000000,64000,8017367040
1789957117.0613043,14127591424,100,327000000,64000,8017367040
1789957118.0617726,14127591424,100,326000000,64000,8017367040
1789957119.0622354,14127591424,99,325000000,64000,8017367040
1789957120.062876,14127624192,100,326000000,64000,8017399808
1789957121.0636415,14127624192,100,326000000,64000,8017399808
1789957122.0640893,14127644672,99,325000000,64000,8017420288
1789957123.0648634,14127644672,100,327000000,64000,8017420288
1789957124.0653396,14127611904,100,326000000,64000,8017420288
1789957125.0661342,14127611904,100,326000000,64000,8017420288
1789957126.0667593,14127632384,100,327000000,64000,8017440768
1789957127.0675282,14127632384,100,326000000,64000,8017440768
1789957128.0681472,14127632384,99,323000000,64000,8017440768
1789957129.0688052,14127632384,100,328000000,64000,8017440768
1789957130.069453,14127652864,100,326000000,64000,8017461248
1789957131.0701182,14127656960,99,323000000,64000,8017461248
1789957132.0708296,14127652864,100,326000000,64000,8017461248
1789957133.0713267,14127652864,99,319000000,64000,8017461248
1789957134.0720234,14127620096,99,324000000,64000,8017461248
1789957135.0724635,14127620096,100,328000000,64000,8017461248
1789957136.0735006,14127620096,100,326000000,64000,8017461248
1789957137.0739424,14127620096,100,326000000,64000,8017461248
1789957138.0743299,14127620096,100,326000000,64000,8017461248
1789957139.074753,14127620096,99,325000000,64000,8017461248
1789957140.0753984,14127620096,100,325000000,64000,8017461248
1789957141.0759463,14127620096,99,322000000,64000,8017461248
1789957142.0768292,14127652864,100,325000000,64000,8017498112
1789957143.0773287,14127685632,99,325000000,64000,8017534976
1789957144.0782201,14127652864,100,326000000,64000,8017534976
1789957145.079232,14127652864,99,325000000,64000,8017534976
1789957146.0797355,14127652864,100,326000000,64000,8017534976
1789957147.0803359,14127652864,100,326000000,64000,8017534976
1789957148.0808609,14127652864,99,326000000,64000,8017534976
1789957149.0815678,14127652864,100,326000000,64000,8017534976
1789957150.082621,14127652864,100,326000000,64000,8017534976
1789957151.083158,14127652864,100,326000000,64000,8017534976
1789957152.0838063,14127652864,99,325000000,64000,8017534976
1789957153.0842764,14127673344,100,327000000,64000,8017559552
1789957154.0851085,14127640576,100,327000000,64000,8017559552
1789957155.0856082,14127640576,100,325000000,64000,8017559552
1789957156.0863485,14127640576,100,327000000,64000,8017559552
1789957157.0869777,14127640576,99,319000000,64000,8017559552
1789957158.0874841,14127640576,100,326000000,65000,8017559552
1789957159.0879662,14127640576,100,326000000,65000,8017559552
1789957160.088498,14127673344,99,325000000,65000,8021286912
1789957161.0891147,14127673344,100,326000000,65000,8021286912
1789957162.0901475,14127673344,100,323000000,65000,8021286912
1789957163.0907772,14127673344,99,325000000,65000,8021286912
1789957164.0912845,14127673344,100,324000000,65000,8021286912
1789957165.0918002,14127640576,99,324000000,65000,8021286912
1789957166.0926778,14127640576,100,326000000,65000,8021286912
1789957167.09349,14127640576,99,323000000,65000,8021286912
1789957168.0939686,14127640576,100,326000000,65000,8021286912
1789957169.0944703,14127640576,100,326000000,65000,8021286912
1789957170.0951314,14127661056,100,326000000,65000,8021311488
1789957171.0958693,14127661056,99,325000000,65000,8021311488
1789957172.0964646,14127681536,100,326000000,65000,8021331968
1789957173.0971603,14127702016,99,325000000,65000,8021352448
1789957174.098002,14127702016,100,326000000,65000,8021352448
1789957175.0985093,14127689728,100,326000000,65000,8021377024
1789957176.0991642,14127689728,99,325000000,65000,8021377024
1789957177.0999122,14127689728,43,179000000,63000,8021377024
1789957178.1004694,14127689728,99,327000000,64000,8021377024
1789957179.1010783,14127689728,100,326000000,64000,8021377024
1789957180.1016,14127689728,100,327000000,64000,8021377024
1789957181.1021235,14127689728,99,320000000,64000,8021377024
1789957182.1026185,14127689728,100,327000000,65000,8021377024
1789957183.1032028,14127726592,99,322000000,65000,8021409792
1789957184.1037388,14127726592,100,326000000,65000,8021409792
1789957185.1043546,14127689728,100,326000000,65000,8021409792
1789957186.104944,14127689728,99,325000000,65000,8021409792
1789957187.1056814,14127689728,100,326000000,65000,8021409792
1789957188.1066759,14127689728,100,326000000,65000,8021409792
1789957189.107223,14127722496,100,327000000,65000,8025272320
1789957190.1079404,14127722496,100,325000000,65000,8025272320
1789957191.1084173,14127722496,99,325000000,65000,8025272320
1789957192.1093059,14127722496,100,327000000,65000,8025272320
1789957193.1098998,14127722496,100,327000000,65000,8025272320
1789957194.1106505,14127722496,100,326000000,65000,8025272320
1789957195.111462,14127710208,99,323000000,65000,8025296896
1789957196.1119664,14127710208,100,327000000,65000,8025296896
1789957197.1124675,14127710208,100,326000000,65000,8025296896
1789957198.1131053,14127714304,100,323000000,65000,8025296896
1789957199.1139495,14127734784,100,327000000,65000,8025317376
1789957200.1145935,14127730688,99,325000000,65000,8025317376
1789957201.115212,14127730688,100,327000000,65000,8025317376
1789957202.1158652,14127730688,100,326000000,65000,8025317376
1789957203.116615,14127783936,100,326000000,65000,8025374720
1789957204.1171374,14127783936,100,326000000,65000,8025374720
1789957205.1176107,14127783936,99,324000000,65000,8025374720
1789957206.1181827,14127751168,100,326000000,65000,8025374720
1789957207.1186447,14127751168,99,321000000,65000,8025374720
1789957208.1192513,14127751168,100,326000000,65000,8025374720
1789957209.1201124,14127751168,99,320000000,65000,8025374720
1789957210.1208463,14127783936,100,325000000,65000,8025411584
1789957211.121414,14127816704,100,327000000,65000,8025808896
1789957212.121977,14127837184,100,327000000,65000,8027947008
1789957213.1225955,14127837184,99,320000000,65000,8027947008
1789957214.1234145,14127837184,100,328000000,65000,8027947008
1789957215.12396,14127841280,100,327000000,65000,8027947008
1789957216.1245174,14127804416,100,327000000,65000,8027947008
1789957217.1252158,14127804416,100,324000000,65000,8027947008
1789957218.125883,14127837184,100,327000000,65000,8027979776
1789957219.126321,14127837184,100,327000000,65000,8027979776
1789957220.1269343,14127837184,99,319000000,65000,8027979776
1789957221.1276393,14127837184,100,327000000,65000,8027979776
1789957222.1281338,14127869952,99,325000000,65000,8029143040
1789957223.12902,14127869952,100,327000000,65000,8029143040
1789957224.1300688,14127869952,100,325000000,65000,8029143040
1789957225.1304243,14127869952,100,327000000,65000,8029143040
1789957226.1310685,14127837184,100,326000000,65000,8029143040
1789957227.1316235,14127837184,100,327000000,65000,8029143040
1789957228.132132,14127857664,99,325000000,65000,8029163520
1789957229.1327198,14127857664,100,326000000,65000,8029163520
1789957230.1335373,14127857664,100,326000000,65000,8029163520
1789957231.134078,14127878144,100,327000000,65000,8029184000
1789957232.1352177,14127878144,100,327000000,65000,8029184000
1789957233.1363056,14127878144,99,324000000,65000,8029184000
1789957234.1371589,14127878144,100,326000000,65000,8029184000
1789957235.1377718,14127878144,99,325000000,65000,8029184000
1789957236.1383123,14127845376,100,327000000,65000,8029184000
1789957237.138856,14127845376,100,326000000,65000,8029184000
1789957238.1395879,14127845376,100,327000000,65000,8029184000
1789957239.140249,14127845376,100,327000000,65000,8029184000
1789957240.1408727,14127845376,100,325000000,65000,8029184000
1789957241.1415052,14127845376,99,322000000,65000,8029184000
1789957242.1420147,14127845376,99,324000000,65000,8029184000
1789957243.142487,14127845376,100,327000000,65000,8029184000
1789957244.143126,14127878144,100,327000000,65000,8029216768
1789957245.1439242,14127878144,100,325000000,65000,8029216768
1789957246.1446521,14127878144,100,327000000,65000,8029216768
1789957247.1451294,14127845376,100,326000000,65000,8029216768
1789957248.1456804,14127845376,100,326000000,65000,8029216768
1789957249.1463678,14127845376,99,326000000,65000,8029216768
1789957250.1470563,14127845376,100,325000000,65000,8029216768
1789957251.1475945,14127845376,100,326000000,65000,8029216768
1789957252.1480203,14127878144,53,210000000,63000,8029249536
1789957253.1489394,14127878144,100,328000000,65000,8029249536
1789957254.1494799,14127878144,99,321000000,65000,8029249536
1789957255.1499796,14127878144,100,327000000,65000,8029249536
1789957256.1504743,14127878144,100,326000000,65000,8029249536
1789957257.151308,14127845376,99,325000000,65000,8029249536
1789957258.152045,14127849472,100,326000000,65000,8029249536
1789957259.1526527,14127849472,100,325000000,65000,8029249536
1789957260.1531286,14127845376,99,326000000,65000,8029249536
1789957261.153823,14127845376,100,326000000,65000,8029249536
1789957262.1545806,14127845376,100,327000000,65000,8029249536
1789957263.1554465,14127845376,100,325000000,65000,8029249536
1789957264.1560268,14127845376,100,327000000,65000,8029249536
1789957265.156879,14127845376,100,326000000,65000,8029249536
1789957266.1576009,14127845376,99,325000000,65000,8029249536
1789957267.158128,14127812608,99,327000000,65000,8029249536
1789957268.158744,14127812608,100,324000000,65000,8029249536
1789957269.1598568,14127812608,100,327000000,65000,8029249536
1789957270.1603048,14127833088,100,326000000,65000,8029270016
1789957271.1610389,14127833088,100,326000000,65000,8029270016
1789957272.1616378,14127833088,99,325000000,65000,8029270016
1789957273.162519,14127833088,100,327000000,65000,8029270016
1789957274.162973,14127833088,99,322000000,66000,8029270016
1789957275.1635985,14127833088,99,325000000,66000,8029270016
1789957276.1640983,14127833088,100,327000000,66000,8029270016
1789957277.164746,14127800320,100,326000000,66000,8029270016
1789957278.1655393,14127800320,100,326000000,66000,8029270016
1789957279.16626,14127800320,100,326000000,66000,8029270016
1789957280.1668785,14127804416,99,325000000,66000,8029270016
1789957281.167565,14127804416,100,326000000,66000,8029270016
1789957282.16845,14127833088,100,327000000,66000,8033058816
1789957283.1689649,14127837184,100,326000000,66000,8033058816
1789957284.1694176,14127837184,100,326000000,66000,8033058816
1789957285.1701725,14127833088,99,325000000,66000,8033058816
1789957286.1706614,14127833088,100,326000000,66000,8033058816
1789957287.171159,14127800320,100,324000000,66000,8033058816
1789957288.171815,14127800320,99,318000000,66000,8033058816
1789957289.1722236,14127820800,99,326000000,66000,8033079296
1789957290.1734135,14127820800,100,326000000,66000,8033079296
1789957291.1740603,14127820800,100,324000000,66000,8033079296
1789957292.1745355,14127820800,99,325000000,66000,8033079296
1789957293.1749198,14127820800,100,326000000,66000,8033079296
1789957294.1754613,14127820800,100,326000000,66000,8033079296
1789957295.176041,14127820800,99,325000000,66000,8033079296
1789957296.1766932,14127853568,100,326000000,66000,8033153024
1789957297.1773183,14127853568,100,326000000,66000,8033153024
1789957298.1781328,14127820800,99,324000000,66000,8033153024
1789957299.1788445,14127820800,100,327000000,66000,8033153024
1789957300.1793504,14127820800,100,326000000,66000,8033153024
1789957301.1798,14127820800,99,325000000,66000,8033153024
1789957302.1804595,14127820800,100,326000000,66000,8033153024
1789957303.1812756,14127820800,100,326000000,66000,8033153024
1789957304.1817057,14127820800,100,326000000,66000,8033153024
1789957305.1823661,14127820800,100,327000000,66000,8033153024
1789957306.1829026,14127820800,100,325000000,66000,8033153024
1789957307.1834912,14127841280,99,326000000,66000,8033173504
1789957308.1839635,14127808512,100,324000000,66000,8033173504
1789957309.1845484,14127808512,100,325000000,66000,8033173504
1789957310.1851811,14127808512,100,327000000,66000,8033173504
1789957311.1857393,14127808512,99,324000000,66000,8033173504
1789957312.1864116,14127808512,100,325000000,66000,8033173504
1789957313.1871688,14127808512,100,327000000,66000,8033173504
1789957314.207422,14127808512,99,325000000,66000,8033173504
1789957315.2080464,14127828992,100,326000000,66000,8036200448
1789957316.208557,14127828992,100,326000000,66000,8036200448
1789957317.2092137,14127828992,100,326000000,66000,8036200448
1789957318.209985,14127796224,99,323000000,66000,8036200448
1789957319.2107246,14127796224,100,325000000,66000,8036200448
1789957320.2114153,14127796224,100,328000000,66000,8036200448
1789957321.2119586,14127796224,100,327000000,66000,8036200448
1789957322.212998,14127796224,100,325000000,66000,8036200448
1789957323.2135146,14127796224,100,326000000,66000,8036200448
1789957324.2139697,14127796224,99,326000000,66000,8036200448
1789957325.214616,14127796224,100,325000000,66000,8036200448
1789957326.2152128,14127796224,99,325000000,66000,8036200448
1789957327.2157285,14127796224,100,326000000,66000,8036200448
1789957328.2162716,14127763456,100,327000000,66000,8036200448
1789957329.884813,14127763456,89,298000000,66000,8036200448
1789957330.8855329,14127816704,100,329000000,66000,8036253696
1789957331.8860915,14127816704,99,324000000,66000,8036253696
1789957332.886793,14127816704,100,327000000,66000,8036253696
1789957333.887465,14127816704,99,323000000,66000,8036253696
1789957334.887998,14127816704,100,326000000,66000,8036253696
1789957335.8886242,14127816704,99,319000000,66000,8036253696
1789957336.8891203,14127816704,100,327000000,66000,8036253696
1789957337.8896105,14127816704,100,326000000,66000,8036253696
1789957338.8902302,14127804416,100,327000000,66000,8036274176
1789957339.8907442,14127804416,100,326000000,66000,8036274176
1789957340.8915014,14127804416,99,325000000,66000,8036274176
1789957341.8920841,14127804416,100,327000000,66000,8036274176
1789957342.8928142,14127804416,100,326000000,66000,8036274176
1789957343.893431,14127824896,100,327000000,66000,8036294656
1789957344.8939075,14127849472,100,326000000,66000,8036315136
1789957345.8946126,14127849472,100,326000000,66000,8036315136
1789957346.8951564,14127845376,99,325000000,66000,8042610688
1789957347.8956501,14127845376,100,326000000,66000,8036315136
1789957348.8964317,14127833088,99,324000000,66000,8036335616
1789957349.8973958,14127833088,100,326000000,66000,8036335616
1789957350.897913,14127833088,100,326000000,66000,8036335616
1789957351.8984745,14127833088,100,326000000,66000,8036335616
1789957352.8991778,14127865856,100,326000000,66000,8038592512
1789957353.899729,14127865856,100,326000000,66000,8038592512
1789957354.900595,14127865856,100,326000000,66000,8038592512
1789957355.9011526,14127898624,99,325000000,66000,8040615936
1789957356.90169,14127898624,100,325000000,66000,8040615936
1789957357.9024389,14127898624,100,327000000,66000,8040615936
1789957358.9033573,14127865856,99,315000000,66000,8040615936
1789957359.9039354,14127865856,100,327000000,66000,8040615936
1789957360.904425,14127898624,99,326000000,66000,8040648704
1789957361.9052508,14127898624,100,326000000,66000,8040648704
1789957362.9058337,14127919104,100,326000000,66000,8041500672
1789957363.9064128,14127919104,100,326000000,66000,8041500672
1789957364.9071157,14127919104,100,326000000,66000,8041500672
1789957365.9079463,14127919104,100,327000000,66000,8041500672
1789957366.9084194,14127939584,100,326000000,66000,8041521152
1789957367.9090488,14127939584,100,327000000,66000,8041521152
1789957368.9101534,14127939584,99,325000000,66000,8041521152
1789957369.9107656,14127906816,100,325000000,66000,8041521152
1789957370.911343,14127906816,99,326000000,66000,8041521152
1789957371.9120169,14127906816,100,327000000,66000,8041521152
1789957372.912622,14127906816,100,326000000,66000,8041521152
1789957373.9132948,14127906816,100,327000000,66000,8041521152
1789957374.914028,14127906816,100,326000000,66000,8041521152
1789957375.9148135,14127906816,100,326000000,66000,8041521152
1789957376.915285,14127906816,99,326000000,66000,8041521152
1789957377.9158802,14127906816,100,327000000,66000,8041521152
1789957378.9166627,14127906816,100,326000000,66000,8041521152
1789957379.9172797,14127874048,99,325000000,66000,8041521152
1789957380.9177647,14127894528,100,327000000,66000,8041541632
1789957381.9183104,14127894528,100,327000000,66000,8041541632
1789957382.9190798,14127894528,100,327000000,66000,8041541632
1789957383.9194975,14127894528,99,323000000,66000,8041541632
1789957384.9201334,14127894528,100,326000000,66000,8041541632
1789957385.9210331,14127894528,100,326000000,66000,8041541632
1789957386.9213848,14127894528,100,326000000,66000,8041541632
1789957387.921668,14127894528,100,327000000,66000,8041541632
1789957388.9223032,14127894528,99,325000000,66000,8041541632
1789957389.922714,14127861760,99,326000000,66000,8041541632
1789957390.9232233,14127861760,99,321000000,66000,8041541632
1789957391.9237325,14127861760,100,326000000,66000,8041541632
1789957392.924048,14127861760,100,327000000,66000,8041541632
1789957393.9243908,14127861760,100,326000000,66000,8041541632
1789957394.9248815,14127894528,100,327000000,66000,8043466752
1789957395.925294,14127894528,100,325000000,66000,8043466752
1789957396.9256182,14127894528,99,326000000,66000,8043466752
1789957397.9260728,14127894528,100,327000000,66000,8043466752
1789957398.9266436,14127894528,100,327000000,66000,8043466752
1789957399.9273465,14127861760,99,313000000,65000,8043466752
1789957400.928127,14127861760,99,325000000,66000,8043466752
1789957401.9287457,14127861760,100,326000000,66000,8043466752
1789957402.9293466,14127861760,99,324000000,66000,8043466752
1789957403.929898,14127861760,100,326000000,66000,8043466752
1789957404.9305153,14127919104,99,324000000,66000,8043520000
1789957406.1927001,14127919104,98,321000000,65000,8043520000
1789957407.1933053,14127919104,100,328000000,66000,8043520000
1789957408.1937335,14127919104,100,325000000,66000,8043520000
1789957409.1942313,14127939584,100,327000000,66000,8043540480
1789957410.194818,14127902720,99,326000000,65000,8043540480
1789957411.1952486,14127902720,99,325000000,66000,8043540480
1789957412.195644,14127902720,100,327000000,66000,8043540480
1789957413.196679,14127902720,100,326000000,66000,8043540480
1789957414.1974607,14127906816,100,327000000,66000,8043540480
1789957415.1979723,14127906816,99,326000000,66000,8043900928
1789957416.198591,14127923200,100,325000000,66000,8044785664
1789957417.199004,14127923200,100,327000000,66000,8044785664
1789957418.1997993,14127923200,100,326000000,66000,8044785664
1789957419.2001717,14127923200,100,327000000,66000,8044785664
1789957420.200638,14127923200,100,326000000,66000,8044785664
1789957421.2010086,14127890432,99,326000000,66000,8044785664
1789957422.2017481,14127890432,100,326000000,66000,8044785664
1789957423.2021503,14127890432,100,326000000,66000,8044785664
1789957424.2025757,14127890432,99,325000000,66000,8044785664
1789957425.2034743,14127890432,100,326000000,66000,8044785664
1789957426.2040405,14127910912,99,324000000,66000,8045481984
1789957427.2045157,14127910912,100,327000000,66000,8045481984
1789957428.204952,14127910912,100,325000000,66000,8045481984
1789957429.205629,14127910912,100,326000000,66000,8045481984
1789957430.206209,14127910912,100,327000000,66000,8045481984
1789957431.2066941,14127878144,100,325000000,66000,8045481984
1789957432.2073765,14127919104,100,326000000,66000,8045522944
1789957433.2078376,14127919104,99,324000000,66000,8045522944
1789957434.2082653,14127919104,100,326000000,66000,8045522944
1789957435.2088087,14127919104,100,327000000,66000,8045522944
1789957436.209318,14127919104,100,327000000,66000,8045522944
1789957437.2099006,14127919104,100,326000000,66000,8045522944
1789957438.2103224,14127951872,99,320000000,65000,8048402432
1789957439.21094,14127951872,100,327000000,66000,8048402432
1789957440.2114697,14127951872,100,326000000,66000,8048402432
1789957441.211824,14127919104,100,325000000,66000,8048402432
1789957442.21236,14127919104,100,327000000,66000,8048402432
1789957443.2127182,14127972352,99,323000000,66000,8048455680
1789957444.2131982,14127972352,100,326000000,65000,8048455680
1789957445.2138078,14127972352,99,326000000,65000,8048455680
1789957446.214292,14127972352,100,326000000,65000,8048455680
1789957447.2152085,14127972352,99,317000000,65000,8048455680
1789957448.2157605,14127972352,100,325000000,65000,8048455680
1789957449.2162442,14127972352,100,326000000,65000,8048455680
1789957450.2165895,14127972352,99,325000000,66000,8048455680
1789957451.2176967,14127947776,100,326000000,66000,8048455680
1789957452.218602,14127947776,99,318000000,65000,8048455680
1789957453.2191014,14127947776,100,326000000,65000,8048455680
1789957454.2204092,14127947776,99,325000000,65000,8048455680
1789957455.2208207,14127980544,99,322000000,65000,8048488448
1789957456.2212155,14127980544,100,326000000,65000,8048488448
1789957457.2215989,14127980544,100,326000000,66000,8048488448
1789957458.2224846,14127980544,100,326000000,66000,8048488448
1789957459.2230525,14127980544,100,325000000,65000,8048488448
1789957460.2233887,14127980544,99,321000000,65000,8048488448
1789957461.223955,14127947776,100,325000000,65000,8048488448
1789957462.2247138,14127947776,99,321000000,65000,8048488448
1789957463.2253745,14127947776,100,328000000,65000,8048488448
1789957464.225781,14127947776,100,325000000,65000,8048488448
1789957465.2262182,14127968256,99,324000000,65000,8048508928
1789957466.2266655,14127968256,100,326000000,65000,8048508928
1789957467.2269542,14127968256,100,327000000,66000,8048508928
1789957468.2279274,14127988736,100,325000000,65000,8048529408
1789957469.228547,14127988736,99,325000000,65000,8048529408
1789957470.2292783,14127988736,100,326000000,65000,8048529408
1789957471.229763,14127992832,93,294000000,65000,8048529408
1789957472.230321,14127960064,100,325000000,65000,8048529408
1789957473.7514434,14127955968,63,232000000,64000,8048529408
1789957475.0231037,14127955968,99,327000000,65000,8048529408
1789957476.0236964,14127955968,100,326000000,65000,8048529408
1789957477.0241277,14127955968,100,327000000,65000,8048529408
1789957478.024409,14127955968,100,326000000,65000,8048529408
1789957479.024951,14127955968,100,327000000,65000,8048529408
1789957480.025263,14127955968,100,326000000,65000,8048529408
1789957481.026179,14127976448,100,326000000,65000,8048549888
1789957482.026725,14127943680,99,322000000,65000,8048549888
1789957483.0270302,14127947776,100,326000000,65000,8048549888
1789957484.0275524,14127947776,100,326000000,65000,8048549888
1789957485.0279539,14127976448,100,327000000,65000,8051212288
1789957486.028463,14127976448,100,326000000,65000,8051212288
1789957487.0288703,14127980544,100,328000000,66000,8051212288
1789957488.0295215,14127976448,100,325000000,65000,8051212288
1789957489.0302453,14127976448,99,326000000,65000,8051212288
1789957490.0306482,14127976448,100,325000000,65000,8051212288
1789957491.0310664,14127976448,99,326000000,65000,8051212288
1789957492.0316713,14127968256,100,326000000,65000,8051232768
1789957493.0320475,14127968256,100,326000000,65000,8051232768
1789957494.032342,14127988736,99,321000000,65000,8051253248
1789957495.032909,14127988736,100,326000000,65000,8051253248
1789957496.0331776,14127984640,100,326000000,65000,8051253248
1789957497.0462482,14127984640,100,326000000,65000,8051253248
1789957498.0471303,14127984640,100,326000000,65000,8051253248
1789957499.0474524,14127984640,99,322000000,65000,8051253248
1789957500.0477657,14127984640,100,327000000,65000,8051253248
1789957501.0485508,14127984640,100,327000000,65000,8051253248
1789957502.0491014,14127984640,100,326000000,65000,8051253248
1789957503.04942,14127992832,99,325000000,65000,8051286016
1789957504.0498133,14127992832,100,326000000,65000,8051286016
1789957505.0503435,14127992832,100,326000000,65000,8051286016
1789957506.050832,14127992832,100,326000000,65000,8051286016
1789957507.0514143,14127992832,100,326000000,65000,8051286016
1789957508.051727,14127992832,99,326000000,65000,8051286016
1789957509.052091,14127992832,100,326000000,65000,8051286016
1789957510.05251,14127992832,100,326000000,65000,8051286016
1789957511.0531864,14128013312,99,326000000,65000,8053755904
1789957512.0540233,14128013312,100,326000000,65000,8053755904
1789957513.0546873,14127992832,99,326000000,65000,8053755904
1789957514.0552528,14127992832,99,326000000,65000,8053755904
1789957515.0558507,14127992832,100,326000000,65000,8053755904
1789957516.0562544,14127992832,100,326000000,65000,8053755904
1789957517.0569735,14127992832,100,326000000,65000,8053755904
1789957518.0579093,14127992832,99,323000000,65000,8053755904
1789957519.0584042,14127992832,100,326000000,65000,8053755904
1789957520.0589895,14127992832,99,325000000,65000,8053755904
1789957521.0594487,14128013312,100,326000000,65000,8055848960
1789957522.060032,14128013312,100,326000000,65000,8055848960
1789957523.0605557,14127992832,99,324000000,65000,8055848960
1789957524.061384,14127992832,100,328000000,65000,8055848960
1789957525.0618632,14127992832,100,324000000,65000,8055848960
1789957526.0624747,14128013312,100,327000000,65000,8057774080
1789957527.062958,14128013312,100,326000000,65000,8057774080
1789957528.063559,14128013312,99,326000000,65000,8057774080
1789957529.0641398,14128013312,100,326000000,65000,8057774080
1789957530.0646443,14128013312,100,326000000,65000,8057774080
1789957531.0650272,14128013312,99,325000000,65000,8057774080
1789957532.0655441,14128013312,100,326000000,65000,8057774080
1789957533.0661466,14127980544,99,321000000,65000,8057774080
1789957534.0668836,14127980544,100,326000000,65000,8057774080
1789957535.0679603,14127980544,100,326000000,65000,8057774080
1789957536.0686176,14127980544,100,326000000,65000,8057774080
1789957537.0691807,14127980544,99,324000000,65000,8057774080
1789957538.0695872,14127980544,100,328000000,65000,8057774080
1789957539.0699966,14127980544,100,325000000,65000,8057774080
1789957540.0706167,14128001024,100,327000000,65000,8057794560
1789957541.0712745,14128001024,100,325000000,65000,8057794560
1789957542.0719943,14128001024,99,323000000,65000,8057794560
1789957543.0724335,14128001024,100,324000000,65000,8057794560
1789957544.0728533,14127968256,99,319000000,65000,8057794560
1789957545.0732663,14127968256,100,326000000,65000,8057794560
1789957546.5525932,14127968256,69,247000000,64000,8057794560
1789957547.5533028,14127968256,100,328000000,65000,8057794560
1789957548.5540538,14127968256,100,326000000,65000,8057794560
1789957549.5549755,14127968256,100,326000000,65000,8057794560
1789957550.555489,14127988736,99,326000000,65000,8057815040
1789957551.5560217,14127988736,100,326000000,65000,8057815040
1789957552.5566936,14127988736,100,326000000,65000,8057815040
1789957553.5573943,14127955968,100,327000000,65000,8057815040
1789957554.5578022,14127955968,99,325000000,65000,8057815040
1789957555.5583258,14127955968,100,326000000,65000,8057815040
1789957556.5589817,14127955968,99,325000000,65000,8057815040
1789957557.5595424,14127976448,100,326000000,65000,8057835520
1789957558.5602393,14127976448,100,326000000,65000,8057835520
1789957559.5609436,14127996928,99,326000000,65000,8057856000
1789957560.5614634,14127996928,100,326000000,65000,8057856000
1789957561.5620434,14127996928,100,327000000,65000,8057856000
1789957562.5624616,14128017408,100,326000000,66000,8057876480
1789957563.5633245,14128017408,100,326000000,66000,8057876480
1789957564.563935,14127988736,100,328000000,66000,8057876480
1789957565.564787,14128021504,100,325000000,66000,8059240448
1789957566.5653863,14128021504,100,328000000,65000,8059240448
1789957567.5660884,14128021504,99,320000000,65000,8059240448
1789957568.566901,14128021504,100,326000000,65000,8059240448
1789957569.5674412,14128021504,99,325000000,65000,8059240448
1789957570.568381,14128021504,100,326000000,65000,8059240448
1789957571.5692523,14128021504,100,326000000,65000,8059240448
1789957572.570055,14128021504,99,325000000,65000,8059240448
1789957573.5706022,14128021504,100,326000000,65000,8059240448
1789957574.571205,14127992832,100,326000000,65000,8059240448
1789957575.571733,14127992832,99,325000000,65000,8059240448
1789957576.5723255,14127992832,100,323000000,65000,8059240448
1789957577.572989,14127992832,100,326000000,65000,8059240448
1789957578.5735936,14127992832,99,323000000,65000,8059240448
1789957579.5742617,14127992832,100,326000000,65000,8059240448
1789957580.5748916,14127992832,100,326000000,65000,8059240448
1789957581.5753405,14127992832,99,325000000,65000,8059240448
1789957582.5760176,14128046080,100,327000000,65000,8059293696
1789957583.5766656,14128046080,100,326000000,65000,8059293696
1789957584.5772486,14128017408,100,326000000,65000,8059293696
1789957585.5778618,14128017408,100,327000000,65000,8059293696
1789957586.5784042,14128017408,99,325000000,65000,8059293696
1789957587.578962,14128017408,100,326000000,65000,8059293696
1789957588.5797136,14128017408,99,322000000,65000,8059293696
1789957589.580244,14128017408,100,325000000,65000,8059293696
1789957590.5811098,14128017408,100,327000000,65000,8059293696
1789957591.5816634,14128017408,100,326000000,65000,8059293696
1789957592.5824602,14128017408,100,326000000,65000,8059293696
1789957593.5831256,14128017408,99,325000000,65000,8059293696
1789957594.5838404,14128046080,100,326000000,65000,8060121088
1789957595.5844553,14128046080,100,326000000,65000,8060121088
1789957596.585011,14128050176,100,326000000,65000,8060121088
1789957597.5858119,14128050176,100,327000000,65000,8060121088
1789957598.586406,14128046080,99,316000000,65000,8060121088
1789957599.587007,14128046080,99,323000000,65000,8060121088
1789957600.5876844,14128046080,100,326000000,65000,8060121088
1789957601.588512,14128046080,100,326000000,65000,8060121088
1789957602.5889857,14128046080,99,320000000,65000,8060121088
1789957603.5896676,14128046080,100,328000000,65000,8060121088
1789957604.590312,14128021504,99,324000000,65000,8060121088
1789957605.5908713,14128021504,100,327000000,65000,8060121088
1789957606.5915854,14128021504,100,326000000,65000,8060121088
1789957607.5922763,14128021504,99,320000000,65000,8060121088
1789957608.5931356,14128041984,100,324000000,65000,8060141568
1789957609.593683,14128041984,100,326000000,65000,8060141568
1789957610.5945125,14128046080,100,327000000,65000,8060141568
1789957611.5950584,14128046080,100,325000000,65000,8060141568
1789957612.5956342,14128041984,99,325000000,65000,8060141568
1789957613.5961285,14128041984,100,326000000,65000,8060141568
1789957614.5966122,14128041984,99,325000000,65000,8060141568
1789957615.5973613,14128017408,100,326000000,65000,8060141568
1789957616.842187,14128017408,78,271000000,65000,8060141568
1789957617.843011,14128050176,100,331000000,65000,8061415424
1789957618.8437092,14128050176,100,325000000,65000,8061415424
1789957619.844199,14128082944,100,327000000,65000,8061448192
1789957620.844812,14128082944,100,327000000,65000,8061448192
1789957621.8454585,14128082944,100,327000000,65000,8061448192
1789957622.8461607,14128082944,99,324000000,65000,8061448192
1789957623.8468442,14128082944,100,326000000,65000,8061448192
1789957624.847511,14128082944,99,326000000,65000,8061448192
1789957625.8479881,14128054272,99,326000000,65000,8061448192
1789957626.8485844,14128054272,100,327000000,65000,8061448192
1789957627.8493266,14128054272,99,323000000,65000,8061448192
1789957628.8500826,14128087040,100,326000000,65000,8063352832
1789957629.850874,14128087040,100,327000000,65000,8063352832
1789957630.851698,14128087040,99,322000000,65000,8063352832
1789957631.8523605,14128087040,100,328000000,65000,8063352832
1789957632.852859,14128087040,100,325000000,65000,8063352832
1789957633.8533242,14128128000,99,322000000,65000,8063397888
1789957634.853863,14128128000,100,326000000,65000,8063397888
1789957635.8544047,14128103424,100,326000000,65000,8063397888
1789957636.8554542,14128103424,100,326000000,65000,8063397888
1789957637.8559418,14128103424,99,319000000,65000,8063397888
1789957638.8566418,14128103424,100,327000000,65000,8063397888
1789957639.8573406,14128103424,99,324000000,65000,8063397888
1789957640.858116,14128103424,100,326000000,65000,8063397888
1789957641.8587496,14128103424,100,326000000,65000,8063397888
1789957642.859298,14128103424,100,326000000,65000,8063397888
1789957643.859777,14128103424,99,325000000,65000,8063397888
1789957644.8605568,14128103424,100,328000000,65000,8063397888
1789957645.8610194,14128078848,100,324000000,65000,8063397888
1789957646.8615055,14128078848,100,326000000,65000,8063397888
1789957647.862133,14128099328,99,325000000,65000,8063418368
1789957648.8626623,14128099328,100,326000000,65000,8063418368
1789957649.863655,14128099328,100,325000000,65000,8063418368
1789957650.864193,14128099328,99,325000000,65000,8063418368
1789957651.8650072,14128099328,100,326000000,65000,8063418368
1789957652.8655472,14128099328,100,327000000,65000,8063426560
1789957653.8667793,14128099328,100,325000000,65000,8063426560
1789957654.8673751,14128099328,100,327000000,65000,8063426560
1789957655.8681488,14128070656,99,324000000,65000,8063426560
1789957656.8687117,14128070656,100,325000000,65000,8063426560
1789957657.8693304,14128070656,99,318000000,65000,8063426560
1789957658.869821,14128070656,99,325000000,65000,8063426560
1789957659.8704486,14128091136,100,326000000,65000,8063447040
1789957660.8708043,14128091136,100,328000000,65000,8063447040
1789957661.87149,14128111616,100,326000000,65000,8063471616
1789957662.8719788,14128111616,100,326000000,65000,8063471616
1789957663.8727162,14128111616,99,325000000,65000,8063471616
1789957664.8735085,14128111616,100,326000000,65000,8063471616
1789957665.8739982,14128111616,99,320000000,65000,8063471616
1789957666.8748045,14128091136,100,323000000,65000,8063471616
1789957667.8751426,14128091136,99,325000000,65000,8063471616
1789957668.875693,14128091136,100,327000000,65000,8063471616
1789957669.8761768,14128091136,100,326000000,65000,8063471616
1789957670.8769572,14128091136,100,326000000,65000,8063471616
1789957671.8775089,14128091136,100,326000000,65000,8063471616
1789957672.8781548,14128091136,99,323000000,65000,8063471616
1789957673.8787599,14128091136,100,326000000,65000,8063471616
1789957674.8793714,14128091136,99,325000000,65000,8063471616
1789957675.8798382,14128091136,100,327000000,65000,8063471616
1789957676.880356,14128066560,100,326000000,65000,8063471616
1789957677.8809917,14128066560,99,324000000,65000,8063471616
1789957678.8815272,14128066560,100,326000000,65000,8063471616
1789957679.8820927,14128066560,99,325000000,65000,8063471616
1789957680.8861105,14128066560,42,178000000,64000,8063471616
1789957681.8865914,14128066560,99,326000000,65000,8063471616
1789957682.8870864,14128066560,100,326000000,65000,8063471616
1789957683.8879097,14128066560,100,326000000,65000,8063471616
1789957684.8888981,14128066560,99,321000000,65000,8063471616
1789957685.8896983,14128066560,100,324000000,65000,8063471616
1789957686.890186,14128033792,99,325000000,65000,8063471616
1789957687.890908,14128033792,100,326000000,65000,8063471616
1789957688.891493,14128033792,99,322000000,65000,8063471616
1789957689.8920438,14128033792,100,326000000,65000,8063471616
1789957690.8927312,14128033792,100,326000000,65000,8063471616
1789957691.8935153,14128033792,99,323000000,65000,8063471616
1789957692.8939638,14128033792,100,323000000,65000,8063471616
1789957693.894367,14128054272,100,328000000,65000,8063492096
1789957694.894854,14128054272,100,326000000,65000,8063492096
1789957695.895246,14128054272,99,326000000,65000,8063492096
1789957696.8958602,14128021504,100,325000000,66000,8063492096
1789957697.8963764,14128021504,100,327000000,66000,8063492096
1789957698.8969824,14128041984,100,326000000,66000,8063516672
1789957699.8974788,14128041984,100,327000000,66000,8063516672
1789957700.8981416,14128041984,100,326000000,66000,8063516672
1789957701.898939,14128041984,100,326000000,66000,8063516672
1789957702.8995934,14128041984,100,326000000,66000,8063516672
1789957703.9001632,14128041984,100,326000000,66000,8063516672
1789957704.9009078,14128041984,99,325000000,65000,8063516672
1789957705.9016993,14128041984,100,326000000,65000,8063516672
1789957706.902501,14128062464,100,326000000,65000,8063545344
1789957707.9030924,14128029696,100,326000000,65000,8063545344
1789957708.9039152,14128029696,100,326000000,65000,8063545344
1789957709.9045804,14128062464,99,326000000,65000,8063582208
1789957710.9051259,14128062464,100,327000000,65000,8063582208
1789957711.905827,14128062464,100,324000000,65000,8063582208
1789957712.90653,14128095232,100,326000000,65000,8067862528
1789957713.9072342,14128095232,100,327000000,65000,8067862528
1789957714.9077718,14128136192,99,322000000,65000,8067907584
1789957715.9086633,14128136192,100,326000000,65000,8067907584
1789957716.9093022,14128136192,100,327000000,65000,8067907584
1789957717.9099674,14128103424,100,325000000,65000,8067907584
1789957718.9104357,14128103424,99,325000000,65000,8067907584
1789957719.9112062,14128103424,100,327000000,65000,8067907584
1789957720.9119098,14128103424,100,327000000,65000,8067907584
1789957721.9125898,14128103424,100,325000000,65000,8067907584
1789957722.9130716,14128103424,100,327000000,65000,8067907584
1789957723.9135737,14128123904,100,326000000,65000,8067928064
1789957724.9143293,14128123904,99,325000000,65000,8067928064
1789957725.9150655,14128123904,100,325000000,65000,8067928064
1789957726.9158163,14128123904,100,326000000,65000,8067928064
1789957727.9165418,14128091136,99,325000000,65000,8067928064
1789957728.9170773,14128091136,100,326000000,65000,8067928064
1789957729.917731,14128091136,100,327000000,65000,8067928064
1789957730.9182947,14128091136,99,325000000,65000,8067928064
1789957731.9187915,14128091136,100,326000000,65000,8067928064
1789957732.919441,14128091136,100,328000000,65000,8067928064
1789957733.9201849,14128091136,100,326000000,65000,8067928064
1789957734.921182,14128091136,100,325000000,65000,8067928064
1789957735.9217355,14128091136,99,326000000,65000,8067928064
1789957736.9222283,14128091136,100,326000000,65000,8067928064
1789957737.9227521,14128111616,99,326000000,65000,8067989504
1789957738.923329,14128111616,100,326000000,65000,8067989504
1789957739.923879,14128111616,100,328000000,65000,8067989504
1789957740.9243536,14128111616,99,324000000,65000,8067989504
1789957741.9263694,14128111616,100,323000000,65000,8068210688
1789957742.927131,14128164864,100,325000000,65000,8071634944
1789957743.9276023,14128164864,100,327000000,65000,8071634944
1789957744.9282322,14128164864,99,325000000,65000,8071634944
1789957745.9291081,14128164864,100,326000000,65000,8071634944
1789957746.92978,14128185344,99,326000000,65000,8072757248
1789957747.930573,14128185344,100,326000000,65000,8072757248
1789957748.9309356,14128173056,100,326000000,65000,8072777728
1789957749.931471,14128193536,100,327000000,65000,8072802304
1789957750.9323225,14128193536,100,326000000,65000,8072802304
1789957751.9328792,14128193536,99,326000000,65000,8072802304
1789957752.933865,14128193536,100,326000000,65000,8072802304
1789957753.9343789,14128193536,100,326000000,65000,8072802304
1789957754.9351592,14128193536,100,326000000,65000,8072802304
1789957755.9357088,14128193536,100,323000000,65000,8072802304
1789957756.9362204,14128193536,99,327000000,65000,8072802304
1789957757.9369335,14128193536,100,325000000,65000,8072802304
1789957758.9374628,14128160768,100,327000000,65000,8072802304
1789957759.9383042,14128160768,100,325000000,65000,8072802304
1789957760.9389002,14128160768,100,327000000,65000,8072802304
1789957761.9395602,14128160768,99,325000000,65000,8072802304
1789957762.9400659,14128160768,100,327000000,65000,8072802304
1789957763.9405527,14128193536,100,324000000,65000,8072835072
1789957764.9411702,14128193536,100,326000000,65000,8072835072
1789957766.4717965,14128193536,58,219000000,64000,8072835072
1789957767.4723442,14128193536,100,330000000,64000,8072835072
1789957768.4728012,14128160768,99,325000000,65000,8072835072
1789957769.4732282,14128160768,100,327000000,65000,8072835072
1789957770.473798,14128160768,100,326000000,65000,8072835072
1789957771.47452,14128164864,99,325000000,65000,8072835072
1789957772.4753597,14128164864,100,327000000,65000,8072835072
1789957773.4760616,14128160768,100,326000000,65000,8072835072
1789957774.476571,14128160768,99,325000000,65000,8072835072
1789957775.4769914,14128160768,100,326000000,65000,8072835072
1789957776.4776144,14128160768,100,326000000,65000,8072835072
1789957777.4781027,14128160768,99,327000000,65000,8072835072
1789957778.4787328,14128160768,100,325000000,65000,8072835072
1789957779.4793274,14128128000,100,327000000,65000,8072835072
1789957780.479945,14128128000,100,326000000,65000,8072835072
1789957781.4804218,14128148480,99,321000000,65000,8072859648
1789957782.4810753,14128148480,100,324000000,65000,8072859648
1789957783.4816258,14128148480,100,327000000,65000,8072859648
1789957784.4820833,14128148480,99,325000000,65000,8072859648
1789957785.482754,14128148480,100,325000000,65000,8072859648
1789957786.483269,14128148480,99,325000000,65000,8072859648
1789957787.484042,14128148480,100,326000000,65000,8072859648
1789957788.4848418,14128168960,100,327000000,65000,8074776576
1789957789.4854715,14128136192,100,326000000,66000,8074776576
1789957790.4859822,14128136192,100,326000000,66000,8074776576
1789957791.4864514,14128136192,100,326000000,66000,8074776576
1789957792.4871829,14128136192,99,325000000,66000,8074776576
1789957793.4920535,14128156672,100,326000000,66000,8074797056
1789957794.4926727,14128156672,99,325000000,66000,8074797056
1789957795.4932654,14128156672,100,323000000,66000,8074797056
1789957796.4941547,14128156672,99,325000000,66000,8074797056
1789957797.49489,14128156672,100,326000000,66000,8074797056
1789957798.4954107,14128160768,100,327000000,66000,8074797056
1789957799.4961019,14128132096,99,316000000,66000,8074797056
1789957800.4966877,14128128000,100,328000000,66000,8074797056
1789957801.4971375,14128148480,100,326000000,66000,8074821632
1789957802.4975798,14128148480,100,328000000,66000,8074821632
1789957803.4983277,14128148480,100,325000000,66000,8074821632
1789957804.4990242,14128148480,99,325000000,66000,8074821632
1789957805.4995544,14128148480,100,326000000,66000,8074821632
1789957806.5001,14128148480,99,324000000,66000,8074821632
1789957807.50063,14128148480,100,327000000,66000,8074821632
1789957808.5011277,14128148480,100,326000000,66000,8074821632
1789957809.501766,14128119808,100,327000000,66000,8074821632
1789957810.5024962,14128119808,100,325000000,66000,8074821632
1789957811.5031037,14128119808,100,327000000,66000,8074821632
1789957812.5036483,14128119808,100,326000000,66000,8074821632
1789957813.5043116,14128119808,100,327000000,66000,8074821632
1789957814.504766,14128119808,99,325000000,66000,8074821632
1789957815.5055156,14128140288,100,326000000,66000,8074842112
1789957816.5061908,14128140288,100,326000000,66000,8074842112
1789957817.5070677,14128140288,99,317000000,65000,8074842112
1789957818.5077708,14128140288,100,326000000,66000,8074842112
1789957819.508541,14128140288,100,327000000,66000,8074842112
1789957820.5092864,14128115712,100,325000000,66000,8074842112
1789957821.5097692,14128115712,99,316000000,66000,8074842112
1789957822.510491,14128115712,99,325000000,66000,8074842112
1789957823.5110285,14128115712,100,326000000,66000,8074842112
1789957824.511698,14128115712,100,328000000,66000,8074842112
1789957825.5125391,14128115712,100,325000000,66000,8074842112
1789957826.5130043,14128156672,100,327000000,65000,8074887168
1789957827.5138323,14128156672,100,326000000,66000,8074887168
1789957828.5143638,14128156672,100,325000000,66000,8074887168
1789957829.5149262,14128156672,100,326000000,66000,8074887168
1789957830.5155125,14128136192,100,328000000,66000,8074887168
1789957831.5159955,14128136192,99,324000000,66000,8074887168
1789957832.516514,14128136192,100,326000000,65000,8074887168
1789957833.5172188,14128136192,100,326000000,65000,8074887168
1789957834.5176039,14128136192,99,325000000,65000,8074887168
1789957835.518119,14128136192,100,326000000,65000,8074887168
1789957836.5186803,14128136192,100,328000000,65000,8074887168
1789957837.5191722,14128136192,100,322000000,65000,8074887168
1789957838.5197778,14128136192,93,301000000,65000,8074928128
1789957839.5203106,14128136192,100,326000000,65000,8074932224
1789957840.5208945,14128111616,100,326000000,65000,8074936320
1789957841.52157,14128111616,39,170000000,63000,8074936320
1789957842.5222313,14128132096,99,324000000,65000,8074956800
1789957843.5227246,14128132096,100,326000000,65000,8074956800
1789957844.523427,14128132096,100,326000000,65000,8074956800
1789957845.5240912,14128132096,100,326000000,65000,8074956800
1789957846.52474,14128132096,99,321000000,65000,8074956800
1789957847.525366,14128132096,99,321000000,65000,8075288576
1789957848.5260382,14128152576,100,325000000,65000,8075333632
1789957849.5267384,14128164864,100,327000000,65000,8075714560
1789957850.5274124,14128152576,100,326000000,65000,8075702272
1789957851.528126,14128152576,100,326000000,65000,8075702272
1789957852.5289354,14128152576,99,322000000,65000,8075702272
1789957853.529354,14128152576,100,326000000,65000,8075702272
1789957854.529886,14128152576,100,326000000,65000,8075702272
1789957855.5305114,14128152576,100,326000000,65000,8075702272
1789957856.530959,14128152576,100,326000000,65000,8075702272
1789957857.5317848,14128152576,99,325000000,65000,8075702272
1789957858.5322688,14128152576,100,327000000,65000,8075702272
1789957859.5326996,14128152576,100,326000000,65000,8075702272
1789957860.5333135,14128152576,100,326000000,65000,8075702272
1789957861.5340145,14128119808,99,327000000,65000,8075702272
1789957862.5350163,14128119808,100,325000000,65000,8075702272
1789957863.5355866,14128119808,100,326000000,65000,8075702272
1789957864.5361712,14128119808,99,325000000,65000,8075702272
1789957865.5368443,14128119808,100,323000000,65000,8075702272
1789957866.5376654,14128119808,99,323000000,65000,8075702272
1789957867.5381336,14128119808,99,325000000,65000,8075702272
1789957868.5388517,14128119808,100,326000000,65000,8075702272
1789957869.5396197,14128119808,100,326000000,65000,8075702272
1789957870.5402513,14128152576,100,326000000,65000,8075739136
1789957871.540861,14128119808,100,326000000,65000,8075739136
1789957872.5413728,14128119808,100,326000000,65000,8075739136
1789957873.5423288,14128119808,99,326000000,65000,8075739136
1789957874.5429568,14128119808,100,326000000,65000,8075739136
1789957875.543449,14128119808,100,326000000,65000,8075739136
1789957876.5442302,14128119808,99,325000000,65000,8075739136
1789957877.5447662,14128119808,100,326000000,65000,8075739136
1789957878.545342,14128119808,99,319000000,65000,8075739136
1789957879.546003,14128119808,99,325000000,65000,8075739136
1789957880.546615,14128140288,100,326000000,65000,8075759616
1789957881.5472848,14128107520,100,325000000,65000,8075759616
1789957882.548295,14128107520,100,325000000,65000,8075759616
1789957883.5487626,14128107520,99,326000000,65000,8075759616
1789957884.5495834,14128107520,100,326000000,65000,8075759616
1789957885.5504017,14128107520,99,326000000,65000,8075759616
1789957886.550883,14128107520,100,326000000,65000,8075759616
1789957887.55161,14128107520,100,324000000,65000,8075759616
1789957888.552345,14128107520,99,325000000,65000,8075759616
1789957889.5532022,14128128000,100,327000000,65000,8075780096
1789957890.5537531,14128128000,100,326000000,65000,8075780096
1789957891.5543494,14128095232,100,327000000,65000,8075780096
1789957892.5550923,14128095232,99,324000000,65000,8075780096
1789957893.5556805,14128095232,100,325000000,65000,8075780096
1789957894.5565543,14128095232,99,323000000,65000,8075780096
1789957895.5569394,14128095232,99,323000000,65000,8075780096
1789957896.5575504,14128095232,100,326000000,65000,8075780096
1789957897.5581405,14128095232,99,319000000,65000,8075780096
1789957898.5588677,14128115712,100,327000000,65000,8075800576
1789957899.5596342,14128115712,100,327000000,65000,8075800576
1789957900.5601728,14128115712,100,326000000,65000,8075800576
1789957901.5608418,14128082944,99,323000000,65000,8075800576
1789957902.561527,14128082944,100,327000000,65000,8075800576
1789957903.5650191,14128082944,32,144000000,63000,8075800576
1789957904.5656066,14128082944,99,319000000,64000,8075800576
1789957905.5665054,14128082944,100,326000000,65000,8075800576
1789957906.5673175,14128082944,100,326000000,65000,8075800576
1789957907.5681844,14128082944,100,326000000,65000,8075800576
1789957908.5686269,14128082944,99,325000000,65000,8075800576
1789957909.5691583,14128082944,100,326000000,65000,8075800576
1789957910.5701044,14128082944,99,325000000,65000,8075800576
1789957911.5709891,14128082944,100,327000000,65000,8075800576
1789957912.5718307,14128050176,99,321000000,65000,8075800576
1789957913.5723362,14128050176,99,323000000,65000,8075800576
1789957914.5731063,14128050176,100,326000000,65000,8075804672
1789957915.5738096,14128050176,100,326000000,65000,8075800576
1789957916.5743423,14128082944,99,325000000,65000,8075837440
1789957917.5749464,14128082944,100,326000000,65000,8075837440
1789957918.5754733,14128082944,100,325000000,65000,8075837440
1789957919.5760932,14128082944,100,325000000,65000,8075837440
1789957920.576761,14128082944,100,327000000,65000,8075837440
1789957921.5773625,14128082944,100,325000000,65000,8075837440
1789957922.5780206,14128050176,99,321000000,65000,8075837440
1789957923.5785062,14128050176,100,325000000,65000,8075837440
1789957924.57933,14128050176,99,318000000,65000,8075837440
1789957925.5798616,14128050176,100,326000000,65000,8075837440
1789957926.5805807,14128082944,99,325000000,65000,8081457152
1789957927.5812352,14128082944,100,325000000,65000,8081457152
1789957928.582283,14128082944,100,327000000,65000,8081457152
1789957929.5829504,14128082944,100,324000000,65000,8081457152
1789957930.583631,14128082944,99,324000000,65000,8081457152
1789957931.5841787,14128082944,100,326000000,65000,8081457152
1789957932.5847347,14128050176,100,326000000,65000,8081457152
1789957933.5851033,14128082944,100,326000000,65000,8081494016
1789957934.5856276,14128082944,100,326000000,65000,8081494016
1789957935.5863478,14128082944,99,320000000,65000,8081494016
1789957936.5871992,14128082944,100,328000000,65000,8081494016
1789957937.5877035,14128082944,100,327000000,65000,8081494016
1789957938.5882468,14128082944,100,326000000,65000,8081494016
1789957939.588903,14128082944,100,326000000,65000,8081494016
1789957940.589444,14128082944,100,326000000,65000,8081494016
1789957941.5900595,14128082944,100,327000000,65000,8081494016
1789957942.5906608,14128050176,100,326000000,65000,8081494016
1789957943.5911524,14128082944,99,326000000,65000,8081530880
1789957944.5919724,14128082944,89,268000000,65000,8081530880
1789957945.5925422,14128082944,100,327000000,65000,8081530880
1789957946.5933962,14128115712,100,325000000,65000,8081571840
1789957947.5940018,14128115712,100,326000000,65000,8081580032
1789957948.5944989,14128115712,100,326000000,65000,8081580032
1789957949.5953026,14128115712,100,326000000,65000,8081580032
1789957950.5958476,14128115712,100,327000000,65000,8081580032
1789957951.5966654,14128115712,100,327000000,65000,8081580032
1789957952.597144,14128115712,99,325000000,65000,8081580032
1789957953.597661,14128082944,100,326000000,65000,8081580032
1789957954.5981905,14128082944,100,327000000,65000,8081580032
1789957955.598696,14128082944,99,325000000,65000,8081580032
1789957956.644216,14128082944,100,326000000,65000,8081580032
1789957957.6454902,14128082944,100,326000000,65000,8081580032
1789957958.646486,14128082944,99,324000000,65000,8081580032
1789957959.6470087,14128082944,100,327000000,65000,8081580032
1789957960.6476345,14128082944,100,326000000,65000,8081580032
1789957961.6481047,14128082944,99,325000000,65000,8081580032
1789957962.648655,14128082944,100,326000000,65000,8081580032
1789957963.649315,14128050176,99,321000000,65000,8081580032
1789957964.6501102,14128050176,100,327000000,65000,8081580032
1789957965.6507611,14128050176,100,327000000,65000,8081580032
1789957966.651579,14128050176,100,326000000,65000,8081580032
1789957967.652205,14128070656,100,326000000,65000,8081600512
1789957968.6528394,14128070656,99,318000000,65000,8081600512
1789957969.6533349,14128070656,100,329000000,65000,8081600512
1789957970.6541553,14128070656,100,326000000,65000,8081600512
1789957971.6546474,14128070656,100,327000000,65000,8081600512
1789957972.6553006,14128070656,100,326000000,65000,8081600512
1789957973.6560636,14128070656,99,323000000,65000,8081600512
1789957974.6566453,14128070656,100,326000000,65000,8081600512
1789957975.657444,14128070656,99,323000000,65000,8081600512
1789957976.6581843,14128070656,100,325000000,65000,8081600512
1789957977.6586797,14128070656,100,326000000,65000,8081600512
1789957978.6593757,14128070656,100,328000000,65000,8081600512
1789957979.6599836,14128070656,100,326000000,65000,8081600512
1789957980.6606941,14128070656,99,323000000,65000,8081600512
1789957981.9621482,14128070656,50,199000000,64000,8081600512
1789957982.9628894,14128070656,100,329000000,65000,8081600512
1789957983.963649,14128091136,99,325000000,65000,8081620992
1789957984.9641938,14128091136,100,326000000,65000,8081698816
1789957985.9648514,14128091136,100,326000000,65000,8081698816
1789957986.9655085,14128091136,100,325000000,65000,8081698816
1789957987.9659047,14128091136,99,321000000,65000,8081698816
1789957988.9663417,14128091136,100,327000000,65000,8081698816
1789957989.9796784,14128091136,99,325000000,65000,8081698816
1789957990.9805076,14128091136,100,326000000,65000,8081698816
1789957991.9813447,14128091136,99,325000000,65000,8081698816
1789957992.9818501,14128091136,100,326000000,65000,8081698816
1789957993.9824762,14128091136,100,327000000,65000,8081711104
1789957994.9830723,14128123904,99,325000000,65000,8081768448
1789957995.9837623,14128123904,100,326000000,65000,8081768448
1789957996.984564,14128123904,100,322000000,65000,8081768448
1789957997.985047,14128123904,99,325000000,65000,8081768448
1789957998.9857833,14128144384,100,326000000,65000,8085884928
1789957999.986425,14128177152,100,326000000,65000,8085987328
1789958000.987075,14128197632,99,325000000,65000,8087654400
1789958001.9875853,14128218112,100,326000000,65000,8087650304
1789958002.9881907,14128222208,100,326000000,66000,8087650304
1789958003.9889877,14128218112,100,327000000,66000,8087650304
1789958004.9894795,14128218112,100,327000000,66000,8087650304
1789958005.9898915,14128222208,99,325000000,65000,8087650304
1789958006.990538,14128218112,100,326000000,66000,8087650304
1789958007.9910269,14128222208,99,325000000,66000,8087650304
1789958008.9916582,14128222208,100,326000000,66000,8087650304
1789958009.99236,14128218112,100,326000000,66000,8087650304
1789958010.9928946,14128218112,99,324000000,66000,8087650304
1789958011.9935837,14128218112,100,325000000,66000,8087650304
1789958012.9941442,14128238592,100,326000000,66000,8088449024
1789958013.9947858,14128238592,99,323000000,66000,8088449024
1789958014.995733,14128238592,100,326000000,66000,8088449024
1789958015.9964337,14128238592,100,326000000,66000,8088449024
1789958016.9968104,14128238592,100,327000000,66000,8088449024
1789958017.997233,14128238592,100,326000000,66000,8088449024
1789958018.997857,14128238592,100,328000000,66000,8088449024
1789958019.9984932,14128238592,100,325000000,66000,8088449024
1789958020.999033,14128259072,99,325000000,66000,8088469504
1789958021.9997897,14128259072,100,325000000,66000,8088469504
1789958023.0003722,14128259072,100,327000000,66000,8088469504
1789958024.0013332,14128259072,99,318000000,66000,8088469504
1789958025.0019033,14128259072,100,328000000,66000,8088469504
1789958026.0024,14128259072,100,326000000,66000,8088469504
1789958027.0029929,14128259072,99,325000000,66000,8088469504
1789958028.0034869,14128259072,100,327000000,66000,8088469504
1789958029.0040874,14128259072,100,326000000,66000,8088469504
1789958030.0049045,14128259072,99,321000000,66000,8088469504
1789958031.0053895,14128259072,100,326000000,66000,8088469504
1789958032.005833,14128259072,99,325000000,66000,8088469504
1789958033.0062156,14128259072,100,326000000,66000,8088469504
1789958034.00695,14128259072,100,326000000,66000,8088469504
1789958035.0075746,14128259072,99,325000000,66000,8088469504
1789958036.0079243,14128271360,100,326000000,66000,8089010176
1789958037.0091534,14128295936,100,327000000,66000,8090677248
1789958038.0098844,14128295936,100,326000000,66000,8090677248
1789958039.010422,14128295936,100,327000000,66000,8090677248
1789958040.0109487,14128295936,100,325000000,66000,8090677248
1789958041.0115144,14128295936,100,327000000,66000,8090677248
1789958042.012059,14128295936,100,326000000,66000,8090677248
1789958043.0127087,14128295936,99,323000000,66000,8090677248
1789958044.0135534,14128295936,100,326000000,66000,8090677248
1789958045.0140843,14128316416,100,326000000,66000,8090701824
1789958046.0148354,14128316416,99,326000000,66000,8090701824
1789958047.0156255,14128349184,100,326000000,66000,8092086272
1789958048.0161834,14128349184,100,326000000,65000,8092086272
1789958049.0168648,14128349184,100,327000000,65000,8092086272
1789958050.0173738,14128349184,99,324000000,65000,8092086272
1789958051.0182574,14128349184,100,326000000,65000,8092086272
1789958052.0187654,14128349184,32,151000000,63000,8092086272
1789958053.0195205,14128349184,99,327000000,65000,8092086272
1789958054.0200784,14128349184,100,326000000,65000,8092086272
1789958055.0206563,14128349184,99,322000000,65000,8092086272
1789958056.0211556,14128349184,100,327000000,65000,8092086272
1789958057.021811,14128349184,100,327000000,65000,8092086272
1789958058.0224314,14128349184,100,325000000,65000,8092086272
1789958059.0229268,14128349184,99,319000000,65000,8092086272
1789958060.0239162,14128349184,100,327000000,65000,8092086272
1789958061.0245378,14128353280,100,325000000,65000,8092086272
1789958062.025383,14128349184,100,325000000,65000,8092086272
1789958063.0258574,14128349184,99,325000000,65000,8092086272
1789958064.0265343,14128349184,100,323000000,65000,8092086272
1789958065.0271635,14128349184,99,324000000,65000,8092086272
1789958066.0279837,14128369664,100,328000000,65000,8092110848
1789958067.0287223,14128369664,100,326000000,65000,8092110848
1789958068.029315,14128369664,100,326000000,65000,8092110848
1789958069.0299048,14128369664,100,325000000,65000,8092110848
1789958070.0302925,14128369664,99,322000000,65000,8092110848
1789958071.030795,14128402432,100,327000000,65000,8092786688
1789958072.0313082,14128402432,100,326000000,65000,8092786688
1789958073.0320995,14128402432,99,323000000,65000,8092786688
1789958074.0327115,14128402432,100,326000000,65000,8092786688
1789958075.03349,14128402432,100,326000000,65000,8092786688
1789958076.0340347,14128402432,99,325000000,65000,8092786688
1789958077.0348036,14128406528,100,325000000,65000,8092786688
1789958078.0354114,14128406528,100,327000000,65000,8092786688
1789958079.0359864,14128402432,100,325000000,65000,8092786688
1789958080.0365715,14128402432,99,325000000,65000,8092786688
1789958081.037251,14128402432,100,322000000,65000,8092786688
1789958082.0376878,14128402432,99,320000000,65000,8092786688
1789958083.0382783,14128402432,99,325000000,65000,8092786688
1789958084.038777,14128422912,100,325000000,65000,8092811264
1789958085.0392015,14128422912,100,326000000,65000,8092811264
1789958086.040055,14128422912,99,325000000,65000,8092811264
1789958087.0408242,14128443392,100,327000000,65000,8092831744
1789958088.042117,14128443392,99,325000000,65000,8092831744
1789958089.042697,14128443392,100,326000000,65000,8092831744
1789958090.0433552,14128463872,100,325000000,65000,8092852224
1789958091.0438814,14128463872,99,324000000,65000,8092852224
1789958092.0451689,14128467968,99,322000000,65000,8092852224
1789958093.0462065,14128463872,100,325000000,65000,8092852224
1789958094.0470095,14128484352,100,326000000,65000,8092872704
1789958095.047548,14128504832,100,327000000,65000,8092893184
1789958096.048175,14128504832,99,325000000,65000,8092893184
1789958097.048801,14128504832,100,326000000,65000,8092893184
1789958098.049251,14128504832,100,326000000,65000,8092893184
1789958099.0507708,14128504832,99,324000000,65000,8092893184
1789958100.0513263,14128504832,99,324000000,65000,8092893184
1789958101.0519843,14128504832,100,326000000,65000,8092893184
1789958102.0525124,14128504832,100,326000000,65000,8092893184
1789958103.052861,14128504832,99,325000000,65000,8092893184
1789958104.0534687,14128504832,100,326000000,65000,8092893184
1789958105.0539043,14128504832,99,325000000,65000,8092893184
1789958106.0545003,14128504832,100,326000000,65000,8092893184
1789958107.0550036,14128504832,99,323000000,65000,8092893184
1789958108.09263,14128504832,73,257000000,64000,8092893184
1789958109.0930598,14128504832,100,329000000,65000,8092893184
1789958110.093594,14128558080,100,327000000,65000,8092958720
1789958111.0939896,14128562176,100,327000000,65000,8092958720
1789958112.0947146,14128558080,100,326000000,65000,8092958720
1789958113.095382,14128558080,99,324000000,65000,8092958720
1789958114.0959377,14128558080,100,326000000,65000,8092958720
1789958115.0967312,14128558080,100,326000000,65000,8092958720
1789958116.0973217,14128578560,100,326000000,65000,8092983296
1789958117.09801,14128578560,99,321000000,65000,8092983296
1789958118.0990272,14128578560,99,324000000,65000,8092987392
1789958119.0997465,14128578560,100,327000000,65000,8092987392
1789958120.1002586,14128578560,100,325000000,65000,8092987392
1789958121.1009874,14128578560,99,326000000,65000,8092987392
1789958122.1017427,14128578560,100,326000000,65000,8092987392
1789958123.102414,14128578560,100,327000000,65000,8092987392
1789958124.1029713,14128578560,100,326000000,65000,8092987392
1789958125.103712,14128578560,100,327000000,65000,8092987392
1789958126.104285,14128578560,100,326000000,65000,8092987392
1789958127.1051743,14128578560,99,325000000,65000,8092987392
1789958128.1057796,14128578560,100,324000000,65000,8092987392
1789958129.1062365,14128599040,99,325000000,65000,8093011968
1789958130.1069465,14128599040,100,327000000,65000,8093011968
1789958131.1075273,14128599040,100,326000000,65000,8093011968
1789958132.1080167,14128599040,100,325000000,65000,8093011968
1789958133.1090705,14128599040,99,321000000,65000,8093011968
1789958134.109755,14128599040,99,324000000,65000,8093011968
1789958135.1105344,14128599040,100,325000000,65000,8093011968
1789958136.1112838,14128599040,100,327000000,65000,8093011968
1789958137.1120427,14128599040,100,325000000,65000,8093011968
1789958138.2245705,14128599040,100,327000000,65000,8093011968
1789958139.2253225,14128599040,100,324000000,65000,8093011968
1789958140.2262332,14128599040,99,323000000,65000,8093011968
1789958141.2269325,14128599040,100,326000000,65000,8093011968
1789958142.2274847,14128599040,99,326000000,65000,8093011968
1789958143.228317,14128599040,100,326000000,65000,8093011968
1789958144.2288554,14128599040,100,326000000,65000,8093011968
1789958145.2297132,14128599040,100,326000000,65000,8093011968
1789958146.230125,14128599040,100,326000000,65000,8093011968
1789958147.2306762,14128599040,99,325000000,65000,8093011968
1789958148.2314925,14128619520,100,326000000,65000,8093032448
1789958149.2323315,14128619520,100,327000000,65000,8093032448
1789958150.2330172,14128619520,100,326000000,65000,8093032448
1789958151.2337518,14128619520,100,326000000,65000,8093032448
1789958152.2342324,14128619520,99,326000000,65000,8093032448
1789958153.2348962,14128619520,99,312000000,65000,8093032448
1789958154.235752,14128623616,100,329000000,65000,8093032448
1789958155.2363467,14128619520,100,326000000,65000,8093032448
1789958156.2370536,14128619520,99,311000000,65000,8093032448
1789958157.2375734,14128619520,99,326000000,65000,8093032448
1789958158.2385142,14128619520,100,326000000,65000,8093032448
1789958159.2390163,14128619520,100,326000000,65000,8093032448
1789958160.2395282,14128619520,99,325000000,65000,8093032448
1789958161.240471,14128619520,100,326000000,65000,8093032448
1789958162.2410102,14128619520,100,326000000,65000,8093032448
1789958163.2417495,14128619520,99,325000000,65000,8093032448
1789958164.2423985,14128619520,100,326000000,65000,8093032448
1789958165.2432795,14128619520,99,320000000,65000,8093032448
1789958166.2440221,14128619520,100,329000000,65000,8093032448
1789958167.244503,14128619520,100,326000000,65000,8093032448
1789958168.3292618,14128619520,100,326000000,65000,8093032448
1789958169.330094,14128619520,99,324000000,65000,8093032448
1789958170.3305423,14128640000,100,327000000,65000,8093061120
1789958171.331132,14128640000,100,326000000,66000,8093061120
1789958172.3320353,14128640000,100,327000000,66000,8093061120
1789958173.3324232,14128672768,93,302000000,65000,8093179904
1789958174.332865,14128672768,100,326000000,65000,8093179904
1789958175.333285,14128672768,100,325000000,65000,8093179904
1789958176.7991092,14128672768,60,223000000,64000,8093179904
1789958177.8000908,14128672768,99,326000000,65000,8093179904
1789958178.8011572,14128672768,100,326000000,65000,8093179904
1789958179.8020153,14128672768,100,327000000,65000,8093179904
1789958180.8028753,14128672768,100,325000000,65000,8093179904
1789958181.803404,14128672768,99,325000000,65000,8093179904
1789958182.8040926,14128672768,100,323000000,65000,8093179904
1789958183.8050654,14128672768,100,326000000,66000,8093179904
1789958184.8057144,14128672768,99,325000000,66000,8093179904
1789958185.8065507,14128672768,100,326000000,66000,8093179904
1789958186.8071623,14128672768,99,327000000,66000,8093179904
1789958187.807672,14128672768,100,326000000,66000,8093179904
1789958188.8085163,14128672768,100,327000000,66000,8093179904
1789958189.8092792,14128672768,100,326000000,66000,8093179904
1789958190.8100774,14128672768,100,326000000,66000,8093179904
1789958191.810606,14128693248,99,323000000,66000,8093204480
1789958192.8111765,14128693248,100,326000000,66000,8093204480
1789958193.8117423,14128693248,99,324000000,66000,8093204480
1789958194.8125877,14128693248,100,326000000,66000,8093204480
1789958195.8130717,14128693248,100,326000000,66000,8093204480
1789958196.8138778,14128693248,99,324000000,66000,8093204480
1789958197.8144248,14128693248,100,326000000,66000,8093204480
1789958198.8150842,14128693248,100,326000000,66000,8093204480
1789958199.815914,14128713728,99,323000000,66000,8093229056
1789958200.8164265,14128713728,100,326000000,66000,8093229056
1789958201.8171897,14128713728,100,327000000,66000,8093229056
1789958202.817933,14128713728,100,326000000,66000,8093229056
1789958203.8184688,14128713728,100,326000000,66000,8093229056
1789958204.8190136,14128713728,99,325000000,66000,8093229056
1789958205.8195498,14128713728,100,326000000,66000,8093229056
1789958206.823069,14128713728,100,326000000,66000,8099282944
1789958207.8237758,14128754688,100,326000000,66000,8100544512
1789958208.8242984,14128754688,100,327000000,66000,8100544512
1789958209.8251472,14128754688,99,321000000,66000,8100544512
1789958210.8258233,14128754688,100,326000000,66000,8100544512
1789958211.8266675,14128754688,100,326000000,66000,8100544512
1789958212.8271618,14128754688,100,325000000,66000,8100544512
1789958213.8281045,14128754688,99,326000000,66000,8100544512
1789958214.8289154,14128754688,100,326000000,66000,8100544512
1789958215.8294146,14128775168,100,326000000,66000,8100564992
1789958216.8300333,14128775168,100,326000000,66000,8100564992
1789958217.8305624,14128795648,100,326000000,66000,8100589568
1789958218.8310702,14128795648,99,325000000,66000,8100589568
1789958219.8316026,14128799744,100,326000000,66000,8100589568
1789958220.8321488,14128820224,100,327000000,66000,8100610048
1789958221.8327937,14128820224,100,327000000,66000,8100610048
1789958222.8335128,14128852992,100,326000000,66000,8100646912
1789958223.8342016,14128852992,100,326000000,66000,8100646912
1789958224.8349156,14128848896,99,324000000,66000,8100646912
1789958225.8361294,14128848896,100,326000000,66000,8100646912
1789958226.8367796,14128848896,100,326000000,66000,8100646912
1789958227.8376684,14128848896,100,327000000,66000,8100646912
1789958228.8381248,14128848896,99,325000000,66000,8100646912
1789958229.8385792,14128848896,100,327000000,66000,8100646912
1789958230.8393397,14128848896,100,323000000,66000,8100646912
1789958231.8398323,14128848896,99,322000000,66000,8100646912
1789958232.8404775,14128848896,100,327000000,66000,8100646912
1789958233.8409681,14128848896,99,322000000,66000,8100646912
1789958234.8417242,14128848896,100,325000000,66000,8100646912
1789958235.8425207,14128881664,100,326000000,66000,8100679680
1789958236.843239,14128881664,100,328000000,66000,8100679680
1789958237.844166,14128881664,100,326000000,66000,8100679680
1789958238.8448565,14128881664,99,325000000,66000,8100679680
1789958239.8456345,14128881664,100,326000000,66000,8100679680
1789958240.8463876,14128881664,99,325000000,66000,8100679680
1789958241.8471932,14128881664,100,324000000,66000,8100679680
1789958242.8479683,14128881664,100,326000000,66000,8100679680
1789958243.8485913,14128881664,99,325000000,66000,8100679680
1789958244.8493178,14128902144,100,326000000,66000,8103485440
1789958245.849945,14128902144,99,316000000,66000,8103485440
1789958246.850376,14128902144,35,163000000,64000,8103485440
1789958247.8508677,14128902144,100,328000000,66000,8103485440
1789958248.8515496,14128902144,100,326000000,66000,8103485440
1789958249.8523436,14128934912,99,326000000,66000,8103518208
1789958250.8528855,14128934912,100,326000000,66000,8103518208
1789958251.8535583,14128934912,100,327000000,66000,8103518208
1789958252.854185,14128934912,100,326000000,66000,8103518208
1789958253.8550472,14128955392,100,327000000,66000,8103538688
1789958254.8558295,14128955392,100,326000000,66000,8103538688
1789958255.856823,14128955392,99,325000000,66000,8103538688
1789958256.8573248,14128988160,100,327000000,66000,8103571456
1789958257.8578432,14128988160,100,326000000,66000,8103571456
1789958258.8584933,14128988160,99,325000000,66000,8103571456
1789958259.859023,14128988160,100,326000000,66000,8103571456
1789958260.8597028,14128988160,99,323000000,66000,8103571456
1789958261.8601968,14128988160,100,327000000,66000,8103571456
1789958262.8611946,14128988160,99,324000000,66000,8103571456
1789958263.8618307,14129008640,100,326000000,66000,8103591936
1789958264.8625793,14129008640,100,326000000,66000,8103591936
1789958265.8631623,14129029120,100,326000000,66000,8103612416
1789958266.8638406,14129029120,99,325000000,66000,8103612416
1789958267.864506,14129049600,100,326000000,66000,8106569728
1789958268.8651376,14129049600,100,326000000,66000,8106569728
1789958269.8659842,14129049600,100,326000000,66000,8106569728
1789958270.8665783,14129049600,99,322000000,66000,8106569728
1789958271.867291,14129053696,100,326000000,66000,8106569728
1789958272.8678784,14129053696,99,323000000,66000,8106569728
1789958273.8684747,14129049600,100,326000000,66000,8106569728
1789958274.8689973,14129049600,99,326000000,66000,8106569728
1789958275.869742,14129053696,100,326000000,66000,8106569728
1789958276.8705118,14129049600,100,326000000,66000,8106569728
1789958277.8713262,14129049600,100,326000000,66000,8106569728
1789958278.8718088,14129049600,100,327000000,66000,8106569728
1789958279.8724988,14129049600,99,325000000,66000,8106569728
1789958280.872981,14129049600,99,320000000,66000,8106569728
1789958281.8735967,14129049600,100,326000000,66000,8106569728
1789958282.874183,14129049600,100,326000000,66000,8106569728
1789958283.8749828,14129086464,99,323000000,66000,8106602496
1789958284.8755183,14129082368,100,326000000,66000,8106602496
1789958285.8760571,14129082368,100,326000000,66000,8106602496
1789958286.8767126,14129082368,99,325000000,66000,8106602496
1789958287.8773422,14129082368,100,326000000,66000,8106602496
1789958288.8778408,14129082368,99,318000000,66000,8106602496
1789958289.8786788,14129082368,100,326000000,66000,8106602496
1789958290.8794038,14129082368,100,326000000,66000,8106602496
1789958291.8800237,14129082368,100,326000000,66000,8106602496
1789958292.8807979,14129082368,99,325000000,66000,8106602496
1789958293.8816383,14129082368,100,328000000,66000,8106602496
1789958294.8820615,14129082368,100,325000000,66000,8106602496
1789958295.882627,14129082368,100,327000000,66000,8106602496
1789958296.8835647,14129082368,100,326000000,66000,8106602496
1789958297.8845828,14129115136,99,325000000,66000,8106639360
1789958298.8852131,14129115136,100,328000000,66000,8106639360
1789958299.8859243,14129115136,100,324000000,66000,8106639360
1789958300.8865926,14129115136,100,327000000,66000,8106639360
1789958301.887312,14129119232,100,325000000,66000,8106639360
1789958302.8882425,14129119232,99,324000000,66000,8106639360
1789958303.888983,14129115136,100,326000000,66000,8106639360
1789958305.0259957,14129119232,100,326000000,66000,8106639360
1789958306.0265965,14129119232,100,326000000,66000,8106639360
1789958307.027273,14129115136,99,325000000,66000,8106639360
1789958308.0279398,14129115136,100,326000000,66000,8106639360
1789958309.028477,14129135616,99,319000000,66000,8106659840
1789958310.029022,14129135616,99,321000000,66000,8106659840
1789958311.0295238,14129135616,100,326000000,66000,8106659840
1789958312.0305276,14129135616,100,326000000,66000,8106659840
1789958313.0312953,14129135616,40,176000000,64000,8106659840
1789958314.0321188,14129135616,99,322000000,65000,8106659840
1789958315.0326116,14129135616,99,324000000,65000,8106659840
1789958316.0333014,14129135616,100,324000000,65000,8106659840
1789958317.0338197,14129135616,99,325000000,65000,8106659840
1789958318.0343978,14129135616,100,326000000,65000,8106659840
1789958319.0347855,14129135616,100,326000000,65000,8106659840
1789958320.0355253,14129135616,99,325000000,65000,8106659840
1789958321.036196,14129168384,100,326000000,65000,8106696704
1789958322.036618,14129168384,100,326000000,66000,8106696704
1789958323.03699,14129168384,100,326000000,65000,8106696704
1789958324.0375063,14129168384,100,326000000,65000,8106696704
1789958325.037863,14129168384,99,325000000,65000,8106696704
1789958326.0385423,14129168384,100,326000000,65000,8106696704
1789958327.0391462,14129168384,100,327000000,65000,8106696704
1789958328.0396447,14129168384,100,326000000,65000,8106696704
1789958329.0400555,14129168384,99,325000000,65000,8106696704
1789958330.0407355,14129168384,100,326000000,65000,8106696704
1789958331.0412936,14129168384,99,320000000,65000,8106696704
1789958332.0417762,14129168384,99,324000000,65000,8106696704
1789958333.0422204,14129168384,100,322000000,65000,8106696704
1789958334.0426574,14129188864,99,326000000,65000,8106717184
1789958335.0432117,14129188864,100,326000000,65000,8106717184
1789958336.044124,14129188864,100,328000000,66000,8106717184
1789958337.0447395,14129188864,100,325000000,65000,8106717184
1789958338.0452807,14129188864,100,324000000,65000,8106717184
1789958339.164157,14129188864,99,322000000,65000,8106717184
1789958340.1646242,14129188864,100,325000000,65000,8106717184
1789958341.1652915,14129188864,100,326000000,65000,8106717184
1789958342.1659098,14129188864,100,327000000,65000,8106717184
1789958343.16641,14129188864,99,324000000,65000,8106717184
1789958344.1668055,14129192960,100,327000000,65000,8106717184
1789958345.1673243,14129188864,100,325000000,65000,8106717184
1789958346.1677282,14129188864,99,323000000,65000,8106717184
1789958347.1683404,14129188864,100,325000000,65000,8106717184
1789958348.1687415,14129188864,100,328000000,65000,8106717184
1789958349.1693537,14129188864,100,325000000,65000,8106717184
1789958350.1699874,14129188864,99,325000000,65000,8106717184
1789958351.1706965,14129188864,100,326000000,65000,8106717184
1789958352.1712234,14129188864,100,326000000,65000,8106717184
1789958353.1720185,14129188864,100,326000000,65000,8106717184
1789958354.1729858,14129188864,99,323000000,65000,8106717184
1789958355.1737058,14129188864,100,325000000,65000,8106717184
1789958356.2062747,14129188864,100,326000000,65000,8106717184
1789958357.2068458,14129188864,100,327000000,65000,8106717184
1789958358.2075782,14129188864,99,325000000,65000,8106717184
1789958359.2082658,14129188864,100,326000000,65000,8106717184
1789958360.2087574,14129188864,99,321000000,65000,8106717184
1789958361.209204,14129188864,100,324000000,65000,8106717184
1789958362.209625,14129188864,100,326000000,65000,8106717184
1789958363.2102869,14129188864,99,325000000,65000,8106717184
1789958364.2108002,14129188864,100,326000000,65000,8106717184
1789958365.2116003,14129188864,100,326000000,65000,8106717184
1789958366.2120516,14129188864,99,325000000,65000,8106717184
1789958367.2124016,14129188864,100,326000000,65000,8106717184
1789958368.213167,14129188864,100,326000000,65000,8106717184
1789958369.213553,14129188864,99,326000000,65000,8106717184
1789958370.214158,14129188864,100,326000000,65000,8106717184
1789958371.214852,14129188864,99,321000000,65000,8106717184
1789958372.2153986,14129188864,100,328000000,65000,8106717184
1789958373.215789,14129209344,100,326000000,65000,8106745856
1789958374.2163274,14129209344,100,326000000,65000,8106745856
1789958375.2174466,14129209344,100,327000000,65000,8106745856
1789958376.218102,14129209344,100,326000000,65000,8106745856
1789958377.2187574,14129209344,100,327000000,65000,8106745856
1789958378.2192528,14129209344,100,326000000,65000,8106745856
1789958379.2197769,14129209344,37,162000000,63000,8106745856
1789958380.2201402,14129209344,100,333000000,65000,8106745856
1789958381.2207499,14129242112,100,326000000,65000,8110612480
1789958382.221584,14129242112,100,326000000,65000,8110612480
1789958383.2219453,14129242112,99,326000000,65000,8110612480
1789958384.22258,14129242112,100,327000000,65000,8110612480
1789958385.2233136,14129242112,99,318000000,65000,8110616576
1789958386.22377,14129262592,100,328000000,65000,8110731264
1789958387.4362175,14129262592,100,326000000,65000,8110739456
1789958388.4369793,14129262592,100,327000000,65000,8110739456
1789958389.437516,14129262592,100,327000000,65000,8110739456
1789958390.4381616,14129262592,100,326000000,65000,8110739456
1789958391.4387846,14129262592,99,320000000,65000,8110739456
1789958392.4394896,14129262592,100,326000000,65000,8110739456
1789958393.4401555,14129283072,99,325000000,65000,8110759936
1789958394.440632,14129283072,100,324000000,65000,8110759936
1789958395.4412646,14129315840,99,326000000,66000,8110792704
1789958396.441775,14129315840,100,326000000,65000,8110792704
1789958397.442593,14129315840,100,327000000,66000,8110792704
1789958398.442952,14129315840,100,327000000,66000,8110792704
1789958399.4437094,14129315840,100,325000000,66000,8110792704
1789958400.4441671,14129348608,100,327000000,66000,8110829568
1789958401.4447913,14129348608,100,326000000,66000,8110829568
1789958402.4473228,14129348608,100,325000000,66000,8110829568
1789958403.4478889,14129348608,100,327000000,66000,8110829568
1789958404.448573,14129348608,100,326000000,66000,8110829568
1789958405.4491167,14129348608,100,326000000,66000,8110829568
1789958406.449707,14129348608,100,326000000,66000,8110829568
1789958407.4502015,14129348608,99,325000000,66000,8110829568
1789958408.4509315,14129348608,100,326000000,66000,8110829568
1789958409.4515483,14129348608,100,327000000,66000,8110829568
1789958410.4520226,14129455104,99,326000000,66000,8110952448
1789958411.452505,14129455104,100,326000000,66000,8110952448
1789958412.4530854,14129455104,100,326000000,66000,8110952448
1789958413.4535828,14129455104,100,327000000,66000,8110952448
1789958414.454047,14129455104,99,325000000,66000,8110952448
1789958415.4546783,14129455104,100,326000000,66000,8110952448
1789958416.4554248,14129455104,100,326000000,66000,8110993408
1789958417.4560747,14129455104,99,325000000,66000,8110993408
1789958418.4569144,14129455104,100,327000000,66000,8110993408
1789958419.457518,14129455104,100,326000000,66000,8110993408
1789958420.4579701,14129455104,99,317000000,66000,8110993408
1789958421.458679,14129455104,100,327000000,66000,8110993408
1789958422.4591806,14129455104,100,327000000,66000,8110993408
1789958423.4597058,14129455104,100,326000000,66000,8110993408
1789958424.460554,14129455104,100,325000000,66000,8110993408
1789958425.4610796,14129455104,100,327000000,66000,8111013888
1789958426.4615839,14129455104,100,326000000,66000,8111013888
1789958427.462216,14129455104,99,325000000,66000,8111013888
1789958428.4628623,14129455104,100,326000000,66000,8111017984
1789958429.6225011,14129455104,100,326000000,66000,8111017984
1789958430.6230109,14129455104,100,325000000,66000,8111017984
1789958431.6236186,14129455104,100,327000000,66000,8111017984
1789958432.6242988,14129455104,99,324000000,66000,8111017984
1789958433.6267807,14129455104,100,326000000,66000,8111017984
1789958434.627549,14129455104,100,326000000,66000,8111017984
1789958435.628373,14129455104,99,325000000,66000,8111017984
1789958436.6290846,14129455104,100,326000000,66000,8111017984
1789958437.6299098,14129455104,100,327000000,66000,8111017984
1789958438.6304672,14129455104,100,327000000,66000,8111017984
1789958439.6312146,14129455104,100,325000000,66000,8111017984
1789958440.6319635,14129455104,99,326000000,66000,8111017984
1789958441.6323926,14129455104,100,326000000,66000,8111017984
1789958442.6357007,14129455104,100,326000000,66000,8111017984
1789958443.639574,14129455104,99,325000000,66000,8111017984
1789958444.6401436,14129455104,99,327000000,66000,8111599616
1789958445.6406615,14129475584,100,327000000,66000,8115728384
1789958446.6412072,14129475584,100,325000000,66000,8115728384
1789958447.641638,14129475584,100,327000000,66000,8115728384
1789958448.6425831,14129475584,100,324000000,66000,8115728384
1789958449.643307,14129475584,99,315000000,65000,8115728384
1789958450.643905,14129475584,100,326000000,66000,8115728384
1789958451.6447434,14129475584,100,326000000,66000,8115728384
1789958452.6454096,14129475584,100,327000000,66000,8115728384
1789958453.6459162,14129496064,99,325000000,66000,8115748864
1789958454.646676,14129528832,100,325000000,66000,8115781632
1789958455.6473515,14129528832,100,326000000,66000,8115781632
1789958456.6478922,14129532928,100,326000000,66000,8115781632
1789958457.648776,14129532928,100,327000000,66000,8115781632
1789958458.649588,14129528832,99,325000000,66000,8115781632
1789958459.6500816,14129528832,100,326000000,66000,8115781632
1789958460.6507351,14129528832,100,326000000,66000,8115781632
1789958461.651257,14129528832,100,328000000,66000,8115781632
1789958462.6518662,14129528832,100,325000000,66000,8115781632
1789958463.652837,14129528832,100,326000000,66000,8115781632
1789958464.6534784,14129528832,100,326000000,66000,8115781632
1789958465.6540825,14129561600,99,325000000,66000,8115818496
1789958466.8092864,14129561600,42,176000000,64000,8115818496
1789958467.8097336,14129602560,100,324000000,65000,8115863552
1789958468.8101943,14129623040,100,327000000,65000,8115888128
1789958469.8106139,14129623040,99,325000000,65000,8115888128
1789958470.8110297,14129623040,100,326000000,65000,8115888128
1789958471.8114583,14129623040,99,323000000,65000,8115888128
1789958472.812008,14129623040,100,326000000,65000,8115888128
1789958473.8125596,14129643520,99,326000000,65000,8116011008
1789958474.8134298,14129643520,100,325000000,65000,8116011008
1789958475.8140235,14129643520,100,327000000,65000,8116011008
1789958476.8147044,14129643520,100,324000000,65000,8116011008
1789958477.815252,14129664000,100,326000000,65000,8116035584
1789958478.8158839,14129684480,100,326000000,66000,8116060160
1789958479.816825,14129684480,100,328000000,66000,8116060160
1789958480.817565,14129684480,100,326000000,66000,8116060160
1789958481.8182118,14129684480,99,319000000,65000,8116060160
1789958482.81915,14129684480,99,323000000,65000,8116060160
1789958483.8196769,14129684480,100,327000000,65000,8116060160
1789958484.8203943,14129684480,100,326000000,66000,8116060160
1789958485.8210623,14129684480,100,326000000,66000,8116060160
1789958486.821517,14129684480,99,326000000,66000,8116060160
1789958487.8219333,14129684480,100,327000000,66000,8116060160
1789958488.822434,14129684480,100,327000000,66000,8116060160
1789958489.8230984,14129684480,100,327000000,66000,8116060160
1789958490.8235295,14129684480,100,326000000,66000,8116060160
1789958491.8239598,14129684480,100,327000000,66000,8116060160
1789958492.8244603,14129684480,100,325000000,66000,8116060160
1789958493.8251114,14129684480,99,317000000,66000,8116060160
1789958494.8256338,14129717248,100,328000000,66000,8116101120
1789958495.8261113,14129717248,100,326000000,66000,8116101120
1789958496.8267531,14129717248,100,326000000,66000,8116101120
1789958497.8275852,14129717248,100,326000000,66000,8116101120
1789958498.8284378,14129717248,99,325000000,65000,8116101120
1789958499.8291156,14129717248,100,322000000,65000,8116101120
1789958500.8296015,14129717248,99,327000000,65000,8116101120
1789958501.8302643,14129717248,100,327000000,65000,8116101120
1789958502.8310516,14129717248,100,326000000,65000,8116101120
1789958503.8317785,14129717248,100,326000000,65000,8116101120
1789958504.832438,14129717248,100,326000000,65000,8142311424
1789958505.8329608,14129717248,100,326000000,65000,8116101120
1789958506.8334994,14129717248,99,325000000,65000,8116101120
1789958507.8341773,14129717248,100,326000000,65000,8116101120
1789958508.8347073,14129717248,100,327000000,65000,8116101120
1789958509.8353767,14129717248,100,327000000,65000,8116101120
1789958510.836118,14129717248,100,325000000,65000,8116101120
1789958511.8367417,14129750016,99,325000000,65000,8116137984
1789958512.8375514,14129750016,100,327000000,65000,8116137984
1789958513.8380897,14129750016,100,326000000,65000,8116137984
1789958514.8387015,14129750016,99,320000000,65000,8116137984
1789958515.8391879,14129782784,100,326000000,65000,8116178944
1789958516.83973,14129782784,100,326000000,65000,8116178944
1789958517.8402824,14129782784,100,327000000,65000,8116178944
1789958518.8408039,14129782784,99,320000000,65000,8116178944
1789958519.8413553,14129823744,100,327000000,65000,8116228096
1789958520.8422935,14129823744,100,326000000,65000,8116228096
1789958521.84293,14129823744,100,326000000,65000,8116228096
1789958522.8438148,14129823744,100,326000000,65000,8116228096
1789958523.8444824,14129823744,99,326000000,65000,8116228096
1789958524.8450143,14129823744,100,327000000,65000,8116228096
1789958525.8455918,14129823744,100,326000000,65000,8116228096
1789958526.846164,14129823744,100,326000000,65000,8116228096
1789958527.8466847,14129823744,100,325000000,65000,8116228096
1789958528.8472621,14129823744,100,327000000,65000,8116228096
1789958529.847753,14129823744,99,326000000,65000,8116228096
1789958530.8486133,14129823744,100,327000000,65000,8116228096
1789958531.8491294,14129823744,100,325000000,65000,8116228096
1789958532.8497863,14129844224,100,326000000,65000,8122015744
1789958533.850521,14129844224,100,326000000,65000,8122015744
1789958534.8510945,14129844224,100,327000000,65000,8122015744
1789958535.8515708,14129844224,100,326000000,65000,8122015744
1789958536.9980419,14129844224,99,325000000,65000,8122015744
1789958537.9985745,14129844224,100,326000000,65000,8122015744
1789958538.9990995,14129844224,100,326000000,65000,8122015744
1789958539.999969,14129844224,99,323000000,65000,8122015744
1789958541.2636986,14129844224,100,327000000,65000,8122015744
1789958542.2642472,14129844224,100,326000000,65000,8122015744
1789958543.2647626,14129844224,100,327000000,65000,8122015744
1789958544.2656739,14129844224,100,326000000,65000,8122015744
1789958545.2661726,14129868800,100,326000000,65000,8122036224
1789958546.2670121,14129864704,99,324000000,65000,8122036224
1789958547.2907684,14129864704,87,292000000,65000,8122052608
1789958548.2916563,14131965952,97,160000000,63000,8127352832
1789958549.2920797,14134964224,98,162000000,62000,8127356928
1789958550.2927332,14134964224,100,330000000,64000,8127385600
1789958551.2934139,14478893056,99,327000000,64000,8127393792
1789958552.2941275,14478893056,99,325000000,65000,8127393792
1789958553.2947083,14478893056,99,327000000,65000,8127397888
1789958554.29529,14478893056,99,326000000,65000,8127655936
1789958555.2958379,14478893056,99,326000000,65000,8127770624
1789958556.296341,14478893056,100,327000000,65000,8127967232
1789958557.2968438,14478860288,100,326000000,65000,8127983616
1789958558.297665,14478860288,100,327000000,65000,8128008192
1789958559.2981114,14478864384,100,327000000,65000,8128032768
1789958560.2987435,14478860288,100,327000000,65000,8128045056
1789958561.2990906,14478860288,100,327000000,65000,8128069632
1789958562.2995095,14478860288,100,327000000,65000,8128069632
1789958563.3000615,14478860288,100,326000000,65000,8128069632
1789958564.300702,14478860288,100,327000000,65000,8128069632
1789958565.3013523,14478860288,100,327000000,65000,8128069632
1789958566.3022907,14478860288,100,327000000,65000,8128069632
1789958567.302684,14589984768,100,326000000,65000,8128069632
1789958568.3029974,14589984768,100,326000000,65000,8128069632
1789958569.3035662,14589984768,99,326000000,65000,8128069632
1789958570.3041248,14589984768,99,326000000,65000,8128069632
1789958571.30529,14589984768,99,326000000,65000,8128069632
1789958572.3060858,14589984768,99,327000000,65000,8128069632
1789958573.3067472,14589984768,99,326000000,65000,8128069632
1789958574.307398,14589984768,99,326000000,65000,8128069632
1789958575.30778,14589984768,100,327000000,65000,8128069632
1789958576.308414,14589984768,100,326000000,65000,8151298048
1789958577.3089502,14589984768,100,327000000,65000,8128069632
1789958578.3096251,14589952000,99,325000000,65000,8128069632
1789958579.3101327,14589952000,100,327000000,65000,8128069632
1789958580.3104942,14589952000,99,325000000,65000,8128069632
1789958581.3109217,14589952000,99,327000000,65000,8128069632
1789958582.3115327,14589952000,99,327000000,65000,8128069632
1789958583.3118975,14589952000,99,326000000,65000,8128073728
1789958584.3123515,14589952000,99,327000000,65000,8128372736
1789958585.3130002,14589952000,100,326000000,65000,8128962560
1789958586.3133054,14589952000,100,326000000,64000,8129277952
1789958587.3138483,14589952000,100,327000000,64000,8129400832
1789958588.3143766,14589919232,100,327000000,64000,8129523712
1789958589.3147628,14589919232,100,326000000,64000,8129527808
1789958590.3153458,14589919232,100,327000000,64000,8129540096
1789958591.3157754,14592016384,100,326000000,64000,8129548288
1789958592.3160698,14592016384,100,326000000,64000,8129560576
1789958593.316673,14592016384,100,327000000,64000,8129622016
1789958594.3171763,14592016384,100,326000000,64000,8129622016
1789958595.3175294,14592016384,100,327000000,64000,8129622016
1789958596.3181872,14592016384,100,326000000,64000,8129622016
1789958597.318644,14592016384,100,327000000,64000,8129622016
1789958598.319076,14591983616,100,326000000,64000,8129622016
1789958599.319378,14591983616,100,326000000,64000,8129622016
1789958600.319925,14591983616,100,327000000,64000,8129622016
1789958601.3203404,14591983616,100,326000000,64000,8129622016
1789958602.3206546,14591983616,100,322000000,64000,8129622016
1789958603.321118,14591983616,100,327000000,64000,8129622016
1789958604.3217454,14591983616,100,327000000,64000,8129622016
1789958605.3220258,14591983616,100,326000000,64000,8129622016
1789958606.3226273,14591983616,100,327000000,64000,8129622016
1789958607.3229718,14591983616,100,326000000,64000,8129622016
1789958608.3233662,14591950848,100,327000000,64000,8129622016
1789958609.323652,14591950848,100,326000000,64000,8129622016
1789958610.3241081,14591950848,100,326000000,64000,8129622016
1789958611.3246732,14591950848,100,326000000,64000,8129622016
1789958612.325135,14591950848,100,326000000,64000,8129622016
1789958613.3255668,14591950848,100,326000000,64000,8129622016
1789958614.3259172,14591950848,100,326000000,64000,8129622016
1789958615.3263285,14591950848,100,327000000,64000,8129622016
1789958616.3266034,14591954944,100,326000000,64000,8129622016
1789958617.3271725,14591954944,100,327000000,64000,8129622016
1789958618.3274803,14591954944,100,326000000,64000,8129622016
1789958619.3278363,14591918080,100,327000000,64000,8129622016
1789958620.3282971,14591918080,100,327000000,64000,8129622016
1789958621.3286152,14591918080,100,326000000,64000,8129622016
1789958622.329352,14591918080,100,326000000,64000,8129626112
1789958623.3297915,14591918080,100,326000000,64000,8129630208
1789958624.3304305,14591918080,100,326000000,64000,8129630208
1789958625.3312511,14591918080,100,327000000,64000,8129630208
1789958626.33192,14591918080,100,326000000,64000,8129630208
1789958627.3322613,14591918080,100,327000000,64000,8129630208
1789958628.3326046,14591918080,100,327000000,64000,8129630208
1789958629.33296,14591897600,100,326000000,64000,8129630208
1789958630.3335931,14591897600,100,326000000,65000,8129630208
1789958631.33418,14591897600,100,327000000,65000,8129630208
1789958632.3345478,14591897600,100,327000000,65000,8129630208
1789958633.3349996,14591897600,100,326000000,65000,8129630208
1789958634.3354368,14591897600,100,326000000,65000,8129630208
1789958635.335811,14591897600,100,327000000,65000,8129630208
1789958636.336223,14591897600,100,326000000,65000,8129630208
1789958637.3369586,14591897600,100,326000000,65000,8129630208
1789958638.3375032,14591897600,100,326000000,65000,8129630208
1789958639.338224,14591873024,100,327000000,65000,8129630208
1789958640.338895,14591873024,100,326000000,65000,8129642496
1789958641.3393273,14591873024,100,327000000,65000,8129691648
1789958642.3397486,14591873024,100,326000000,65000,8129720320
1789958643.340161,14591873024,100,327000000,65000,8129765376
1789958644.3408477,14591873024,100,326000000,65000,8129798144
1789958645.3413382,14591873024,100,326000000,65000,8129830912
1789958646.3421316,14591873024,100,327000000,65000,8129843200
1789958647.342643,14591873024,100,326000000,65000,8129867776
1789958648.3430858,14591873024,99,326000000,65000,8129884160
1789958649.3435998,14591840256,99,327000000,65000,8129884160
1789958650.3441844,14591840256,99,327000000,65000,8129888256
1789958651.3447793,14591840256,99,326000000,65000,8129900544
1789958652.3454201,14591840256,100,327000000,65000,8129908736
1789958653.3458922,14591840256,100,326000000,65000,8129925120
1789958654.3464458,14591840256,100,326000000,65000,8129933312
1789958655.3469827,14591840256,100,327000000,65000,8129941504
1789958656.347411,14591840256,100,326000000,65000,8129945600
1789958657.347807,14591840256,100,327000000,65000,8129945600
1789958658.3484123,14591840256,100,327000000,65000,8129949696
1789958659.348918,14591807488,99,327000000,65000,8129953792
1789958660.349329,14591807488,100,326000000,65000,8129953792
1789958661.3498755,14591807488,100,327000000,65000,8129953792
1789958662.350289,14591807488,100,327000000,65000,8129953792
1789958663.3507187,14591807488,100,328000000,65000,8129957888
1789958664.3512182,14591807488,100,327000000,65000,8129957888
1789958665.3516157,14591807488,100,327000000,65000,8129957888
1789958666.3523064,14591807488,100,327000000,65000,8129961984
1789958667.3528266,14591807488,100,326000000,65000,8129961984
1789958668.353378,14591807488,100,327000000,65000,8129966080
1789958669.3538182,14591807488,100,326000000,65000,8129966080
1789958670.354523,14591774720,100,326000000,65000,8129966080
1789958671.3549495,14591774720,92,309000000,65000,8129970176
1789958672.355743,14591774720,99,327000000,65000,8129982464
1789958673.3564684,14591774720,99,326000000,65000,8129986560
1789958674.357167,14591774720,99,327000000,65000,8129998848
1789958675.35784,14591774720,100,326000000,65000,8130015232
1789958676.3583288,14591774720,100,326000000,65000,8130023424
1789958677.3592272,14591774720,100,327000000,65000,8130027520
1789958678.359887,14591774720,100,326000000,65000,8130027520
1789958679.3603454,14591774720,100,326000000,65000,8130056192
1789958680.3610036,14591741952,100,327000000,65000,8130088960
1789958681.3615503,14591741952,100,326000000,65000,8130101248
1789958682.3622963,14591741952,100,326000000,65000,8130109440
1789958683.3631263,14591746048,100,327000000,65000,8130121728
1789958684.363866,14591746048,99,326000000,65000,8130125824
1789958685.36434,14591746048,99,327000000,65000,8130134016
1789958686.3648553,14591741952,99,325000000,65000,8130146304
1789958687.3653135,14591741952,100,327000000,65000,8130150400
1789958688.366016,14591741952,100,326000000,65000,8130158592
1789958689.366649,14591741952,100,326000000,65000,8130187264
1789958690.3672013,14591709184,100,326000000,65000,8130232320
1789958691.367976,14591709184,100,326000000,65000,8130285568
1789958692.378052,14591709184,88,294000000,64000,8130281472
