run,kind,step,elapsed_s,step_s,reward_mean,reward_std,advantage_rms,policy_loss,ce_loss,loss,accuracy,grad_norm,lr,memory_allocated_gib,memory_reserved_gib,memory_peak_allocated_gib,memory_peak_reserved_gib,memory_device_free_gib,memory_device_total_gib
seed-42,train,1,4.656034660001751,4.652280526002869,-2.1483867168426514,0.552038311958313,0.9842471480369568,-0.36572110652923584,2.310711145401001,1.9449900388717651,0.21875,108.22789764404297,1.388888888888889e-06,2.0460691452026367,2.388671875,4.293321132659912,23.283203125,20.3125,23.984375
seed-42,train,10,42.60773282599985,1.763522640991141,-1.3360439538955688,0.4077950119972229,0.9842472672462463,-0.04821275174617767,1.6420894861221313,1.593876600265503,0.15625,181.97796630859375,1.388888888888889e-05,2.0040788650512695,5.76953125,4.62257719039917,23.283203125,16.654739379882812,23.984375
seed-42,train,20,76.68334018399764,4.543061999007477,-0.71077561378479,0.9185531139373779,0.9842469692230225,0.16324999928474426,1.1179907321929932,1.281240701675415,0.4375,64.059326171875,2.777777777777778e-05,1.9954876899719238,5.76953125,4.624932289123535,23.283203125,16.461380004882812,23.984375
seed-42,train,30,120.13114257299458,1.9421290979953483,-0.8686588406562805,0.5331404209136963,0.9842475056648254,0.020898472517728806,1.262328863143921,1.2832274436950684,0.34375,47.9506950378418,4.166666666666667e-05,2.028019428253174,5.76953125,4.624932289123535,23.283203125,16.283645629882812,23.984375
seed-42,train,40,160.4933882549958,4.329502117994707,-0.545475959777832,0.7608071565628052,0.984245777130127,-0.13663074374198914,1.009031057357788,0.8724002838134766,0.5625,44.016265869140625,5.555555555555556e-05,1.981308937072754,5.76953125,4.624932289123535,23.283203125,16.143020629882812,23.984375
seed-42,train,50,197.76955949800322,4.737773984001251,-1.0840330123901367,0.7781555652618408,0.984246015548706,-0.01403682678937912,1.4473111629486084,1.433274269104004,0.40625,50.35832214355469,6.944444444444444e-05,2.081150531768799,5.76953125,4.624932289123535,23.283203125,16.010208129882812,23.984375
seed-42,train,60,234.86298759600322,5.90345422399696,-1.343853235244751,1.5675628185272217,0.9842464327812195,-0.0925874188542366,1.7042092084884644,1.6116218566894531,0.40625,88.59510040283203,8.333333333333334e-05,2.0090808868408203,5.76953125,4.624932289123535,23.283203125,15.904739379882812,23.984375
seed-42,train,70,277.38629228000354,2.7478949739888776,-0.3276771903038025,0.8504104614257812,0.9842433929443359,0.14936178922653198,0.844063937664032,0.993425726890564,0.65625,66.3256607055664,9.722222222222223e-05,2.001523017883301,5.76953125,4.624932289123535,23.283203125,15.779739379882812,23.984375
seed-42,train,80,327.12264886900084,2.010655146004865,-0.03083277866244316,0.9852491617202759,0.9842451810836792,-0.09702552109956741,0.57767653465271,0.48065102100372314,0.65625,88.52948760986328,9.999799225218435e-05,2.00577974319458,5.76953125,4.624932289123535,23.283203125,15.695755004882812,23.984375
seed-42,train,90,362.39402125000197,2.898434906004695,0.1394747942686081,0.7653387784957886,0.9842092990875244,-0.28037598729133606,0.46587395668029785,0.18549799919128418,0.84375,92.92235565185547,9.998815881662174e-05,2.0062942504882812,5.76953125,4.624932289123535,23.283203125,15.609817504882812,23.984375
seed-42,train,100,408.41213752700423,3.174819669002318,-0.2894763648509979,0.9052646160125732,0.9842451214790344,-0.13359561562538147,0.7831088304519653,0.6495132446289062,0.75,45.5429801940918,9.997013271180644e-05,2.02584171295166,5.76953125,4.624932289123535,23.283203125,15.486770629882812,23.984375
seed-42,train,110,444.4844109179976,3.5833641520002857,-0.9699299931526184,0.8691912889480591,0.9842459559440613,0.1632276475429535,1.3864109516143799,1.5496385097503662,0.625,63.72437286376953,9.99439172204226e-05,1.9851946830749512,5.76953125,4.624932289123535,23.283203125,15.408645629882812,23.984375
seed-42,train,120,484.0770430880075,4.814014211005997,-1.3130810260772705,1.201384425163269,0.9842463731765747,-0.28830504417419434,1.6592450141906738,1.3709399700164795,0.4375,72.57279968261719,9.990951711650083e-05,2.001384735107422,5.76953125,4.671022415161133,23.283203125,15.350051879882812,23.984375
seed-42,train,130,515.7946783340012,2.3990851840062533,-0.40251442790031433,0.9509556293487549,0.9842441082000732,0.06405338644981384,0.9101312160491943,0.9741846919059753,0.65625,175.62974548339844,9.986693866454904e-05,1.9848899841308594,5.76953125,4.671022415161133,23.283203125,15.264114379882812,23.984375
seed-42,train,140,555.7355308179976,2.677072288992349,-0.48488348722457886,0.8410228490829468,0.9842462539672852,-0.06622034311294556,0.9508693218231201,0.8846489191055298,0.5625,50.04256820678711,9.981618961841137e-05,2.001316547393799,5.76953125,4.671022415161133,23.283203125,15.195755004882812,23.984375
seed-42,train,150,594.638810125005,1.6935171079967404,-0.34581899642944336,0.706602156162262,0.9842458367347717,-0.10351184010505676,0.8539442420005798,0.7504324316978455,0.625,32.322837829589844,9.975727921985638e-05,1.9817862510681152,5.76953125,4.671022415161133,23.283203125,15.107864379882812,23.984375
seed-42,train,160,637.2100411819993,5.875275273996522,-0.9335575103759766,1.0129034519195557,0.9842460751533508,0.21062788367271423,1.3830630779266357,1.5936908721923828,0.5625,36.54458999633789,9.96902181968939e-05,2.048900604248047,5.76953125,4.671022415161133,23.283203125,15.047317504882812,23.984375
seed-42,train,170,672.060972842999,1.7616756330098724,-0.4866405129432678,1.116003394126892,0.984245240688324,-0.007205009460449219,0.9649298191070557,0.9577248692512512,0.65625,73.16128540039062,9.961501876182148e-05,1.977292537689209,5.76953125,4.671022415161133,23.283203125,14.975051879882812,23.984375
seed-42,train,180,708.6553338730009,3.129636142999516,-0.285084068775177,1.5521000623703003,0.9842448234558105,0.5270625948905945,0.896993100643158,1.4240556955337524,0.8125,80.09302520751953,9.953169460900036e-05,2.019451141357422,5.76953125,4.671022415161133,23.283203125,14.918411254882812,23.984375
seed-42,train,190,753.6961213370087,5.050207738997415,-0.8936944603919983,1.0167064666748047,0.9842472076416016,0.1490316241979599,1.3205535411834717,1.4695851802825928,0.46875,58.693485260009766,9.94402609123617e-05,2.012268543243408,5.76953125,4.671022415161133,23.283203125,14.859817504882812,23.984375
seed-42,train,200,785.5372150400071,3.230642894995981,-0.5995284914970398,0.9491415023803711,0.9842454791069031,0.2226266711950302,1.0844146013259888,1.3070411682128906,0.59375,96.69864654541016,9.934073432264331e-05,2.008187770843506,5.76953125,4.671022415161133,23.283203125,14.826614379882812,23.984375
seed-42,train,210,820.6634600730031,2.1189629509899532,-0.3667716383934021,0.7869935631752014,0.9766050577163696,-0.22149014472961426,0.8840155005455017,0.6625254154205322,0.71875,93.2564697265625,9.92331329643573e-05,1.9855728149414062,5.76953125,4.671022415161133,23.283203125,14.728958129882812,23.984375
seed-42,train,220,866.5745711850032,8.045870745001594,-0.5266322493553162,1.7728837728500366,0.9842429757118225,0.2827305197715759,1.1603739261627197,1.4431045055389404,0.75,110.95174407958984,9.911747643248962e-05,1.9986748695373535,5.76953125,4.671022415161133,23.283203125,14.687942504882812,23.984375
seed-42,train,230,904.7136003920023,2.6143719670071732,-0.30864837765693665,1.3627216815948486,0.9842455387115479,-0.6280592679977417,0.8594168424606323,0.23135749995708466,0.71875,114.59832000732422,9.899378578893162e-05,1.996429443359375,5.76953125,4.671022415161133,23.283203125,14.629348754882812,23.984375
seed-42,train,240,936.7519608590082,2.8922782379959244,-1.4648661613464355,2.6782822608947754,0.7951085567474365,0.42640605568885803,2.1272101402282715,2.5536162853240967,0.5625,199.0693359375,9.886208355864453e-05,2.002317428588867,5.76953125,4.671022415161133,23.283203125,14.588333129882812,23.984375
seed-42,train,250,972.7795500490029,2.943501183006447,-0.5735480785369873,0.7419390082359314,0.9842458963394165,0.078590989112854,1.0508726835250854,1.1294636726379395,0.53125,54.306217193603516,9.872239372555743e-05,2.014525890350342,5.76953125,4.671022415161133,23.283203125,14.537551879882812,23.984375
seed-42,train,260,1005.6026414679945,5.521287495997967,-0.8094868063926697,1.5626420974731445,0.984246015548706,-0.18692004680633545,1.2405319213867188,1.0536119937896729,0.53125,78.35749053955078,9.857474172819974e-05,2.013087749481201,5.76953125,4.671022415161133,23.283203125,14.504348754882812,23.984375
seed-42,train,270,1045.1291246909968,2.4529163129918743,-0.5929771661758423,1.9302189350128174,0.9830285906791687,-0.20693862438201904,1.2234092950820923,1.0164706707000732,0.75,135.79159545898438,9.84191544550686e-05,1.9976444244384766,5.76953125,4.671022415161133,23.283203125,14.445755004882812,23.984375
seed-42,train,280,1080.6885317590059,4.650440198005526,-0.7884621620178223,0.7796822786331177,0.9842432141304016,0.37827545404434204,1.241305947303772,1.6195813417434692,0.5,62.93994140625,9.825566023973223e-05,2.043539047241211,5.76953125,4.671022415161133,23.283203125,14.408645629882812,23.984375
seed-42,train,290,1118.734111576996,3.403703238000162,-0.2140088677406311,1.0051904916763306,0.7718998193740845,0.015942789614200592,0.8241151571273804,0.8400580286979675,0.75,137.3212890625,9.80842888556703e-05,2.023009777069092,5.76953125,4.671022415161133,23.283203125,14.369583129882812,23.984375
seed-42,train,300,1150.732272401001,2.821986252005445,0.005072280764579773,1.127647876739502,0.8578606843948364,0.12423257529735565,0.7455204129219055,0.8697530031204224,0.6875,57.84219741821289,9.790507151085189e-05,2.014601230621338,5.76953125,4.671022415161133,23.283203125,14.328567504882812,23.984375
seed-42,train,310,1178.2322008979972,2.2058581420133123,-0.4462699592113495,1.6535451412200928,0.9842464923858643,0.12414127588272095,1.0052248239517212,1.1293660402297974,0.6875,182.2315673828125,9.77180408420523e-05,1.917510986328125,5.259765625,4.119184970855713,5.259765625,17.690628051757812,23.984375
seed-42,train,320,1212.301213261002,1.2380122930044308,-0.43803298473358154,1.2302526235580444,0.9155175685882568,0.023361973464488983,0.9352738261222839,0.9586358070373535,0.65625,66.18682861328125,9.752323090890965e-05,1.9682531356811523,5.259765625,4.119184970855713,5.259765625,17.467971801757812,23.984375
seed-42,train,330,1255.5383603759983,7.313208175997715,-1.1590144634246826,0.7586058378219604,0.8563355803489685,-0.11447377502918243,1.5606995820999146,1.446225881576538,0.53125,113.08425903320312,9.732067718772238e-05,2.0734214782714844,6.005859375,4.628937244415283,6.005859375,16.510940551757812,23.984375
seed-42,train,340,1295.79508063299,4.061610404998646,-0.061341021209955215,0.6034366488456726,0.9842463731765747,-0.006057128310203552,0.6042836904525757,0.5982264876365662,0.625,23.561189651489258,9.711041656498885e-05,2.028064250946045,6.005859375,4.628937244415283,6.005859375,16.364456176757812,23.984375
seed-42,train,350,1335.0397590259963,4.3398864890041295,-0.15118756890296936,1.4657807350158691,0.984011173248291,-0.08537864685058594,0.7973525524139404,0.7119739651679993,0.75,62.975704193115234,9.689248733068985e-05,1.9763998985290527,6.005859375,4.628937244415283,6.005859375,16.233596801757812,23.984375
seed-42,train,360,1377.9169704020023,3.963100533990655,-1.2323806285858154,1.646254301071167,0.9842461347579956,-0.04709732532501221,1.6425915956497192,1.5954943895339966,0.5,104.36983489990234,9.666692917131588e-05,1.9941773414611816,6.755859375,4.628937244415283,6.755859375,15.344924926757812,23.984375
seed-42,train,370,1424.6786850319913,5.8075414530030685,-0.6764158606529236,0.7587936520576477,0.9842401146888733,0.302054226398468,1.185563564300537,1.48761785030365,0.5625,174.26019287109375,9.643378316263989e-05,1.9871325492858887,6.755859375,4.628937244415283,6.755859375,15.202346801757812,23.984375
seed-42,train,380,1462.3134499879961,2.6307513220090186,-0.45288100838661194,1.3501274585723877,0.9842438697814941,-0.24347002804279327,1.003650188446045,0.7601801753044128,0.78125,149.10667419433594,9.619309176223707e-05,1.9977130889892578,6.755859375,4.628937244415283,6.755859375,15.079544067382812,23.984375
seed-42,train,390,1494.8711954850005,2.0714437550050206,-0.784014105796814,1.6463273763656616,0.9842419624328613,-0.4938591420650482,2.4389002323150635,1.9450410604476929,0.625,99.68733978271484,9.59448988017531e-05,1.9866375923156738,6.755859375,4.628937244415283,6.755859375,14.972122192382812,23.984375
seed-42,train,400,1529.8088107829972,3.2487104600004386,0.11372463405132294,0.54102623462677,0.7381842136383057,-0.029545266181230545,0.50826495885849,0.47871968150138855,0.84375,31.39539909362793,9.5689249478922e-05,2.026926040649414,6.755859375,4.628937244415283,6.755859375,14.903762817382812,23.984375
seed-42,train,410,1704.1045123739896,1.5623635639931308,-0.3552287817001343,0.91353440284729,0.9842461347579956,-0.21917730569839478,0.83949214220047,0.6203148365020752,0.625,51.431617736816406,9.542619034933531e-05,2.037517547607422,9.181640625,4.628937244415283,19.07421875,12.251419067382812,23.984375
seed-42,train,420,1738.4621235329978,7.374363980998169,-0.5028200745582581,0.39867135882377625,0.8061745166778564,0.10330930352210999,1.0178862810134888,1.1211955547332764,0.59375,32.113685607910156,9.5155769317964e-05,2.0723252296447754,9.244140625,4.628937244415283,19.07421875,12.101028442382812,23.984375
seed-42,train,430,1775.648516315996,2.246255135993124,-0.43141841888427734,1.5258901119232178,0.9842458367347717,0.03195778280496597,0.9513338804244995,0.983291745185852,0.59375,54.932674407958984,9.487803563043465e-05,1.9775266647338867,9.244140625,4.628937244415283,19.07421875,12.030715942382812,23.984375
seed-42,train,440,1801.0243926370022,4.161131860993919,-0.2904709279537201,0.7404831647872925,0.9842451214790344,-0.05768799036741257,0.8058151602745056,0.7481271028518677,0.71875,29.082740783691406,9.45930398640614e-05,2.00009822845459,9.244140625,4.628937244415283,19.07421875,11.997512817382812,23.984375
seed-42,train,450,1836.2171589079953,2.604615850999835,-0.09748388826847076,0.5965956449508667,0.9842453598976135,-0.23049254715442657,0.631976842880249,0.40148431062698364,0.75,23.870397567749023,9.430083391863558e-05,2.012972831726074,9.244140625,4.668784141540527,19.07421875,11.933059692382812,23.984375
seed-42,train,460,1862.9867418069916,3.919734131995938,0.1512323021888733,0.428342342376709,0.5024426579475403,-0.11508768796920776,0.4819769859313965,0.3668892979621887,0.8125,76.5060043334961,9.40014710069742e-05,1.9889659881591797,9.244140625,4.668784141540527,19.07421875,11.892044067382812,23.984375
seed-42,train,470,1902.0939302960032,3.0011739379988285,-0.3218715190887451,0.7854807376861572,0.9206110239028931,0.17022596299648285,0.8609169721603394,1.0311429500579834,0.75,116.4566650390625,9.369500564522965e-05,1.981757640838623,9.244140625,4.668784141540527,19.07421875,11.839309692382812,23.984375
seed-42,train,480,1936.7115218819963,6.055140409007436,-1.0397204160690308,0.8482686281204224,0.9842458963394165,-0.13087135553359985,1.4209625720977783,1.2900912761688232,0.375,40.08394241333008,9.338149364296187e-05,2.056159496307373,9.244140625,4.668784141540527,19.07421875,11.786575317382812,23.984375
seed-42,train,490,1970.6910517869983,1.5251964769995539,-0.11245246231555939,1.262777328491211,0.5785754919052124,6.872415542602539e-05,0.8303720355033875,0.8304407596588135,0.84375,65.08821105957031,9.306099209297505e-05,2.03657865524292,9.244140625,4.668784141540527,19.07421875,11.733840942382812,23.984375
seed-42,train,500,2007.9823818559962,5.739321496992488,-0.4671183228492737,1.0208030939102173,0.7381845712661743,0.22343772649765015,0.9895083904266357,1.2129461765289307,0.65625,65.60218048095703,9.273355936092056e-05,2.024001121520996,9.244140625,4.668784141540527,19.07421875,11.651809692382812,23.984375
seed-42,train,510,2043.2327711459948,4.237581002002116,-0.4953997731208801,0.9353164434432983,0.984245777130127,-0.07142806798219681,0.9869557619094849,0.9155276417732239,0.6875,45.74951934814453,9.239925507466821e-05,2.057833194732666,9.244140625,4.668784141540527,19.07421875,11.602981567382812,23.984375
seed-42,train,520,2071.665782993994,3.3364229849976255,0.04202607274055481,0.518532395362854,0.983794093132019,0.14590494334697723,0.5689932703971863,0.7148981690406799,0.75,41.948387145996094,9.205814011344752e-05,2.0061116218566895,9.244140625,4.668784141540527,19.07421875,11.577590942382812,23.984375
seed-42,train,530,2100.8911397649936,4.494125350000104,-0.4073225259780884,1.2391473054885864,0.7381850481033325,-0.19282642006874084,0.9254610538482666,0.7326346635818481,0.71875,87.66525268554688,9.171027659676123e-05,1.9825773239135742,9.244140625,4.668784141540527,19.07421875,11.544387817382812,23.984375
seed-42,train,540,2128.7612016219937,3.9181826759886462,-0.4978824853897095,1.131982684135437,0.7381853461265564,0.3548833727836609,1.0053128004074097,1.3601961135864258,0.59375,89.81068420410156,9.135572787307286e-05,2.025813102722168,9.244140625,4.668784141540527,19.07421875,11.507278442382812,23.984375
seed-42,train,550,2169.0783882469987,4.1371739089954644,0.3498985469341278,0.3207421898841858,0.7381392121315002,-0.1700570285320282,0.28129392862319946,0.11123690754175186,0.8125,63.888702392578125,9.099455850827046e-05,1.9956765174865723,9.244140625,4.668784141540527,19.07421875,11.470169067382812,23.984375
seed-42,train,560,2204.9172408519953,3.5521136459865374,-0.6491147875785828,1.785841464996338,0.9842454791069031,-0.033237017691135406,1.5143203735351562,1.4810833930969238,0.6875,439.353271484375,9.06268342739088e-05,2.001192569732666,9.244140625,4.668784141540527,19.07421875,11.440872192382812,23.984375
seed-42,train,570,2233.9304206009983,2.888288571004523,-0.3423876166343689,1.1223227977752686,0.9842314720153809,-0.09483969211578369,0.8659460544586182,0.7711063623428345,0.625,229.37893676757812,9.025262213523176e-05,2.0183215141296387,9.244140625,4.668784141540527,19.07421875,11.393997192382812,23.984375
seed-42,train,580,2268.2404025759897,2.355071259007673,-0.1667758673429489,1.3868566751480103,0.7381846904754639,-0.14510297775268555,0.9915669560432434,0.8464639782905579,0.6875,45.18906021118164,8.987199023897762e-05,2.0131173133850098,9.244140625,4.668784141540527,19.07421875,11.384231567382812,23.984375
seed-42,train,590,2301.4471187699965,4.294749103006325,0.3497258722782135,0.4321203827857971,0.7381477355957031,-0.1550711989402771,0.30611300468444824,0.15104179084300995,0.90625,254.01861572265625,8.948500790096889e-05,2.0313005447387695,9.244140625,4.668784141540527,19.07421875,11.339309692382812,23.984375
seed-42,train,600,2337.28706052099,2.7189658580027753,0.15447531640529633,0.6488523483276367,0.9815737009048462,0.40173542499542236,0.4782831072807312,0.8800185322761536,0.84375,130.88890075683594,8.909174559348949e-05,1.984541893005371,9.244140625,4.668784141540527,19.07421875,11.308059692382812,23.984375
seed-42,train,610,2374.3208504539944,5.164395687010256,-0.7635855674743652,0.8613999485969543,0.7469861507415771,0.0653345063328743,1.2521589994430542,1.3174934387207031,0.5625,71.98025512695312,8.869227493245129e-05,1.9924845695495605,9.244140625,4.668784141540527,19.07421875,11.268997192382812,23.984375
seed-42,train,620,2415.796922485999,5.867218778003007,-0.6949287056922913,0.8638879656791687,0.9842459559440613,-0.23848047852516174,1.1722785234451294,0.93379807472229,0.65625,64.12294006347656,8.828666866435216e-05,2.072636127471924,9.244140625,4.668784141540527,19.07421875,11.220169067382812,23.984375
seed-42,train,630,2454.832039346991,2.5026799449988175,-0.9376909136772156,2.1073522567749023,0.9842301607131958,-0.4588625133037567,1.6342989206314087,1.1754364967346191,0.71875,139.65757751464844,8.78750006530285e-05,1.997185230255127,9.244140625,4.668784141540527,19.07421875,11.185012817382812,23.984375
seed-42,train,640,2484.557278042994,2.7423120419989573,-0.11208310723304749,0.7808905243873596,0.984243631362915,-0.11262369155883789,0.6585369110107422,0.5459132194519043,0.78125,74.16693878173828,8.7457345866204e-05,1.9935569763183594,9.244140625,4.668784141540527,19.07421875,11.151809692382812,23.984375
seed-42,train,650,2519.433212638003,1.660667714997544,0.4516224265098572,0.4659475088119507,0.7381776571273804,0.11072713881731033,0.24704715609550476,0.3577743172645569,0.9375,93.51187133789062,8.703378036183744e-05,2.0151658058166504,9.244140625,4.668784141540527,19.07421875,11.095169067382812,23.984375
seed-42,train,660,2550.7610334649944,3.14734692699858,0.06933129578828812,1.3736677169799805,0.4993542730808258,0.1429222971200943,0.8484687209129333,0.9913910627365112,0.8125,122.21825408935547,8.660438127427207e-05,2.0305099487304688,9.244140625,4.668784141540527,19.07421875,11.108840942382812,23.984375
seed-42,train,670,2588.291513470991,7.212998604009044,-0.6875367164611816,1.0656275749206543,0.7381845712661743,-0.16757003962993622,1.2041409015655518,1.0365709066390991,0.6875,83.56932830810547,8.616922680018885e-05,2.0481319427490234,9.244140625,4.668784141540527,19.07421875,11.077590942382812,23.984375
seed-42,train,680,2623.2787602680037,2.671216718998039,0.12083709239959717,0.5626863241195679,0.9842421412467957,0.0013562478125095367,0.5073199272155762,0.5086762309074402,0.8125,225.05226135253906,8.572839618436627e-05,2.0044798851013184,9.244140625,4.668784141540527,19.07421875,11.040481567382812,23.984375
seed-42,train,690,2655.974231596003,2.404956319005578,-0.12669715285301208,0.7683034539222717,0.8216589689254761,0.5519298315048218,0.693373441696167,1.2453033924102783,0.6875,176.22476196289062,8.52819697052493e-05,1.976423740386963,9.244140625,4.668784141540527,19.07421875,11.020950317382812,23.984375
seed-42,train,700,2689.580605903,7.647060835995944,0.13786044716835022,0.9657952785491943,0.7381832003593445,-0.48993349075317383,0.4904979467391968,0.0005644112825393677,0.8125,88.6422348022461,8.48300286603301e-05,2.0127439498901367,9.244140625,4.668784141540527,19.07421875,11.001419067382812,23.984375
seed-42,train,710,2728.1240691540006,2.3714555199985625,0.041847169399261475,1.3145980834960938,0.7699732780456543,0.08456190675497055,0.6099921464920044,0.6945540904998779,0.84375,102.78211212158203,8.43726553513432e-05,2.007355213165283,9.244140625,4.668784141540527,19.07421875,10.972122192382812,23.984375
seed-42,train,720,2763.2307305239956,7.202691272002994,-0.07772530615329742,1.395911455154419,0.7724246382713318,0.0048249755054712296,0.8285694122314453,0.8333944082260132,0.84375,94.93186950683594,8.390993306927767e-05,2.022894859313965,9.244140625,4.668784141540527,19.07421875,10.933059692382812,23.984375
seed-42,train,730,2793.5889084060036,2.6540323289955268,-0.5843367576599121,1.3825997114181519,0.9842467904090881,0.15288881957530975,1.0624887943267822,1.2153775691986084,0.5,89.41445922851562,8.344194607920932e-05,2.022634983062744,9.244140625,4.668784141540527,19.07421875,10.917434692382812,23.984375
seed-42,train,740,2827.5205867640034,4.560812944997451,-0.50428307056427,1.0584280490875244,0.9835073947906494,0.4083353877067566,1.0522483587265015,1.4605836868286133,0.71875,91.11770629882812,8.296877960495538e-05,2.041168212890625,9.244140625,4.668784141540527,19.07421875,10.856887817382812,23.984375
seed-42,train,750,2860.8497795879957,7.102248954994138,-1.0872936248779297,1.762253999710083,0.9842460751533508,-0.05009770393371582,1.8969933986663818,1.8468958139419556,0.53125,258.8446044921875,8.24905198135546e-05,1.9975943565368652,9.244140625,4.668784141540527,19.07421875,10.858840942382812,23.984375
seed-42,train,760,2904.866880453992,4.667401508995681,-0.09371574223041534,0.6642748117446899,0.7381840348243713,-0.10327035933732986,0.6566435098648071,0.5533732175827026,0.71875,36.53612518310547,8.200725379957569e-05,1.9946765899658203,9.244140625,4.668784141540527,19.07421875,10.815872192382812,23.984375
seed-42,train,770,2940.402675377991,2.7554707800009055,-0.19584324955940247,0.396356463432312,0.9842456579208374,0.003311809152364731,0.7276293039321899,0.7309410572052002,0.625,41.683231353759766,8.151906956925665e-05,1.9994559288024902,9.244140625,4.668784141540527,19.07421875,10.800247192382812,23.984375
seed-42,train,780,2971.3323709349934,3.492926096994779,-0.7273497581481934,1.8141871690750122,0.9842464923858643,0.1896696388721466,1.2495628595352173,1.4392324686050415,0.71875,369.9078369140625,8.102605602447833e-05,1.9954352378845215,9.244140625,4.668784141540527,19.07421875,10.782669067382812,23.984375
seed-42,train,790,3013.151758342996,5.486395005005761,-0.7301979660987854,1.1683474779129028,0.9842450022697449,0.01923447474837303,1.1815770864486694,1.2008116245269775,0.5625,77.04989624023438,8.052830294657466e-05,1.9946765899658203,9.244140625,4.668784141540527,19.07421875,10.753372192382812,23.984375
seed-42,train,800,3057.510793847003,4.820471111001098,-1.1093039512634277,1.4389053583145142,0.7381856441497803,0.16716404259204865,2.039280414581299,2.206444501876831,0.5,41.53047180175781,8.002590097998281e-05,2.0414786338806152,9.244140625,4.668784141540527,19.07421875,10.714309692382812,23.984375
seed-42,train,810,3240.0395577279996,2.240879730990855,-0.13031184673309326,1.2710790634155273,0.7381839156150818,0.03601207211613655,1.060316562652588,1.0963287353515625,0.78125,28.51639747619629,7.951894161573628e-05,2.0522565841674805,9.671875,4.668784141540527,19.07421875,10.251419067382812,23.984375
seed-42,train,820,3281.137324889991,5.195975950002321,-0.8556697368621826,1.419055700302124,0.984245777130127,0.2532174587249756,1.3419204950332642,1.5951379537582397,0.59375,451.5362548828125,7.900751717480363e-05,2.026374340057373,9.671875,4.668784141540527,19.07421875,10.224075317382812,23.984375
seed-42,train,830,3319.0490005059983,3.762106705995393,-0.4651203453540802,1.178842544555664,0.984246551990509,-0.0273728184401989,0.9436997771263123,0.9163269996643066,0.65625,49.36460876464844,7.849172079127618e-05,1.9904403686523438,9.671875,4.668784141540527,19.07421875,10.198684692382812,23.984375
seed-42,train,840,3353.158520554003,3.9909189449972473,-0.33955466747283936,0.6889978647232056,0.9842442870140076,-0.17069822549819946,0.855525553226471,0.6848273277282715,0.6875,43.29771423339844,7.797164639540767e-05,2.003662586212158,9.671875,4.668784141540527,19.07421875,10.167434692382812,23.984375
seed-42,train,850,3384.672200574001,3.1736365249962546,0.1443280726671219,0.7703988552093506,0.7381837964057922,-0.37891554832458496,0.48276811838150024,0.10385255515575409,0.90625,130.62547302246094,7.744738869650881e-05,1.9783072471618652,9.671875,4.668784141540527,19.07421875,10.149856567382812,23.984375
seed-42,train,860,3422.3176604829932,3.1412963659968227,0.14244422316551208,0.1931794285774231,0.7374351024627686,-0.0840265080332756,0.44229328632354736,0.35826680064201355,0.59375,100.3646469116211,7.691904316570009e-05,2.016819953918457,9.671875,4.668784141540527,19.07421875,10.106887817382812,23.984375
seed-42,train,870,3451.143331219995,2.4232705980102764,-0.03955650329589844,0.6863678693771362,0.984244167804718,-0.13157981634140015,0.6066163182258606,0.47503650188446045,0.71875,97.42237854003906,7.638670601852572e-05,1.9939703941345215,9.671875,4.668784141540527,19.07421875,10.085403442382812,23.984375
seed-42,train,880,3484.796168025001,4.873890653005219,-0.4366593360900879,1.0239551067352295,0.9842453598976135,-0.16631349921226501,0.9109888076782227,0.7446752786636353,0.59375,222.70361328125,7.58504741974322e-05,2.0235066413879395,9.671875,4.668784141540527,19.07421875,10.061965942382812,23.984375
seed-42,train,890,3515.0392432429944,5.472542796007474,-0.9076840877532959,1.8284621238708496,0.7381851673126221,0.3807591199874878,1.8613858222961426,2.24214506149292,0.65625,128.1094207763672,7.531044535411427e-05,1.9860711097717285,9.671875,4.668784141540527,19.07421875,10.042434692382812,23.984375
seed-42,train,900,3558.8364793719957,2.9361337019945495,-0.17248819768428802,0.7155724763870239,0.9842296242713928,-0.08377225697040558,0.7039827108383179,0.6202104091644287,0.65625,58.47284698486328,7.476671783173196e-05,2.001474380493164,9.671875,4.668784141540527,19.07421875,10.009231567382812,23.984375
seed-42,train,910,3601.9879469899897,4.302000751995365,0.32315295934677124,1.1319832801818848,0.4882621169090271,-0.06560175865888596,1.030839443206787,0.9652376770973206,0.9375,443.4938659667969,7.421939064700144e-05,1.9855666160583496,9.671875,4.668784141540527,19.07421875,9.985794067382812,23.984375
seed-42,train,920,3637.1855963929993,4.126802078986657,-0.48615598678588867,0.7843300104141235,0.9842470288276672,-0.38543063402175903,0.9415147304534912,0.5560840368270874,0.5625,32.250511169433594,7.36685634721635e-05,1.9950404167175293,9.671875,4.668784141540527,19.07421875,9.958450317382812,23.984375
seed-42,train,930,3665.6005119119945,2.235046412999509,0.34414130449295044,0.3081246316432953,0.7381829619407654,-0.21251098811626434,0.3442399501800537,0.13172894716262817,0.84375,73.82490539550781,7.311433661683246e-05,1.979903221130371,9.671875,4.668784141540527,19.07421875,9.938919067382812,23.984375
seed-42,train,940,3700.214298726991,2.07454727399454,0.11277507245540619,0.5087494850158691,0.9842442870140076,-0.37368279695510864,0.4893459677696228,0.11566321551799774,0.84375,272.7752685546875,7.255681100972899e-05,2.0404720306396484,9.671875,4.668784141540527,19.07421875,9.927200317382812,23.984375
seed-42,train,950,3738.1191133669927,4.0517589960072655,-0.09642595052719116,0.7098156213760376,0.7381852269172668,-0.003305833786725998,0.6627375483512878,0.6594316959381104,0.65625,51.91933822631836,7.19960881803004e-05,2.011934757232666,9.671875,4.668784141540527,19.07421875,9.903762817382812,23.984375
seed-42,train,960,3771.0299186939956,5.211443400010467,-0.660191535949707,1.9567264318466187,0.9131007194519043,0.08797863125801086,1.197885513305664,1.285863995552063,0.65625,110.22233581542969,7.14322702402313e-05,1.9961748123168945,9.671875,4.668784141540527,19.07421875,9.888137817382812,23.984375
seed-42,train,970,3808.9203374719946,5.045225219000713,0.2594038248062134,0.8290247917175293,0.7433425188064575,0.04742959141731262,0.4010530710220337,0.4484826326370239,0.875,67.37541198730469,7.086545986484833e-05,2.006070137023926,9.671875,4.668784141540527,19.07421875,9.870559692382812,23.984375
seed-42,train,980,3848.4674850930023,4.13528330999543,-0.3833191692829132,1.1536574363708496,0.5073871612548828,-0.2966441512107849,1.2047420740127563,0.9080979228019714,0.71875,34.8775520324707,7.029576027442224e-05,1.9817419052124023,9.671875,4.668784141540527,19.07421875,9.851028442382812,23.984375
seed-42,train,990,3884.5616576289904,4.842214209988015,0.05958916246891022,0.4520329236984253,0.7381810545921326,-0.023593448102474213,0.5256565809249878,0.5020631551742554,0.8125,24.828989028930664,6.972327521537078e-05,2.0165786743164062,9.671875,4.668784141540527,19.07421875,9.831497192382812,23.984375
seed-42,train,1000,3913.0403011570015,3.9589737909991527,-0.9003206491470337,1.9162195920944214,0.9842456579208374,-0.4007708430290222,1.3197964429855347,0.9190255403518677,0.5625,134.3925018310547,6.91481089413657e-05,2.022718906402588,9.671875,4.668784141540527,19.07421875,9.817825317382812,23.984375
seed-42,train,1010,3945.260103320994,3.2787124820024474,-0.31244733929634094,0.9781556129455566,0.9842442870140076,-0.9507741928100586,0.8228985071182251,-0.1278756558895111,0.71875,75.0877685546875,6.857036619434735e-05,2.0381436347961426,9.671875,4.668784141540527,19.07421875,9.798294067382812,23.984375
seed-42,train,1020,3983.424769545003,3.106313706986839,-0.15063005685806274,0.8169513940811157,0.7381841540336609,-0.19408050179481506,0.7023431062698364,0.5082626342773438,0.78125,50.4089469909668,6.799015218545047e-05,1.991389274597168,9.671875,4.668784141540527,19.07421875,9.782669067382812,23.984375
seed-42,train,1030,4017.7002179519914,5.197469482009183,-0.10942177474498749,0.8451239466667175,0.7381811141967773,0.22009190917015076,0.6869792342185974,0.9070711135864258,0.84375,55.11851119995117,6.74075725758445e-05,1.9793095588684082,9.671875,4.668784141540527,19.07421875,9.763137817382812,23.984375
seed-42,train,1040,4050.0700866260013,2.8347577910026303,-0.1967438906431198,1.4955775737762451,0.5404036641120911,-0.09178230911493301,1.1970226764678955,1.1052403450012207,0.875,99.11510467529297,6.682273345749188e-05,1.997753620147705,9.671875,4.668784141540527,19.07421875,9.737747192382812,23.984375
seed-42,train,1050,4089.8367880290025,3.7942830300016794,0.2114790976047516,0.9610074758529663,0.24606172740459442,-0.011868910863995552,0.8316739797592163,0.8198050856590271,0.875,11.149367332458496,6.62357413338279e-05,1.9859042167663574,9.671875,4.668784141540527,19.07421875,9.714309692382812,23.984375
seed-42,train,1060,4125.183396634995,5.8584128680086,-0.40561655163764954,0.38037335872650146,0.49728307127952576,-0.07331188023090363,0.9187418222427368,0.8454298973083496,0.65625,36.2258186340332,6.564670310036572e-05,2.0736751556396484,9.671875,4.668784141540527,19.07421875,9.704544067382812,23.984375
seed-42,train,1070,4164.7322837870015,4.327385490003508,-0.048459142446517944,0.37090298533439636,0.7162061929702759,0.03358165919780731,0.6413678526878357,0.6749495267868042,0.78125,102.26448059082031,6.505572602522993e-05,1.974858283996582,9.671875,4.668784141540527,19.07421875,9.677200317382812,23.984375
seed-42,train,1080,4198.08404617499,4.940429023001343,-0.3103993535041809,0.8034327030181885,0.7433444261550903,-0.4175887107849121,0.810318112373352,0.39272940158843994,0.6875,42.7859001159668,6.44629177296222e-05,1.9890813827514648,9.671875,4.668784141540527,19.07421875,9.663528442382812,23.984375
seed-42,train,1090,4234.682127679,5.578763537007035,0.05204116553068161,1.0764737129211426,0.9842453002929688,0.13550159335136414,0.6030036211013794,0.7385051250457764,0.90625,371.2881774902344,6.386838616822268e-05,2.036543369293213,9.671875,4.668784141540527,19.07421875,9.636184692382812,23.984375
seed-42,train,1100,4264.993542523996,1.9726439340010984,-0.09204511344432831,0.8460200428962708,0.9842463731765747,0.15100841224193573,0.645596981048584,0.7966053485870361,0.71875,124.5652084350586,6.32722396095307e-05,1.9851679801940918,9.671875,4.668784141540527,19.07421875,9.624465942382812,23.984375
seed-42,train,1110,4303.551810663994,4.654341643996304,-0.9302648305892944,2.1338953971862793,0.3137142062187195,-0.19894106686115265,2.501046895980835,2.3021059036254883,0.71875,45.716041564941406,6.267458661614829e-05,2.0617666244506836,9.671875,4.668784141540527,19.07421875,9.618606567382812,23.984375
seed-42,train,1120,4342.629393401992,2.83036597201135,-0.014931388199329376,0.6706312894821167,0.9842447638511658,-0.2791007459163666,0.5693510174751282,0.2902502715587616,0.78125,118.41128540039062,6.207553602501016e-05,1.9967494010925293,9.671875,4.668784141540527,19.07421875,9.604934692382812,23.984375
seed-42,train,1130,4371.654039893998,2.138927057007095,0.43791663646698,0.3951610028743744,0.738182783126831,-0.17823240160942078,0.24330495297908783,0.06507254391908646,0.90625,279.70013427734375,6.14751969275636e-05,2.0084762573242188,9.671875,4.668784141540527,19.07421875,9.601028442382812,23.984375
seed-42,train,1140,4410.661491122999,4.639230667002266,0.06004292517900467,1.0735270977020264,0.9842423796653748,0.04881199449300766,0.5545440316200256,0.6033560037612915,0.78125,88.4444351196289,6.087367864990232e-05,2.0090723037719727,9.671875,4.668784141540527,19.07421875,9.595169067382812,23.984375
seed-42,train,1150,4451.208360807999,7.413282705994789,-0.940144419670105,0.7607532739639282,0.9842430353164673,0.06614523380994797,1.4020689725875854,1.4682142734527588,0.53125,55.9897575378418,6.027109073285725e-05,2.052338123321533,9.671875,4.668784141540527,19.07421875,9.579544067382812,23.984375
seed-42,train,1160,4482.925022515992,1.8664295479975408,-0.2829466760158539,1.3903744220733643,0.9842462539672852,0.03535965085029602,0.8627132773399353,0.8980728983879089,0.71875,542.2664794921875,5.966754291204835e-05,1.9989571571350098,9.671875,4.668784141540527,19.07421875,9.563919067382812,23.984375
seed-42,train,1170,4524.298227498992,4.65189003899286,-0.2886372208595276,0.9601811170578003,0.738184928894043,-0.11213628947734833,0.7866889834403992,0.6745526790618896,0.65625,43.24836349487305,5.9063145097901054e-05,2.0594377517700195,9.671875,4.668784141540527,19.07421875,9.550247192382812,23.984375
seed-42,train,1180,4560.552659934998,2.937933070003055,-0.21446335315704346,0.8408105969429016,0.984245777130127,0.15002286434173584,0.7611388564109802,0.9111617207527161,0.75,57.255157470703125,5.8458007355630694e-05,1.9858484268188477,9.671875,4.668784141540527,19.07421875,9.542434692382812,23.984375
seed-42,train,1190,4603.207087660994,5.32901255399338,-0.5319896936416626,1.5293173789978027,0.9842468500137329,-0.08413679897785187,1.0323941707611084,0.948257327079773,0.65625,97.71758270263672,5.78522398851989e-05,1.9763116836547852,9.673828125,4.668784141540527,19.07421875,9.522903442382812,23.984375
seed-42,train,1200,4638.221099660994,2.6821774580021156,-0.483506441116333,1.4148942232131958,0.9842467308044434,-0.23236793279647827,0.9739779233932495,0.7416099309921265,0.625,100.29467010498047,5.724595300124535e-05,2.0005035400390625,9.673828125,4.668784141540527,19.07421875,9.515090942382812,23.984375
seed-42,train,1210,4819.951428467,3.683938494999893,-0.2586357593536377,0.7476056814193726,0.7381852865219116,-0.3883238434791565,0.760153591632843,0.3718297481536865,0.625,69.36038208007812,5.663925711299865e-05,1.995485782623291,10.1015625,4.668784141540527,19.07421875,9.077590942382812,23.984375
seed-42,train,1220,4861.162164768,4.551831693999702,-0.7647919654846191,1.2177973985671997,0.9842466115951538,-0.06324252486228943,1.2197918891906738,1.1565492153167725,0.5625,95.64053344726562,5.603226270417009e-05,2.0708913803100586,10.1015625,4.668784141540527,19.07421875,9.058059692382812,23.984375
seed-42,train,1230,4894.028798321,4.744684479999705,-0.9372329711914062,0.8352605104446411,0.7687911987304688,-0.1955825388431549,1.295192003250122,1.099609375,0.53125,47.038631439208984,5.54250803128337e-05,1.9782710075378418,10.1015625,4.672431945800781,19.07421875,9.052200317382812,23.984375
seed-42,train,1240,4927.490083486991,2.4367243029992096,-0.27789124846458435,1.1118495464324951,0.9842455983161926,0.08324092626571655,0.812217652797699,0.8954585790634155,0.625,45.076969146728516,5.481782051129648e-05,2.0301337242126465,10.1015625,4.672431945800781,19.07421875,9.038528442382812,23.984375
seed-42,train,1250,4956.511974337991,1.6258424510015175,-0.11170990765094757,1.3902971744537354,0.9799047708511353,-0.09090451896190643,0.729979932308197,0.6390753984451294,0.78125,698.746826171875,5.421059388596239e-05,1.9979019165039062,10.1015625,4.672431945800781,19.07421875,9.038528442382812,23.984375
seed-42,train,1260,4984.538597053994,2.079206559006707,-0.3190697431564331,1.7362464666366577,0.7381817698478699,0.14637094736099243,1.010378360748291,1.1567493677139282,0.8125,133.1365966796875,5.360351101719377e-05,1.9848146438598633,10.1015625,4.672431945800781,19.07421875,9.020950317382812,23.984375
seed-42,train,1270,5018.718164095,4.163301755004795,-0.34357360005378723,1.1998403072357178,0.9842470288276672,-0.3194996118545532,0.8650005459785461,0.5455009341239929,0.625,56.834686279296875,5.299668245917386e-05,2.052792549133301,10.1015625,4.672431945800781,19.07421875,9.009231567382812,23.984375
seed-42,train,1280,5064.933739423999,2.289121914000134,-0.015278108417987823,0.41754066944122314,0.7530339956283569,0.14375503361225128,0.5787561535835266,0.7225112318992615,0.78125,23.508548736572266,5.239021871977404e-05,2.000887870788574,10.1015625,4.672431945800781,19.07421875,8.991653442382812,23.984375
seed-42,train,1290,5092.328311739999,2.5372526830033166,-0.34095317125320435,1.1238429546356201,0.984245777130127,0.03343184292316437,0.850467324256897,0.8838992118835449,0.625,26.758583068847656,5.178423024042961e-05,2.0031328201293945,10.1015625,4.672431945800781,19.07421875,8.987747192382812,23.984375
seed-42,train,1300,5122.587947039996,3.332797515002312,-0.6016716361045837,0.6888329386711121,0.9842468500137329,0.04346229135990143,1.0788692235946655,1.1223315000534058,0.4375,33.618465423583984,5.117882737602754e-05,1.9789633750915527,10.1015625,4.672431945800781,19.07421875,8.972122192382812,23.984375
seed-42,train,1310,5154.333942447993,3.0947414730035234,0.0637693703174591,0.7450643181800842,0.7381845712661743,0.005101587623357773,0.5422444343566895,0.5473460555076599,0.8125,24.114185333251953,5.057412037481013e-05,1.9872264862060547,10.1015625,4.672431945800781,19.07421875,8.972122192382812,23.984375
seed-42,train,1320,5190.67680440699,5.324490056998911,-0.7130385041236877,1.3401505947113037,0.984243631362915,-0.47655439376831055,1.2191851139068604,0.7426307201385498,0.6875,375.9424743652344,4.997021935829792e-05,2.000202178955078,10.1015625,4.672431945800781,19.07421875,8.964309692382812,23.984375
seed-42,train,1330,5225.695524534996,4.209755799995037,-0.3150293529033661,1.0715150833129883,0.9842459559440613,0.022866372019052505,0.8329867124557495,0.8558530807495117,0.65625,81.77106475830078,4.936723430123581e-05,1.9932599067687988,10.1015625,4.672431945800781,19.07421875,8.956497192382812,23.984375
seed-42,train,1340,5258.14007442299,2.301471037993906,0.6518517136573792,0.1475982517004013,0.9657377004623413,-0.012010321021080017,0.08161325007677078,0.06960292160511017,1.0,58.93010330200195,4.876527501156588e-05,1.9809589385986328,10.1015625,4.672431945800781,19.07421875,8.936965942382812,23.984375
seed-42,train,1350,5294.143958735993,2.2664366270037135,-0.005544308573007584,1.3710715770721436,0.738182008266449,0.12616296112537384,0.6539864540100098,0.7801494002342224,0.875,86.38525390625,4.816445111043052e-05,2.033738136291504,10.1015625,4.672431945800781,19.07421875,8.933059692382812,23.984375
seed-42,train,1360,5329.065243620993,5.274091302999295,-0.760870635509491,2.4090805053710938,0.9842455387115479,-0.15644694864749908,1.4770716428756714,1.320624828338623,0.71875,237.98934936523438,4.756487201220965e-05,1.9882121086120605,10.1015625,4.672431945800781,19.07421875,8.929153442382812,23.984375
seed-42,train,1370,5365.711499155994,5.692723193002166,-0.3985414206981659,1.3531839847564697,0.9842456579208374,-0.11557861417531967,0.9242542386054993,0.8086756467819214,0.625,61.613285064697266,4.696664690459559e-05,2.030012607574463,10.1015625,4.672431945800781,19.07421875,8.925247192382812,23.984375
seed-42,train,1380,5402.800346712,2.833546144000138,0.04585385322570801,0.6076379418373108,0.7454142570495605,-0.07888307422399521,0.5723825097084045,0.4934994578361511,0.71875,22.336956024169922,4.636988472870917e-05,2.0125584602355957,10.1015625,4.672431945800781,19.07421875,8.911575317382812,23.984375
seed-42,train,1390,5437.19980869499,4.977938558993628,-1.2403162717819214,1.472787618637085,0.9842466711997986,-0.020493406802415848,1.6256814002990723,1.6051878929138184,0.46875,51.81729507446289,4.5774694159260745e-05,1.990091323852539,10.1015625,4.672431945800781,19.07421875,8.899856567382812,23.984375
seed-42,train,1400,5466.949506128003,2.499215596995782,0.18238572776317596,0.332569420337677,0.4921225309371948,0.01068594679236412,0.4325208067893982,0.4432067573070526,0.75,16.679195404052734,4.51811835847598e-05,2.004608631134033,10.1015625,4.672431945800781,19.07421875,8.897903442382812,23.984375
seed-42,train,1410,5507.114666529,4.86622845500824,-0.23274192214012146,0.5914751291275024,0.4921231269836426,0.002243325114250183,0.7999878525733948,0.8022311925888062,0.6875,32.825992584228516,4.4589461087776585e-05,2.0521926879882812,10.1015625,4.672431945800781,19.07421875,8.884231567382812,23.984375
seed-42,train,1420,5546.663017872997,4.8699456230096985,-0.42088815569877625,0.8141652345657349,0.9842402338981628,-0.05376310646533966,0.9373920559883118,0.8836289644241333,0.625,251.16590881347656,4.3999634425259414e-05,2.050467014312744,10.1015625,4.672431945800781,19.07421875,8.874465942382812,23.984375
seed-42,train,1430,5582.578411287992,1.9326236199995037,0.224134624004364,0.7994335889816284,0.984243631362915,-0.03221220523118973,0.45114201307296753,0.4189298152923584,0.875,166.2210693359375,4.341181100891155e-05,2.0072593688964844,10.1015625,4.672431945800781,19.07421875,8.856887817382812,23.984375
seed-42,train,1440,5616.320887155001,5.511413475003792,-0.05318012833595276,1.2366700172424316,0.7381810545921326,-0.07573401182889938,0.6789395809173584,0.6032055020332336,0.8125,76.57553100585938,4.282609788563054e-05,1.981523036956787,10.1015625,4.672431945800781,19.07421875,8.851028442382812,23.984375
seed-42,train,1450,5652.5662807089975,4.583524086992838,-0.08045968413352966,1.775536060333252,0.37625652551651,0.006886284798383713,1.2605888843536377,1.2674752473831177,0.875,93.52814483642578,4.224260171801433e-05,1.9971728324890137,10.1015625,4.672431945800781,19.07421875,8.849075317382812,23.984375
seed-42,train,1460,5690.720034336991,3.6651497760030907,-0.1811072826385498,0.9828716516494751,0.9842429161071777,0.132480651140213,0.7282491326332092,0.8607297539710999,0.6875,38.65117645263672,4.1661428764937224e-05,1.9869718551635742,10.1015625,4.672431945800781,19.07421875,8.833450317382812,23.984375
seed-42,train,1470,5728.34420809499,2.318563243999961,-0.006908342242240906,1.3635904788970947,0.9842425584793091,-0.15318311750888824,0.64128178358078,0.488098680973053,0.875,299.2741394042969,4.108268486219927e-05,2.0294933319091797,10.1015625,4.672431945800781,19.07421875,8.817825317382812,23.984375
seed-42,train,1480,5754.284625528002,1.1305464489996666,0.4991550147533417,0.48254847526550293,0.4921205937862396,0.011545039713382721,0.20107409358024597,0.2126191258430481,0.9375,55.10520935058594,4.050647540325294e-05,2.010049819946289,10.1015625,4.672431945800781,19.07421875,8.811965942382812,23.984375
seed-42,train,1490,5790.355259834003,5.5848847159941215,0.39719998836517334,0.533297598361969,0.4921228885650635,-0.4521751403808594,0.2919708490371704,-0.16020432114601135,0.875,157.17271423339844,3.993290532001014e-05,1.9941935539245605,10.1015625,4.672431945800781,19.07421875,8.802200317382812,23.984375
seed-42,train,1500,5827.596086735997,4.3970158899901435,0.38033461570739746,0.6762115955352783,0.7381832003593445,0.09007932990789413,0.2902463674545288,0.38032567501068115,0.90625,150.26992797851562,3.936207906373335e-05,2.0217881202697754,10.1015625,4.672431945800781,19.07421875,8.786575317382812,23.984375
seed-42,train,1510,5865.698095982996,2.4845800299954135,-0.6368494629859924,1.284580945968628,0.9842466115951538,0.2356458306312561,1.1260024309158325,1.3616483211517334,0.53125,103.78199005126953,3.8794100586014305e-05,2.0072364807128906,10.1015625,4.672431945800781,19.07421875,8.774856567382812,23.984375
seed-42,train,1520,5893.230827274994,1.6958862019964727,0.03652268648147583,0.7805449962615967,0.984241783618927,0.04214596003293991,0.5594155788421631,0.6015615463256836,0.8125,57.18857192993164,3.822907331984367e-05,1.983130931854248,10.1015625,4.672431945800781,19.07421875,8.761184692382812,23.984375
seed-42,train,1530,5918.694733886994,1.9137552100000903,0.2538868188858032,0.6934401392936707,0.9838038682937622,-0.016011741012334824,0.3932338356971741,0.37722212076187134,0.84375,305.33673095703125,3.7667100160775104e-05,2.042664051055908,10.1015625,4.672431945800781,19.07421875,8.755325317382812,23.984375
seed-42,train,1540,5961.4789599840005,2.4655962550023105,0.1243758425116539,0.7061595916748047,0.8306652307510376,-0.11092112958431244,0.4970899224281311,0.38616877794265747,0.875,33.88353729248047,3.710828344818733e-05,2.036581516265869,10.1015625,4.672431945800781,19.07421875,8.749465942382812,23.984375
seed-42,train,1550,5999.828967020003,3.006020909990184,0.028824493288993835,0.37812376022338867,0.7381842732429504,0.09263823181390762,0.5680360198020935,0.6606742739677429,0.71875,17.745933532714844,3.655272494664723e-05,2.0416760444641113,10.1015625,4.672431945800781,19.07421875,8.737747192382812,23.984375
seed-42,train,1560,6033.856923193001,1.711263944991515,0.18995079398155212,1.2556520700454712,0.5121344327926636,-0.19630613923072815,0.7217968106269836,0.5254906415939331,0.9375,34.417762756347656,3.600052582737797e-05,2.0049333572387695,10.1015625,4.672431945800781,19.07421875,8.724075317382812,23.984375
seed-42,train,1570,6067.92259335499,3.335618383003748,0.46139878034591675,0.2838023900985718,0.7381483912467957,0.05273013189435005,0.22244618833065033,0.27517634630203247,0.875,61.0705680847168,3.545178664983483e-05,2.0022506713867188,10.1015625,4.672431945800781,19.07421875,8.712356567382812,23.984375
seed-42,train,1580,6097.626221040991,1.284797571002855,0.3570539951324463,0.46793609857559204,0.4921221435070038,-0.18380263447761536,0.3027627170085907,0.11896009743213654,0.84375,140.7444610595703,3.4906607343392694e-05,2.004359722137451,10.1015625,4.672431945800781,19.07421875,8.702590942382812,23.984375
seed-42,train,1590,6143.145678674002,6.0505860690027475,-0.7093482613563538,0.9786393642425537,0.9842464327812195,-0.20333868265151978,1.16237473487854,0.959036111831665,0.65625,51.382022857666016,3.436508718914817e-05,1.9976167678833008,10.1015625,4.672431945800781,19.07421875,8.692825317382812,23.984375
seed-42,train,1600,6173.3462074650015,2.2285442059946945,0.028115898370742798,0.6686468124389648,0.9842391610145569,-0.038465820252895355,0.5500038862228394,0.5115380883216858,0.75,88.96853637695312,3.3827324801839755e-05,1.9745445251464844,10.1015625,4.672431945800781,19.07421875,8.690872192382812,23.984375
seed-42,train,1610,6352.938668735995,1.9848320340097416,0.010877542197704315,1.2688159942626953,0.49208730459213257,-0.03137535601854324,1.2833037376403809,1.2519283294677734,0.90625,123.76721954345703,3.32934181118894e-05,2.020549774169922,10.529296875,4.672431945800781,19.07421875,8.257278442382812,23.984375
seed-42,train,1620,6383.075618543997,2.0846275789954234,0.26087695360183716,0.6353830695152283,0.9842193722724915,-0.09602515399456024,0.38364705443382263,0.2876218855381012,0.875,77.8716049194336,3.276346434756866e-05,1.9890899658203125,10.529296875,4.672431945800781,19.07421875,8.245559692382812,23.984375
seed-42,train,1630,6422.999710538992,7.525334372010548,-0.12640376389026642,1.3355134725570679,0.9842277765274048,0.03928443416953087,0.8071152567863464,0.8463996648788452,0.8125,87.71330261230469,3.223756001729274e-05,1.9759531021118164,10.529296875,4.672431945800781,19.07421875,8.239700317382812,23.984375
seed-42,train,1640,6453.897127556003,2.4551611920032883,-0.5724732875823975,1.783502459526062,0.738183856010437,-0.16061623394489288,1.6344228982925415,1.473806619644165,0.6875,55.005130767822266,3.17158008920456e-05,2.031592845916748,10.529296875,4.672431945800781,19.07421875,8.235794067382812,23.984375
seed-42,train,1650,6485.158681542001,3.1445966320025036,-0.21031439304351807,1.0252360105514526,0.8474133610725403,-0.10192593932151794,0.8124591112136841,0.7105332016944885,0.78125,230.65830993652344,3.11982819879394e-05,2.001913547515869,10.529296875,4.672431945800781,19.07421875,8.229934692382812,23.984375
seed-42,train,1660,6527.641587962993,4.324923792999471,-0.1200864240527153,0.8413509130477905,0.9841920733451843,0.0205247700214386,0.6582435965538025,0.6787683963775635,0.625,64.91602325439453,3.068509754891131e-05,2.000545024871826,10.529296875,4.672431945800781,19.07421875,8.220169067382812,23.984375
seed-42,train,1670,6570.246177191002,3.436175209993962,-0.6485670804977417,2.1482150554656982,0.9842411279678345,-0.026325233280658722,1.8830074071884155,1.8566821813583374,0.625,325.8197326660156,3.0176341029561013e-05,2.0036473274230957,10.529296875,4.672431945800781,19.07421875,8.200637817382812,23.984375
seed-42,train,1680,6613.1627401139995,3.641401272994699,-0.6270304918289185,1.1495840549468994,0.738184928894043,-0.24423840641975403,1.1069815158843994,0.8627430200576782,0.5625,91.78253936767578,2.9672105078132068e-05,1.9859342575073242,10.529296875,4.672431945800781,19.07421875,8.198684692382812,23.984375
seed-42,train,1690,6651.036139121003,1.8401125469972612,-0.38269320130348206,1.6630725860595703,0.9842462539672852,0.05665716528892517,0.9312602877616882,0.9879174828529358,0.71875,148.5124053955078,2.9172481519639816e-05,1.9945878982543945,10.529296875,4.672431945800781,19.07421875,8.190872192382812,23.984375
seed-42,train,1700,6695.286802119997,2.5806569319975097,0.18061423301696777,0.6558209657669067,0.7381826639175415,-0.008594675920903683,0.4541516602039337,0.44555696845054626,0.8125,94.67337036132812,2.867756133914956e-05,2.001491069793701,10.529296875,4.672431945800781,19.07421875,8.183059692382812,23.984375
seed-42,train,1710,6741.636056716001,5.644128348998493,-0.878031849861145,1.3837001323699951,0.984239935874939,-0.25909721851348877,1.6893160343170166,1.4302188158035278,0.59375,117.15550994873047,2.818743466520738e-05,1.9923973083496094,10.529296875,4.672431945800781,19.07421875,8.157669067382812,23.984375
seed-42,train,1720,6772.792635525999,1.6477370409993455,0.48211485147476196,0.18069744110107422,0.2512214779853821,0.1373666375875473,0.2038753479719162,0.3412420153617859,0.875,83.13262176513672,2.7702190753427082e-05,2.0045557022094727,10.529296875,4.672431945800781,19.07421875,8.151809692382812,23.984375
seed-42,train,1730,6805.6687708969985,4.375164896991919,-0.568310022354126,1.0325088500976562,0.984246015548706,-0.228261336684227,1.0242173671722412,0.795956015586853,0.5625,28.3143367767334,2.7221917970236255e-05,1.9836692810058594,10.529296875,4.672431945800781,19.07421875,8.140090942382812,23.984375
seed-42,train,1740,6843.999122213994,2.8796547050005756,0.35741424560546875,0.5952938795089722,0.7453895211219788,-0.080061174929142,0.32620272040367126,0.24614155292510986,0.90625,85.8250961303711,2.6746703776783932e-05,2.011568069458008,10.529296875,4.672431945800781,19.07421875,8.138137817382812,23.984375
seed-42,train,1750,6880.052326402001,2.047695482004201,0.07088731229305267,1.409302830696106,0.9780522584915161,-0.26602137088775635,0.6664006114006042,0.40037932991981506,0.90625,220.13694763183594,2.6276634713013353e-05,2.0055532455444336,10.529296875,4.672431945800781,19.07421875,8.126419067382812,23.984375
seed-42,train,1760,6907.990455157997,4.087432571002864,0.3572024703025818,0.3597719669342041,0.497283011674881,-0.16612236201763153,0.29850322008132935,0.1323808878660202,0.90625,43.351890563964844,2.581179638190247e-05,2.027270793914795,10.529296875,4.672431945800781,19.07421875,8.122512817382812,23.984375
seed-42,train,1770,6945.088040631992,3.908505070998217,0.016635693609714508,0.6338835954666138,0.9842444658279419,-0.15462727844715118,0.5852823257446289,0.4306550621986389,0.84375,97.21639251708984,2.5352273433874867e-05,1.9967432022094727,10.529296875,4.672431945800781,19.07421875,8.114700317382812,23.984375
seed-42,train,1780,6976.923042387993,2.6963997069979087,0.4578440487384796,0.2897241711616516,0.4921222925186157,-0.01902487687766552,0.22794514894485474,0.20892027020454407,0.90625,21.386638641357422,2.4898149551384522e-05,2.0110998153686523,10.529296875,4.672431945800781,19.07421875,8.112747192382812,23.984375
seed-42,train,1790,7004.400485385995,1.6497312639985466,0.3383333384990692,0.6539314985275269,0.955841600894928,0.16543835401535034,0.3236502707004547,0.48908865451812744,0.875,164.79246520996094,2.444950743367643e-05,2.0068788528442383,10.529296875,4.672431945800781,19.07421875,8.106887817382812,23.984375
seed-42,train,1800,7035.597653113,2.9046605359908426,-0.2580912709236145,1.2046678066253662,0.9842464923858643,0.3606019914150238,0.8020021915435791,1.1626042127609253,0.71875,121.27529907226562,2.4006428781726576e-05,1.9949531555175781,10.529296875,4.672431945800781,19.07421875,8.099075317382812,23.984375
seed-42,train,1810,7069.573820935999,8.094339921997744,-1.1959214210510254,1.170304536819458,0.9842472076416016,-0.1331465244293213,1.582558512687683,1.4494118690490723,0.4375,73.6898193359375,2.356899428336358e-05,2.070568561553955,10.529296875,4.672431945800781,19.07421875,8.089309692382812,23.984375
seed-42,train,1820,7100.7225826349895,5.570626083004754,0.12684303522109985,0.6463587284088135,0.7381810545921326,-0.04570293426513672,0.4852063059806824,0.43950337171554565,0.78125,35.00187301635742,2.3137283598574853e-05,2.052952289581299,10.529296875,4.672431945800781,19.07421875,8.077590942382812,23.984375
seed-42,train,1830,7135.221631747001,2.3197907879948616,-0.09920468926429749,0.7533289194107056,0.9842453598976135,-0.09832432866096497,0.6287250518798828,0.5304007530212402,0.6875,37.11605453491211,2.2711375344999917e-05,1.9836597442626953,10.529296875,4.672431945800781,19.07421875,8.069778442382812,23.984375
seed-42,train,1840,7173.180375237993,2.3178296350088203,0.1882266253232956,1.1631312370300293,0.5159531235694885,-0.15626567602157593,0.701651930809021,0.5453861951828003,0.875,32.644691467285156,2.2291347083613627e-05,1.9822163581848145,10.529296875,4.672431945800781,19.07421875,8.046340942382812,23.984375
seed-42,train,1850,7208.101524500002,2.283641025001998,0.38463762402534485,0.6380072236061096,0.7915101051330566,-0.3983863294124603,0.287569135427475,-0.11081721633672714,0.84375,87.45780181884766,2.1877275304601684e-05,1.9833078384399414,10.529296875,4.672431945800781,19.07421875,8.044387817382812,23.984375
seed-42,train,1860,7240.4604361709935,2.0839396819937974,-0.19862790405750275,0.9477616548538208,0.9842458367347717,-0.0831029862165451,0.7341258525848389,0.6510227918624878,0.6875,74.29774475097656,2.1469235413431205e-05,1.9783101081848145,10.529296875,4.672431945800781,19.07421875,8.040481567382812,23.984375
seed-42,train,1870,7289.083130136001,4.386469270000816,-0.5287601947784424,0.9526996612548828,0.9842471480369568,-0.09062276035547256,0.9439036250114441,0.8532809019088745,0.46875,32.385459899902344,2.1067301717118988e-05,1.9995746612548828,10.529296875,4.672431945800781,19.07421875,8.018997192382812,23.984375
seed-42,train,1880,7325.68838701499,4.619408241997007,0.1561795473098755,0.6837685108184814,0.7381844520568848,0.08819293975830078,0.4860319495201111,0.5742248296737671,0.78125,23.701608657836914,2.0671547410699454e-05,1.9888110160827637,10.529296875,4.672431945800781,19.07421875,8.013137817382812,23.984375
seed-42,train,1890,7366.624297836999,3.29832392600656,-0.44363266229629517,2.0719265937805176,0.738183856010437,-0.11901421844959259,1.193752646446228,1.0747385025024414,0.75,80.68244171142578,2.0282044563895502e-05,1.9688773155212402,10.529296875,4.672431945800781,19.07421875,8.007278442382812,23.984375
seed-42,train,1900,7406.318161292002,3.1557279900007416,0.3726687729358673,0.3449987471103668,0.690462589263916,-0.1751275509595871,0.2677856683731079,0.09265810996294022,0.84375,65.48424530029297,1.989886410799396e-05,2.0284814834594727,10.529296875,4.672431945800781,19.07421875,7.9994659423828125,23.984375
seed-42,train,1910,7442.002010445998,3.893431630989653,-0.4139268398284912,1.54012131690979,0.9842453598976135,-0.05900953710079193,0.9622671008110046,0.9032575488090515,0.75,97.84700775146484,1.9522075822928482e-05,1.995720386505127,10.529296875,4.672431945800781,19.07421875,7.9897003173828125,23.984375
seed-42,train,1920,7468.111346855003,1.6276638669951353,0.10138990730047226,0.68058842420578,0.9842137694358826,-0.2418062835931778,0.4888975918292999,0.24709130823612213,0.8125,84.57661437988281,1.9151748324572234e-05,1.976050853729248,10.529296875,4.672431945800781,19.07421875,7.9857940673828125,23.984375
seed-42,train,1930,7501.517855156999,2.525794795990805,0.2682439982891083,0.3502380847930908,0.49212270975112915,-0.06696492433547974,0.3780743479728699,0.31110942363739014,0.875,31.53168296813965,1.8787949052242333e-05,2.0140562057495117,10.529296875,4.672431945800781,19.07421875,7.9779815673828125,23.984375
seed-42,train,1940,7531.105147347989,2.153265807995922,0.1413636952638626,0.8434195518493652,0.9842449426651001,-0.05498147010803223,0.47258931398391724,0.4176079034805298,0.78125,76.74993896484375,1.8430744256418686e-05,1.9913368225097656,10.529296875,4.672431945800781,19.07421875,7.9740753173828125,23.984375
seed-42,train,1950,7564.674016478995,3.4296306570031447,-1.075981855392456,2.0945663452148438,0.7530378699302673,0.24226607382297516,2.1540019512176514,2.396268129348755,0.53125,50.45490264892578,1.808019898667937e-05,1.9710793495178223,10.529296875,4.672431945800781,19.07421875,7.9662628173828125,23.984375
seed-42,train,1960,7604.463186594992,1.8788996179937385,0.3936913013458252,0.3499220013618469,0.7381796836853027,-0.29903295636177063,0.25733086466789246,-0.04170209541916847,0.84375,55.276771545410156,1.77363770798545e-05,1.9800724983215332,10.529296875,4.672431945800781,19.07421875,7.9643096923828125,23.984375
seed-42,train,1970,7639.156007614991,4.099734413000988,-0.18052619695663452,0.6397184729576111,0.7381821870803833,0.12951001524925232,0.7466798424720764,0.8761898279190063,0.75,105.8486099243164,1.7399341148401182e-05,2.0105366706848145,10.529296875,4.672431945800781,19.07421875,7.9604034423828125,23.984375
seed-42,train,1980,7673.218935326993,4.244757198001025,0.11499092727899551,0.8556473255157471,0.7381834983825684,-0.08759284764528275,0.5230411291122437,0.4354482889175415,0.84375,58.22102355957031,1.7069152569001333e-05,2.027055263519287,10.529296875,4.672431945800781,19.07421875,7.9545440673828125,23.984375
seed-42,train,1990,7704.291522286992,3.1055352580006,-0.40113598108291626,1.249288558959961,0.984242856502533,0.1436949372291565,0.9494025707244873,1.093097448348999,0.65625,66.3462142944336,1.6745871471384486e-05,2.0076608657836914,10.529296875,4.672431945800781,19.07421875,7.9545440673828125,23.984375
seed-42,train,2000,7735.190347732001,1.5545831530034775,0.15869033336639404,0.8083903789520264,0.9842434525489807,-0.13387945294380188,0.4573809504508972,0.32350146770477295,0.78125,50.18098449707031,1.6429556727377755e-05,2.008969306945801,10.529296875,4.672431945800781,19.07421875,7.9506378173828125,23.984375
seed-42,train,2010,7916.3966132310015,2.257450435005012,0.08760718256235123,0.9068715572357178,0.7381818294525146,0.3239235281944275,0.5688287019729614,0.8927522301673889,0.84375,64.51065826416016,1.6120265940184863e-05,2.048981189727783,10.95703125,4.672431945800781,19.07421875,7.5229034423828125,23.984375
seed-42,train,2020,7950.212895031,2.5143405370035907,0.35788294672966003,0.4105541408061981,0.7381370663642883,0.18600445985794067,0.29116225242614746,0.47716671228408813,0.8125,53.701316833496094,1.5818055433896175e-05,2.0143656730651855,10.95703125,4.672431945800781,19.07421875,7.5209503173828125,23.984375
seed-42,train,2030,7982.4267841089895,1.2445294829958584,0.5609331130981445,0.37210631370544434,0.7431835532188416,-0.06256404519081116,0.14539718627929688,0.08283314108848572,0.96875,58.31724548339844,1.5522980243231673e-05,1.9678726196289062,10.95703125,4.672431945800781,19.07421875,7.5170440673828125,23.984375
seed-42,train,2040,8022.870186223998,4.228443878004327,-0.19517876207828522,1.4597207307815552,0.9842444062232971,0.05663233995437622,0.798220157623291,0.8548524975776672,0.75,122.3677749633789,1.5235094103518715e-05,2.011631965637207,10.95703125,4.672431945800781,19.07421875,7.5092315673828125,23.984375
seed-42,train,2050,8059.8058046109945,3.60246820600878,0.5909378528594971,0.15426376461982727,0.49211984872817993,0.020132701843976974,0.12349551916122437,0.14362822473049164,0.96875,74.61578369140625,1.4954449440906488e-05,2.023871898651123,10.95703125,4.672431945800781,19.07421875,7.5053253173828125,23.984375
seed-42,train,2060,8100.464041621992,2.7882139309949707,0.17341378331184387,0.6158916354179382,0.9842419028282166,0.24530825018882751,0.45315784215927124,0.6984660625457764,0.75,102.020263671875,1.468109736281877e-05,2.0162854194641113,10.95703125,4.672431945800781,19.07421875,7.5033721923828125,23.984375
seed-42,train,2070,8135.947483369993,2.785320306997164,0.15275947749614716,1.3308459520339966,0.49212193489074707,0.028030170127749443,0.8352371454238892,0.8632673025131226,0.875,57.846046447753906,1.4415087648646945e-05,2.0131936073303223,10.95703125,4.672431945800781,19.07421875,7.4936065673828125,23.984375
seed-42,train,2080,8172.895626742989,1.4600167430035071,0.17104379832744598,0.818578839302063,0.7381823658943176,-0.13340537250041962,0.47027790546417236,0.33687254786491394,0.90625,113.27954864501953,1.4156468740684808e-05,1.9948363304138184,10.95703125,4.672431945800781,19.07421875,7.4916534423828125,23.984375
seed-42,train,2090,8208.737527994992,3.987723999991431,0.3605055510997772,0.6266967058181763,0.8258821368217468,-0.06132988631725311,0.28204116225242615,0.22071126103401184,0.84375,53.727256774902344,1.3905287735306855e-05,1.995093822479248,10.95703125,4.672431945800781,19.07421875,7.4877471923828125,23.984375
seed-42,train,2100,8242.003151447003,3.3602154570107814,0.04699094220995903,0.606517493724823,0.984237015247345,-0.0597120001912117,0.5340787172317505,0.4743666648864746,0.8125,36.85330581665039,1.3661590374391677e-05,2.031750202178955,10.95703125,4.672431945800781,19.07421875,7.4857940673828125,23.984375
seed-42,train,2110,8273.137459656995,2.16680578001251,0.19684335589408875,1.2394123077392578,0.49212050437927246,-0.03307326138019562,0.7011206746101379,0.6680474281311035,0.875,31.718608856201172,1.3425421036992098e-05,2.0018763542175293,10.95703125,4.672431945800781,19.07421875,7.4857940673828125,23.984375
seed-42,train,2120,8307.490472261998,2.8846511150040897,-0.08578142523765564,1.068474531173706,0.9842453598976135,-0.1531030237674713,0.6548029780387878,0.5016999244689941,0.75,84.0269775390625,1.3196822731253366e-05,2.028885841369629,10.95703125,4.672431945800781,19.07421875,7.4838409423828125,23.984375
seed-42,train,2130,8345.188980074003,2.0175253990018973,0.14502564072608948,1.1437969207763672,0.7381570935249329,-0.11151942610740662,1.2470566034317017,1.1355371475219727,0.90625,581.2410888671875,1.2975837086581072e-05,2.0004072189331055,10.95703125,4.672431945800781,19.07421875,7.4760284423828125,23.984375
seed-42,train,2140,8378.470925267,1.846072419997654,0.2066681981086731,0.7078501582145691,0.738175094127655,-0.05781823396682739,0.45509862899780273,0.39728039503097534,0.84375,32.803199768066406,1.276250434606018e-05,2.0304861068725586,10.95703125,4.672431945800781,19.07421875,7.4760284423828125,23.984375
seed-42,train,2150,8410.98217704099,2.301842240995029,-0.13054513931274414,0.9056746959686279,0.9842460751533508,0.05169878900051117,0.7249243855476379,0.7766231298446655,0.78125,49.88163375854492,1.2556863359126375e-05,1.9963831901550293,10.95703125,4.672431945800781,19.07421875,7.4701690673828125,23.984375
seed-42,train,2160,8446.406984172994,2.7706767409981694,-0.12983989715576172,0.7841042280197144,0.7433426380157471,-0.47046932578086853,0.6981641054153442,0.2276947945356369,0.6875,119.5873794555664,1.235895157449139e-05,2.028930187225342,10.95703125,4.672431945800781,19.07421875,7.4584503173828125,23.984375
seed-42,train,2170,8475.952716532993,1.8821427329967264,0.571624219417572,0.18981221318244934,0.7346640825271606,-0.018551263958215714,0.14786061644554138,0.12930935621261597,0.96875,175.15554809570312,1.2168805033323299e-05,1.9745173454284668,10.95703125,4.672431945800781,19.07421875,7.4545440673828125,23.984375
seed-42,train,2180,8511.012433914992,5.015851981996093,-0.025204822421073914,0.6601561903953552,0.7482870221138,-0.011336199007928371,0.5700235366821289,0.5586873888969421,0.71875,28.508962631225586,1.1986458362683136e-05,1.989671230316162,10.95703125,4.672431945800781,19.07421875,7.4506378173828125,23.984375
seed-42,train,2190,8550.370407829003,5.959608309000032,-0.06005515903234482,0.44500792026519775,0.7381826043128967,-0.20883232355117798,0.6510452628135681,0.44221293926239014,0.8125,133.53721618652344,1.1811944769219073e-05,1.9763002395629883,10.95703125,4.672431945800781,19.07421875,7.4447784423828125,23.984375
seed-42,train,2200,8579.770680937,3.6224118690006435,-0.6980114579200745,1.1656969785690308,0.9842454791069031,0.005874373018741608,1.2243462800979614,1.2302206754684448,0.625,48.30173110961914,1.164529603311926e-05,2.0031814575195312,10.95703125,4.672431945800781,19.07421875,7.4428253173828125,23.984375
seed-42,train,2210,8614.472055463993,1.4804420959990239,0.006457623094320297,0.8702080249786377,0.9842459559440613,-0.11193594336509705,0.5593509674072266,0.4474150538444519,0.6875,44.11427307128906,1.1486542502324388e-05,1.9736828804016113,10.95703125,4.672431945800781,19.07421875,7.4408721923828125,23.984375
seed-42,train,2220,8647.231903357999,4.900440279991017,0.03971428424119949,0.9765421152114868,0.9842436909675598,0.481982946395874,0.5984060764312744,1.0803890228271484,0.875,76.29531860351562,1.133571308700116e-05,1.9822893142700195,10.95703125,4.672431945800781,19.07421875,7.4369659423828125,23.984375
seed-42,train,2230,8682.413394870993,2.652289068006212,0.34467971324920654,0.42346346378326416,0.7381820678710938,-0.13596507906913757,0.29647982120513916,0.1605147421360016,0.8125,29.88761329650879,1.1192835254277503e-05,2.0320892333984375,10.95703125,4.672431945800781,19.07421875,7.4272003173828125,23.984375
seed-42,train,2240,8719.290382070001,2.2570870269992156,0.10960353165864944,1.0360498428344727,0.738183856010437,0.13890372216701508,0.5076545476913452,0.6465582847595215,0.84375,154.0586700439453,1.1057935023240606e-05,1.987694263458252,10.95703125,4.672431945800781,19.07421875,7.4252471923828125,23.984375
seed-42,train,2250,8765.316247255992,3.43269121699268,0.09029369056224823,0.3444291353225708,0.49212342500686646,0.02643648162484169,0.5113399028778076,0.5377763509750366,0.78125,15.708069801330566,1.0931036960198673e-05,2.0243892669677734,10.95703125,4.672431945800781,19.07421875,7.4193878173828125,23.984375
seed-42,train,2260,8801.740301851998,2.2309477340022568,0.2059749960899353,0.9287172555923462,0.25619179010391235,-0.08803598582744598,0.7336734533309937,0.6456374526023865,0.9375,14.538090705871582,1.0812164174207209e-05,1.9922542572021484,10.95703125,4.672431945800781,19.07421875,7.4193878173828125,23.984375
seed-42,train,2270,8828.051329804992,2.2851257260044804,-0.00609000027179718,0.9927580952644348,0.49728089570999146,-0.10865743458271027,0.8029110431671143,0.6942535638809204,0.875,26.365415573120117,1.0701338312860714e-05,1.9879779815673828,10.95703125,4.672431945800781,19.07421875,7.4154815673828125,23.984375
seed-42,train,2280,8859.279958122992,3.5585846210015006,-0.1139136478304863,1.2677301168441772,0.514579176902771,0.03852719068527222,0.9352784156799316,0.9738055467605591,0.71875,33.29005813598633,1.0598579558350463e-05,2.0051302909851074,10.95703125,4.672431945800781,19.07421875,7.4096221923828125,23.984375
seed-42,train,2290,8896.961471921997,2.7657809170050314,0.03101786971092224,0.3363245725631714,0.49212390184402466,-0.03965209424495697,0.5285451412200928,0.4888930320739746,0.59375,24.12935447692871,1.0503906623789202e-05,1.9991440773010254,10.95703125,4.672431945800781,19.07421875,7.3705596923828125,23.984375
seed-42,train,2300,8927.570241590991,2.6664959440095117,0.36624571681022644,0.6019827127456665,0.7651325464248657,0.06670179218053818,0.30394822359085083,0.3706500232219696,0.90625,85.9041748046875,1.0417336749803371e-05,2.0014586448669434,10.95703125,4.672431945800781,19.07421875,7.3998565673828125,23.984375
seed-42,train,2310,8961.898157992997,2.2633405340020545,-0.033406250178813934,0.8303978443145752,0.9842443466186523,-0.07592520117759705,0.6039444208145142,0.5280191898345947,0.78125,103.64705657958984,1.0338885701393444e-05,1.9922714233398438,10.95703125,4.672431945800781,19.07421875,7.3979034423828125,23.984375
seed-42,train,2320,8991.864085763998,2.1326398590026656,0.27543163299560547,0.5725489854812622,0.7381842732429504,0.046504221856594086,0.3651512861251831,0.4116554856300354,0.84375,85.01177215576172,1.0268567765062987e-05,2.004335880279541,10.95703125,4.672431945800781,19.07421875,7.3979034423828125,23.984375
seed-42,train,2330,9027.303884851994,6.827985372990952,-1.1708357334136963,1.0219471454620361,0.9842472076416016,0.2150188386440277,1.5491952896118164,1.7642141580581665,0.4375,51.72892761230469,1.0206395746217044e-05,2.066469192504883,10.95703125,4.677909851074219,19.07421875,7.3920440673828125,23.984375
seed-42,train,2340,9066.405538983003,3.1804370210011257,0.10255312919616699,0.6028846502304077,0.4972832202911377,-0.060090452432632446,0.4979357421398163,0.43784528970718384,0.78125,28.838258743286133,1.0152380966830104e-05,1.9976015090942383,10.95703125,4.677909851074219,19.07421875,7.3881378173828125,23.984375
seed-42,train,2350,9098.813542335993,3.410010837003938,0.1226777732372284,0.8780746459960938,0.7381807565689087,0.027227692306041718,0.5020586252212524,0.5292863249778748,0.8125,93.36714172363281,1.0106533263384352e-05,1.9749422073364258,10.95703125,4.677909851074219,19.07421875,7.3803253173828125,23.984375
seed-42,train,2360,9136.885336241001,2.1883001840033103,0.11324542760848999,0.4946724772453308,0.7433429956436157,-0.008896186016499996,0.4900384843349457,0.4811422824859619,0.78125,32.23748016357422,1.006886098507833e-05,1.9987411499023438,10.95703125,4.677909851074219,19.07421875,7.3666534423828125,23.984375
seed-42,train,2370,9169.742511613993,2.0758586060110247,-0.34610873460769653,1.8173304796218872,0.9842274785041809,0.1120515912771225,0.9555892944335938,1.067640781402588,0.78125,113.5201644897461,1.0039370992306516e-05,2.001852512359619,10.95703125,4.677909851074219,19.07421875,7.3647003173828125,23.984375
seed-42,train,2380,9206.079980335999,4.738352853004471,0.428742378950119,0.1767694503068924,0.4870900511741638,-0.008213486522436142,0.2530471682548523,0.24483369290828705,0.90625,50.427154541015625,1.0018068655409985e-05,2.0176682472229004,10.95703125,4.677909851074219,19.07421875,7.3607940673828125,23.984375
seed-42,train,2390,9243.942880438,2.304270374996122,0.03386300802230835,0.979027509689331,0.9842437505722046,-0.649371862411499,0.5704228281974792,-0.07894901186227798,0.84375,120.92082214355469,1.0004957853698425e-05,1.9868741035461426,10.95703125,4.677909851074219,19.07421875,7.3588409423828125,23.984375
seed-42,train,2400,9284.17553861899,4.280396361995372,-0.08562403917312622,1.420744776725769,0.7381837368011475,0.0983797013759613,0.9650401473045349,1.0634199380874634,0.78125,134.47921752929688,1.0000040974743693e-05,2.00942325592041,10.95703125,4.677909851074219,19.07421875,7.3549346923828125,23.984375
seed-42,train,2410,9313.676906058012,2.523668653011555,-0.47525596618652344,1.1649481058120728,0.9842401742935181,-0.20802438259124756,0.9495097398757935,0.7414852976799011,0.65625,38.79209899902344,1e-05,1.922497272491455,5.755859375,4.501251220703125,5.755859375,17.175003051757812,23.984375
seed-42,train,2420,9348.858316380007,6.223683523014188,0.08288761973381042,1.2206814289093018,0.9842455387115479,0.24958793818950653,0.5562604665756226,0.8058484792709351,0.8125,114.93255615234375,1e-05,1.9508261680603027,5.755859375,4.501251220703125,5.755859375,16.958206176757812,23.984375
seed-42,train,2430,9385.054164566012,3.9664372359984554,-0.3382447361946106,1.337746024131775,0.9842464923858643,-0.000760391354560852,0.8911093473434448,0.8903489112854004,0.625,145.02915954589844,1e-05,2.00455379486084,5.7578125,4.630845546722412,5.7578125,16.768753051757812,23.984375
seed-42,train,2440,9419.416439132998,1.6841937619901728,-0.01415802538394928,1.3212897777557373,0.984227180480957,-0.10251826047897339,1.5579216480255127,1.455403447151184,0.8125,99.15011596679688,1e-05,2.012928009033203,5.7578125,4.630845546722412,5.7578125,16.602737426757812,23.984375
seed-42,train,2450,9452.69451534099,6.13232902699383,0.04887203872203827,0.6422733068466187,0.9842401146888733,-0.15643712878227234,0.5365167260169983,0.38007959723472595,0.8125,128.79005432128906,1e-05,2.01735258102417,5.7578125,4.630845546722412,5.7578125,16.479690551757812,23.984375
seed-42,train,2460,9486.998591518,5.593590728007257,-0.1644725203514099,0.6995022296905518,0.743343710899353,0.04836922883987427,0.7151040434837341,0.7634732723236084,0.65625,80.5169677734375,1e-05,2.028470516204834,5.7578125,4.630845546722412,5.7578125,16.358596801757812,23.984375
seed-42,train,2470,9522.166977376997,1.9324509729922283,0.75,4.547296228452069e-08,0.015603546053171158,-0.0035039307549595833,1.1175869119028903e-08,-0.003503919579088688,1.0,8.26016616821289,1e-05,2.0029773712158203,5.765625,4.630845546722412,5.765625,16.262893676757812,23.984375
seed-42,train,2480,9552.712898867001,4.881255672022235,-0.14622758328914642,0.9796671867370605,0.7581457495689392,0.03277492895722389,0.7462166547775269,0.7789915800094604,0.71875,80.95394134521484,1e-05,2.023409843444824,5.765625,4.630845546722412,5.765625,16.169143676757812,23.984375
seed-42,train,2490,9584.069926356984,3.0407798499800265,0.38735151290893555,0.3651542365550995,0.4921218752861023,-0.1814124584197998,0.25977209210395813,0.07835963368415833,0.875,18.159549713134766,1e-05,2.0297741889953613,5.765625,4.630845546722412,5.765625,16.087112426757812,23.984375
seed-42,train,2500,9618.332357832987,4.036747239995748,0.5680221319198608,0.3113485276699066,0.7454168796539307,-0.18957598507404327,0.13616812229156494,-0.05340786278247833,0.9375,157.37521362304688,1e-05,1.9714393615722656,5.765625,4.630845546722412,5.765625,16.014846801757812,23.984375
seed-42,train,2510,9649.384162024013,2.468962840997847,-0.1871010661125183,0.6525804996490479,0.7381832599639893,0.09220327436923981,0.7234644293785095,0.8156676888465881,0.6875,37.11077880859375,1e-05,1.9885735511779785,5.767578125,4.630845546722412,5.767578125,15.946487426757812,23.984375
seed-42,train,2520,9679.128770526993,3.034391085995594,0.5170853137969971,0.38292568922042847,0.5204768776893616,-0.014461949467658997,0.1672767996788025,0.1528148502111435,0.9375,68.8625717163086,1e-05,1.9723329544067383,5.767578125,4.630845546722412,5.767578125,15.876174926757812,23.984375
seed-42,train,2530,9715.481033588003,3.884412474988494,0.34817519783973694,1.0636390447616577,0.2933740019798279,-0.01240113377571106,0.4895980954170227,0.47719696164131165,0.9375,157.2741241455078,1e-05,1.9739980697631836,5.8203125,4.630845546722412,5.8203125,15.753128051757812,23.984375
seed-42,train,2540,9759.234198343009,6.022178352024639,0.011102952063083649,1.1837767362594604,0.9842447638511658,0.27154305577278137,0.5879156589508057,0.8594587445259094,0.78125,89.21691131591797,1e-05,2.0537447929382324,5.8203125,4.630845546722412,5.8203125,15.661331176757812,23.984375
seed-42,train,2550,9798.525546607998,5.274484363006195,0.13201169669628143,0.8634577989578247,0.7433403134346008,-0.10618042945861816,0.4891463816165924,0.38296598196029663,0.875,313.7950744628906,1e-05,2.052483558654785,5.8203125,4.630845546722412,5.8203125,15.602737426757812,23.984375
seed-42,train,2560,9835.792022968002,4.344564063998405,0.25570914149284363,1.0127568244934082,0.5404007434844971,0.0007622428238391876,0.5513059496879578,0.5520682334899902,0.90625,46.58335494995117,1e-05,2.0561680793762207,6.5703125,4.630845546722412,6.5703125,14.803909301757812,23.984375
seed-42,train,2570,9874.178482176008,4.185160749999341,0.15789029002189636,1.0570093393325806,0.7469742894172668,-0.07907648384571075,0.7085498571395874,0.6294734477996826,0.875,24.35502815246582,1e-05,1.9992947578430176,6.5703125,4.630845546722412,6.5703125,14.741409301757812,23.984375
seed-42,train,2580,9910.370662214002,3.6265406099846587,0.15185239911079407,0.7669261693954468,0.7381821870803833,-0.20197099447250366,0.4605793058872223,0.25860831141471863,0.84375,39.2962646484375,1e-05,1.9794330596923828,6.5703125,4.630845546722412,6.5703125,14.688674926757812,23.984375
seed-42,train,2590,9953.037479255,5.775042593013495,-0.2160002589225769,0.5126038789749146,0.49212366342544556,-0.19376365840435028,0.7460569143295288,0.5522933006286621,0.71875,41.31557846069336,1e-05,1.9773612022399902,6.5703125,4.663285732269287,6.5703125,14.622268676757812,23.984375
seed-42,train,2600,9994.672022268991,4.70590635901317,-0.9494203925132751,1.5770901441574097,0.9842451810836792,0.36348047852516174,1.5240588188171387,1.8875393867492676,0.53125,87.63136291503906,1e-05,2.0301613807678223,6.5703125,4.663285732269287,6.5703125,14.587112426757812,23.984375
seed-42,train,2610,10029.035884899,2.610478753980715,-0.17787863314151764,1.3313324451446533,0.738183319568634,0.0375753790140152,0.7613468170166016,0.7989221811294556,0.78125,55.816917419433594,1e-05,1.972031593322754,6.5703125,4.663285732269287,6.5703125,14.538284301757812,23.984375
seed-42,train,2620,10065.065317047993,3.5738879700074904,-0.09899508953094482,0.7742871046066284,0.7381848096847534,-0.04427085071802139,0.6687706708908081,0.6244998574256897,0.65625,45.66708755493164,1e-05,2.0276474952697754,6.5703125,4.663285732269287,6.5703125,14.507034301757812,23.984375
seed-42,train,2630,10098.541540244012,2.437188496987801,0.2938920855522156,0.4836118817329407,0.9829757213592529,-0.2989296317100525,0.3552442491054535,0.056314617395401,0.875,123.13806915283203,1e-05,1.9756903648376465,6.5703125,4.663285732269287,6.5703125,14.467971801757812,23.984375
seed-42,train,2640,10134.358264923998,2.8809050240088254,0.06074327230453491,0.6167745590209961,0.7775298953056335,0.34365299344062805,0.5283440947532654,0.8719971179962158,0.75,85.00881958007812,1e-05,2.0025148391723633,6.5703125,4.663285732269287,6.5703125,14.423049926757812,23.984375
seed-42,train,2650,10171.598972618987,5.091287565999664,0.26115682721138,0.5499091148376465,0.49728304147720337,-0.08810445666313171,0.36724916100502014,0.2791447341442108,0.8125,31.19350242614746,1e-05,2.008126735687256,6.5703125,4.663285732269287,6.5703125,14.389846801757812,23.984375
seed-42,train,2660,10204.883743826009,2.1093149649968836,0.02195640653371811,1.4592690467834473,0.7381833791732788,0.10465478897094727,0.6412786245346069,0.7459334135055542,0.84375,181.38975524902344,1e-05,1.9771089553833008,6.5703125,4.663285732269287,6.5703125,14.358596801757812,23.984375
seed-42,train,2670,10236.720322651003,1.9469943460135255,0.04590720683336258,0.522759199142456,0.9842429161071777,-0.12614448368549347,0.5251311659812927,0.39898672699928284,0.8125,30.389793395996094,1e-05,1.9719195365905762,6.5703125,4.663285732269287,6.5703125,14.319534301757812,23.984375
seed-42,train,2680,10275.048811986984,4.381439891993068,-0.3883102536201477,1.1609086990356445,0.7433438301086426,-0.18972349166870117,0.9618443250656128,0.7721208930015564,0.71875,267.48590087890625,1e-05,1.9807367324829102,6.5703125,4.663285732269287,6.5703125,14.276565551757812,23.984375
seed-42,train,2690,10313.878686930984,2.574843589012744,0.13776330649852753,0.655803918838501,0.738184928894043,0.08698559552431107,0.47666531801223755,0.5636508464813232,0.8125,32.50416946411133,1e-05,2.013820171356201,6.5703125,4.663285732269287,6.5703125,14.249221801757812,23.984375
seed-42,train,2700,10350.208792574005,3.942258050024975,-0.5165389776229858,1.5451850891113281,0.9842435717582703,-0.006111279129981995,1.053735613822937,1.0476243495941162,0.6875,90.52320861816406,1e-05,2.022078514099121,6.5703125,4.663285732269287,6.5703125,14.188674926757812,23.984375
seed-42,train,2710,10380.719308455999,1.7024673740088474,0.7498210072517395,0.00048651659744791687,0.2625129222869873,0.032045572996139526,0.00020123180001974106,0.03224680572748184,1.0,131.42454528808594,1e-05,2.0256142616271973,6.5703125,4.663285732269287,6.5703125,14.163284301757812,23.984375
seed-42,train,2720,10417.375244466006,4.408530380984303,-0.5643499493598938,1.7554339170455933,0.9842454195022583,-0.07692547887563705,1.073667049407959,0.9967415928840637,0.65625,74.62635803222656,1e-05,2.0331215858459473,6.5703125,4.663285732269287,6.5703125,14.139846801757812,23.984375
seed-42,train,2730,10455.030987503007,3.3812777620041743,0.058977290987968445,0.6150802969932556,0.7381819486618042,0.07222878932952881,0.5587210655212402,0.6309499144554138,0.71875,70.57929992675781,1e-05,1.9958381652832031,6.5703125,4.663285732269287,6.5703125,14.073440551757812,23.984375
seed-42,train,2740,10496.751557326003,2.1489535360014997,-0.1718263328075409,1.5511226654052734,0.4921228587627411,-0.10965359210968018,1.0011805295944214,0.8915269374847412,0.8125,31.673433303833008,1e-05,1.973790168762207,6.5703125,4.663285732269287,6.5703125,14.020706176757812,23.984375
seed-42,train,2750,10530.21632638399,1.9431546560081188,-0.0993136465549469,0.9807249307632446,0.9842445850372314,-0.05507158860564232,0.6596823930740356,0.6046107411384583,0.6875,82.52001190185547,1e-05,1.9732985496520996,6.5703125,4.663285732269287,6.5703125,13.979690551757812,23.984375
seed-42,train,2760,10560.995546589984,4.786973899987061,0.12244045734405518,0.8674736022949219,0.9842398762702942,-0.05243144929409027,0.5103104114532471,0.4578790068626404,0.84375,101.22802734375,1e-05,2.005263328552246,6.5703125,4.663285732269287,6.5703125,13.958206176757812,23.984375
seed-42,train,2770,10593.076665099012,0.8953390489914455,0.10511426627635956,1.4077380895614624,0.5299081802368164,0.10879195481538773,0.9270702600479126,1.0358622074127197,0.90625,41.10603713989258,1e-05,1.9737539291381836,6.5703125,4.663285732269287,6.5703125,13.919143676757812,23.984375
seed-42,train,2780,10631.021537266002,1.6633175470051356,0.090213343501091,0.8690557479858398,0.9842416644096375,0.0023676175624132156,0.499440461397171,0.5018080472946167,0.75,49.58775329589844,1e-05,1.9948787689208984,6.5703125,4.663285732269287,6.5703125,13.885940551757812,23.984375
seed-42,train,2790,10669.237523460994,3.458760502981022,-0.05149843916296959,0.8815387487411499,0.749441385269165,0.4525488615036011,0.6227899193763733,1.0753388404846191,0.75,131.7820587158203,1e-05,1.9989476203918457,6.5703125,4.663285732269287,6.5703125,13.850784301757812,23.984375
seed-42,train,2800,10703.784930870985,1.588797895994503,-0.3004743456840515,0.6937330365180969,0.9842424988746643,0.13833168148994446,0.8054496049880981,0.9437812566757202,0.78125,59.18885803222656,1e-05,1.9749913215637207,6.5703125,4.663285732269287,6.5703125,13.817581176757812,23.984375
seed-42,train,2810,10889.421445512999,2.2659169110120274,0.23508954048156738,0.5672922730445862,0.7721641659736633,-0.24906882643699646,0.386137992143631,0.13706916570663452,0.875,56.206295013427734,1e-05,2.0691213607788086,10.033203125,4.663285732269287,18.888671875,10.163284301757812,23.984375
seed-42,train,2820,10921.061278101988,1.222599019005429,0.36529165506362915,0.9579520225524902,0.49197322130203247,-0.13634464144706726,1.0902776718139648,0.9539330005645752,0.9375,85.8902587890625,1e-05,1.989670753479004,10.03515625,4.676655292510986,18.888671875,10.143753051757812,23.984375
seed-42,train,2830,10953.237278229004,3.55483871101751,0.13742010295391083,0.662697434425354,0.7381849884986877,-0.24485628306865692,0.46509361267089844,0.2202373445034027,0.84375,142.83642578125,1e-05,2.0298571586608887,10.03515625,4.676655292510986,18.888671875,10.126174926757812,23.984375
seed-42,train,2840,10988.159207605,2.5532656429859344,0.10853918641805649,0.669532060623169,0.9842318296432495,-0.011340558528900146,0.49283257126808167,0.48149198293685913,0.75,112.9434585571289,1e-05,2.027316093444824,10.03515625,4.676655292510986,18.888671875,10.075393676757812,23.984375
seed-42,train,2850,11020.03067599301,2.62506781500997,0.04201473295688629,0.44890451431274414,0.4972832202911377,0.019353270530700684,0.5515769720077515,0.5709303021430969,0.75,25.257976531982422,1e-05,1.9878368377685547,10.04296875,4.676655292510986,18.888671875,10.073440551757812,23.984375
seed-42,train,2860,11051.151505516988,3.2154926620132755,-0.06162088364362717,0.8254337310791016,0.9842444658279419,-0.15558740496635437,0.6331716179847717,0.47758418321609497,0.75,74.6685791015625,1e-05,1.9847607612609863,10.04296875,4.676655292510986,18.888671875,10.038284301757812,23.984375
seed-42,train,2870,11088.036010598007,6.149187488015741,-0.22595712542533875,0.848268449306488,0.9842453598976135,-0.49152708053588867,0.7854739427566528,0.29394689202308655,0.75,64.65982818603516,1e-05,1.9760236740112305,10.04296875,4.676655292510986,18.888671875,10.008987426757812,23.984375
seed-42,train,2880,11122.300311289,3.2673485840205103,-0.5100044012069702,1.868185043334961,0.49212345480918884,0.13724175095558167,1.3973774909973145,1.5346192121505737,0.6875,71.97282409667969,1e-05,2.003612995147705,10.04296875,4.676655292510986,18.888671875,9.979690551757812,23.984375
seed-42,train,2890,11158.419475197996,3.223035101982532,-0.24666740000247955,1.7341281175613403,0.7381830811500549,-0.0015777088701725006,0.8764293193817139,0.874851644039154,0.84375,279.537353515625,1e-05,2.0039052963256836,10.04296875,4.676655292510986,18.888671875,9.964065551757812,23.984375
seed-42,train,2900,11196.121987224993,2.427030537975952,-0.12118886411190033,1.4331004619598389,0.8125999569892883,0.43919283151626587,0.7599043846130371,1.1990971565246582,0.875,115.14965057373047,1e-05,1.9920058250427246,10.044921875,4.676655292510986,18.888671875,9.946487426757812,23.984375
seed-42,train,2910,11234.182736116985,4.669821445015259,0.47555309534072876,0.459225594997406,0.4921228885650635,0.040473293513059616,0.2262924611568451,0.2667657732963562,0.9375,60.188453674316406,1e-05,2.0107946395874023,10.044921875,4.676655292510986,18.888671875,9.917190551757812,23.984375
seed-42,train,2920,11270.307015230996,5.254244312993251,0.12789608538150787,0.4905685484409332,0.9842382073402405,-0.9054268002510071,0.48780325055122375,-0.4176235795021057,0.90625,73.47785186767578,1e-05,1.9874053001403809,10.044921875,4.676655292510986,18.888671875,9.893753051757812,23.984375
seed-42,train,2930,11305.94682183201,1.6409255000180565,0.1745772659778595,1.0879759788513184,0.7381832599639893,-0.15198548138141632,0.4728454351425171,0.32085996866226196,0.90625,99.09063720703125,1e-05,2.002281665802002,10.044921875,4.676655292510986,18.888671875,9.872268676757812,23.984375
seed-42,train,2940,11345.645365058997,2.985147366998717,0.04107360541820526,0.4425900876522064,0.7537927031517029,-0.2900509834289551,0.5420295596122742,0.2519786059856415,0.71875,24.43856430053711,1e-05,2.0316901206970215,10.044921875,4.676655292510986,18.888671875,9.848831176757812,23.984375
seed-42,train,2950,11369.962390269997,2.179693932994269,0.19026699662208557,0.8171946406364441,0.9842379093170166,-0.1264987587928772,0.45467647910118103,0.3281777501106262,0.875,88.70022583007812,1e-05,2.012509346008301,10.044921875,4.676655292510986,18.888671875,9.842971801757812,23.984375
seed-42,train,2960,11400.406143270986,1.6125665580038913,0.33216461539268494,0.5264375805854797,0.9797612428665161,-0.35027581453323364,0.3091692328453064,-0.04110656678676605,0.90625,151.32945251464844,1e-05,1.9797539710998535,10.044921875,4.676655292510986,18.888671875,9.833206176757812,23.984375
seed-42,train,2970,11432.698150626005,3.00016325499746,0.07536188513040543,0.5228229761123657,0.7381847500801086,0.15953132510185242,0.5197494029998779,0.679280698299408,0.625,40.83740997314453,1e-05,1.9810504913330078,10.044921875,4.676655292510986,18.888671875,9.817581176757812,23.984375
seed-42,train,2980,11472.413008759002,1.43117801999324,0.39132896065711975,0.36048978567123413,0.7381746172904968,0.24948982894420624,0.2749643325805664,0.5244541764259338,0.8125,41.017478942871094,1e-05,2.0016465187072754,10.044921875,4.676655292510986,18.888671875,9.794143676757812,23.984375
seed-42,train,2990,11503.651063976984,2.285428081988357,-0.12512587010860443,1.0161073207855225,0.9481793642044067,0.02481684461236,0.6896464824676514,0.7144632935523987,0.6875,112.41438293457031,1e-05,1.9744997024536133,10.044921875,4.676655292510986,18.888671875,9.778518676757812,23.984375
seed-42,train,3000,11535.523043222987,1.8249933969927952,-0.306892067193985,1.3261394500732422,0.9842439293861389,-0.22579722106456757,0.8551827669143677,0.6293854713439941,0.71875,105.23641204833984,1e-05,1.9744963645935059,10.044921875,4.676655292510986,18.888671875,9.762893676757812,23.984375
seed-42,train,3010,11575.225922492013,3.971843101986451,-0.33570224046707153,1.0258123874664307,0.9842451214790344,-0.012493155896663666,0.8245744705200195,0.8120812177658081,0.65625,192.34518432617188,1e-05,1.9723811149597168,10.044921875,4.676655292510986,18.888671875,9.733596801757812,23.984375
seed-42,train,3020,11606.670680449985,5.056170096009737,-0.8246373534202576,1.12752103805542,0.9842451810836792,-0.015467017889022827,1.2737919092178345,1.2583248615264893,0.65625,76.88435363769531,1e-05,1.9895567893981934,10.044921875,4.676655292510986,18.888671875,9.714065551757812,23.984375
seed-42,train,3030,11636.333635062008,3.8921107570058666,0.010424375534057617,0.3741822838783264,0.7381817102432251,-0.21614813804626465,0.5752917528152466,0.3591436445713043,0.75,156.06155395507812,1e-05,2.0138792991638184,10.044921875,4.676655292510986,18.888671875,9.686721801757812,23.984375
seed-42,train,3040,11671.857719058986,2.9705630659882445,0.75,0.0,0.0,-0.0,0.0,0.0,1.0,5.468610311254452e-07,1e-05,2.0332751274108887,10.044921875,4.676655292510986,18.888671875,9.665237426757812,23.984375
seed-42,train,3050,11721.700163837988,5.7329698510002345,-0.26041045784950256,0.6093705892562866,0.73818039894104,0.3599799573421478,0.812224805355072,1.1722047328948975,0.8125,59.94329833984375,1e-05,2.037501811981201,10.044921875,4.676655292510986,18.888671875,9.622268676757812,23.984375
seed-42,train,3060,11762.605297656992,3.7143773539864924,-0.3363102078437805,1.0193908214569092,0.984244704246521,0.2503628730773926,0.8482629060745239,1.0986257791519165,0.6875,66.5523452758789,1e-05,1.9891901016235352,10.044921875,4.676655292510986,18.888671875,9.592971801757812,23.984375
seed-42,train,3070,11793.58396291599,2.331339179974748,0.25584399700164795,0.3756602704524994,0.7494271397590637,0.07088737934827805,0.40318405628204346,0.4740714430809021,0.8125,39.14158248901367,1e-05,1.9817934036254883,10.044921875,4.676655292510986,18.888671875,9.569534301757812,23.984375
seed-42,train,3080,11826.503606662998,4.128898544993717,-0.019488990306854248,0.5154060125350952,0.9187708497047424,-0.254080593585968,0.5920348763465881,0.33795419335365295,0.78125,164.66888427734375,1e-05,2.0134100914001465,10.044921875,4.676655292510986,18.888671875,9.565628051757812,23.984375
seed-42,train,3090,11860.74944318799,2.624196844990365,0.3480813205242157,0.26274460554122925,0.7379238605499268,-0.1367896944284439,0.32158181071281433,0.18479210138320923,0.875,125.1189956665039,1e-05,2.0165305137634277,10.044921875,4.676655292510986,18.888671875,9.550003051757812,23.984375
seed-42,train,3100,11891.811841952003,6.16652496100869,-0.2965605854988098,0.4808952808380127,0.6905354261398315,-0.13904690742492676,0.8139420747756958,0.674895167350769,0.71875,51.19150161743164,1e-05,2.0097832679748535,10.044921875,4.676655292510986,18.888671875,9.532424926757812,23.984375
seed-42,train,3110,11935.092813238996,9.572293959994568,0.2570309042930603,0.620278000831604,0.7454228401184082,0.048920780420303345,0.3701019287109375,0.41902273893356323,0.78125,59.484275817871094,1e-05,2.0453133583068848,10.044921875,4.676655292510986,18.888671875,9.512893676757812,23.984375
seed-42,train,3120,11979.404162252991,4.361108762997901,0.41134679317474365,0.24664941430091858,0.5910142064094543,-0.2513047754764557,0.25215470790863037,0.0008499175310134888,0.90625,88.2584228515625,1e-05,1.9783554077148438,10.044921875,4.676655292510986,18.888671875,9.499221801757812,23.984375
seed-42,train,3130,12012.998660926009,2.528391603002092,0.4235083758831024,0.626710057258606,0.5115388035774231,0.02289552241563797,0.2798422574996948,0.3027378022670746,0.9375,90.80764770507812,1e-05,2.001861572265625,10.044921875,4.676655292510986,18.888671875,9.487503051757812,23.984375
seed-42,train,3140,12049.337161673,1.8583530499890912,0.5318151712417603,0.36889195442199707,0.7822781801223755,0.1348625272512436,0.1600247621536255,0.2948872745037079,0.90625,72.47708129882812,1e-05,2.035726547241211,10.044921875,4.676655292510986,18.888671875,9.469924926757812,23.984375
seed-42,train,3150,12085.856858104002,3.8620952510100324,-0.20727130770683289,0.8208123445510864,0.9842462539672852,-0.24278712272644043,0.7567132115364075,0.513926088809967,0.65625,64.78221130371094,1e-05,1.9991154670715332,10.044921875,4.676655292510986,18.888671875,9.458206176757812,23.984375
seed-42,train,3160,12115.772156663996,2.1994754479965195,-0.14417052268981934,0.904603123664856,0.9842426180839539,0.19864699244499207,0.720218300819397,0.9188653230667114,0.71875,76.28153991699219,1e-05,1.9966554641723633,10.044921875,4.676655292510986,18.888671875,9.440628051757812,23.984375
seed-42,train,3170,12153.432477858005,3.1471569830027875,0.3050498068332672,0.5678176879882812,0.7381816506385803,-0.44203054904937744,0.31062692403793335,-0.13140365481376648,0.84375,42.27236557006836,1e-05,2.0456180572509766,10.044921875,4.676655292510986,18.888671875,9.421096801757812,23.984375
seed-42,train,3180,12200.02075484101,4.117663538985653,0.3409608006477356,0.4329618215560913,0.9838529229164124,-0.2066478431224823,0.30160224437713623,0.09495441615581512,0.84375,215.53221130371094,1e-05,2.0073466300964355,10.044921875,4.676655292510986,18.888671875,9.407424926757812,23.984375
seed-42,train,3190,12235.678236114996,4.252084904001094,-0.13385963439941406,1.2803688049316406,0.9842439293861389,-0.2956811487674713,0.7083086967468262,0.41262757778167725,0.78125,94.4532699584961,1e-05,1.9853739738464355,10.044921875,4.676655292510986,18.888671875,9.383987426757812,23.984375
seed-42,train,3200,12272.078947808011,1.54482395897503,0.3270034193992615,0.7972140312194824,0.7381817102432251,0.14044736325740814,0.36022621393203735,0.5006735324859619,0.90625,224.82489013671875,1e-05,2.008507251739502,10.044921875,4.676655292510986,18.888671875,9.362503051757812,23.984375
seed-42,train,3210,12453.827162858011,1.9445050020003691,-0.10553914308547974,1.1237879991531372,0.4972795844078064,-0.03568676486611366,1.408624291419983,1.372937560081482,0.78125,33.09788513183594,1e-05,1.9956002235412598,10.47265625,4.676655292510986,18.888671875,8.919143676757812,23.984375
seed-42,train,3220,12484.200182915985,3.6377461290103383,-0.200668603181839,0.9003668427467346,0.9842455983161926,-0.05641414597630501,0.7252568006515503,0.6688426733016968,0.625,73.95210266113281,1e-05,2.010819911956787,10.47265625,4.676655292510986,18.888671875,8.903518676757812,23.984375
seed-42,train,3230,12517.879147733009,4.488743854977656,-0.19234374165534973,1.329933762550354,0.7381839156150818,0.027752358466386795,1.2867076396942139,1.314460039138794,0.75,27.955610275268555,1e-05,2.0078282356262207,10.47265625,4.676655292510986,18.888671875,8.880081176757812,23.984375
seed-42,train,3240,12555.755697505985,1.835230324009899,-0.1778157353401184,1.67475426197052,0.7381836771965027,-0.11510638892650604,0.9520118236541748,0.8369054794311523,0.78125,42.36803436279297,1e-05,1.9968695640563965,10.47265625,4.676655292510986,18.888671875,8.858596801757812,23.984375
seed-42,train,3250,12600.910465636,2.646868768002605,-0.02007979154586792,0.7977404594421387,0.7381846904754639,-0.1605970859527588,0.5766600966453552,0.41606301069259644,0.75,38.37628173828125,1e-05,1.9776525497436523,10.47265625,4.676655292510986,18.888671875,8.844924926757812,23.984375
seed-42,train,3260,12637.468563578004,5.603336105006747,0.18143810331821442,0.689263105392456,0.9842365384101868,-0.20291514694690704,0.46498551964759827,0.2620703876018524,0.84375,89.37770080566406,1e-05,1.9830408096313477,10.47265625,4.676655292510986,18.888671875,8.835159301757812,23.984375
seed-42,train,3270,12674.012546874,1.7360714659735095,0.03544103354215622,0.5635361671447754,0.9842206239700317,-0.259621798992157,0.5530802607536316,0.2934584319591522,0.8125,50.09431838989258,1e-05,1.9787893295288086,10.47265625,4.676655292510986,18.888671875,8.813674926757812,23.984375
seed-42,train,3280,12716.312197739986,2.68301581099513,0.4256438910961151,0.5518343448638916,0.984235942363739,-0.5079566240310669,0.25311800837516785,-0.25483864545822144,0.90625,101.99069213867188,1e-05,1.984529972076416,10.47265625,4.676655292510986,18.888671875,8.800003051757812,23.984375
seed-42,train,3290,12758.287749250012,2.0740156569809187,-0.04895378649234772,1.239470362663269,0.736066460609436,-0.13442306220531464,1.1807782649993896,1.046355128288269,0.84375,288.580322265625,1e-05,2.004302501678467,10.47265625,4.676655292510986,18.888671875,8.774612426757812,23.984375
seed-42,train,3300,12784.25283630399,1.5559887640119996,-0.023997876793146133,1.2570916414260864,0.6693960428237915,-0.12938068807125092,0.6935615539550781,0.5641809105873108,0.84375,173.26824951171875,1e-05,1.9705533981323242,10.47265625,4.676655292510986,18.888671875,8.766799926757812,23.984375
seed-42,train,3310,12826.991230242013,2.6140013200056273,0.3741931915283203,0.2757106125354767,0.4921213388442993,0.15646637976169586,0.2963464558124542,0.4528128206729889,0.84375,38.65603256225586,1e-05,2.0074591636657715,10.47265625,4.676655292510986,18.888671875,8.751174926757812,23.984375
seed-42,train,3320,12858.927289092011,2.0923991009767633,-0.20185944437980652,0.883848249912262,0.9842440485954285,-0.03485940396785736,0.7455718517303467,0.7107124328613281,0.65625,51.68614959716797,1e-05,1.9916715621948242,10.47265625,4.676655292510986,18.888671875,8.745315551757812,23.984375
seed-42,train,3330,12894.390759498987,2.9945658129872754,0.3508957624435425,0.5500496625900269,0.49212169647216797,0.2157646268606186,0.3140545189380646,0.529819130897522,0.84375,53.552242279052734,1e-05,1.9951248168945312,10.47265625,4.676655292510986,18.888671875,8.733596801757812,23.984375
seed-42,train,3340,12927.473819731007,1.9770977399894036,0.21542571485042572,0.5912766456604004,0.9842415452003479,-0.06309196352958679,0.39523327350616455,0.33214133977890015,0.78125,37.70506286621094,1e-05,1.975196361541748,10.47265625,4.676655292510986,18.888671875,8.721878051757812,23.984375
seed-42,train,3350,12964.014558146999,3.1934252129867673,0.15111663937568665,0.47812724113464355,0.7381824851036072,0.08963789790868759,0.4514472484588623,0.5410851240158081,0.6875,26.237049102783203,1e-05,2.000168800354004,10.47265625,4.676655292510986,18.888671875,8.704299926757812,23.984375
seed-42,train,3360,12992.598425462988,1.7210750319936778,0.32170307636260986,0.49198925495147705,0.4921219050884247,0.005142368376255035,0.334189236164093,0.33933156728744507,0.90625,24.250516891479492,1e-05,1.9764580726623535,10.47265625,4.676655292510986,18.888671875,8.700393676757812,23.984375
seed-42,train,3370,13032.228553747002,4.183906914986437,-0.2177562415599823,0.6821803450584412,0.7381828427314758,-0.24193647503852844,0.7842810750007629,0.5423445701599121,0.71875,114.86217498779297,1e-05,2.033656120300293,10.47265625,4.676655292510986,18.888671875,8.682815551757812,23.984375
seed-42,train,3380,13075.487528291007,5.718803971016314,-0.3162365257740021,1.3665482997894287,0.9842419624328613,-0.15607844293117523,0.8488155007362366,0.6927370429039001,0.71875,48.98664855957031,1e-05,2.001433849334717,10.47265625,4.676655292510986,18.888671875,8.663284301757812,23.984375
seed-42,train,3390,13109.65987887999,1.8107915930158924,0.38112103939056396,0.5534887909889221,0.7381813526153564,-0.08267182856798172,0.2806641459465027,0.19799230992794037,0.875,37.862693786621094,1e-05,2.0102596282958984,10.47265625,4.676655292510986,18.888671875,8.653518676757812,23.984375
seed-42,train,3400,13151.443648741988,3.910740488994634,-0.16191700100898743,1.5929573774337769,0.7381770610809326,-0.07423871010541916,1.1911956071853638,1.1169569492340088,0.84375,46.52492904663086,1e-05,1.974858283996582,10.47265625,4.676655292510986,18.888671875,8.645706176757812,23.984375
seed-42,train,3410,13189.27787166799,2.9001017280097585,0.15727367997169495,1.0322518348693848,0.738183856010437,0.1586543321609497,0.49000000953674316,0.6486543416976929,0.84375,114.29629516601562,1e-05,2.028242588043213,10.47265625,4.676655292510986,18.888671875,8.633987426757812,23.984375
seed-42,train,3420,13214.691370115994,3.607009872997878,-0.5146324634552002,1.1641693115234375,0.9842441082000732,0.1081167459487915,1.0320883989334106,1.1402050256729126,0.5625,61.794132232666016,1e-05,2.019660472869873,10.47265625,4.676655292510986,18.888671875,8.628128051757812,23.984375
seed-42,train,3430,13249.183568206005,5.686580511013744,-0.6992020606994629,0.9491854906082153,0.9842458963394165,-0.13428646326065063,1.185282826423645,1.0509963035583496,0.625,54.56337356567383,1e-05,1.9747061729431152,10.47265625,4.676655292510986,18.888671875,8.616409301757812,23.984375
seed-42,train,3440,13294.276750952995,5.118899958994007,0.3891013264656067,0.883852481842041,0.2548659145832062,-0.023708447813987732,0.5979719758033752,0.5742635130882263,0.96875,42.35234069824219,1e-05,1.9944500923156738,10.47265625,4.676655292510986,18.888671875,8.606643676757812,23.984375
seed-42,train,3450,13324.603088392993,3.2669536549947225,0.0807635486125946,0.8782410621643066,0.7454143762588501,-0.2955198884010315,0.5247921943664551,0.22927235066890717,0.8125,101.78211212158203,1e-05,2.0057430267333984,10.47265625,4.676655292510986,18.888671875,8.591018676757812,23.984375
seed-42,train,3460,13363.649507480994,4.855404964007903,-1.036865234375,1.3753975629806519,0.9842454195022583,0.20577922463417053,1.4456801414489746,1.6514593362808228,0.4375,94.80491638183594,1e-05,2.0345993041992188,10.47265625,4.676655292510986,18.888671875,8.577346801757812,23.984375
seed-42,train,3470,13395.345776136004,2.112748815998202,0.29447320103645325,0.5635324716567993,0.7381820678710938,0.1343359500169754,0.34694719314575195,0.48128312826156616,0.875,88.85287475585938,1e-05,2.008028984069824,10.47265625,4.676655292510986,18.888671875,8.571487426757812,23.984375
seed-42,train,3480,13420.187597657,1.6629009680182207,0.24997910857200623,0.6143494248390198,0.7381818294525146,0.07459160685539246,0.39744043350219727,0.47203201055526733,0.8125,50.04037857055664,1e-05,1.9752731323242188,10.47265625,4.676655292510986,18.888671875,8.561721801757812,23.984375
seed-42,train,3490,13455.043685748999,2.1368212109955493,-0.07554889470338821,0.8907262086868286,0.7596867084503174,-0.40151166915893555,0.6234961748123169,0.22198456525802612,0.75,99.33953857421875,1e-05,1.9895539283752441,10.47265625,4.676655292510986,18.888671875,8.551956176757812,23.984375
seed-42,train,3500,13486.639504863007,3.7501964660186786,-0.10870423913002014,0.889446496963501,0.9842450618743896,0.20132341980934143,0.6753301620483398,0.8766536712646484,0.75,74.07505798339844,1e-05,1.9877781867980957,10.47265625,4.676655292510986,18.888671875,8.548049926757812,23.984375
seed-42,train,3510,13523.18381798701,5.541298233001726,-0.8209666609764099,1.413083791732788,0.984245777130127,-0.3242083787918091,1.2797186374664307,0.9555103182792664,0.625,108.13766479492188,1e-05,2.0489377975463867,10.47265625,4.676655292510986,18.888671875,8.536331176757812,23.984375
seed-42,train,3520,13559.340390872007,2.329321142984554,0.75,0.0,0.0,-0.0,0.0,0.0,1.0,6.900269227116951e-07,1e-05,1.975170612335205,10.47265625,4.676655292510986,18.888671875,8.520706176757812,23.984375
seed-42,train,3530,13592.614467870008,4.6908382709953,-0.26779237389564514,0.2935771942138672,0.4921225309371948,-0.16364595293998718,0.8247248530387878,0.661078929901123,0.75,31.900388717651367,1e-05,2.051839828491211,10.47265625,4.676655292510986,18.888671875,8.505081176757812,23.984375
seed-42,train,3540,13623.37273303201,1.4989926519920118,-0.6084529161453247,1.6506463289260864,0.9842423796653748,-0.23810234665870667,1.7961249351501465,1.5580226182937622,0.8125,251.74685668945312,1e-05,1.9926071166992188,10.47265625,4.676655292510986,18.888671875,8.495315551757812,23.984375
seed-42,train,3550,13651.805763673998,4.448681267997017,-0.0032732784748077393,1.1121561527252197,0.7381837964057922,-0.05239090695977211,0.6332097053527832,0.580818772315979,0.78125,45.5546989440918,1e-05,1.9701557159423828,10.47265625,4.676655292510986,18.888671875,8.489456176757812,23.984375
seed-42,train,3560,13684.783830136992,2.1480937089945655,0.573533833026886,0.35940635204315186,0.4921215772628784,-0.2381419539451599,0.14609882235527039,-0.09204313158988953,0.9375,101.40238189697266,1e-05,1.9886846542358398,10.47265625,4.676655292510986,18.888671875,8.489456176757812,23.984375
seed-42,train,3570,13727.83987019601,4.088478449994,-0.11162757873535156,0.6362524032592773,0.7381771802902222,-0.1304108202457428,0.6905944347381592,0.560183584690094,0.78125,45.37363815307617,1e-05,1.9922642707824707,10.47265625,4.676655292510986,18.888671875,8.462112426757812,23.984375
seed-42,train,3580,13771.433670714003,4.74071577101131,0.3324289917945862,0.5931643843650818,0.4921220541000366,-0.02358032763004303,0.35506969690322876,0.3314893841743469,0.875,87.87032318115234,1e-05,1.9917693138122559,10.47265625,4.676655292510986,18.888671875,8.454299926757812,23.984375
seed-42,train,3590,13813.986747630988,2.4582395979959983,0.23210036754608154,0.5545254945755005,0.9151251316070557,-0.23628711700439453,0.412780225276947,0.1764931082725525,0.875,67.42548370361328,1e-05,1.9979872703552246,10.47265625,4.676655292510986,18.888671875,8.434768676757812,23.984375
seed-42,train,3600,13860.809586736985,1.8539860429882538,0.0601249635219574,1.14747154712677,0.7570623159408569,-0.31858858466148376,0.5806840658187866,0.26209545135498047,0.90625,69.21949768066406,1e-05,1.9739103317260742,10.47265625,4.676655292510986,18.888671875,8.419143676757812,23.984375
